order_item_id,order_id,product_id,quantity,discount
1,O000001,P0019,2,0.3
2,O000001,P0001,3,0.0
3,O000002,P0005,2,0.4
4,O000003,P0040,1,0.0
5,O000003,P0046,2,0.2
6,O000004,P0056,5,0.05
7,O000004,P0022,4,0.2
8,O000005,P0057,2,0.1
9,O000005,P0013,3,0.2
10,O000005,P0034,3,0.0
11,O000005,P0026,3,0.1
12,O000006,P0048,3,0.2
13,O000006,P0051,2,0.1
14,O000007,P0029,1,0.0
15,O000007,P0055,4,0.0
16,O000008,P0054,1,0.0
17,O000008,P0050,1,0.0
18,O000008,P0044,4,0.05
19,O000009,P0007,2,0.1
20,O000010,P0029,1,0.05
21,O000011,P0026,1,0.3
22,O000011,P0056,5,0.0
23,O000012,P0034,4,0.0
24,O000013,P0037,2,0.2
25,O000014,P0022,1,0.4
26,O000015,P0022,1,0.2
27,O000015,P0026,4,0.0
28,O000016,P0033,1,0.0
29,O000017,P0040,1,0.2
30,O000017,P0032,2,0.05
31,O000017,P0054,5,0.1
32,O000018,P0011,3,0.05
33,O000018,P0028,2,0.0
34,O000018,P0001,5,0.0
35,O000019,P0002,2,0.1
36,O000020,P0034,3,0.3
37,O000020,P0032,2,0.3
38,O000020,P0029,1,0.0
39,O000021,P0047,2,0.0
40,O000022,P0045,1,0.05
41,O000023,P0029,4,0.2
42,O000024,P0048,5,0.1
43,O000024,P0009,3,0.05
44,O000024,P0035,1,0.0
45,O000025,P0011,2,0.0
46,O000025,P0054,2,0.2
47,O000026,P0003,1,0.0
48,O000026,P0030,4,0.0
49,O000026,P0042,1,0.4
50,O000027,P0052,2,0.1
51,O000028,P0056,1,0.0
52,O000028,P0048,1,0.1
53,O000028,P0008,1,0.2
54,O000029,P0041,1,0.0
55,O000030,P0019,4,0.1
56,O000030,P0001,2,0.0
57,O000031,P0060,2,0.0
58,O000031,P0053,1,0.0
59,O000031,P0022,2,0.0
60,O000032,P0019,1,0.1
61,O000032,P0053,1,0.0
62,O000032,P0057,2,0.05
63,O000033,P0054,2,0.4
64,O000033,P0052,1,0.0
65,O000033,P0038,2,0.0
66,O000034,P0018,5,0.0
67,O000035,P0005,1,0.0
68,O000036,P0022,1,0.2
69,O000037,P0034,2,0.2
70,O000038,P0045,1,0.0
71,O000038,P0050,1,0.2
72,O000038,P0003,2,0.0
73,O000039,P0044,2,0.0
74,O000040,P0054,2,0.05
75,O000040,P0012,2,0.0
76,O000040,P0028,5,0.2
77,O000041,P0029,5,0.0
78,O000041,P0042,1,0.2
79,O000042,P0015,2,0.0
80,O000043,P0042,3,0.0
81,O000044,P0052,1,0.1
82,O000045,P0027,2,0.1
83,O000045,P0043,5,0.3
84,O000045,P0024,3,0.0
85,O000045,P0040,1,0.0
86,O000046,P0008,4,0.0
87,O000047,P0037,4,0.0
88,O000048,P0054,3,0.4
89,O000049,P0003,2,0.2
90,O000049,P0027,1,0.0
91,O000050,P0008,1,0.2
92,O000050,P0043,2,0.0
93,O000050,P0015,1,0.4
94,O000051,P0021,3,0.05
95,O000052,P0005,5,0.2
96,O000052,P0059,1,0.0
97,O000052,P0046,2,0.0
98,O000053,P0020,1,0.2
99,O000054,P0012,2,0.05
100,O000055,P0021,2,0.2
101,O000055,P0046,1,0.1
102,O000055,P0019,1,0.2
103,O000056,P0002,3,0.0
104,O000056,P0017,1,0.0
105,O000056,P0048,5,0.0
106,O000056,P0039,2,0.0
107,O000057,P0005,3,0.1
108,O000058,P0038,1,0.05
109,O000058,P0043,3,0.0
110,O000058,P0018,1,0.2
111,O000058,P0012,2,0.4
112,O000059,P0022,2,0.4
113,O000059,P0036,1,0.2
114,O000060,P0045,3,0.05
115,O000060,P0022,3,0.0
116,O000061,P0014,3,0.4
117,O000061,P0008,1,0.0
118,O000061,P0003,1,0.0
119,O000062,P0035,5,0.0
120,O000062,P0027,1,0.1
121,O000063,P0040,2,0.1
122,O000064,P0044,3,0.4
123,O000064,P0039,1,0.2
124,O000065,P0004,2,0.1
125,O000066,P0019,3,0.0
126,O000067,P0025,3,0.2
127,O000068,P0019,1,0.2
128,O000068,P0025,1,0.3
129,O000069,P0037,2,0.3
130,O000069,P0005,3,0.1
131,O000069,P0035,2,0.1
132,O000070,P0011,1,0.3
133,O000070,P0028,1,0.0
134,O000071,P0031,1,0.0
135,O000072,P0012,1,0.0
136,O000072,P0012,1,0.0
137,O000073,P0054,1,0.1
138,O000074,P0044,1,0.0
139,O000075,P0027,3,0.05
140,O000075,P0037,1,0.0
141,O000076,P0034,1,0.0
142,O000076,P0012,5,0.3
143,O000076,P0033,1,0.2
144,O000076,P0020,1,0.0
145,O000077,P0032,1,
146,O000077,P0026,2,0.05
147,O000078,P0003,4,0.0
148,O000079,P0002,1,0.0
149,O000080,P0059,2,0.0
150,O000080,P0015,3,0.1
151,O000081,P0052,4,0.0
152,O000082,P0049,2,0.1
153,O000082,P0030,1,0.0
154,O000083,P0002,1,0.3
155,O000084,P0025,1,0.0
156,O000085,P0024,3,0.0
157,O000085,P0042,1,0.4
158,O000085,P0024,1,0.0
159,O000086,P0048,1,0.3
160,O000087,P0005,1,0.0
161,O000088,P0028,2,0.3
162,O000089,P0058,2,0.05
163,O000089,P0008,2,0.1
164,O000089,P0031,2,0.0
165,O000090,P0021,2,0.05
166,O000090,P0010,2,0.05
167,O000091,P0037,1,0.0
168,O000091,P0046,1,0.0
169,O000091,P0026,3,0.2
170,O000092,P0016,3,0.0
171,O000093,P0009,2,0.0
172,O000093,P0029,1,0.0
173,O000093,P0030,4,0.1
174,O000094,P0042,1,0.2
175,O000094,P0020,1,0.05
176,O000094,P0051,1,0.0
177,O000095,P0017,3,0.0
178,O000096,P0044,3,0.05
179,O000096,P0029,4,0.0
180,O000096,P0059,4,0.0
181,O000096,P0002,1,0.1
182,O000097,P0010,1,0.05
183,O000097,P0012,3,0.0
184,O000097,P0019,2,0.05
185,O000097,P0050,4,0.4
186,O000098,P0001,2,0.2
187,O000098,P0008,1,0.1
188,O000099,P0008,2,0.05
189,O000099,P0048,1,0.0
190,O000100,P0044,1,0.2
191,O000101,P0049,2,0.0
192,O000101,P0025,1,0.3
193,O000101,P0049,3,0.0
194,O000102,P0017,2,0.2
195,O000103,P0028,3,0.1
196,O000103,P0053,1,0.0
197,O000104,P0038,1,0.0
198,O000104,P0040,1,0.0
199,O000105,P0043,3,0.4
200,O000105,P0050,2,0.0
201,O000106,P0039,2,0.05
202,O000106,P0050,2,0.0
203,O000107,P0035,1,0.3
204,O000108,P0010,1,0.2
205,O000109,P0001,1,0.0
206,O000109,P0032,2,0.2
207,O000109,P0002,4,0.1
208,O000110,P0012,1,0.3
209,O000110,P0033,1,0.0
210,O000111,P0032,1,0.0
211,O000112,P0043,2,0.1
212,O000113,P0030,1,0.0
213,O000113,P0037,2,0.0
214,O000114,P0041,3,0.2
215,O000114,P0024,1,0.3
216,O000114,P0040,4,0.2
217,O000114,P0007,4,0.1
218,O000115,P0054,2,0.1
219,O000116,P0004,2,0.4
220,O000116,P0030,1,0.0
221,O000116,P0004,1,0.0
222,O000117,P0043,4,0.0
223,O000117,P0028,1,0.1
224,O000118,P0023,1,0.1
225,O000119,P0042,2,0.2
226,O000119,P0019,1,0.2
227,O000119,P0055,1,0.0
228,O000119,P0022,1,0.2
229,O000120,P0021,3,0.0
230,O000120,P0048,4,0.3
231,O000121,P0008,3,0.05
232,O000122,P0047,1,0.4
233,O000123,P0058,4,0.0
234,O000123,P0047,5,0.05
235,O000124,P0058,1,0.0
236,O000124,P0020,1,0.0
237,O000125,P0036,4,0.0
238,O000126,P0039,2,0.1
239,O000127,P0032,1,0.05
240,O000127,P0059,4,0.1
241,O000128,P0021,1,0.0
242,O000128,P0056,1,0.2
243,O000129,P0039,1,0.05
244,O000129,P0015,1,0.2
245,O000129,P0055,3,0.2
246,O000130,P0026,2,0.1
247,O000131,P0012,3,0.1
248,O000132,P0016,1,0.1
249,O000132,P0053,1,0.0
250,O000133,P0043,2,0.0
251,O000134,P0018,3,0.0
252,O000134,P0016,2,0.05
253,O000134,P0033,5,0.0
254,O000135,P0040,1,0.05
255,O000136,P0014,3,0.0
256,O000136,P0004,4,0.0
257,O000136,P0025,2,0.4
258,O000137,P0060,1,0.2
259,O000137,P0046,1,0.05
260,O000138,P0030,2,0.0
261,O000138,P0012,1,0.0
262,O000138,P0051,1,0.0
263,O000139,P0045,1,0.0
264,O000139,P0016,3,0.1
265,O000140,P0013,1,0.3
266,O000140,P0044,1,0.0
267,O000141,P0039,1,0.1
268,O000142,P0004,1,0.1
269,O000143,P0028,1,0.2
270,O000143,P0055,2,0.05
271,O000144,P0049,1,0.1
272,O000145,P0028,1,0.0
273,O000145,P0039,1,0.05
274,O000146,P0055,1,0.1
275,O000146,P0031,1,0.0
276,O000146,P0047,4,0.0
277,O000146,P0060,1,0.2
278,O000147,P0010,1,0.0
279,O000147,P0059,2,0.2
280,O000148,P0027,2,0.1
281,O000149,P0008,1,0.1
282,O000149,P0035,2,0.1
283,O000149,P0015,1,0.0
284,O000150,P0017,1,0.0
285,O000151,P0031,5,0.05
286,O000152,P0017,2,0.05
287,O000153,P0034,1,0.05
288,O000154,P0033,1,0.0
289,O000155,P0028,1,0.0
290,O000156,P0042,2,0.05
291,O000157,P0044,5,0.0
292,O000157,P0033,2,0.0
293,O000157,P0037,2,0.4
294,O000158,P0023,1,0.05
295,O000158,P0053,2,0.0
296,O000158,P0014,1,0.0
297,O000159,P0059,1,0.0
298,O000159,P0005,1,0.0
299,O000159,P0019,1,0.0
300,O000159,P0045,1,0.0
301,O000160,P0003,2,0.0
302,O000160,P0013,1,0.0
303,O000161,P0031,2,0.2
304,O000161,P0023,1,0.0
305,O000162,P0015,1,0.05
306,O000163,P0016,2,0.0
307,O000163,P0004,3,0.05
308,O000164,P0028,2,0.05
309,O000164,P0033,2,0.05
310,O000165,P0005,1,0.0
311,O000166,P0040,3,0.3
312,O000166,P0001,5,0.0
313,O000167,P0016,2,0.0
314,O000167,P0054,3,0.05
315,O000168,P0055,5,0.05
316,O000168,P0059,1,0.1
317,O000169,P0052,1,0.05
318,O000169,P0035,2,0.3
319,O000170,P0023,2,0.05
320,O000170,P0024,2,0.0
321,O000170,P0022,2,0.05
322,O000171,P0043,5,0.2
323,O000171,P0054,1,0.3
324,O000171,P0056,4,0.1
325,O000172,P0054,1,0.1
326,O000173,P0010,3,0.2
327,O000173,P0006,1,0.1
328,O000174,P0013,4,0.2
329,O000175,P0011,3,0.3
330,O000175,P0035,2,0.4
331,O000176,P0020,2,0.2
332,O000176,P0003,5,0.0
333,O000177,P0013,4,0.1
334,O000178,P0036,3,0.1
335,O000179,P0040,1,0.4
336,O000179,P0051,1,0.4
337,O000179,P0022,3,0.0
338,O000180,P0012,5,0.0
339,O000181,P0016,1,0.05
340,O000182,P0052,1,0.0
341,O000182,P0026,2,0.0
342,O000182,P0042,2,0.0
343,O000182,P0032,1,0.3
344,O000183,P0003,1,0.3
345,O000184,P0049,4,0.05
346,O000185,P0057,1,0.0
347,O000186,P0040,1,0.2
348,O000187,P0029,1,0.0
349,O000188,P0008,2,0.0
350,O000189,P0047,1,0.3
351,O000189,P0024,2,0.0
352,O000190,P0024,2,0.0
353,O000191,P0020,1,0.4
354,O000191,P0035,1,0.3
355,O000192,P0053,1,0.1
356,O000192,P0014,3,0.1
357,O000193,P0031,3,0.3
358,O000194,P0011,3,0.1
359,O000195,P0027,1,0.0
360,O000195,P0037,2,0.4
361,O000196,P0043,1,0.05
362,O000196,P0004,2,0.0
363,O000197,P0019,1,0.0
364,O000198,P0044,1,0.0
365,O000198,P0003,1,0.3
366,O000199,P0007,1,0.0
367,O000199,P0002,4,0.1
368,O000200,P0018,1,0.3
369,O000200,P0037,1,0.0
370,O000201,P0049,2,0.0
371,O000202,P0025,2,0.0
372,O000203,P0041,1,0.05
373,O000203,P0003,2,0.3
374,O000204,P0049,3,0.05
375,O000204,P0025,4,0.1
376,O000205,P0011,2,0.05
377,O000205,P0006,1,0.05
378,O000205,P0009,4,0.2
379,O000206,P0011,1,0.0
380,O000206,P0027,5,0.1
381,O000207,P0031,1,0.4
382,O000207,P0052,2,0.0
383,O000208,P0026,2,0.0
384,O000208,P0005,1,0.1
385,O000209,P0035,3,0.0
386,O000210,P0004,2,0.0
387,O000210,P0002,1,0.0
388,O000211,P0060,2,0.0
389,O000212,P0044,2,0.0
390,O000213,P0033,1,0.0
391,O000214,P0055,1,0.0
392,O000214,P0021,2,0.05
393,O000215,P0042,2,0.0
394,O000216,P0038,1,0.2
395,O000217,P0048,2,0.05
396,O000218,P0020,1,0.0
397,O000218,P0026,2,0.4
398,O000218,P0037,2,0.05
399,O000219,P0057,2,0.0
400,O000220,P0060,2,0.0
401,O000220,P0038,2,0.0
402,O000221,P0044,4,0.0
403,O000221,P0002,4,0.0
404,O000221,P0027,4,0.0
405,O000221,P0022,2,0.0
406,O000222,P0044,1,0.0
407,O000222,P0045,1,0.0
408,O000223,P0016,1,0.0
409,O000224,P0059,1,0.1
410,O000225,P0050,1,0.0
411,O000226,P0027,2,0.0
412,O000227,P0033,3,0.0
413,O000228,P0059,1,0.0
414,O000228,P0036,1,0.05
415,O000228,P0046,1,0.3
416,O000229,P0059,1,0.05
417,O000230,P0050,3,0.05
418,O000230,P0030,3,0.2
419,O000230,P0031,2,0.05
420,O000230,P0042,4,0.05
421,O000231,P0040,2,0.05
422,O000232,P0053,1,0.0
423,O000232,P0018,3,0.1
424,O000233,P0012,1,0.4
425,O000233,P0042,1,0.4
426,O000233,P0022,2,0.3
427,O000234,P0037,1,0.2
428,O000234,P0015,1,0.1
429,O000235,P0046,3,0.3
430,O000236,P0024,1,0.0
431,O000237,P0007,1,0.0
432,O000238,P0051,3,0.0
433,O000238,P0054,1,0.0
434,O000238,P0055,4,0.0
435,O000239,P0052,4,0.0
436,O000239,P0037,1,0.3
437,O000239,P0049,3,0.0
438,O000239,P0051,2,0.0
439,O000240,P0048,2,0.05
440,O000241,P0032,3,0.4
441,O000242,P0028,3,0.0
442,O000243,P0051,4,0.1
443,O000243,P0047,2,0.2
444,O000244,P0002,1,0.0
445,O000244,P0057,1,0.4
446,O000245,P0049,3,0.0
447,O000246,P0052,1,0.0
448,O000246,P0052,4,0.2
449,O000246,P0048,1,0.3
450,O000247,P0036,1,0.05
451,O000247,P0037,3,0.2
452,O000248,P0006,1,0.0
453,O000249,P0024,3,0.0
454,O000250,P0057,1,0.1
455,O000251,P0035,4,0.05
456,O000252,P0021,1,0.0
457,O000252,P0019,3,0.1
458,O000252,P0054,2,0.0
459,O000253,P0055,1,0.05
460,O000253,P0004,1,0.0
461,O000254,P0010,3,0.3
462,O000255,P0021,1,0.2
463,O000256,P0027,1,0.1
464,O000257,P0045,2,0.05
465,O000258,P0008,2,0.4
466,O000259,P0025,1,0.05
467,O000259,P0019,3,0.2
468,O000260,P0014,2,0.1
469,O000261,P0048,1,0.05
470,O000262,P0038,2,0.1
471,O000262,P0038,2,0.05
472,O000263,P0028,1,0.05
473,O000263,P0033,1,0.0
474,O000264,P0029,1,0.0
475,O000264,P0002,2,0.4
476,O000265,P0023,5,0.4
477,O000265,P0005,1,0.0
478,O000265,P0005,1,0.2
479,O000266,P0014,4,0.1
480,O000266,P0037,1,0.0
481,O000266,P0053,2,0.0
482,O000267,P0058,3,0.2
483,O000268,P0028,1,0.3
484,O000268,P0060,2,0.1
485,O000269,P0018,1,0.2
486,O000269,P0050,2,0.0
487,O000269,P0033,1,0.05
488,O000270,P0041,1,0.0
489,O000271,P0011,2,0.05
490,O000271,P0015,1,0.0
491,O000271,P0057,4,0.3
492,O000272,P0024,1,0.1
493,O000273,P0048,1,0.1
494,O000274,P0030,4,0.0
495,O000275,P0028,1,0.0
496,O000276,P0056,2,0.05
497,O000277,P0037,1,0.0
498,O000277,P0005,1,0.0
499,O000278,P0047,2,0.1
500,O000278,P0045,2,0.0
501,O000279,P0037,2,0.05
502,O000279,P0010,2,0.2
503,O000280,P0024,4,0.0
504,O000281,P0006,1,0.0
505,O000282,P0011,2,0.05
506,O000282,P0051,3,0.2
507,O000283,P0022,1,0.0
508,O000284,P0036,3,0.3
509,O000284,P0055,1,0.0
510,O000284,P0030,1,0.0
511,O000285,P0058,1,0.0
512,O000285,P0039,1,0.2
513,O000286,P0010,1,0.0
514,O000287,P0011,3,0.0
515,O000288,P0005,1,0.3
516,O000289,P0014,1,0.05
517,O000289,P0048,1,0.0
518,O000290,P0016,2,0.0
519,O000290,P0020,1,0.0
520,O000290,P0046,1,0.0
521,O000291,P0016,1,0.0
522,O000292,P0055,1,0.0
523,O000293,P0035,1,0.0
524,O000294,P0021,4,0.0
525,O000294,P0043,2,0.05
526,O000295,P0043,2,0.3
527,O000295,P0060,1,0.1
528,O000296,P0010,1,0.4
529,O000296,P0039,2,0.2
530,O000296,P0040,2,0.05
531,O000297,P0058,4,0.2
532,O000297,P0003,2,0.0
533,O000297,P0018,1,0.0
534,O000298,P0018,3,0.1
535,O000298,P0022,5,0.2
536,O000299,P0024,1,0.1
537,O000299,P0030,1,0.1
538,O000300,P0025,1,0.3
539,O000300,P0021,2,0.0
540,O000301,P0052,2,0.2
541,O000302,P0021,1,0.0
542,O000302,P0002,2,0.05
543,O000303,P0048,3,0.0
544,O000304,P0031,2,0.3
545,O000305,P0024,2,0.0
546,O000306,P0010,2,0.0
547,O000306,P0058,2,0.05
548,O000306,P0053,1,0.1
549,O000307,P0046,1,0.3
550,O000307,P0003,1,0.0
551,O000307,P0039,2,0.1
552,O000308,P0007,1,0.05
553,O000309,P0024,1,0.05
554,O000309,P0010,1,0.0
555,O000310,P0047,1,0.2
556,O000310,P0053,2,0.4
557,O000310,P0039,2,0.05
558,O000311,P0058,2,0.0
559,O000312,P0019,3,0.4
560,O000312,P0006,1,0.1
561,O000313,P0004,4,0.05
562,O000313,P0034,1,0.05
563,O000313,P0037,1,0.2
564,O000314,P0030,1,0.0
565,O000314,P0014,1,0.05
566,O000315,P0023,3,0.3
567,O000316,P0025,4,0.0
568,O000316,P0043,1,0.0
569,O000317,P0016,2,0.05
570,O000318,P0020,1,0.0
571,O000319,P0017,1,0.0
572,O000319,P0017,2,0.0
573,O000320,P0003,1,0.0
574,O000320,P0049,2,0.0
575,O000321,P0025,1,0.0
576,O000321,P0046,2,0.05
577,O000321,P0033,3,0.0
578,O000322,P0009,3,0.0
579,O000322,P0038,1,0.2
580,O000322,P0016,1,0.0
581,O000323,P0005,1,0.2
582,O000323,P0003,2,0.05
583,O000324,P0017,2,0.0
584,O000325,P0032,1,0.0
585,O000325,P0005,1,0.3
586,O000325,P0052,1,0.0
587,O000325,P0006,1,0.3
588,O000326,P0006,2,0.0
589,O000326,P0034,1,0.0
590,O000326,P0028,1,0.0
591,O000326,P0017,2,0.0
592,O000327,P0023,1,0.1
593,O000328,P0060,3,0.1
594,O000328,P0010,1,0.0
595,O000329,P0004,1,0.05
596,O000329,P0025,1,0.2
597,O000329,P0032,3,0.1
598,O000329,P0048,2,0.0
599,O000330,P0036,1,0.4
600,O000330,P0009,5,0.05
601,O000330,P0040,1,0.1
602,O000331,P0030,1,0.0
603,O000332,P0052,5,0.2
604,O000332,P0059,1,0.0
605,O000332,P0050,1,0.1
606,O000333,P0026,4,0.0
607,O000334,P0018,2,0.0
608,O000335,P0046,2,0.0
609,O000335,P0012,4,0.0
610,O000336,P0029,1,0.05
611,O000337,P0010,3,0.2
612,O000337,P0019,1,0.2
613,O000337,P0046,4,0.1
614,O000337,P0060,1,0.0
615,O000338,P0014,1,0.1
616,O000339,P0037,1,0.3
617,O000339,P0049,1,0.2
618,O000339,P0004,1,0.0
619,O000340,P0038,3,0.0
620,O000340,P0055,1,0.0
621,O000340,P0009,5,0.0
622,O000340,P0012,2,0.0
623,O000341,P0059,1,0.0
624,O000341,P0005,4,0.1
625,O000342,P0004,2,0.1
626,O000342,P0018,1,0.1
627,O000343,P0007,5,0.05
628,O000343,P0058,1,0.0
629,O000343,P0043,1,0.0
630,O000344,P0012,2,0.1
631,O000344,P0002,1,0.0
632,O000345,P0059,2,0.05
633,O000345,P0038,1,0.05
634,O000346,P0052,1,0.05
635,O000346,P0009,1,0.0
636,O000346,P0005,2,0.05
637,O000346,P0026,2,0.0
638,O000347,P0058,1,0.1
639,O000347,P0051,3,0.3
640,O000347,P0016,1,0.05
641,O000348,P0039,1,0.1
642,O000348,P0018,1,0.0
643,O000349,P0020,1,0.4
644,O000349,P0038,4,0.4
645,O000349,P0038,1,0.0
646,O000350,P0031,4,0.1
647,O000350,P0052,1,0.1
648,O000350,P0031,1,0.05
649,O000350,P0058,3,0.05
650,O000351,P0041,1,0.0
651,O000351,P0014,1,0.0
652,O000352,P0009,1,0.0
653,O000353,P0008,1,0.0
654,O000353,P0046,1,0.0
655,O000354,P0023,1,0.0
656,O000354,P0053,1,0.0
657,O000355,P0023,2,0.3
658,O000355,P0035,2,0.0
659,O000355,P0032,2,0.0
660,O000356,P0043,1,0.0
661,O000356,P0040,1,0.0
662,O000357,P0041,2,0.2
663,O000358,P0035,1,0.05
664,O000358,P0044,1,0.05
665,O000359,P0043,4,0.0
666,O000359,P0011,2,0.05
667,O000360,P0049,1,0.3
668,O000360,P0036,2,0.05
669,O000361,P0059,3,0.0
670,O000361,P0016,3,0.0
671,O000362,P0035,5,0.2
672,O000362,P0055,2,0.05
673,O000362,P0049,2,0.05
674,O000363,P0007,2,0.0
675,O000364,P0004,3,0.0
676,O000364,P0029,1,0.05
677,O000365,P0050,2,0.3
678,O000365,P0010,2,0.0
679,O000366,P0009,2,0.4
680,O000367,P0034,2,0.4
681,O000368,P0046,1,0.1
682,O000369,P0059,3,0.3
683,O000370,P0008,1,0.0
684,O000371,P0045,2,0.0
685,O000371,P0051,1,0.0
686,O000372,P0017,1,0.2
687,O000373,P0039,1,0.05
688,O000374,P0055,1,0.1
689,O000375,P0059,1,0.2
690,O000376,P0021,1,0.0
691,O000377,P0026,1,0.0
692,O000377,P0060,1,0.3
693,O000378,P0002,2,0.0
694,O000379,P0048,2,0.0
695,O000379,P0036,1,0.0
696,O000379,P0018,2,0.1
697,O000380,P0005,1,0.0
698,O000380,P0031,3,0.0
699,O000380,P0011,2,0.2
700,O000381,P0019,2,0.0
701,O000382,P0053,2,0.0
702,O000382,P0044,2,0.0
703,O000382,P0054,5,0.0
704,O000383,P0030,1,0.05
705,O000383,P0006,1,0.1
706,O000384,P0032,3,0.4
707,O000384,P0026,5,0.0
708,O000384,P0012,1,0.0
709,O000384,P0024,3,0.0
710,O000385,P0015,1,0.0
711,O000385,P0060,2,0.0
712,O000386,P0053,3,0.0
713,O000386,P0050,5,0.0
714,O000387,P0011,1,0.0
715,O000388,P0006,2,0.1
716,O000388,P0057,3,0.05
717,O000388,P0054,5,0.0
718,O000388,P0041,1,0.2
719,O000389,P0026,1,0.1
720,O000389,P0012,1,0.3
721,O000390,P0004,2,0.1
722,O000390,P0030,1,0.0
723,O000390,P0016,4,0.3
724,O000391,P0027,3,0.1
725,O000392,P0034,4,0.0
726,O000393,P0023,2,0.05
727,O000393,P0006,1,0.3
728,O000394,P0029,1,0.0
729,O000395,P0010,2,0.0
730,O000395,P0029,2,0.2
731,O000396,P0023,2,0.1
732,O000396,P0039,1,0.1
733,O000397,P0050,1,0.0
734,O000398,P0024,2,0.05
735,O000399,P0037,2,0.05
736,O000400,P0016,1,0.2
737,O000400,P0031,2,0.0
738,O000401,P0005,4,0.2
739,O000402,P0024,3,0.0
740,O000403,P0004,1,0.0
741,O000403,P0036,2,0.0
742,O000403,P0003,1,0.3
743,O000403,P0048,2,0.0
744,O000404,P0016,1,0.1
745,O000404,P0026,4,0.3
746,O000405,P0047,1,0.0
747,O000406,P0007,3,0.4
748,O000406,P0012,1,0.0
749,O000407,P0029,1,0.0
750,O000407,P0026,4,0.1
751,O000408,P0024,3,0.0
752,O000409,P0001,2,0.3
753,O000409,P0034,4,0.1
754,O000409,P0047,2,0.0
755,O000410,P0025,1,0.05
756,O000410,P0036,1,0.0
757,O000411,P0052,1,0.2
758,O000412,P0025,4,0.4
759,O000412,P0050,2,0.0
760,O000413,P0003,1,0.0
761,O000413,P0042,2,0.0
762,O000413,P0013,1,0.3
763,O000414,P0009,2,0.0
764,O000415,P0042,1,0.4
765,O000416,P0040,3,0.0
766,O000416,P0023,1,0.0
767,O000417,P0039,2,0.0
768,O000417,P0025,3,0.2
769,O000417,P0031,1,0.1
770,O000418,P0025,1,0.1
771,O000419,P0007,1,0.0
772,O000419,P0048,2,0.1
773,O000420,P0018,1,0.05
774,O000421,P0027,1,0.05
775,O000421,P0022,1,0.2
776,O000421,P0002,2,0.0
777,O000421,P0046,1,0.0
778,O000422,P0028,1,0.05
779,O000422,P0047,3,0.0
780,O000422,P0031,2,0.0
781,O000423,P0028,2,0.0
782,O000424,P0014,1,0.2
783,O000424,P0018,1,0.1
784,O000424,P0014,1,0.05
785,O000424,P0034,2,0.2
786,O000425,P0049,2,0.1
787,O000426,P0022,2,0.2
788,O000426,P0036,1,0.0
789,O000427,P0054,2,0.0
790,O000428,P0010,4,0.3
791,O000429,P0016,1,0.05
792,O000429,P0028,1,0.0
793,O000430,P0059,1,0.1
794,O000430,P0027,1,0.0
795,O000430,P0037,1,0.05
796,O000431,P0014,1,0.2
797,O000432,P0021,3,0.05
798,O000432,P0030,1,0.05
799,O000432,P0035,1,0.4
800,O000433,P0019,1,0.0
801,O000434,P0056,4,0.0
802,O000434,P0001,3,0.0
803,O000434,P0017,1,0.0
804,O000435,P0015,1,0.05
805,O000436,P0026,2,0.2
806,O000436,P0017,5,0.0
807,O000437,P0024,4,0.3
808,O000438,P0059,2,0.3
809,O000438,P0028,1,0.4
810,O000439,P0029,1,0.0
811,O000439,P0025,1,0.1
812,O000439,P0053,1,0.0
813,O000440,P0059,2,0.0
814,O000440,P0059,1,0.0
815,O000441,P0027,4,0.2
816,O000441,P0026,1,0.0
817,O000441,P0047,1,0.2
818,O000441,P0059,1,0.0
819,O000442,P0056,2,0.05
820,O000443,P0022,2,0.0
821,O000444,P0039,2,0.4
822,O000444,P0054,1,0.0
823,O000444,P0040,3,0.0
824,O000444,P0003,3,0.05
825,O000445,P0001,2,0.05
826,O000446,P0032,2,0.0
827,O000446,P0022,1,0.2
828,O000446,P0044,1,0.1
829,O000447,P0006,2,0.0
830,O000448,P0007,2,0.0
831,O000448,P0021,2,0.05
832,O000449,P0013,1,0.0
833,O000449,P0045,4,0.05
834,O000450,P0041,1,0.1
835,O000450,P0058,1,0.1
836,O000451,P0048,1,0.0
837,O000452,P0034,1,0.0
838,O000453,P0017,1,0.0
839,O000454,P0016,1,0.0
840,O000454,P0034,1,0.0
841,O000454,P0033,1,0.05
842,O000455,P0023,1,0.0
843,O000455,P0036,4,0.1
844,O000456,P0004,4,0.05
845,O000456,P0030,2,0.0
846,O000457,P0005,1,0.0
847,O000457,P0010,1,0.05
848,O000458,P0004,1,0.0
849,O000459,P0011,2,0.0
850,O000459,P0048,1,0.0
851,O000459,P0026,1,0.2
852,O000460,P0009,1,0.05
853,O000460,P0021,1,0.1
854,O000461,P0016,2,0.3
855,O000461,P0025,2,0.3
856,O000461,P0015,1,0.2
857,O000462,P0026,1,0.0
858,O000462,P0039,2,0.2
859,O000462,P0011,1,0.0
860,O000462,P0002,1,0.2
861,O000463,P0014,2,0.05
862,O000463,P0032,2,0.0
863,O000464,P0013,1,0.0
864,O000465,P0050,2,0.0
865,O000465,P0025,1,0.2
866,O000466,P0032,3,0.1
867,O000466,P0019,1,0.0
868,O000467,P0049,4,0.3
869,O000467,P0001,2,0.05
870,O000467,P0060,3,0.0
871,O000468,P0001,2,0.0
872,O000468,P0049,2,0.3
873,O000468,P0014,1,0.1
874,O000469,P0010,2,0.05
875,O000469,P0019,1,0.3
876,O000469,P0006,1,0.0
877,O000470,P0010,1,0.2
878,O000471,P0022,2,0.0
879,O000471,P0059,1,0.0
880,O000472,P0053,5,0.1
881,O000473,P0053,1,0.4
882,O000473,P0024,1,0.1
883,O000474,P0008,1,0.0
884,O000474,P0040,1,0.4
885,O000474,P0059,1,0.3
886,O000475,P0051,1,0.0
887,O000476,P0058,1,0.0
888,O000476,P0010,1,0.05
889,O000476,P0021,3,0.4
890,O000477,P0015,4,0.2
891,O000478,P0043,3,0.05
892,O000478,P0004,1,0.2
893,O000478,P0017,3,0.1
894,O000479,P0015,1,0.3
895,O000479,P0028,3,0.1
896,O000480,P0009,2,0.4
897,O000481,P0015,1,0.0
898,O000481,P0009,3,0.0
899,O000481,P0012,1,0.4
900,O000481,P0004,1,0.1
901,O000482,P0026,2,0.3
902,O000483,P0038,1,0.0
903,O000483,P0047,1,0.4
904,O000484,P0001,3,0.0
905,O000484,P0039,4,0.1
906,O000485,P0053,3,0.3
907,O000486,P0052,4,0.0
908,O000487,P0057,1,0.05
909,O000488,P0001,1,0.05
910,O000488,P0053,2,0.05
911,O000488,P0056,2,0.0
912,O000489,P0043,4,0.0
913,O000490,P0039,3,0.1
914,O000491,P0059,2,0.1
915,O000492,P0051,1,0.05
916,O000493,P0003,2,0.0
917,O000493,P0030,2,0.05
918,O000493,P0019,1,0.3
919,O000493,P0054,4,0.0
920,O000494,P0055,2,0.05
921,O000494,P0015,1,0.0
922,O000494,P0005,4,0.1
923,O000495,P0004,1,0.05
924,O000495,P0034,1,0.3
925,O000495,P0006,1,0.05
926,O000495,P0017,3,0.05
927,O000496,P0044,1,0.1
928,O000497,P0045,1,0.0
929,O000497,P0054,1,0.1
930,O000498,P0001,1,0.1
931,O000499,P0011,3,0.05
932,O000499,P0052,1,0.05
933,O000500,P0022,5,0.1
934,O000500,P0029,1,0.2
935,O000500,P0006,4,0.0
936,O000501,P0010,2,0.0
937,O000501,P0041,1,0.0
938,O000502,P0044,3,0.2
939,O000503,P0051,4,0.0
940,O000504,P0049,1,0.2
941,O000504,P0008,4,0.0
942,O000504,P0034,1,0.2
943,O000504,P0032,2,0.1
944,O000505,P0043,1,0.0
945,O000505,P0044,1,0.2
946,O000506,P0011,1,0.0
947,O000507,P0012,1,0.2
948,O000507,P0001,1,0.2
949,O000507,P0024,3,0.0
950,O000508,P0022,1,0.1
951,O000509,P0019,2,0.0
952,O000509,P0015,3,0.3
953,O000509,P0020,1,0.2
954,O000510,P0003,2,0.05
955,O000510,P0020,1,0.4
956,O000510,P0047,3,0.3
957,O000511,P0021,1,0.3
958,O000511,P0056,1,0.0
959,O000511,P0039,1,0.0
960,O000512,P0023,1,0.0
961,O000512,P0056,2,0.05
962,O000513,P0021,3,0.1
963,O000513,P0035,2,0.05
964,O000514,P0015,4,0.0
965,O000515,P0043,2,0.0
966,O000515,P0002,4,0.2
967,O000515,P0022,1,0.1
968,O000515,P0002,1,0.0
969,O000516,P0055,1,0.05
970,O000516,P0038,1,0.2
971,O000516,P0026,1,0.0
972,O000516,P0002,5,0.0
973,O000517,P0017,3,0.0
974,O000517,P0029,3,0.4
975,O000518,P0015,5,0.0
976,O000519,P0015,3,0.0
977,O000519,P0011,1,0.05
978,O000519,P0011,1,0.1
979,O000520,P0049,1,0.0
980,O000520,P0049,1,0.0
981,O000521,P0050,1,0.0
982,O000522,P0055,2,0.05
983,O000522,P0019,1,0.0
984,O000523,P0018,1,0.1
985,O000524,P0060,1,0.3
986,O000524,P0016,2,0.1
987,O000524,P0029,2,0.1
988,O000525,P0054,4,0.1
989,O000526,P0038,1,0.05
990,O000527,P0036,2,0.05
991,O000528,P0035,1,0.0
992,O000528,P0039,1,0.05
993,O000529,P0037,2,0.3
994,O000529,P0022,2,0.0
995,O000529,P0025,3,0.0
996,O000529,P0025,1,0.05
997,O000530,P0002,5,0.4
998,O000531,P0035,4,0.2
999,O000531,P0014,3,0.3
1000,O000532,P0058,1,0.0
1001,O000533,P0045,5,0.2
1002,O000533,P0057,3,0.05
1003,O000534,P0037,1,0.2
1004,O000534,P0039,2,0.0
1005,O000535,P0012,3,0.2
1006,O000535,P0036,1,0.2
1007,O000536,P0007,1,0.2
1008,O000537,P0024,1,0.1
1009,O000537,P0022,4,0.0
1010,O000537,P0053,1,0.05
1011,O000538,P0020,2,0.4
1012,O000538,P0019,1,0.1
1013,O000538,P0055,1,0.0
1014,O000539,P0060,2,0.0
1015,O000540,P0055,2,0.2
1016,O000541,P0016,3,0.4
1017,O000541,P0048,2,0.0
1018,O000542,P0045,1,0.05
1019,O000543,P0051,1,0.2
1020,O000543,P0020,5,0.2
1021,O000543,P0018,2,
1022,O000543,P0009,2,0.1
1023,O000544,P0030,5,0.0
1024,O000544,P0015,1,0.2
1025,O000544,P0049,1,0.0
1026,O000545,P0028,1,0.2
1027,O000546,P0041,3,0.2
1028,O000547,P0060,2,0.05
1029,O000547,P0055,1,0.0
1030,O000547,P0056,2,0.0
1031,O000548,P0060,2,0.0
1032,O000548,P0060,1,0.0
1033,O000549,P0004,3,0.1
1034,O000550,P0035,1,0.0
1035,O000550,P0008,1,0.0
1036,O000551,P0039,1,0.0
1037,O000551,P0049,1,0.1
1038,O000552,P0030,3,0.05
1039,O000553,P0036,4,0.05
1040,O000554,P0009,4,0.0
1041,O000554,P0044,2,0.2
1042,O000554,P0033,1,0.4
1043,O000555,P0056,1,0.05
1044,O000555,P0053,1,0.3
1045,O000556,P0001,1,0.0
1046,O000557,P0043,3,0.0
1047,O000558,P0058,5,0.1
1048,O000558,P0048,2,0.1
1049,O000558,P0035,2,0.2
1050,O000559,P0007,1,0.1
1051,O000560,P0019,3,0.0
1052,O000560,P0019,1,0.4
1053,O000560,P0009,2,0.3
1054,O000561,P0026,1,0.4
1055,O000562,P0020,3,0.05
1056,O000562,P0058,1,0.05
1057,O000563,P0005,3,0.4
1058,O000564,P0028,5,0.0
1059,O000564,P0050,1,0.1
1060,O000564,P0031,4,0.3
1061,O000564,P0003,1,0.05
1062,O000565,P0052,2,0.0
1063,O000566,P0025,2,0.3
1064,O000566,P0028,1,0.1
1065,O000566,P0019,4,0.0
1066,O000567,P0051,1,0.0
1067,O000567,P0008,2,0.0
1068,O000568,P0010,1,0.0
1069,O000568,P0007,1,0.0
1070,O000569,P0047,1,0.05
1071,O000570,P0060,1,0.0
1072,O000570,P0040,3,0.0
1073,O000570,P0002,1,0.2
1074,O000571,P0014,1,0.0
1075,O000571,P0053,1,0.05
1076,O000572,P0048,1,0.0
1077,O000572,P0060,2,0.05
1078,O000572,P0040,1,0.0
1079,O000573,P0035,1,0.0
1080,O000573,P0021,1,0.0
1081,O000574,P0029,5,0.1
1082,O000574,P0038,2,0.0
1083,O000575,P0025,3,0.4
1084,O000575,P0031,1,0.3
1085,O000575,P0003,2,0.05
1086,O000576,P0041,3,0.0
1087,O000577,P0026,1,0.1
1088,O000577,P0005,3,0.3
1089,O000578,P0027,4,0.05
1090,O000578,P0041,2,0.2
1091,O000579,P0012,2,0.05
1092,O000579,P0047,2,0.1
1093,O000579,P0030,1,0.0
1094,O000580,P0033,1,0.0
1095,O000580,P0056,1,0.2
1096,O000581,P0009,3,0.0
1097,O000581,P0016,1,0.0
1098,O000582,P0018,2,0.0
1099,O000583,P0018,1,0.2
1100,O000583,P0031,2,0.0
1101,O000583,P0057,2,0.05
1102,O000584,P0035,1,0.0
1103,O000584,P0042,2,0.4
1104,O000584,P0052,3,0.05
1105,O000584,P0024,1,0.0
1106,O000585,P0039,1,0.1
1107,O000586,P0005,1,0.05
1108,O000586,P0057,1,0.05
1109,O000587,P0057,2,0.0
1110,O000588,P0030,1,0.0
1111,O000588,P0055,1,0.0
1112,O000589,P0055,1,0.0
1113,O000589,P0011,2,0.1
1114,O000589,P0028,2,0.3
1115,O000589,P0030,1,0.4
1116,O000590,P0024,4,0.3
1117,O000591,P0058,2,0.2
1118,O000591,P0005,1,0.05
1119,O000591,P0041,1,0.2
1120,O000591,P0016,5,0.0
1121,O000592,P0020,1,0.1
1122,O000593,P0036,1,0.2
1123,O000593,P0038,1,0.2
1124,O000594,P0007,1,0.1
1125,O000595,P0005,3,0.0
1126,O000596,P0029,1,0.1
1127,O000597,P0022,1,0.2
1128,O000598,P0052,3,0.1
1129,O000598,P0026,1,0.0
1130,O000598,P0015,1,0.05
1131,O000599,P0039,5,0.1
1132,O000599,P0029,1,0.0
1133,O000600,P0029,1,0.05
1134,O000600,P0026,2,0.0
1135,O000601,P0048,1,0.0
1136,O000602,P0014,2,0.0
1137,O000602,P0015,2,0.0
1138,O000602,P0060,3,0.2
1139,O000603,P0058,3,0.0
1140,O000603,P0015,1,0.2
1141,O000604,P0029,1,0.0
1142,O000604,P0038,3,0.1
1143,O000604,P0045,1,0.3
1144,O000605,P0049,1,0.2
1145,O000606,P0039,2,0.2
1146,O000607,P0039,1,0.1
1147,O000608,P0020,1,0.1
1148,O000608,P0056,1,0.0
1149,O000608,P0024,1,0.0
1150,O000609,P0002,1,0.2
1151,O000610,P0039,3,0.05
1152,O000611,P0050,1,0.0
1153,O000611,P0016,2,0.05
1154,O000612,P0043,2,0.0
1155,O000612,P0007,3,0.4
1156,O000612,P0004,2,0.2
1157,O000613,P0055,4,0.1
1158,O000613,P0015,2,0.1
1159,O000614,P0056,2,0.0
1160,O000614,P0004,1,0.0
1161,O000615,P0033,1,0.0
1162,O000616,P0055,3,0.1
1163,O000616,P0059,2,0.1
1164,O000616,P0058,1,0.0
1165,O000617,P0005,2,0.2
1166,O000617,P0047,2,0.1
1167,O000618,P0029,2,0.0
1168,O000619,P0020,1,0.0
1169,O000619,P0051,1,0.05
1170,O000619,P0040,1,0.0
1171,O000620,P0034,2,0.0
1172,O000620,P0024,2,0.0
1173,O000621,P0017,2,0.3
1174,O000622,P0044,2,0.0
1175,O000622,P0027,2,0.2
1176,O000622,P0046,2,0.0
1177,O000623,P0001,1,0.1
1178,O000623,P0048,2,0.05
1179,O000623,P0021,1,0.0
1180,O000624,P0054,4,0.0
1181,O000625,P0026,3,0.0
1182,O000625,P0048,1,0.4
1183,O000626,P0021,1,0.2
1184,O000626,P0004,4,0.05
1185,O000627,P0014,1,0.3
1186,O000628,P0043,1,0.0
1187,O000629,P0054,2,0.05
1188,O000630,P0024,1,0.0
1189,O000630,P0042,2,0.0
1190,O000631,P0032,1,0.0
1191,O000631,P0004,2,0.0
1192,O000631,P0015,1,0.05
1193,O000632,P0019,2,0.1
1194,O000633,P0010,1,0.0
1195,O000634,P0021,1,0.4
1196,O000634,P0047,1,0.0
1197,O000634,P0033,2,0.05
1198,O000634,P0057,2,0.4
1199,O000635,P0006,1,0.4
1200,O000636,P0021,1,0.0
1201,O000637,P0017,1,0.2
1202,O000638,P0042,1,0.2
1203,O000638,P0001,2,0.1
1204,O000639,P0007,1,0.05
1205,O000640,P0042,1,0.0
1206,O000640,P0040,5,0.0
1207,O000641,P0052,2,0.0
1208,O000641,P0044,3,0.3
1209,O000641,P0029,2,0.05
1210,O000641,P0044,1,0.4
1211,O000642,P0054,1,0.2
1212,O000643,P0030,2,0.0
1213,O000643,P0008,1,0.4
1214,O000644,P0015,5,0.0
1215,O000645,P0058,3,0.1
1216,O000645,P0035,3,0.1
1217,O000645,P0036,4,0.1
1218,O000646,P0016,1,0.05
1219,O000647,P0023,1,0.1
1220,O000647,P0048,1,0.0
1221,O000647,P0041,1,0.0
1222,O000648,P0051,1,0.0
1223,O000649,P0014,4,0.0
1224,O000650,P0030,2,0.0
1225,O000650,P0004,1,0.2
1226,O000650,P0018,2,0.0
1227,O000651,P0036,2,0.0
1228,O000652,P0011,2,0.1
1229,O000652,P0013,1,0.05
1230,O000653,P0008,1,0.0
1231,O000653,P0002,2,0.1
1232,O000653,P0008,2,0.1
1233,O000654,P0043,1,0.0
1234,O000654,P0053,4,0.1
1235,O000654,P0005,1,0.4
1236,O000655,P0059,2,0.05
1237,O000656,P0060,1,0.0
1238,O000657,P0012,5,0.3
1239,O000657,P0038,3,0.3
1240,O000657,P0060,1,0.0
1241,O000657,P0003,1,0.1
1242,O000658,P0052,1,0.0
1243,O000658,P0023,2,0.0
1244,O000659,P0045,1,0.05
1245,O000659,P0056,1,0.3
1246,O000660,P0041,5,0.2
1247,O000660,P0008,3,0.1
1248,O000661,P0054,2,0.0
1249,O000661,P0030,1,0.1
1250,O000662,P0013,2,0.0
1251,O000663,P0015,3,0.0
1252,O000664,P0033,1,0.05
1253,O000664,P0041,1,0.0
1254,O000664,P0009,1,0.1
1255,O000665,P0059,4,0.1
1256,O000665,P0013,1,0.0
1257,O000666,P0024,1,0.0
1258,O000667,P0050,1,0.0
1259,O000668,P0044,1,0.0
1260,O000668,P0058,1,0.0
1261,O000669,P0023,2,0.0
1262,O000669,P0058,4,0.2
1263,O000670,P0046,2,0.2
1264,O000671,P0057,1,0.2
1265,O000671,P0032,5,0.0
1266,O000672,P0029,2,0.05
1267,O000673,P0042,2,0.05
1268,O000674,P0043,2,0.05
1269,O000675,P0052,1,0.0
1270,O000675,P0040,1,0.0
1271,O000675,P0028,3,0.4
1272,O000676,P0037,2,0.1
1273,O000676,P0017,2,0.0
1274,O000677,P0026,4,0.05
1275,O000677,P0016,2,0.4
1276,O000678,P0007,5,0.4
1277,O000679,P0058,1,0.0
1278,O000679,P0020,1,0.2
1279,O000680,P0038,1,0.05
1280,O000680,P0010,1,0.05
1281,O000680,P0042,1,0.0
1282,O000680,P0056,2,0.0
1283,O000681,P0050,1,0.05
1284,O000681,P0057,3,0.05
1285,O000681,P0039,5,0.0
1286,O000681,P0029,2,0.0
1287,O000682,P0006,2,0.1
1288,O000683,P0052,3,0.0
1289,O000684,P0013,2,0.05
1290,O000684,P0015,1,0.05
1291,O000685,P0052,2,0.3
1292,O000686,P0042,1,0.0
1293,O000687,P0016,1,0.0
1294,O000688,P0032,2,0.1
1295,O000689,P0047,1,0.05
1296,O000690,P0058,3,0.0
1297,O000691,P0048,2,0.05
1298,O000691,P0043,1,0.0
1299,O000691,P0026,3,0.0
1300,O000691,P0055,1,0.0
1301,O000692,P0009,2,0.0
1302,O000692,P0031,4,0.0
1303,O000692,P0012,4,0.1
1304,O000693,P0020,3,0.0
1305,O000693,P0025,1,0.0
1306,O000694,P0005,2,0.0
1307,O000694,P0048,1,0.0
1308,O000695,P0047,3,0.05
1309,O000696,P0007,3,0.2
1310,O000696,P0052,2,0.3
1311,O000696,P0014,1,0.0
1312,O000696,P0036,3,0.0
1313,O000697,P0040,1,0.0
1314,O000697,P0059,1,0.05
1315,O000697,P0047,1,0.05
1316,O000698,P0040,1,
1317,O000698,P0003,3,0.0
1318,O000699,P0013,1,0.1
1319,O000700,P0015,2,0.1
1320,O000700,P0025,4,0.1
1321,O000700,P0048,1,0.0
1322,O000701,P0042,1,0.0
1323,O000701,P0002,4,0.0
1324,O000701,P0041,3,0.0
1325,O000702,P0056,3,0.3
1326,O000702,P0054,5,0.3
1327,O000702,P0032,1,0.0
1328,O000703,P0031,2,0.0
1329,O000704,P0042,1,0.0
1330,O000704,P0014,1,0.0
1331,O000704,P0026,1,0.2
1332,O000704,P0036,1,0.1
1333,O000705,P0039,1,0.2
1334,O000705,P0009,2,0.0
1335,O000706,P0048,1,0.0
1336,O000706,P0020,3,0.0
1337,O000707,P0030,1,0.0
1338,O000707,P0009,1,0.2
1339,O000708,P0054,1,0.0
1340,O000708,P0010,3,0.05
1341,O000708,P0047,1,0.05
1342,O000709,P0049,2,0.05
1343,O000709,P0015,1,0.4
1344,O000710,P0015,2,0.3
1345,O000711,P0012,1,0.2
1346,O000711,P0030,4,0.4
1347,O000712,P0025,1,0.1
1348,O000713,P0056,1,0.1
1349,O000714,P0056,1,0.3
1350,O000714,P0058,1,0.0
1351,O000715,P0014,3,0.0
1352,O000716,P0046,1,0.1
1353,O000717,P0056,1,0.0
1354,O000717,P0050,1,0.3
1355,O000718,P0035,3,0.05
1356,O000718,P0014,1,0.0
1357,O000719,P0011,1,0.0
1358,O000719,P0044,1,0.1
1359,O000719,P0039,1,0.0
1360,O000720,P0018,1,0.0
1361,O000720,P0022,2,0.3
1362,O000720,P0029,5,0.05
1363,O000720,P0025,1,0.2
1364,O000721,P0028,1,0.05
1365,O000721,P0006,2,0.0
1366,O000722,P0013,1,0.0
1367,O000723,P0012,2,0.05
1368,O000724,P0045,4,0.3
1369,O000725,P0051,3,0.1
1370,O000725,P0040,1,0.05
1371,O000726,P0046,2,0.4
1372,O000727,P0049,2,0.1
1373,O000728,P0010,1,0.4
1374,O000728,P0052,5,0.4
1375,O000728,P0003,3,0.0
1376,O000729,P0037,1,0.05
1377,O000730,P0047,1,0.2
1378,O000730,P0039,2,0.05
1379,O000730,P0056,2,0.1
1380,O000730,P0038,3,0.05
1381,O000731,P0057,4,0.0
1382,O000732,P0034,2,0.0
1383,O000732,P0005,1,0.0
1384,O000732,P0029,1,0.1
1385,O000733,P0057,1,0.0
1386,O000733,P0033,4,0.3
1387,O000734,P0007,4,0.2
1388,O000734,P0018,1,0.0
1389,O000734,P0031,2,0.05
1390,O000735,P0020,1,0.05
1391,O000736,P0038,1,0.1
1392,O000736,P0031,5,0.0
1393,O000737,P0047,1,0.3
1394,O000737,P0023,4,0.0
1395,O000738,P0046,2,0.0
1396,O000739,P0006,1,0.1
1397,O000739,P0013,1,0.2
1398,O000740,P0056,1,0.3
1399,O000740,P0041,2,0.1
1400,O000740,P0038,1,0.0
1401,O000741,P0031,4,0.0
1402,O000742,P0045,1,0.3
1403,O000743,P0017,1,0.0
1404,O000744,P0055,1,0.0
1405,O000745,P0049,1,0.1
1406,O000745,P0033,1,0.1
1407,O000745,P0038,5,0.05
1408,O000746,P0048,1,0.0
1409,O000747,P0035,1,0.4
1410,O000747,P0002,4,0.0
1411,O000748,P0028,1,0.3
1412,O000748,P0048,5,0.1
1413,O000748,P0008,1,0.05
1414,O000748,P0048,2,0.05
1415,O000749,P0049,3,0.2
1416,O000750,P0039,1,0.0
1417,O000751,P0005,4,0.1
1418,O000751,P0015,1,0.1
1419,O000752,P0059,1,0.05
1420,O000753,P0006,1,0.2
1421,O000753,P0023,1,0.1
1422,O000753,P0003,3,0.3
1423,O000754,P0034,1,0.0
1424,O000754,P0028,4,0.05
1425,O000755,P0041,1,0.2
1426,O000756,P0015,4,0.05
1427,O000757,P0033,1,0.0
1428,O000757,P0008,1,0.4
1429,O000757,P0037,1,0.05
1430,O000758,P0049,2,0.0
1431,O000758,P0043,1,0.3
1432,O000759,P0021,2,0.3
1433,O000760,P0017,1,0.1
1434,O000761,P0006,1,0.0
1435,O000761,P0042,2,0.0
1436,O000762,P0042,1,0.0
1437,O000762,P0027,2,0.1
1438,O000762,P0021,1,0.0
1439,O000763,P0040,1,0.05
1440,O000764,P0023,1,0.0
1441,O000764,P0027,2,0.0
1442,O000765,P0008,1,0.0
1443,O000765,P0012,1,0.2
1444,O000766,P0011,1,0.0
1445,O000767,P0050,5,0.0
1446,O000768,P0056,1,0.05
1447,O000769,P0051,1,0.0
1448,O000769,P0002,1,0.05
1449,O000770,P0008,3,0.0
1450,O000770,P0014,1,0.1
1451,O000770,P0021,4,0.3
1452,O000771,P0013,1,0.0
1453,O000772,P0003,3,0.0
1454,O000772,P0005,2,0.0
1455,O000772,P0054,2,0.0
1456,O000773,P0049,1,0.05
1457,O000774,P0005,4,0.0
1458,O000774,P0024,3,0.3
1459,O000774,P0033,5,0.0
1460,O000775,P0038,1,0.0
1461,O000775,P0040,3,0.4
1462,O000776,P0034,3,0.2
1463,O000776,P0056,1,0.05
1464,O000777,P0047,3,0.05
1465,O000777,P0055,4,0.05
1466,O000778,P0050,2,0.1
1467,O000778,P0004,4,0.2
1468,O000778,P0029,3,0.0
1469,O000779,P0053,4,0.4
1470,O000779,P0052,2,0.1
1471,O000780,P0013,1,0.2
1472,O000781,P0046,4,0.05
1473,O000782,P0039,2,0.2
1474,O000783,P0037,2,0.0
1475,O000783,P0016,5,0.2
1476,O000784,P0052,3,0.0
1477,O000785,P0019,1,0.0
1478,O000785,P0004,3,0.1
1479,O000785,P0034,1,0.3
1480,O000785,P0044,1,0.0
1481,O000786,P0007,2,0.0
1482,O000786,P0032,2,0.0
1483,O000786,P0025,1,0.1
1484,O000787,P0030,1,0.0
1485,O000788,P0038,2,0.0
1486,O000788,P0013,1,0.05
1487,O000789,P0051,2,0.2
1488,O000790,P0043,1,0.0
1489,O000790,P0033,3,0.0
1490,O000791,P0027,2,0.05
1491,O000792,P0024,3,0.1
1492,O000792,P0002,3,0.0
1493,O000792,P0015,1,0.2
1494,O000793,P0019,1,0.0
1495,O000794,P0018,1,0.1
1496,O000794,P0018,4,0.2
1497,O000794,P0059,1,0.0
1498,O000795,P0033,1,0.0
1499,O000796,P0015,2,0.0
1500,O000796,P0025,5,0.2
1501,O000797,P0001,5,0.3
1502,O000798,P0024,1,0.4
1503,O000799,P0053,1,0.2
1504,O000799,P0042,2,0.05
1505,O000800,P0017,1,0.1
1506,O000800,P0023,2,0.4
1507,O000801,P0011,1,0.05
1508,O000801,P0020,1,0.05
1509,O000802,P0032,1,0.05
1510,O000803,P0022,2,0.0
1511,O000804,P0006,3,0.2
1512,O000804,P0032,3,0.3
1513,O000804,P0002,1,0.1
1514,O000805,P0014,2,0.1
1515,O000805,P0049,1,0.1
1516,O000806,P0007,3,0.1
1517,O000806,P0051,1,0.0
1518,O000807,P0013,3,0.1
1519,O000808,P0016,1,0.05
1520,O000808,P0031,1,0.0
1521,O000808,P0023,1,0.0
1522,O000809,P0030,2,0.0
1523,O000809,P0044,1,0.05
1524,O000810,P0043,1,0.1
1525,O000810,P0040,1,0.05
1526,O000811,P0024,1,0.05
1527,O000812,P0017,2,0.2
1528,O000813,P0029,2,0.3
1529,O000813,P0049,2,0.2
1530,O000813,P0034,3,0.2
1531,O000814,P0050,4,0.0
1532,O000814,P0029,1,0.0
1533,O000814,P0016,1,0.0
1534,O000815,P0034,2,0.0
1535,O000816,P0014,3,0.1
1536,O000816,P0040,1,0.4
1537,O000817,P0002,1,0.05
1538,O000817,P0023,3,0.2
1539,O000817,P0039,5,0.1
1540,O000818,P0054,1,0.0
1541,O000819,P0049,1,0.2
1542,O000820,P0004,3,0.3
1543,O000821,P0004,1,0.2
1544,O000822,P0002,1,0.1
1545,O000822,P0060,1,0.1
1546,O000823,P0050,1,0.3
1547,O000823,P0041,3,0.1
1548,O000824,P0014,2,0.0
1549,O000825,P0039,4,0.3
1550,O000826,P0018,1,0.4
1551,O000827,P0060,1,0.0
1552,O000827,P0005,1,0.05
1553,O000828,P0022,1,0.1
1554,O000828,P0042,2,0.2
1555,O000829,P0014,1,0.0
1556,O000830,P0025,2,0.0
1557,O000830,P0059,2,0.1
1558,O000831,P0033,3,0.1
1559,O000831,P0013,3,0.0
1560,O000831,P0011,2,0.4
1561,O000832,P0004,1,0.4
1562,O000833,P0017,3,0.0
1563,O000834,P0030,3,0.0
1564,O000835,P0004,2,0.3
1565,O000835,P0018,2,0.0
1566,O000835,P0025,1,0.05
1567,O000835,P0025,5,0.0
1568,O000836,P0007,2,0.05
1569,O000837,P0011,1,0.05
1570,O000838,P0060,1,0.05
1571,O000839,P0029,1,0.0
1572,O000839,P0032,4,0.0
1573,O000839,P0048,1,0.0
1574,O000840,P0035,1,0.05
1575,O000841,P0026,1,0.0
1576,O000842,P0049,1,0.0
1577,O000843,P0031,1,0.0
1578,O000844,P0002,1,0.0
1579,O000845,P0015,1,0.4
1580,O000846,P0030,1,0.2
1581,O000847,P0044,3,0.05
1582,O000848,P0012,1,0.0
1583,O000848,P0028,3,0.0
1584,O000849,P0016,4,0.4
1585,O000849,P0028,2,0.1
1586,O000850,P0008,4,0.1
1587,O000850,P0017,1,0.05
1588,O000850,P0042,2,0.1
1589,O000851,P0045,1,0.4
1590,O000851,P0025,1,0.2
1591,O000852,P0047,1,0.05
1592,O000852,P0027,3,0.0
1593,O000853,P0008,1,0.0
1594,O000853,P0047,1,0.0
1595,O000853,P0024,1,0.4
1596,O000854,P0007,3,0.05
1597,O000854,P0024,4,0.0
1598,O000855,P0038,4,0.3
1599,O000855,P0020,3,0.05
1600,O000856,P0027,1,0.05
1601,O000857,P0030,1,0.2
1602,O000858,P0002,3,0.05
1603,O000858,P0025,1,0.05
1604,O000858,P0057,1,0.0
1605,O000859,P0032,5,0.0
1606,O000859,P0027,1,0.0
1607,O000860,P0043,2,0.0
1608,O000861,P0060,1,0.0
1609,O000861,P0029,1,0.1
1610,O000862,P0024,1,0.1
1611,O000862,P0021,1,0.05
1612,O000862,P0043,1,0.0
1613,O000863,P0028,1,0.2
1614,O000864,P0018,4,0.0
1615,O000865,P0027,2,0.3
1616,O000866,P0037,1,0.05
1617,O000867,P0021,3,0.0
1618,O000867,P0048,3,0.1
1619,O000868,P0040,4,0.1
1620,O000868,P0020,1,0.0
1621,O000869,P0008,1,0.3
1622,O000869,P0056,1,0.0
1623,O000870,P0034,1,0.1
1624,O000870,P0004,1,0.0
1625,O000871,P0012,1,0.0
1626,O000872,P0014,2,0.1
1627,O000872,P0057,1,0.3
1628,O000872,P0008,2,0.2
1629,O000872,P0043,2,0.05
1630,O000873,P0022,3,0.0
1631,O000874,P0019,2,0.2
1632,O000874,P0008,1,0.4
1633,O000875,P0042,2,0.3
1634,O000876,P0053,1,0.0
1635,O000876,P0058,3,0.05
1636,O000877,P0050,1,0.0
1637,O000877,P0026,2,0.1
1638,O000878,P0003,2,0.0
1639,O000878,P0026,1,0.0
1640,O000879,P0015,3,0.3
1641,O000879,P0059,3,0.05
1642,O000880,P0006,2,0.4
1643,O000881,P0027,1,0.0
1644,O000882,P0038,1,0.1
1645,O000883,P0016,3,0.2
1646,O000884,P0041,1,0.0
1647,O000885,P0004,2,0.1
1648,O000886,P0023,1,0.2
1649,O000887,P0011,2,0.1
1650,O000887,P0039,1,0.3
1651,O000887,P0011,2,0.0
1652,O000887,P0013,2,0.2
1653,O000888,P0043,2,0.05
1654,O000888,P0026,2,0.05
1655,O000889,P0039,1,0.1
1656,O000889,P0042,1,0.1
1657,O000890,P0007,1,0.05
1658,O000891,P0051,3,0.0
1659,O000892,P0018,3,0.0
1660,O000892,P0007,2,0.0
1661,O000893,P0060,2,0.0
1662,O000894,P0007,1,0.1
1663,O000894,P0033,1,0.2
1664,O000894,P0018,3,0.1
1665,O000894,P0010,1,0.3
1666,O000895,P0046,3,0.1
1667,O000895,P0029,2,0.4
1668,O000896,P0018,1,0.1
1669,O000897,P0016,2,0.3
1670,O000898,P0020,4,0.0
1671,O000898,P0026,1,0.0
1672,O000899,P0014,1,0.0
1673,O000899,P0010,2,0.1
1674,O000900,P0042,5,0.1
1675,O000900,P0020,4,0.2
1676,O000901,P0055,2,0.0
1677,O000902,P0024,1,0.05
1678,O000903,P0034,1,0.3
1679,O000903,P0006,3,0.0
1680,O000903,P0046,4,0.0
1681,O000904,P0033,1,0.0
1682,O000904,P0002,2,0.3
1683,O000904,P0041,2,0.0
1684,O000905,P0040,1,0.3
1685,O000905,P0040,1,0.0
1686,O000905,P0047,2,0.3
1687,O000905,P0042,3,0.4
1688,O000906,P0041,2,0.1
1689,O000907,P0054,1,0.1
1690,O000908,P0048,3,0.05
1691,O000908,P0037,1,0.2
1692,O000909,P0036,2,0.2
1693,O000910,P0007,1,0.05
1694,O000910,P0017,1,0.0
1695,O000911,P0042,1,0.05
1696,O000912,P0027,2,0.0
1697,O000912,P0039,2,0.2
1698,O000913,P0055,1,0.1
1699,O000913,P0054,5,0.05
1700,O000914,P0011,1,0.1
1701,O000915,P0019,4,0.0
1702,O000916,P0016,1,0.1
1703,O000917,P0010,4,0.0
1704,O000917,P0039,1,0.0
1705,O000918,P0053,1,0.2
1706,O000919,P0008,4,0.3
1707,O000920,P0019,2,0.0
1708,O000920,P0052,2,0.0
1709,O000921,P0057,2,0.0
1710,O000921,P0050,2,0.4
1711,O000922,P0033,1,0.4
1712,O000923,P0020,1,0.1
1713,O000923,P0012,1,0.2
1714,O000924,P0031,1,0.4
1715,O000924,P0041,1,0.0
1716,O000925,P0010,2,0.0
1717,O000926,P0018,1,0.0
1718,O000927,P0060,3,0.0
1719,O000928,P0058,1,0.2
1720,O000929,P0053,3,0.0
1721,O000929,P0005,1,0.0
1722,O000930,P0058,1,0.0
1723,O000930,P0047,1,0.0
1724,O000930,P0036,1,0.0
1725,O000931,P0005,1,0.0
1726,O000931,P0044,1,0.0
1727,O000932,P0019,1,0.1
1728,O000933,P0035,1,0.0
1729,O000934,P0036,2,0.4
1730,O000935,P0042,1,0.2
1731,O000936,P0028,1,0.05
1732,O000936,P0005,1,0.05
1733,O000937,P0060,2,0.2
1734,O000938,P0058,2,0.2
1735,O000939,P0023,1,0.05
1736,O000940,P0033,2,0.2
1737,O000940,P0017,3,0.1
1738,O000940,P0013,1,0.2
1739,O000941,P0051,3,0.0
1740,O000942,P0002,1,0.3
1741,O000943,P0006,1,0.0
1742,O000944,P0023,4,0.2
1743,O000945,P0021,1,0.0
1744,O000945,P0044,2,0.0
1745,O000945,P0043,1,0.1
1746,O000946,P0039,1,0.4
1747,O000947,P0002,1,0.0
1748,O000948,P0008,5,0.2
1749,O000948,P0011,2,0.0
1750,O000949,P0043,2,0.0
1751,O000949,P0041,2,0.0
1752,O000949,P0058,2,0.0
1753,O000949,P0002,1,0.05
1754,O000950,P0012,1,0.0
1755,O000951,P0020,1,0.0
1756,O000952,P0031,1,0.05
1757,O000953,P0018,1,0.0
1758,O000953,P0014,2,0.0
1759,O000953,P0018,2,0.0
1760,O000954,P0041,5,0.0
1761,O000955,P0014,1,0.2
1762,O000955,P0033,1,0.0
1763,O000956,P0020,1,0.1
1764,O000956,P0056,1,0.1
1765,O000957,P0048,5,0.1
1766,O000958,P0027,5,0.0
1767,O000959,P0005,3,0.0
1768,O000959,P0041,2,0.1
1769,O000960,P0046,1,0.0
1770,O000961,P0055,1,0.2
1771,O000961,P0018,1,0.1
1772,O000962,P0021,2,0.0
1773,O000962,P0026,3,0.3
1774,O000962,P0021,2,0.05
1775,O000963,P0017,1,0.0
1776,O000964,P0029,2,0.05
1777,O000965,P0051,1,0.1
1778,O000966,P0054,3,0.2
1779,O000966,P0057,1,0.1
1780,O000966,P0048,3,0.0
1781,O000967,P0059,2,0.0
1782,O000967,P0010,2,0.0
1783,O000968,P0021,2,0.3
1784,O000969,P0022,1,0.1
1785,O000970,P0018,2,0.2
1786,O000970,P0020,1,0.05
1787,O000971,P0018,3,0.05
1788,O000972,P0057,1,0.1
1789,O000972,P0035,3,0.1
1790,O000972,P0047,1,0.0
1791,O000972,P0023,3,0.0
1792,O000973,P0011,1,0.05
1793,O000973,P0045,2,0.0
1794,O000974,P0025,1,0.3
1795,O000975,P0024,4,0.05
1796,O000975,P0039,2,0.05
1797,O000976,P0011,4,0.0
1798,O000977,P0019,3,0.0
1799,O000978,P0036,1,0.0
1800,O000978,P0043,1,0.2
1801,O000979,P0009,1,0.0
1802,O000979,P0049,2,0.1
1803,O000979,P0049,1,0.0
1804,O000980,P0001,2,0.3
1805,O000981,P0002,1,0.0
1806,O000982,P0031,1,0.0
1807,O000983,P0037,2,0.05
1808,O000983,P0039,1,0.0
1809,O000984,P0013,1,0.4
1810,O000985,P0009,3,0.1
1811,O000985,P0046,2,0.1
1812,O000985,P0041,1,0.4
1813,O000985,P0056,1,0.05
1814,O000986,P0046,4,0.0
1815,O000986,P0028,1,0.0
1816,O000986,P0030,1,0.0
1817,O000987,P0001,3,0.05
1818,O000988,P0029,1,0.2
1819,O000989,P0005,1,0.0
1820,O000989,P0034,4,0.0
1821,O000990,P0040,2,0.1
1822,O000991,P0007,3,0.0
1823,O000991,P0053,5,0.05
1824,O000992,P0019,2,0.0
1825,O000992,P0011,1,0.1
1826,O000992,P0058,1,0.05
1827,O000993,P0042,5,0.0
1828,O000993,P0016,1,0.0
1829,O000994,P0001,2,0.1
1830,O000994,P0028,3,0.4
1831,O000995,P0030,2,0.0
1832,O000995,P0020,1,0.05
1833,O000995,P0027,2,0.05
1834,O000996,P0028,4,0.0
1835,O000996,P0009,1,0.0
1836,O000997,P0022,1,0.0
1837,O000997,P0034,1,0.05
1838,O000997,P0026,5,0.1
1839,O000997,P0035,2,0.3
1840,O000998,P0025,2,0.1
1841,O000999,P0034,2,0.2
1842,O000999,P0006,2,0.0
1843,O001000,P0046,2,0.4
1844,O001001,P0045,1,0.2
1845,O001001,P0032,2,0.1
1846,O001002,P0045,1,0.0
1847,O001003,P0042,1,0.3
1848,O001004,P0040,2,0.05
1849,O001005,P0060,4,0.3
1850,O001006,P0034,2,0.0
1851,O001007,P0032,4,0.1
1852,O001007,P0020,1,0.4
1853,O001008,P0038,3,0.05
1854,O001008,P0009,1,0.0
1855,O001009,P0012,3,0.0
1856,O001010,P0011,5,0.4
1857,O001010,P0026,3,0.3
1858,O001011,P0048,1,0.0
1859,O001011,P0058,1,0.0
1860,O001011,P0013,1,0.0
1861,O001012,P0027,1,0.1
1862,O001012,P0022,1,0.05
1863,O001013,P0029,3,0.0
1864,O001014,P0041,3,0.4
1865,O001014,P0010,2,0.0
1866,O001014,P0050,1,0.0
1867,O001015,P0012,1,0.05
1868,O001016,P0058,1,0.0
1869,O001016,P0019,1,0.05
1870,O001016,P0017,1,0.05
1871,O001016,P0019,2,0.0
1872,O001017,P0009,1,0.2
1873,O001017,P0057,1,0.1
1874,O001018,P0038,3,0.4
1875,O001019,P0005,1,0.1
1876,O001020,P0030,2,0.2
1877,O001021,P0038,1,0.3
1878,O001022,P0051,1,0.0
1879,O001022,P0044,2,0.0
1880,O001022,P0032,4,0.2
1881,O001023,P0044,1,0.0
1882,O001023,P0018,1,0.0
1883,O001023,P0016,2,0.0
1884,O001023,P0008,1,0.05
1885,O001024,P0006,2,0.0
1886,O001024,P0047,2,0.1
1887,O001025,P0059,4,0.0
1888,O001026,P0009,1,0.3
1889,O001027,P0052,3,0.2
1890,O001027,P0058,1,0.0
1891,O001028,P0036,3,
1892,O001028,P0060,2,0.05
1893,O001028,P0058,1,0.0
1894,O001029,P0031,1,0.0
1895,O001030,P0055,2,0.05
1896,O001031,P0040,1,0.0
1897,O001031,P0015,1,0.05
1898,O001032,P0032,1,0.2
1899,O001032,P0022,2,0.3
1900,O001032,P0016,2,0.05
1901,O001033,P0036,2,0.1
1902,O001033,P0007,1,0.0
1903,O001034,P0047,4,0.0
1904,O001034,P0011,1,0.05
1905,O001034,P0032,1,0.0
1906,O001034,P0038,1,0.1
1907,O001035,P0023,1,0.0
1908,O001036,P0033,1,0.2
1909,O001037,P0060,1,0.4
1910,O001037,P0002,1,0.0
1911,O001037,P0044,1,0.05
1912,O001037,P0040,4,0.05
1913,O001038,P0003,1,0.3
1914,O001038,P0014,4,0.2
1915,O001039,P0033,1,0.05
1916,O001040,P0050,1,0.05
1917,O001040,P0013,4,0.0
1918,O001041,P0045,2,0.0
1919,O001042,P0050,1,0.05
1920,O001043,P0013,3,0.05
1921,O001043,P0008,2,0.05
1922,O001043,P0005,3,0.05
1923,O001043,P0057,1,0.2
1924,O001044,P0041,1,0.4
1925,O001044,P0019,1,0.2
1926,O001044,P0010,2,0.0
1927,O001045,P0040,1,0.05
1928,O001046,P0008,2,0.1
1929,O001047,P0045,1,0.0
1930,O001047,P0057,1,0.0
1931,O001048,P0026,2,0.4
1932,O001048,P0001,1,0.0
1933,O001049,P0042,1,0.1
1934,O001049,P0047,1,0.1
1935,O001049,P0052,1,0.0
1936,O001050,P0044,2,0.3
1937,O001050,P0037,3,0.1
1938,O001051,P0031,1,0.0
1939,O001051,P0010,1,0.0
1940,O001052,P0035,4,0.1
1941,O001053,P0035,2,0.05
1942,O001053,P0058,1,0.1
1943,O001053,P0043,3,
1944,O001054,P0053,1,0.0
1945,O001054,P0022,1,0.0
1946,O001054,P0018,2,0.0
1947,O001055,P0037,1,0.05
1948,O001055,P0005,1,0.0
1949,O001055,P0057,2,0.0
1950,O001056,P0004,1,0.0
1951,O001056,P0006,1,0.2
1952,O001057,P0002,2,0.3
1953,O001058,P0031,2,0.1
1954,O001059,P0053,1,0.05
1955,O001059,P0021,2,0.0
1956,O001059,P0030,1,0.4
1957,O001060,P0030,1,0.05
1958,O001060,P0014,1,0.0
1959,O001061,P0027,1,0.1
1960,O001061,P0002,1,0.0
1961,O001061,P0031,2,0.0
1962,O001061,P0034,3,0.2
1963,O001062,P0017,3,0.0
1964,O001062,P0035,2,0.0
1965,O001063,P0017,1,0.0
1966,O001064,P0057,2,0.2
1967,O001065,P0049,1,0.3
1968,O001066,P0051,1,0.3
1969,O001066,P0027,1,0.0
1970,O001066,P0012,1,0.4
1971,O001067,P0018,4,0.0
1972,O001067,P0034,1,0.2
1973,O001067,P0003,3,0.0
1974,O001068,P0001,1,0.0
1975,O001069,P0008,1,0.2
1976,O001070,P0007,1,0.0
1977,O001070,P0034,1,0.05
1978,O001071,P0017,5,0.0
1979,O001072,P0045,1,0.0
1980,O001073,P0043,2,0.2
1981,O001074,P0035,2,0.1
1982,O001075,P0054,4,0.0
1983,O001076,P0046,4,0.0
1984,O001077,P0032,5,0.2
1985,O001078,P0007,1,0.4
1986,O001078,P0025,1,0.2
1987,O001079,P0031,2,0.0
1988,O001079,P0059,3,0.4
1989,O001080,P0002,1,0.2
1990,O001080,P0018,2,0.0
1991,O001080,P0024,1,0.0
1992,O001081,P0009,5,0.1
1993,O001082,P0030,1,0.2
1994,O001083,P0037,1,0.4
1995,O001083,P0026,2,0.3
1996,O001083,P0004,3,0.0
1997,O001084,P0010,1,0.0
1998,O001085,P0003,2,0.0
1999,O001086,P0009,1,0.1
2000,O001087,P0043,2,0.05
2001,O001087,P0005,2,0.05
2002,O001087,P0044,3,0.2
2003,O001088,P0008,3,0.05
2004,O001089,P0025,1,0.0
2005,O001089,P0044,3,0.0
2006,O001090,P0032,3,0.2
2007,O001090,P0041,1,0.0
2008,O001090,P0051,1,0.0
2009,O001090,P0009,3,0.2
2010,O001091,P0003,1,0.1
2011,O001092,P0037,1,0.0
2012,O001092,P0059,3,0.0
2013,O001093,P0004,1,0.05
2014,O001093,P0009,3,
2015,O001093,P0028,3,0.2
2016,O001094,P0050,3,0.2
2017,O001094,P0047,3,0.4
2018,O001094,P0035,2,0.0
2019,O001094,P0045,3,0.4
2020,O001095,P0015,5,0.0
2021,O001096,P0016,5,0.05
2022,O001097,P0055,3,0.2
2023,O001097,P0031,1,0.0
2024,O001097,P0053,1,0.0
2025,O001097,P0014,1,0.0
2026,O001098,P0015,1,0.0
2027,O001098,P0042,1,0.1
2028,O001099,P0014,2,0.1
2029,O001099,P0034,2,0.0
2030,O001099,P0059,1,0.1
2031,O001100,P0028,1,0.4
2032,O001100,P0050,2,0.3
2033,O001101,P0058,1,0.0
2034,O001101,P0012,1,0.3
2035,O001102,P0035,1,0.1
2036,O001103,P0011,1,0.3
2037,O001104,P0049,1,0.1
2038,O001105,P0057,1,0.1
2039,O001105,P0045,1,0.3
2040,O001106,P0024,1,0.1
2041,O001106,P0011,1,0.0
2042,O001106,P0010,2,0.1
2043,O001106,P0050,4,0.2
2044,O001107,P0031,1,0.05
2045,O001108,P0012,1,0.0
2046,O001109,P0001,2,0.2
2047,O001109,P0046,3,0.0
2048,O001110,P0059,1,0.4
2049,O001110,P0014,1,0.1
2050,O001111,P0033,5,0.0
2051,O001111,P0049,4,0.05
2052,O001112,P0021,2,0.1
2053,O001113,P0007,1,0.0
2054,O001114,P0016,1,0.1
2055,O001115,P0009,1,0.0
2056,O001115,P0026,1,0.4
2057,O001116,P0024,2,0.2
2058,O001117,P0052,3,0.05
2059,O001117,P0057,2,0.0
2060,O001117,P0017,1,0.2
2061,O001118,P0044,4,0.0
2062,O001118,P0016,4,0.2
2063,O001119,P0005,4,0.0
2064,O001120,P0004,1,0.0
2065,O001120,P0013,1,0.0
2066,O001120,P0040,2,0.0
2067,O001120,P0022,3,0.05
2068,O001121,P0003,2,0.1
2069,O001121,P0051,4,0.0
2070,O001122,P0014,3,0.1
2071,O001122,P0035,1,0.0
2072,O001122,P0028,2,0.0
2073,O001122,P0011,2,0.0
2074,O001123,P0006,2,0.0
2075,O001124,P0039,2,0.3
2076,O001125,P0013,2,0.0
2077,O001126,P0028,3,0.1
2078,O001126,P0009,2,0.0
2079,O001127,P0042,2,0.2
2080,O001127,P0010,2,0.2
2081,O001127,P0013,3,0.0
2082,O001128,P0043,2,0.05
2083,O001129,P0058,2,0.0
2084,O001129,P0034,1,0.3
2085,O001130,P0019,2,0.0
2086,O001131,P0009,2,0.05
2087,O001131,P0015,3,0.05
2088,O001132,P0055,1,0.0
2089,O001132,P0006,2,0.0
2090,O001132,P0041,1,0.0
2091,O001132,P0003,1,0.3
2092,O001133,P0015,2,0.05
2093,O001133,P0054,1,0.1
2094,O001133,P0002,3,0.0
2095,O001134,P0033,1,0.3
2096,O001134,P0051,1,0.3
2097,O001134,P0006,1,0.0
2098,O001135,P0038,3,0.2
2099,O001135,P0025,3,0.05
2100,O001136,P0025,1,0.2
2101,O001137,P0017,2,0.2
2102,O001137,P0026,1,0.0
2103,O001138,P0051,1,0.2
2104,O001139,P0005,3,0.4
2105,O001140,P0017,1,0.1
2106,O001141,P0025,2,0.2
2107,O001141,P0001,2,0.3
2108,O001142,P0047,2,0.0
2109,O001142,P0004,4,0.05
2110,O001142,P0047,2,0.0
2111,O001142,P0042,3,0.3
2112,O001143,P0031,1,0.0
2113,O001144,P0022,1,0.2
2114,O001145,P0047,2,0.05
2115,O001145,P0025,1,0.0
2116,O001146,P0048,1,0.0
2117,O001146,P0058,2,0.0
2118,O001147,P0055,1,0.0
2119,O001147,P0050,1,0.0
2120,O001148,P0014,1,0.0
2121,O001148,P0020,1,0.05
2122,O001149,P0015,2,0.05
2123,O001150,P0051,2,0.1
2124,O001151,P0045,1,0.05
2125,O001152,P0043,2,0.0
2126,O001152,P0027,4,0.0
2127,O001152,P0040,1,0.1
2128,O001152,P0028,2,0.1
2129,O001153,P0057,1,0.3
2130,O001153,P0029,1,0.0
2131,O001154,P0034,1,0.1
2132,O001155,P0030,1,0.0
2133,O001155,P0008,3,0.3
2134,O001156,P0054,4,0.2
2135,O001157,P0008,1,0.1
2136,O001157,P0041,3,0.05
2137,O001158,P0030,2,0.1
2138,O001159,P0025,5,0.0
2139,O001159,P0045,1,0.2
2140,O001160,P0010,3,0.3
2141,O001160,P0047,1,0.1
2142,O001160,P0027,1,0.05
2143,O001161,P0020,1,0.0
2144,O001162,P0024,1,0.3
2145,O001162,P0043,3,0.05
2146,O001162,P0005,1,0.0
2147,O001162,P0035,3,0.0
2148,O001163,P0022,2,0.1
2149,O001164,P0052,2,0.0
2150,O001165,P0004,1,0.4
2151,O001165,P0043,2,0.2
2152,O001166,P0036,3,0.05
2153,O001166,P0055,1,0.2
2154,O001166,P0052,2,0.05
2155,O001166,P0056,2,0.1
2156,O001167,P0053,2,0.0
2157,O001167,P0051,2,0.0
2158,O001167,P0012,2,0.2
2159,O001168,P0035,2,0.4
2160,O001169,P0055,1,0.1
2161,O001170,P0021,4,0.0
2162,O001170,P0055,1,0.1
2163,O001170,P0008,4,0.1
2164,O001171,P0008,4,0.0
2165,O001171,P0055,2,0.2
2166,O001171,P0026,2,0.0
2167,O001172,P0056,1,0.4
2168,O001172,P0018,1,0.0
2169,O001173,P0041,1,0.0
2170,O001174,P0052,2,0.0
2171,O001175,P0009,2,0.0
2172,O001175,P0051,2,0.0
2173,O001175,P0049,3,0.0
2174,O001176,P0027,1,0.0
2175,O001177,P0036,3,0.0
2176,O001178,P0025,4,0.05
2177,O001179,P0012,1,0.0
2178,O001179,P0030,3,0.2
2179,O001179,P0002,1,0.05
2180,O001180,P0029,1,0.4
2181,O001181,P0025,2,0.0
2182,O001182,P0021,1,0.3
2183,O001182,P0050,1,0.05
2184,O001182,P0009,3,0.0
2185,O001182,P0036,1,0.0
2186,O001183,P0018,4,0.1
2187,O001183,P0013,2,0.05
2188,O001183,P0027,1,0.0
2189,O001184,P0044,1,0.2
2190,O001184,P0051,3,0.3
2191,O001185,P0027,1,0.2
2192,O001185,P0003,3,0.0
2193,O001185,P0017,4,0.0
2194,O001185,P0037,1,0.0
2195,O001186,P0036,1,0.2
2196,O001187,P0034,3,0.0
2197,O001188,P0007,2,0.0
2198,O001188,P0022,2,0.0
2199,O001188,P0014,2,0.0
2200,O001189,P0001,2,0.0
2201,O001189,P0056,1,0.2
2202,O001189,P0057,1,0.05
2203,O001189,P0053,1,0.1
2204,O001190,P0051,2,0.0
2205,O001191,P0014,2,0.4
2206,O001192,P0010,2,0.2
2207,O001192,P0021,2,0.0
2208,O001192,P0053,2,0.0
2209,O001192,P0026,1,0.0
2210,O001193,P0050,1,0.4
2211,O001193,P0049,2,0.1
2212,O001193,P0058,1,0.0
2213,O001194,P0026,1,0.0
2214,O001194,P0001,2,0.1
2215,O001194,P0004,1,0.2
2216,O001195,P0004,1,0.0
2217,O001196,P0054,1,0.05
2218,O001196,P0002,1,0.4
2219,O001196,P0010,2,0.0
2220,O001197,P0053,2,0.0
2221,O001198,P0004,2,0.0
2222,O001198,P0009,2,0.0
2223,O001199,P0003,1,0.4
2224,O001200,P0028,1,0.05
2225,O001201,P0042,1,0.2
2226,O001202,P0053,1,0.0
2227,O001202,P0014,2,0.0
2228,O001203,P0030,2,0.05
2229,O001203,P0009,3,0.05
2230,O001204,P0037,1,0.0
2231,O001205,P0001,3,0.0
2232,O001206,P0025,1,0.0
2233,O001206,P0050,1,0.0
2234,O001207,P0020,2,0.0
2235,O001208,P0005,1,0.0
2236,O001209,P0019,2,0.05
2237,O001210,P0020,1,0.0
2238,O001210,P0050,4,0.0
2239,O001210,P0052,2,0.05
2240,O001211,P0029,1,0.0
2241,O001212,P0015,2,0.0
2242,O001213,P0009,1,0.4
2243,O001214,P0048,2,0.0
2244,O001215,P0016,1,0.4
2245,O001216,P0027,4,0.05
2246,O001216,P0032,1,0.05
2247,O001217,P0011,3,0.0
2248,O001217,P0024,1,0.0
2249,O001218,P0053,1,0.0
2250,O001219,P0060,3,0.0
2251,O001219,P0030,2,0.0
2252,O001220,P0029,2,0.2
2253,O001220,P0024,4,0.0
2254,O001221,P0054,2,0.0
2255,O001221,P0022,3,0.2
2256,O001221,P0056,1,0.0
2257,O001222,P0014,1,0.0
2258,O001222,P0059,2,0.0
2259,O001222,P0015,5,0.0
2260,O001223,P0036,2,0.0
2261,O001223,P0006,2,0.2
2262,O001224,P0025,4,0.0
2263,O001224,P0018,2,0.0
2264,O001225,P0058,1,0.0
2265,O001226,P0030,1,0.0
2266,O001226,P0046,1,0.2
2267,O001226,P0052,1,0.0
2268,O001226,P0047,1,0.05
2269,O001227,P0032,3,0.0
2270,O001228,P0015,3,0.0
2271,O001228,P0017,2,0.1
2272,O001228,P0001,1,0.3
2273,O001228,P0048,2,0.0
2274,O001229,P0047,1,0.0
2275,O001230,P0039,1,0.2
2276,O001230,P0026,2,0.0
2277,O001230,P0045,2,0.0
2278,O001231,P0032,2,0.1
2279,O001232,P0024,2,0.0
2280,O001233,P0015,1,0.1
2281,O001233,P0018,1,0.1
2282,O001233,P0060,1,0.1
2283,O001233,P0053,5,0.0
2284,O001234,P0060,3,0.0
2285,O001234,P0026,1,0.4
2286,O001234,P0050,3,0.05
2287,O001235,P0054,1,0.05
2288,O001236,P0057,1,0.0
2289,O001236,P0038,5,0.2
2290,O001237,P0016,2,0.1
2291,O001237,P0048,2,0.2
2292,O001237,P0031,1,0.4
2293,O001238,P0010,5,0.3
2294,O001238,P0026,1,0.0
2295,O001238,P0033,3,0.0
2296,O001239,P0043,2,0.0
2297,O001239,P0046,1,0.2
2298,O001240,P0005,2,0.1
2299,O001241,P0024,4,0.05
2300,O001241,P0060,1,0.0
2301,O001241,P0049,1,0.0
2302,O001241,P0029,1,0.0
2303,O001242,P0030,1,0.0
2304,O001242,P0056,2,0.0
2305,O001243,P0024,1,0.1
2306,O001243,P0026,1,0.05
2307,O001243,P0008,1,0.0
2308,O001244,P0010,1,0.0
2309,O001244,P0051,2,0.0
2310,O001244,P0036,5,0.1
2311,O001245,P0008,2,0.0
2312,O001245,P0019,1,0.0
2313,O001245,P0010,3,0.2
2314,O001245,P0014,1,0.0
2315,O001246,P0013,1,0.2
2316,O001247,P0039,2,0.3
2317,O001248,P0060,4,0.05
2318,O001249,P0053,2,0.0
2319,O001250,P0011,3,0.1
2320,O001250,P0033,1,0.05
2321,O001250,P0022,1,0.0
2322,O001250,P0053,4,0.0
2323,O001251,P0035,3,0.1
2324,O001251,P0011,1,0.0
2325,O001251,P0007,2,0.0
2326,O001252,P0018,2,0.4
2327,O001253,P0048,4,0.05
2328,O001254,P0039,2,0.1
2329,O001254,P0051,1,0.05
2330,O001254,P0048,2,0.0
2331,O001254,P0015,3,0.0
2332,O001255,P0028,1,0.0
2333,O001256,P0046,1,0.0
2334,O001256,P0002,4,0.3
2335,O001257,P0023,1,0.0
2336,O001258,P0004,2,0.05
2337,O001258,P0039,3,0.0
2338,O001259,P0052,1,0.1
2339,O001259,P0022,1,0.0
2340,O001260,P0010,1,0.1
2341,O001261,P0048,1,0.3
2342,O001262,P0059,1,0.0
2343,O001263,P0048,2,0.0
2344,O001264,P0010,1,0.1
2345,O001265,P0028,1,0.1
2346,O001266,P0010,1,0.05
2347,O001266,P0049,1,0.1
2348,O001267,P0015,1,0.1
2349,O001267,P0013,2,0.1
2350,O001267,P0030,3,0.0
2351,O001268,P0060,1,0.05
2352,O001269,P0016,2,0.05
2353,O001269,P0033,1,0.0
2354,O001270,P0038,3,0.0
2355,O001271,P0036,2,0.3
2356,O001272,P0017,1,0.05
2357,O001272,P0039,3,0.0
2358,O001272,P0003,1,0.05
2359,O001273,P0027,1,0.3
2360,O001274,P0057,1,0.1
2361,O001275,P0040,2,0.05
2362,O001275,P0054,1,0.3
2363,O001276,P0035,3,0.0
2364,O001276,P0037,3,0.05
2365,O001277,P0024,1,0.2
2366,O001277,P0043,2,0.0
2367,O001277,P0050,2,0.2
2368,O001278,P0043,1,0.0
2369,O001278,P0046,2,0.3
2370,O001278,P0012,2,0.2
2371,O001279,P0021,5,0.0
2372,O001279,P0031,1,0.0
2373,O001280,P0054,1,0.05
2374,O001281,P0037,1,0.0
2375,O001282,P0039,3,0.05
2376,O001282,P0032,1,0.1
2377,O001282,P0040,1,0.05
2378,O001283,P0003,4,0.0
2379,O001283,P0033,1,0.2
2380,O001283,P0040,4,0.05
2381,O001284,P0048,2,0.3
2382,O001285,P0048,4,0.0
2383,O001285,P0049,1,0.1
2384,O001286,P0045,2,0.1
2385,O001286,P0037,1,0.05
2386,O001286,P0010,1,0.0
2387,O001286,P0039,2,0.0
2388,O001287,P0044,1,0.1
2389,O001288,P0029,1,0.2
2390,O001288,P0027,1,0.1
2391,O001288,P0053,4,0.1
2392,O001289,P0025,1,0.0
2393,O001290,P0010,2,0.2
2394,O001291,P0024,1,0.2
2395,O001292,P0058,3,0.1
2396,O001293,P0032,5,0.0
2397,O001293,P0036,1,0.0
2398,O001294,P0004,1,0.1
2399,O001295,P0014,1,0.1
2400,O001296,P0051,1,0.1
2401,O001297,P0010,2,0.1
2402,O001298,P0042,4,0.0
2403,O001298,P0001,1,0.05
2404,O001299,P0056,1,0.2
2405,O001299,P0025,3,0.0
2406,O001299,P0036,2,0.0
2407,O001299,P0042,2,0.1
2408,O001300,P0002,2,0.2
2409,O001300,P0023,1,0.2
2410,O001301,P0029,1,0.0
2411,O001301,P0056,3,0.0
2412,O001302,P0011,2,0.4
2413,O001302,P0012,3,0.1
2414,O001303,P0026,1,0.0
2415,O001304,P0011,1,0.2
2416,O001305,P0027,1,0.1
2417,O001306,P0055,4,0.3
2418,O001306,P0057,1,0.05
2419,O001306,P0013,4,0.0
2420,O001307,P0023,1,0.2
2421,O001307,P0006,3,0.3
2422,O001308,P0021,3,0.0
2423,O001309,P0020,2,0.0
2424,O001310,P0017,3,0.0
2425,O001310,P0002,1,0.0
2426,O001311,P0001,1,0.1
2427,O001311,P0007,1,0.05
2428,O001311,P0057,3,0.1
2429,O001311,P0033,3,0.3
2430,O001312,P0007,3,0.2
2431,O001312,P0039,1,0.3
2432,O001312,P0037,1,0.2
2433,O001313,P0007,3,0.2
2434,O001314,P0041,2,0.0
2435,O001315,P0016,5,0.4
2436,O001316,P0031,3,0.0
2437,O001316,P0044,2,0.2
2438,O001317,P0014,1,0.0
2439,O001317,P0050,3,0.0
2440,O001318,P0003,2,0.0
2441,O001319,P0024,1,0.05
2442,O001320,P0044,1,0.0
2443,O001320,P0014,2,0.4
2444,O001320,P0042,1,0.3
2445,O001320,P0039,1,0.05
2446,O001321,P0030,1,0.0
2447,O001322,P0048,1,0.0
2448,O001323,P0034,2,0.4
2449,O001324,P0042,2,0.3
2450,O001325,P0059,1,0.2
2451,O001325,P0044,4,0.3
2452,O001326,P0034,2,0.05
2453,O001326,P0009,2,0.1
2454,O001327,P0042,5,0.0
2455,O001328,P0047,1,0.05
2456,O001329,P0013,1,0.0
2457,O001330,P0032,2,0.0
2458,O001331,P0060,2,0.05
2459,O001331,P0018,2,0.0
2460,O001332,P0021,5,0.0
2461,O001333,P0034,2,0.0
2462,O001334,P0014,1,0.0
2463,O001335,P0013,1,0.0
2464,O001335,P0007,5,0.1
2465,O001336,P0005,2,0.1
2466,O001337,P0012,1,0.05
2467,O001338,P0029,1,0.2
2468,O001339,P0006,1,0.0
2469,O001340,P0015,2,0.05
2470,O001340,P0032,1,0.05
2471,O001341,P0056,1,0.1
2472,O001341,P0052,1,0.0
2473,O001341,P0060,3,0.3
2474,O001341,P0020,2,0.1
2475,O001342,P0011,1,0.3
2476,O001343,P0056,1,0.05
2477,O001344,P0037,2,0.1
2478,O001345,P0002,2,0.05
2479,O001346,P0016,2,0.3
2480,O001347,P0027,2,0.05
2481,O001348,P0005,2,0.0
2482,O001348,P0048,3,0.1
2483,O001349,P0017,1,0.05
2484,O001349,P0031,2,0.0
2485,O001350,P0043,1,0.1
2486,O001351,P0046,2,0.0
2487,O001352,P0058,1,0.4
2488,O001352,P0035,1,0.0
2489,O001353,P0002,2,0.4
2490,O001353,P0032,2,0.0
2491,O001354,P0048,1,0.05
2492,O001355,P0053,3,0.0
2493,O001355,P0050,1,0.3
2494,O001355,P0045,2,0.05
2495,O001356,P0038,1,0.1
2496,O001357,P0015,3,0.0
2497,O001357,P0053,2,0.1
2498,O001358,P0020,1,0.0
2499,O001358,P0002,4,0.2
2500,O001359,P0042,2,0.2
2501,O001359,P0023,1,0.0
2502,O001360,P0047,3,0.1
2503,O001360,P0055,3,0.0
2504,O001360,P0019,1,0.05
2505,O001361,P0005,2,0.1
2506,O001361,P0022,1,0.0
2507,O001362,P0059,4,0.0
2508,O001362,P0056,2,0.2
2509,O001363,P0002,1,0.1
2510,O001364,P0039,1,0.0
2511,O001365,P0056,1,0.05
2512,O001366,P0007,1,0.0
2513,O001367,P0015,2,0.0
2514,O001367,P0008,1,0.2
2515,O001367,P0016,2,0.0
2516,O001367,P0040,1,0.0
2517,O001368,P0010,1,0.0
2518,O001369,P0056,1,0.0
2519,O001370,P0003,2,0.0
2520,O001371,P0059,2,0.0
2521,O001372,P0015,1,0.1
2522,O001372,P0035,1,0.0
2523,O001372,P0034,1,0.0
2524,O001373,P0037,3,0.0
2525,O001373,P0022,1,0.2
2526,O001373,P0054,1,0.05
2527,O001373,P0047,1,0.3
2528,O001374,P0041,4,0.0
2529,O001375,P0048,1,0.05
2530,O001376,P0004,3,0.05
2531,O001376,P0052,1,0.1
2532,O001377,P0031,1,0.0
2533,O001377,P0013,1,0.05
2534,O001377,P0021,1,0.2
2535,O001378,P0028,1,0.0
2536,O001379,P0011,4,0.0
2537,O001379,P0024,2,0.1
2538,O001379,P0015,2,0.0
2539,O001380,P0005,1,0.3
2540,O001380,P0004,1,0.0
2541,O001381,P0006,4,0.0
2542,O001382,P0008,3,0.0
2543,O001382,P0044,1,0.0
2544,O001383,P0007,2,0.0
2545,O001384,P0046,1,0.0
2546,O001384,P0055,1,0.0
2547,O001385,P0049,1,0.0
2548,O001386,P0030,2,0.0
2549,O001387,P0003,1,0.1
2550,O001387,P0034,1,0.1
2551,O001388,P0029,2,0.05
2552,O001389,P0031,1,0.05
2553,O001389,P0046,1,0.0
2554,O001390,P0005,2,0.2
2555,O001390,P0044,2,0.3
2556,O001391,P0032,2,0.0
2557,O001392,P0023,1,0.3
2558,O001393,P0058,3,0.05
2559,O001393,P0014,1,0.0
2560,O001393,P0036,3,0.0
2561,O001394,P0043,1,0.2
2562,O001394,P0060,1,0.0
2563,O001395,P0016,3,0.0
2564,O001395,P0029,1,0.2
2565,O001396,P0031,1,0.3
2566,O001396,P0031,4,0.05
2567,O001397,P0057,4,0.05
2568,O001398,P0059,1,0.0
2569,O001398,P0051,2,0.05
2570,O001399,P0041,1,0.2
2571,O001399,P0051,5,0.0
2572,O001399,P0014,1,0.1
2573,O001400,P0040,2,0.0
2574,O001401,P0011,1,0.0
2575,O001401,P0011,1,0.0
2576,O001401,P0024,1,0.0
2577,O001402,P0011,1,0.0
2578,O001403,P0037,4,0.0
2579,O001404,P0046,5,0.0
2580,O001404,P0014,2,0.0
2581,O001404,P0041,1,0.1
2582,O001404,P0057,1,0.05
2583,O001405,P0034,2,0.2
2584,O001405,P0029,2,0.0
2585,O001406,P0017,1,0.1
2586,O001407,P0044,4,0.1
2587,O001408,P0012,3,0.0
2588,O001408,P0049,1,0.05
2589,O001409,P0042,1,0.0
2590,O001410,P0020,1,0.0
2591,O001411,P0060,1,0.2
2592,O001411,P0010,2,0.3
2593,O001412,P0015,3,0.0
2594,O001412,P0036,2,0.05
2595,O001412,P0022,1,0.3
2596,O001412,P0041,1,0.2
2597,O001413,P0034,1,0.0
2598,O001413,P0053,2,0.05
2599,O001413,P0001,2,0.3
2600,O001413,P0025,1,0.0
2601,O001414,P0053,4,0.1
2602,O001414,P0036,1,0.1
2603,O001415,P0052,1,0.1
2604,O001415,P0021,1,0.3
2605,O001415,P0026,1,0.3
2606,O001416,P0011,1,0.0
2607,O001417,P0011,1,0.1
2608,O001417,P0059,2,0.0
2609,O001417,P0016,4,0.0
2610,O001417,P0015,2,0.0
2611,O001418,P0026,1,0.0
2612,O001418,P0012,5,0.0
2613,O001419,P0001,1,0.2
2614,O001420,P0026,2,0.05
2615,O001421,P0021,1,0.2
2616,O001421,P0050,3,0.3
2617,O001421,P0054,2,0.0
2618,O001422,P0058,3,0.3
2619,O001423,P0060,1,0.0
2620,O001424,P0034,1,0.1
2621,O001425,P0019,2,0.2
2622,O001426,P0037,1,0.1
2623,O001427,P0019,1,0.4
2624,O001427,P0027,1,0.0
2625,O001428,P0053,1,0.2
2626,O001428,P0049,1,0.2
2627,O001428,P0030,1,0.3
2628,O001428,P0038,3,0.0
2629,O001429,P0052,2,0.0
2630,O001429,P0048,1,0.4
2631,O001430,P0030,2,0.0
2632,O001431,P0032,1,0.0
2633,O001432,P0058,1,0.05
2634,O001432,P0009,4,0.0
2635,O001432,P0020,2,0.05
2636,O001433,P0013,1,0.2
2637,O001433,P0010,3,0.4
2638,O001434,P0035,1,0.1
2639,O001434,P0037,1,0.0
2640,O001435,P0034,4,0.2
2641,O001436,P0056,2,0.2
2642,O001436,P0046,1,0.0
2643,O001437,P0029,3,0.4
2644,O001437,P0049,3,0.0
2645,O001438,P0003,2,0.05
2646,O001439,P0027,1,0.2
2647,O001440,P0046,1,0.05
2648,O001441,P0039,1,0.1
2649,O001441,P0036,1,0.3
2650,O001442,P0041,2,0.0
2651,O001442,P0019,1,0.0
2652,O001442,P0027,2,0.3
2653,O001443,P0007,2,0.1
2654,O001444,P0045,1,0.05
2655,O001444,P0006,1,0.05
2656,O001444,P0017,1,0.0
2657,O001445,P0001,1,0.0
2658,O001446,P0008,2,0.1
2659,O001447,P0004,3,0.1
2660,O001447,P0056,1,0.0
2661,O001447,P0043,4,0.05
2662,O001447,P0057,2,0.0
2663,O001448,P0053,1,0.05
2664,O001449,P0033,3,0.2
2665,O001449,P0011,1,0.1
2666,O001449,P0015,2,0.4
2667,O001450,P0026,1,0.05
2668,O001451,P0005,1,0.0
2669,O001452,P0012,1,0.2
2670,O001453,P0042,1,0.0
2671,O001453,P0036,1,0.1
2672,O001454,P0004,1,0.0
2673,O001454,P0054,2,
2674,O001454,P0052,1,0.0
2675,O001454,P0009,5,0.1
2676,O001455,P0014,4,0.0
2677,O001456,P0011,2,0.2
2678,O001457,P0058,1,0.3
2679,O001458,P0050,3,0.0
2680,O001459,P0053,4,0.2
2681,O001459,P0001,2,0.0
2682,O001459,P0025,1,0.3
2683,O001460,P0023,2,0.3
2684,O001460,P0004,2,0.0
2685,O001460,P0043,2,0.3
2686,O001460,P0001,1,0.0
2687,O001461,P0055,4,0.2
2688,O001461,P0049,2,0.3
2689,O001461,P0040,2,0.0
2690,O001462,P0037,1,0.3
2691,O001462,P0057,1,0.4
2692,O001463,P0001,3,0.1
2693,O001463,P0040,1,0.2
2694,O001463,P0004,4,0.0
2695,O001464,P0039,2,0.0
2696,O001465,P0015,1,0.05
2697,O001466,P0003,1,0.0
2698,O001466,P0021,2,0.0
2699,O001467,P0033,3,0.0
2700,O001467,P0017,2,0.1
2701,O001467,P0057,1,0.0
2702,O001468,P0011,4,0.05
2703,O001468,P0060,1,0.05
2704,O001469,P0043,1,0.0
2705,O001469,P0010,1,0.4
2706,O001470,P0014,1,0.0
2707,O001471,P0029,1,0.0
2708,O001472,P0023,3,0.05
2709,O001473,P0036,1,0.4
2710,O001473,P0011,1,0.0
2711,O001474,P0055,2,0.05
2712,O001475,P0001,1,0.0
2713,O001476,P0010,2,0.0
2714,O001476,P0051,1,0.1
2715,O001477,P0038,3,0.0
2716,O001478,P0055,1,0.0
2717,O001478,P0023,3,0.05
2718,O001478,P0058,3,0.0
2719,O001479,P0028,3,0.0
2720,O001479,P0058,1,0.3
2721,O001480,P0046,1,0.0
2722,O001481,P0057,2,0.0
2723,O001482,P0017,1,0.1
2724,O001483,P0055,2,0.05
2725,O001484,P0011,2,0.0
2726,O001484,P0025,1,0.0
2727,O001484,P0037,1,0.2
2728,O001485,P0035,2,0.0
2729,O001486,P0029,1,0.0
2730,O001486,P0058,2,0.0
2731,O001487,P0036,1,0.3
2732,O001487,P0002,1,0.05
2733,O001488,P0046,2,0.1
2734,O001489,P0016,1,0.0
2735,O001489,P0005,2,0.1
2736,O001489,P0027,3,0.2
2737,O001490,P0036,5,0.0
2738,O001491,P0059,3,0.05
2739,O001492,P0046,2,0.3
2740,O001493,P0022,4,0.05
2741,O001493,P0040,1,0.05
2742,O001493,P0048,4,0.2
2743,O001494,P0003,1,0.1
2744,O001494,P0009,1,0.0
2745,O001495,P0032,1,0.0
2746,O001495,P0002,1,0.0
2747,O001495,P0010,2,0.0
2748,O001496,P0012,3,0.05
2749,O001496,P0052,2,0.05
2750,O001497,P0039,4,0.0
2751,O001498,P0021,3,0.05
2752,O001498,P0034,1,0.05
2753,O001499,P0042,4,0.2
2754,O001499,P0020,1,0.0
2755,O001499,P0035,1,0.0
2756,O001500,P0055,1,0.05
2757,O001501,P0013,1,0.05
2758,O001501,P0040,1,0.1
2759,O001501,P0048,5,0.2
2760,O001502,P0025,2,0.05
2761,O001502,P0031,3,0.3
2762,O001503,P0027,2,0.1
2763,O001503,P0035,1,0.1
2764,O001503,P0024,4,0.2
2765,O001503,P0001,1,0.1
2766,O001504,P0053,2,0.0
2767,O001504,P0003,1,0.1
2768,O001505,P0035,2,0.0
2769,O001505,P0040,2,0.1
2770,O001505,P0028,1,0.05
2771,O001505,P0019,1,0.1
2772,O001506,P0052,3,0.3
2773,O001506,P0008,2,0.05
2774,O001506,P0047,1,0.0
2775,O001507,P0052,1,0.2
2776,O001507,P0017,1,0.0
2777,O001508,P0033,2,0.0
2778,O001508,P0002,3,0.1
2779,O001509,P0015,2,0.0
2780,O001509,P0014,2,0.0
2781,O001510,P0005,1,0.0
2782,O001511,P0012,3,0.05
2783,O001512,P0039,1,0.4
2784,O001512,P0018,1,0.2
2785,O001513,P0033,2,0.2
2786,O001513,P0025,3,0.05
2787,O001514,P0038,1,0.0
2788,O001515,P0035,1,0.2
2789,O001515,P0055,1,0.0
2790,O001516,P0059,1,0.0
2791,O001516,P0023,1,0.0
2792,O001517,P0055,1,0.2
2793,O001518,P0060,1,0.3
2794,O001518,P0024,2,0.05
2795,O001518,P0023,2,0.0
2796,O001519,P0024,2,0.0
2797,O001520,P0005,3,0.05
2798,O001520,P0045,1,0.1
2799,O001521,P0026,4,0.3
2800,O001521,P0006,2,0.0
2801,O001521,P0060,1,0.0
2802,O001522,P0040,2,0.05
2803,O001523,P0022,1,0.05
2804,O001523,P0024,1,0.0
2805,O001524,P0029,3,0.05
2806,O001525,P0004,1,0.0
2807,O001525,P0041,1,0.0
2808,O001525,P0018,3,0.0
2809,O001526,P0003,1,0.05
2810,O001527,P0006,1,0.1
2811,O001528,P0036,2,0.0
2812,O001529,P0022,3,0.0
2813,O001529,P0046,1,0.2
2814,O001529,P0029,1,0.1
2815,O001530,P0058,5,0.0
2816,O001531,P0047,2,0.05
2817,O001532,P0027,2,0.3
2818,O001533,P0035,2,0.0
2819,O001533,P0024,2,0.1
2820,O001534,P0006,1,0.0
2821,O001534,P0035,1,0.0
2822,O001534,P0014,1,0.0
2823,O001535,P0050,5,0.2
2824,O001536,P0021,3,0.05
2825,O001537,P0059,1,0.0
2826,O001537,P0037,5,0.3
2827,O001537,P0003,2,0.05
2828,O001537,P0029,3,0.05
2829,O001538,P0044,2,0.0
2830,O001539,P0020,4,0.0
2831,O001539,P0009,2,0.05
2832,O001539,P0054,1,0.0
2833,O001540,P0008,2,0.0
2834,O001540,P0039,1,0.05
2835,O001540,P0029,3,0.05
2836,O001540,P0039,1,0.0
2837,O001541,P0019,1,0.2
2838,O001542,P0009,3,0.3
2839,O001543,P0015,1,0.0
2840,O001544,P0043,1,0.1
2841,O001545,P0051,2,0.2
2842,O001545,P0039,3,0.3
2843,O001546,P0045,2,0.05
2844,O001546,P0022,1,0.2
2845,O001547,P0037,1,0.0
2846,O001547,P0060,1,
2847,O001547,P0025,3,0.3
2848,O001548,P0038,1,0.2
2849,O001549,P0050,1,0.05
2850,O001550,P0031,1,0.05
2851,O001550,P0038,1,0.1
2852,O001550,P0058,4,0.0
2853,O001550,P0002,1,0.0
2854,O001551,P0005,1,0.0
2855,O001552,P0055,1,0.0
2856,O001552,P0018,2,0.0
2857,O001552,P0040,4,0.2
2858,O001553,P0009,2,0.0
2859,O001553,P0052,1,0.2
2860,O001554,P0018,2,0.0
2861,O001554,P0001,2,0.0
2862,O001554,P0044,1,0.0
2863,O001554,P0036,3,0.0
2864,O001555,P0025,1,0.0
2865,O001555,P0025,2,0.2
2866,O001556,P0045,3,0.0
2867,O001556,P0004,1,0.1
2868,O001557,P0037,1,0.05
2869,O001557,P0014,1,0.1
2870,O001558,P0045,1,0.05
2871,O001558,P0022,1,0.0
2872,O001558,P0054,2,0.05
2873,O001559,P0059,2,0.05
2874,O001559,P0038,1,0.05
2875,O001559,P0005,5,0.0
2876,O001560,P0010,3,0.0
2877,O001561,P0042,3,0.0
2878,O001562,P0056,2,0.05
2879,O001563,P0046,3,0.0
2880,O001564,P0010,1,0.05
2881,O001564,P0051,1,0.1
2882,O001564,P0031,1,0.2
2883,O001565,P0050,2,0.3
2884,O001565,P0018,1,0.0
2885,O001566,P0051,2,0.0
2886,O001566,P0001,2,0.0
2887,O001566,P0052,3,0.05
2888,O001567,P0002,2,0.05
2889,O001568,P0013,5,0.0
2890,O001569,P0040,2,0.0
2891,O001569,P0015,1,0.2
2892,O001569,P0044,2,0.0
2893,O001570,P0047,1,0.3
2894,O001571,P0022,3,0.05
2895,O001571,P0043,2,0.0
2896,O001571,P0006,1,0.0
2897,O001572,P0051,1,0.3
2898,O001572,P0045,3,0.1
2899,O001572,P0015,1,0.0
2900,O001572,P0008,2,0.05
2901,O001573,P0009,2,0.2
2902,O001574,P0019,2,0.4
2903,O001575,P0022,2,0.2
2904,O001575,P0027,3,0.0
2905,O001576,P0008,1,0.1
2906,O001577,P0007,2,0.1
2907,O001578,P0023,1,0.0
2908,O001578,P0004,4,0.0
2909,O001579,P0023,2,0.1
2910,O001580,P0001,1,0.0
2911,O001580,P0015,1,0.0
2912,O001580,P0047,4,0.05
2913,O001580,P0044,4,0.0
2914,O001581,P0025,1,0.0
2915,O001582,P0049,5,0.1
2916,O001583,P0050,1,0.0
2917,O001583,P0057,2,0.0
2918,O001583,P0010,1,0.3
2919,O001583,P0039,2,0.0
2920,O001584,P0008,2,0.0
2921,O001584,P0032,2,0.1
2922,O001585,P0005,1,0.0
2923,O001586,P0042,1,0.05
2924,O001587,P0053,3,0.0
2925,O001587,P0036,2,0.0
2926,O001588,P0036,3,0.0
2927,O001589,P0008,1,0.0
2928,O001590,P0035,1,0.05
2929,O001591,P0044,2,0.1
2930,O001592,P0007,1,0.0
2931,O001592,P0049,1,0.0
2932,O001593,P0057,3,0.3
2933,O001593,P0037,5,0.0
2934,O001594,P0024,1,0.3
2935,O001594,P0023,3,0.1
2936,O001594,P0053,1,0.05
2937,O001595,P0008,1,0.0
2938,O001596,P0043,3,0.0
2939,O001597,P0058,1,0.05
2940,O001597,P0013,1,0.1
2941,O001598,P0038,1,0.0
2942,O001599,P0060,4,0.05
2943,O001599,P0045,1,0.05
2944,O001599,P0008,1,0.0
2945,O001599,P0027,1,0.3
2946,O001600,P0032,5,0.05
2947,O001601,P0045,1,0.0
2948,O001601,P0046,1,0.1
2949,O001601,P0011,2,0.2
2950,O001601,P0011,1,0.1
2951,O001602,P0008,1,0.0
2952,O001602,P0046,2,0.0
2953,O001602,P0009,4,0.05
2954,O001603,P0031,1,0.3
2955,O001604,P0034,2,0.05
2956,O001605,P0012,2,0.05
2957,O001606,P0027,2,0.0
2958,O001607,P0025,1,0.05
2959,O001607,P0040,2,0.0
2960,O001607,P0041,2,0.4
2961,O001607,P0040,1,0.0
2962,O001608,P0025,1,0.2
2963,O001609,P0002,1,0.05
2964,O001609,P0057,1,0.0
2965,O001609,P0013,1,0.0
2966,O001609,P0034,3,0.2
2967,O001610,P0038,3,0.0
2968,O001610,P0020,1,0.05
2969,O001610,P0018,1,0.2
2970,O001610,P0034,1,0.3
2971,O001611,P0036,4,0.05
2972,O001612,P0044,2,0.0
2973,O001612,P0023,2,0.0
2974,O001612,P0041,1,0.0
2975,O001613,P0052,4,0.1
2976,O001614,P0060,1,0.0
2977,O001615,P0049,2,0.05
2978,O001616,P0048,4,0.0
2979,O001617,P0048,1,0.05
2980,O001618,P0020,2,0.0
2981,O001618,P0020,2,0.3
2982,O001619,P0059,4,0.1
2983,O001620,P0009,1,0.2
2984,O001620,P0002,1,0.1
2985,O001621,P0042,1,0.3
2986,O001621,P0047,1,0.2
2987,O001622,P0006,1,0.2
2988,O001623,P0015,1,0.0
2989,O001623,P0001,1,0.0
2990,O001624,P0042,1,0.0
2991,O001624,P0040,2,0.1
2992,O001625,P0026,1,0.0
2993,O001626,P0024,1,0.1
2994,O001627,P0003,4,0.4
2995,O001628,P0004,2,0.0
2996,O001629,P0041,5,0.0
2997,O001630,P0024,1,0.05
2998,O001630,P0036,4,0.0
2999,O001631,P0021,3,0.05
3000,O001632,P0016,3,0.4
3001,O001632,P0056,3,0.0
3002,O001633,P0012,1,0.0
3003,O001634,P0035,2,0.0
3004,O001634,P0029,1,0.3
3005,O001634,P0048,1,0.0
3006,O001635,P0051,5,0.0
3007,O001636,P0016,4,0.0
3008,O001637,P0042,1,0.1
3009,O001637,P0016,3,0.1
3010,O001637,P0006,4,0.05
3011,O001638,P0003,2,0.0
3012,O001638,P0033,3,0.0
3013,O001638,P0014,2,0.2
3014,O001639,P0037,2,0.05
3015,O001639,P0036,1,0.2
3016,O001640,P0037,2,0.0
3017,O001640,P0040,3,0.3
3018,O001640,P0023,1,0.3
3019,O001641,P0039,4,0.05
3020,O001642,P0056,2,0.0
3021,O001642,P0037,1,0.0
3022,O001642,P0049,1,0.1
3023,O001642,P0006,3,0.3
3024,O001643,P0043,2,0.3
3025,O001643,P0006,2,0.0
3026,O001643,P0017,1,0.0
3027,O001644,P0003,1,0.3
3028,O001645,P0058,2,0.0
3029,O001645,P0040,1,0.1
3030,O001646,P0058,3,0.2
3031,O001646,P0055,1,0.0
3032,O001646,P0018,1,0.0
3033,O001646,P0046,4,0.1
3034,O001647,P0047,2,0.0
3035,O001647,P0004,1,0.05
3036,O001647,P0044,4,0.0
3037,O001648,P0001,2,0.0
3038,O001649,P0002,1,0.2
3039,O001649,P0012,1,0.2
3040,O001650,P0054,1,0.0
3041,O001651,P0033,3,0.3
3042,O001652,P0060,2,0.1
3043,O001653,P0003,3,0.3
3044,O001654,P0048,1,0.3
3045,O001654,P0018,2,0.0
3046,O001654,P0057,1,0.0
3047,O001654,P0028,4,0.4
3048,O001655,P0001,1,0.1
3049,O001655,P0026,1,0.0
3050,O001655,P0030,4,0.2
3051,O001656,P0005,1,0.05
3052,O001656,P0003,2,0.3
3053,O001656,P0049,1,0.3
3054,O001657,P0011,2,0.3
3055,O001657,P0017,2,0.0
3056,O001658,P0045,1,0.1
3057,O001658,P0001,1,0.0
3058,O001659,P0035,2,0.0
3059,O001659,P0033,1,0.05
3060,O001660,P0054,2,0.0
3061,O001660,P0027,1,0.0
3062,O001661,P0008,2,0.05
3063,O001662,P0001,1,0.3
3064,O001663,P0041,2,0.0
3065,O001663,P0024,1,0.4
3066,O001664,P0031,1,0.2
3067,O001665,P0054,4,0.0
3068,O001665,P0034,1,0.3
3069,O001666,P0053,1,0.0
3070,O001667,P0048,3,0.0
3071,O001668,P0045,1,0.0
3072,O001669,P0017,2,0.0
3073,O001669,P0020,1,0.0
3074,O001669,P0015,1,0.3
3075,O001670,P0060,2,0.0
3076,O001671,P0025,2,0.0
3077,O001671,P0022,1,0.0
3078,O001671,P0052,2,0.1
3079,O001672,P0035,4,0.1
3080,O001673,P0022,2,0.1
3081,O001673,P0021,1,0.0
3082,O001674,P0040,2,0.1
3083,O001674,P0017,2,0.0
3084,O001675,P0037,4,0.2
3085,O001675,P0021,4,0.0
3086,O001675,P0053,2,0.05
3087,O001676,P0035,1,0.0
3088,O001676,P0051,1,0.0
3089,O001677,P0005,1,0.05
3090,O001678,P0008,2,0.0
3091,O001678,P0044,1,0.1
3092,O001679,P0059,4,0.05
3093,O001679,P0040,3,0.1
3094,O001679,P0017,3,0.0
3095,O001680,P0029,2,0.3
3096,O001680,P0056,1,0.0
3097,O001680,P0032,2,0.05
3098,O001681,P0040,2,0.0
3099,O001682,P0032,1,0.2
3100,O001682,P0055,1,0.05
3101,O001682,P0023,1,0.0
3102,O001683,P0056,1,0.0
3103,O001683,P0058,1,0.0
3104,O001683,P0028,3,0.05
3105,O001683,P0040,2,0.0
3106,O001684,P0024,5,0.2
3107,O001685,P0057,3,0.1
3108,O001685,P0032,1,0.0
3109,O001686,P0037,2,0.0
3110,O001687,P0058,4,0.0
3111,O001688,P0043,4,0.0
3112,O001688,P0051,3,0.0
3113,O001688,P0006,1,0.05
3114,O001689,P0057,3,0.0
3115,O001689,P0022,3,0.0
3116,O001690,P0006,1,0.3
3117,O001691,P0059,4,0.2
3118,O001691,P0042,1,0.0
3119,O001692,P0036,1,0.3
3120,O001692,P0040,1,0.0
3121,O001693,P0042,1,0.0
3122,O001693,P0055,2,0.4
3123,O001694,P0033,4,0.1
3124,O001695,P0024,1,0.1
3125,O001696,P0021,1,0.3
3126,O001696,P0001,2,0.05
3127,O001697,P0042,5,0.1
3128,O001698,P0021,2,0.0
3129,O001699,P0032,4,0.1
3130,O001700,P0014,1,0.2
3131,O001700,P0048,1,0.2
3132,O001701,P0012,1,0.0
3133,O001701,P0032,1,0.1
3134,O001701,P0044,2,0.1
3135,O001702,P0056,4,0.1
3136,O001703,P0049,5,0.0
3137,O001704,P0032,1,0.0
3138,O001705,P0011,1,0.0
3139,O001705,P0012,1,0.05
3140,O001705,P0053,4,0.0
3141,O001706,P0009,2,0.0
3142,O001707,P0003,2,0.1
3143,O001707,P0024,1,0.2
3144,O001707,P0055,2,0.1
3145,O001707,P0017,1,0.2
3146,O001708,P0039,3,0.3
3147,O001708,P0046,4,0.0
3148,O001709,P0033,1,0.0
3149,O001710,P0053,2,0.3
3150,O001710,P0017,3,0.0
3151,O001711,P0008,3,0.0
3152,O001711,P0047,2,0.0
3153,O001711,P0012,1,0.1
3154,O001711,P0015,1,0.0
3155,O001712,P0026,1,0.2
3156,O001712,P0019,4,0.2
3157,O001713,P0057,1,0.05
3158,O001713,P0017,4,0.0
3159,O001714,P0049,2,0.0
3160,O001715,P0047,2,0.3
3161,O001715,P0052,1,0.0
3162,O001715,P0023,1,0.0
3163,O001716,P0055,1,0.0
3164,O001717,P0016,1,0.0
3165,O001718,P0044,1,0.2
3166,O001719,P0058,1,0.0
3167,O001720,P0019,4,0.05
3168,O001721,P0050,2,0.1
3169,O001722,P0023,1,0.0
3170,O001722,P0029,2,0.0
3171,O001723,P0016,1,0.0
3172,O001723,P0030,2,0.05
3173,O001724,P0041,1,0.0
3174,O001725,P0023,1,0.0
3175,O001725,P0050,1,0.0
3176,O001726,P0017,2,0.1
3177,O001726,P0001,4,0.05
3178,O001726,P0011,1,0.1
3179,O001726,P0027,4,0.0
3180,O001727,P0019,5,0.05
3181,O001727,P0003,1,0.1
3182,O001727,P0053,1,0.0
3183,O001728,P0004,2,0.0
3184,O001728,P0036,1,0.0
3185,O001729,P0028,1,0.4
3186,O001729,P0007,5,0.05
3187,O001730,P0014,1,0.0
3188,O001731,P0036,1,0.0
3189,O001731,P0038,4,0.2
3190,O001731,P0031,1,0.1
3191,O001731,P0037,2,0.0
3192,O001732,P0053,3,0.0
3193,O001732,P0013,2,0.1
3194,O001733,P0033,1,0.05
3195,O001734,P0018,1,0.0
3196,O001735,P0021,5,0.0
3197,O001735,P0024,1,0.05
3198,O001736,P0017,3,0.1
3199,O001736,P0051,1,0.05
3200,O001737,P0024,1,0.0
3201,O001738,P0049,3,0.0
3202,O001738,P0033,4,0.05
3203,O001739,P0030,3,0.1
3204,O001739,P0037,1,0.0
3205,O001740,P0008,3,0.2
3206,O001740,P0028,1,0.2
3207,O001740,P0040,1,0.1
3208,O001740,P0023,3,0.05
3209,O001741,P0016,2,0.1
3210,O001742,P0037,1,0.05
3211,O001743,P0002,1,0.05
3212,O001744,P0051,2,0.2
3213,O001744,P0029,1,0.1
3214,O001744,P0015,4,0.1
3215,O001745,P0020,3,0.05
3216,O001746,P0009,1,0.0
3217,O001747,P0051,2,0.0
3218,O001748,P0056,5,0.3
3219,O001748,P0003,5,0.0
3220,O001748,P0045,3,0.0
3221,O001749,P0008,1,0.2
3222,O001750,P0002,1,0.2
3223,O001750,P0001,1,0.1
3224,O001750,P0046,1,0.0
3225,O001751,P0059,1,0.0
3226,O001751,P0055,2,0.1
3227,O001752,P0006,3,0.1
3228,O001752,P0029,1,0.05
3229,O001752,P0019,2,0.0
3230,O001753,P0019,4,0.3
3231,O001754,P0017,5,0.0
3232,O001754,P0046,2,0.0
3233,O001755,P0036,3,0.0
3234,O001755,P0007,1,0.2
3235,O001755,P0006,4,0.0
3236,O001756,P0005,2,0.0
3237,O001756,P0016,2,0.05
3238,O001757,P0037,1,0.0
3239,O001757,P0057,4,0.0
3240,O001758,P0012,1,0.2
3241,O001759,P0005,4,0.3
3242,O001759,P0012,4,0.05
3243,O001760,P0019,1,0.1
3244,O001761,P0010,1,0.05
3245,O001762,P0007,3,0.05
3246,O001762,P0006,2,0.3
3247,O001763,P0019,3,0.4
3248,O001764,P0054,1,0.0
3249,O001765,P0021,1,0.4
3250,O001765,P0009,1,0.0
3251,O001765,P0036,1,0.05
3252,O001766,P0046,1,0.0
3253,O001767,P0026,1,0.4
3254,O001767,P0022,3,0.05
3255,O001767,P0019,1,0.05
3256,O001768,P0057,2,0.0
3257,O001768,P0002,1,0.0
3258,O001768,P0049,2,0.0
3259,O001768,P0006,1,0.0
3260,O001769,P0004,2,0.05
3261,O001769,P0028,1,0.0
3262,O001770,P0043,1,0.0
3263,O001770,P0001,1,0.05
3264,O001770,P0060,1,0.1
3265,O001770,P0019,2,0.2
3266,O001771,P0013,1,0.0
3267,O001771,P0056,4,0.0
3268,O001772,P0051,2,0.2
3269,O001773,P0044,1,0.2
3270,O001773,P0042,3,0.0
3271,O001773,P0019,1,0.0
3272,O001774,P0030,1,0.2
3273,O001774,P0059,1,0.05
3274,O001774,P0006,1,0.1
3275,O001775,P0020,5,0.0
3276,O001776,P0045,3,0.0
3277,O001777,P0012,1,0.1
3278,O001778,P0053,2,0.1
3279,O001779,P0054,1,0.0
3280,O001779,P0034,3,0.3
3281,O001780,P0044,1,0.05
3282,O001780,P0043,2,0.0
3283,O001780,P0038,1,0.0
3284,O001781,P0026,1,0.1
3285,O001781,P0056,4,0.2
3286,O001782,P0059,1,0.1
3287,O001782,P0031,5,0.05
3288,O001782,P0041,1,0.2
3289,O001783,P0058,2,0.05
3290,O001783,P0008,2,0.3
3291,O001784,P0037,1,0.0
3292,O001784,P0053,1,0.05
3293,O001785,P0009,1,
3294,O001785,P0038,5,0.0
3295,O001785,P0009,2,0.1
3296,O001786,P0013,1,0.05
3297,O001787,P0004,1,0.0
3298,O001788,P0004,3,0.0
3299,O001789,P0012,1,0.1
3300,O001789,P0030,1,0.3
3301,O001790,P0013,4,0.0
3302,O001790,P0018,1,0.0
3303,O001791,P0042,2,0.3
3304,O001791,P0044,4,0.0
3305,O001792,P0030,4,0.0
3306,O001792,P0007,1,0.0
3307,O001792,P0021,3,0.0
3308,O001793,P0011,4,0.1
3309,O001794,P0056,1,0.0
3310,O001794,P0060,1,0.0
3311,O001795,P0005,1,0.1
3312,O001796,P0038,1,0.05
3313,O001796,P0050,3,0.0
3314,O001797,P0008,2,0.1
3315,O001797,P0018,1,0.0
3316,O001797,P0022,2,0.05
3317,O001798,P0043,4,0.3
3318,O001798,P0004,1,0.0
3319,O001798,P0004,1,0.0
3320,O001799,P0035,2,0.0
3321,O001799,P0043,1,0.0
3322,O001800,P0056,4,0.3
3323,O001801,P0055,1,0.0
3324,O001802,P0044,3,0.0
3325,O001803,P0013,4,0.4
3326,O001803,P0002,1,0.1
3327,O001804,P0059,1,0.0
3328,O001804,P0058,1,0.1
3329,O001805,P0018,3,0.2
3330,O001805,P0005,1,0.05
3331,O001806,P0033,1,0.0
3332,O001806,P0032,1,0.4
3333,O001807,P0021,1,0.2
3334,O001808,P0019,1,0.05
3335,O001808,P0030,2,0.1
3336,O001809,P0018,2,0.0
3337,O001809,P0044,5,0.05
3338,O001810,P0040,2,0.1
3339,O001810,P0031,5,0.0
3340,O001810,P0019,1,0.0
3341,O001811,P0048,2,0.0
3342,O001811,P0038,2,0.0
3343,O001812,P0010,1,0.0
3344,O001812,P0017,1,0.1
3345,O001812,P0040,2,0.0
3346,O001813,P0060,2,0.05
3347,O001814,P0055,1,0.4
3348,O001814,P0037,1,0.1
3349,O001814,P0015,1,0.0
3350,O001815,P0025,1,0.2
3351,O001815,P0036,1,0.1
3352,O001816,P0019,1,0.0
3353,O001817,P0041,1,0.1
3354,O001817,P0027,3,0.0
3355,O001818,P0001,1,0.0
3356,O001818,P0004,1,0.0
3357,O001818,P0044,1,0.0
3358,O001819,P0009,1,0.0
3359,O001820,P0040,1,0.0
3360,O001820,P0023,2,0.1
3361,O001821,P0041,2,0.05
3362,O001821,P0015,3,0.1
3363,O001821,P0033,4,0.0
3364,O001822,P0008,1,0.05
3365,O001822,P0020,1,0.1
3366,O001822,P0034,1,0.0
3367,O001822,P0003,5,0.4
3368,O001823,P0018,2,0.0
3369,O001823,P0058,5,0.2
3370,O001824,P0026,1,0.2
3371,O001824,P0016,5,0.05
3372,O001825,P0058,5,0.05
3373,O001826,P0034,2,0.2
3374,O001827,P0005,4,0.05
3375,O001827,P0056,1,0.0
3376,O001827,P0059,1,0.2
3377,O001827,P0006,3,0.3
3378,O001828,P0055,3,0.0
3379,O001828,P0001,3,0.0
3380,O001829,P0046,1,0.3
3381,O001830,P0056,4,0.0
3382,O001830,P0025,1,0.2
3383,O001831,P0057,2,0.0
3384,O001832,P0027,1,0.2
3385,O001833,P0054,2,0.0
3386,O001833,P0052,1,0.0
3387,O001834,P0010,2,0.2
3388,O001834,P0033,1,0.3
3389,O001835,P0046,1,0.0
3390,O001835,P0040,2,0.0
3391,O001836,P0006,2,0.0
3392,O001836,P0040,4,0.3
3393,O001836,P0033,2,0.3
3394,O001837,P0016,1,0.4
3395,O001838,P0003,1,0.05
3396,O001838,P0058,1,0.05
3397,O001839,P0049,4,0.0
3398,O001839,P0042,5,0.1
3399,O001839,P0057,1,0.0
3400,O001840,P0008,4,0.4
3401,O001841,P0035,1,0.2
3402,O001842,P0009,2,0.05
3403,O001842,P0002,1,0.0
3404,O001843,P0058,5,0.1
3405,O001843,P0037,4,0.0
3406,O001844,P0054,3,0.0
3407,O001844,P0026,1,0.2
3408,O001845,P0040,1,0.1
3409,O001846,P0056,1,0.3
3410,O001846,P0008,5,0.1
3411,O001847,P0018,2,0.0
3412,O001848,P0045,1,0.0
3413,O001849,P0018,2,0.05
3414,O001849,P0021,2,0.05
3415,O001850,P0039,1,0.05
3416,O001850,P0010,1,0.0
3417,O001851,P0009,1,0.1
3418,O001852,P0007,2,0.0
3419,O001852,P0058,1,0.1
3420,O001853,P0049,1,0.2
3421,O001853,P0048,1,0.0
3422,O001854,P0007,4,0.1
3423,O001854,P0044,1,0.2
3424,O001854,P0027,1,0.0
3425,O001854,P0050,1,0.2
3426,O001855,P0051,3,0.1
3427,O001855,P0052,2,0.2
3428,O001855,P0022,2,0.2
3429,O001856,P0051,4,0.0
3430,O001856,P0042,5,0.3
3431,O001856,P0057,2,0.05
3432,O001856,P0003,3,0.0
3433,O001857,P0028,1,0.4
3434,O001857,P0031,2,0.0
3435,O001858,P0056,1,0.0
3436,O001858,P0009,4,0.3
3437,O001858,P0032,1,0.05
3438,O001859,P0037,2,0.0
3439,O001859,P0049,4,0.1
3440,O001860,P0008,5,0.0
3441,O001861,P0003,4,0.0
3442,O001861,P0011,4,0.1
3443,O001862,P0044,3,0.0
3444,O001863,P0011,2,0.0
3445,O001864,P0002,1,0.0
3446,O001864,P0035,1,0.4
3447,O001865,P0010,2,0.2
3448,O001866,P0042,1,0.05
3449,O001867,P0006,1,0.2
3450,O001867,P0046,1,0.05
3451,O001868,P0024,5,0.1
3452,O001868,P0008,1,0.0
3453,O001869,P0026,1,0.0
3454,O001869,P0051,2,0.0
3455,O001869,P0046,1,0.05
3456,O001870,P0021,1,0.0
3457,O001871,P0047,1,0.0
3458,O001872,P0059,5,0.2
3459,O001872,P0036,2,0.1
3460,O001872,P0009,3,0.0
3461,O001873,P0010,2,0.0
3462,O001874,P0017,2,0.2
3463,O001874,P0035,2,0.0
3464,O001875,P0056,1,0.0
3465,O001875,P0025,2,0.0
3466,O001875,P0027,1,0.0
3467,O001876,P0039,2,0.0
3468,O001876,P0043,3,0.0
3469,O001877,P0046,2,0.2
3470,O001878,P0035,3,0.05
3471,O001879,P0027,1,0.0
3472,O001879,P0033,1,0.05
3473,O001879,P0026,4,0.05
3474,O001880,P0054,3,0.3
3475,O001880,P0033,1,0.3
3476,O001880,P0022,2,0.05
3477,O001881,P0029,1,0.0
3478,O001882,P0006,2,0.05
3479,O001882,P0004,1,0.05
3480,O001883,P0005,4,0.0
3481,O001884,P0059,2,0.0
3482,O001885,P0033,1,0.0
3483,O001885,P0057,2,0.1
3484,O001886,P0022,2,0.0
3485,O001886,P0035,1,0.05
3486,O001886,P0042,1,0.0
3487,O001887,P0038,3,0.1
3488,O001887,P0032,1,0.0
3489,O001888,P0031,1,0.0
3490,O001889,P0013,1,0.0
3491,O001889,P0041,3,0.0
3492,O001890,P0027,3,0.3
3493,O001890,P0039,3,0.0
3494,O001890,P0041,2,0.0
3495,O001891,P0009,2,0.0
3496,O001892,P0057,1,0.2
3497,O001893,P0020,1,0.0
3498,O001893,P0007,2,0.05
3499,O001893,P0033,2,0.0
3500,O001894,P0045,1,0.1
3501,O001895,P0024,1,0.3
3502,O001895,P0057,1,0.0
3503,O001896,P0012,1,0.0
3504,O001897,P0018,3,0.1
3505,O001897,P0025,2,0.4
3506,O001898,P0050,5,0.0
3507,O001899,P0053,1,0.0
3508,O001899,P0035,1,0.2
3509,O001900,P0042,1,0.1
3510,O001900,P0009,1,0.0
3511,O001900,P0060,2,
3512,O001901,P0023,1,0.05
3513,O001902,P0037,4,0.0
3514,O001903,P0034,1,0.4
3515,O001904,P0001,3,0.4
3516,O001904,P0049,3,0.0
3517,O001905,P0040,2,0.2
3518,O001905,P0058,4,0.1
3519,O001906,P0020,1,0.0
3520,O001906,P0036,2,0.4
3521,O001907,P0051,3,0.0
3522,O001907,P0013,2,0.3
3523,O001907,P0007,2,0.1
3524,O001908,P0058,2,0.0
3525,O001909,P0024,1,0.1
3526,O001910,P0051,1,0.0
3527,O001911,P0060,2,0.05
3528,O001912,P0013,3,0.2
3529,O001913,P0024,2,0.0
3530,O001913,P0036,1,0.0
3531,O001914,P0054,4,0.0
3532,O001914,P0026,1,0.0
3533,O001915,P0012,2,0.05
3534,O001915,P0029,1,0.2
3535,O001915,P0008,2,0.0
3536,O001916,P0050,2,0.3
3537,O001916,P0041,4,0.3
3538,O001917,P0008,2,0.0
3539,O001918,P0021,1,0.0
3540,O001919,P0039,4,0.0
3541,O001919,P0030,1,0.0
3542,O001920,P0002,1,0.1
3543,O001920,P0057,5,0.05
3544,O001920,P0025,4,0.1
3545,O001920,P0012,1,0.3
3546,O001921,P0057,2,0.1
3547,O001922,P0029,1,0.3
3548,O001922,P0031,1,0.0
3549,O001923,P0041,1,0.0
3550,O001923,P0044,2,0.2
3551,O001924,P0039,2,0.0
3552,O001925,P0018,3,0.3
3553,O001925,P0037,1,0.05
3554,O001925,P0022,1,0.0
3555,O001926,P0058,1,0.0
3556,O001927,P0028,2,0.0
3557,O001928,P0053,2,0.3
3558,O001928,P0045,4,0.0
3559,O001929,P0013,3,0.0
3560,O001930,P0048,3,0.3
3561,O001930,P0028,2,0.0
3562,O001930,P0013,1,0.0
3563,O001930,P0020,3,0.05
3564,O001931,P0009,1,0.3
3565,O001931,P0055,2,0.0
3566,O001932,P0057,2,0.2
3567,O001933,P0026,1,0.0
3568,O001933,P0005,1,0.1
3569,O001933,P0034,4,0.0
3570,O001933,P0033,1,0.05
3571,O001934,P0021,3,0.05
3572,O001934,P0050,1,0.1
3573,O001934,P0009,1,0.0
3574,O001935,P0058,2,0.05
3575,O001936,P0060,2,0.0
3576,O001937,P0012,2,0.0
3577,O001938,P0032,1,0.0
3578,O001939,P0016,1,0.1
3579,O001940,P0027,2,0.0
3580,O001940,P0011,4,0.0
3581,O001940,P0015,1,0.0
3582,O001941,P0008,1,0.1
3583,O001942,P0005,3,0.0
3584,O001943,P0018,2,0.0
3585,O001944,P0041,1,0.2
3586,O001944,P0014,3,0.1
3587,O001944,P0006,2,0.4
3588,O001945,P0015,4,0.1
3589,O001945,P0027,1,0.3
3590,O001946,P0051,3,0.3
3591,O001946,P0012,2,0.1
3592,O001946,P0048,3,0.1
3593,O001947,P0017,4,0.0
3594,O001947,P0036,2,0.05
3595,O001948,P0051,2,0.0
3596,O001948,P0013,2,0.2
3597,O001948,P0019,2,0.0
3598,O001949,P0038,4,0.1
3599,O001949,P0021,2,0.1
3600,O001950,P0002,2,0.3
3601,O001950,P0005,1,0.05
3602,O001951,P0053,3,0.0
3603,O001951,P0032,2,0.05
3604,O001952,P0009,4,0.0
3605,O001953,P0029,1,0.0
3606,O001954,P0004,1,0.05
3607,O001955,P0026,5,0.4
3608,O001956,P0036,1,0.1
3609,O001957,P0056,2,0.0
3610,O001958,P0047,3,0.05
3611,O001959,P0059,1,0.0
3612,O001959,P0043,2,0.0
3613,O001960,P0050,4,0.1
3614,O001960,P0007,1,0.2
3615,O001961,P0019,1,0.05
3616,O001961,P0044,2,0.0
3617,O001962,P0045,3,0.4
3618,O001962,P0015,1,0.0
3619,O001963,P0009,1,0.2
3620,O001964,P0052,1,0.2
3621,O001964,P0041,1,0.3
3622,O001964,P0028,1,0.0
3623,O001965,P0032,2,0.0
3624,O001965,P0040,2,0.0
3625,O001966,P0008,2,0.2
3626,O001966,P0014,1,0.0
3627,O001967,P0035,1,0.05
3628,O001967,P0020,1,0.0
3629,O001967,P0006,1,0.2
3630,O001968,P0046,1,0.2
3631,O001968,P0006,5,0.1
3632,O001968,P0040,1,0.1
3633,O001969,P0018,1,0.2
3634,O001969,P0045,1,0.4
3635,O001970,P0044,1,0.3
3636,O001971,P0003,1,0.3
3637,O001971,P0031,1,0.0
3638,O001971,P0015,1,0.05
3639,O001972,P0046,1,0.0
3640,O001973,P0007,2,0.0
3641,O001973,P0023,2,0.2
3642,O001974,P0001,2,0.4
3643,O001974,P0045,1,0.2
3644,O001975,P0047,2,0.1
3645,O001975,P0048,4,0.0
3646,O001976,P0026,1,0.1
3647,O001977,P0025,4,0.0
3648,O001978,P0026,2,0.0
3649,O001979,P0050,1,0.0
3650,O001980,P0018,1,0.05
3651,O001980,P0043,4,0.2
3652,O001980,P0016,1,0.1
3653,O001981,P0042,1,0.05
3654,O001982,P0005,1,0.1
3655,O001983,P0039,2,0.1
3656,O001983,P0054,2,0.0
3657,O001983,P0043,1,0.3
3658,O001984,P0045,1,0.0
3659,O001985,P0043,2,0.0
3660,O001985,P0017,2,0.05
3661,O001985,P0043,1,0.0
3662,O001986,P0060,1,0.2
3663,O001987,P0007,1,0.2
3664,O001988,P0058,4,0.05
3665,O001988,P0028,1,0.0
3666,O001989,P0041,1,0.2
3667,O001989,P0029,1,0.1
3668,O001989,P0019,1,0.1
3669,O001990,P0037,1,0.0
3670,O001990,P0006,2,0.1
3671,O001990,P0008,1,0.0
3672,O001991,P0056,1,0.05
3673,O001992,P0058,3,0.05
3674,O001992,P0013,3,0.2
3675,O001992,P0015,1,0.0
3676,O001993,P0052,1,0.1
3677,O001994,P0031,1,0.0
3678,O001994,P0037,2,0.0
3679,O001994,P0055,1,0.2
3680,O001994,P0006,1,0.3
3681,O001995,P0002,3,0.3
3682,O001995,P0042,1,0.0
3683,O001996,P0003,1,0.1
3684,O001997,P0027,5,0.2
3685,O001998,P0038,1,0.0
3686,O001998,P0042,1,0.3
3687,O001999,P0051,3,0.0
3688,O002000,P0026,4,0.0
3689,O002000,P0007,1,0.0
3690,O002000,P0037,4,0.0
3691,O002000,P0049,5,0.1
3692,O002001,P0057,1,0.0
3693,O002002,P0031,1,0.1
3694,O002003,P0002,1,0.1
3695,O002004,P0010,1,0.0
3696,O002005,P0020,1,0.05
3697,O002006,P0058,2,0.1
3698,O002007,P0019,4,0.2
3699,O002008,P0005,1,0.0
3700,O002008,P0027,2,0.4
3701,O002009,P0013,5,0.2
3702,O002009,P0007,2,0.3
3703,O002009,P0006,1,0.3
3704,O002009,P0020,1,0.1
3705,O002010,P0014,1,0.1
3706,O002010,P0054,1,0.2
3707,O002010,P0003,2,0.2
3708,O002011,P0029,2,0.05
3709,O002011,P0053,2,0.2
3710,O002012,P0037,1,0.0
3711,O002013,P0046,2,0.0
3712,O002014,P0046,1,0.1
3713,O002014,P0044,1,0.0
3714,O002015,P0011,2,0.1
3715,O002016,P0050,1,0.2
3716,O002017,P0036,2,0.1
3717,O002018,P0030,1,0.0
3718,O002018,P0025,3,0.1
3719,O002019,P0052,1,0.0
3720,O002019,P0032,2,0.0
3721,O002020,P0012,2,0.0
3722,O002020,P0005,3,0.2
3723,O002020,P0029,1,0.4
3724,O002020,P0020,2,0.0
3725,O002021,P0021,1,0.2
3726,O002021,P0022,5,0.0
3727,O002021,P0011,1,0.3
3728,O002022,P0024,4,0.0
3729,O002022,P0055,2,0.0
3730,O002022,P0004,1,0.0
3731,O002023,P0044,3,0.0
3732,O002023,P0041,3,0.05
3733,O002024,P0044,3,0.0
3734,O002025,P0037,2,0.1
3735,O002025,P0005,2,0.05
3736,O002025,P0053,1,0.05
3737,O002026,P0043,3,0.2
3738,O002026,P0060,2,0.2
3739,O002026,P0018,1,0.05
3740,O002027,P0015,2,0.4
3741,O002027,P0001,3,0.2
3742,O002028,P0052,2,0.0
3743,O002028,P0051,1,0.1
3744,O002028,P0052,1,0.05
3745,O002029,P0013,3,0.0
3746,O002030,P0043,4,0.0
3747,O002031,P0046,2,0.0
3748,O002031,P0049,2,0.4
3749,O002032,P0038,1,0.4
3750,O002033,P0043,1,0.0
3751,O002034,P0006,1,0.0
3752,O002034,P0035,3,0.0
3753,O002034,P0053,2,0.2
3754,O002034,P0039,2,0.2
3755,O002035,P0001,1,0.0
3756,O002036,P0026,2,0.3
3757,O002036,P0020,1,0.1
3758,O002037,P0056,4,0.0
3759,O002037,P0015,1,0.0
3760,O002038,P0038,1,0.0
3761,O002038,P0006,1,0.0
3762,O002039,P0047,2,0.1
3763,O002039,P0051,1,0.0
3764,O002040,P0060,2,0.0
3765,O002041,P0056,1,0.2
3766,O002041,P0031,3,0.1
3767,O002041,P0021,1,0.05
3768,O002042,P0032,2,0.2
3769,O002043,P0009,1,0.2
3770,O002043,P0005,1,0.05
3771,O002044,P0032,2,0.0
3772,O002044,P0016,2,0.0
3773,O002044,P0019,1,0.3
3774,O002045,P0017,3,0.05
3775,O002045,P0024,2,0.0
3776,O002046,P0049,1,0.3
3777,O002046,P0027,1,0.3
3778,O002047,P0055,2,0.2
3779,O002048,P0020,3,0.0
3780,O002049,P0007,3,0.0
3781,O002049,P0019,4,0.1
3782,O002050,P0006,1,0.4
3783,O002050,P0029,1,0.0
3784,O002051,P0014,1,0.0
3785,O002051,P0042,2,0.0
3786,O002052,P0032,1,
3787,O002052,P0054,5,0.1
3788,O002053,P0005,1,0.0
3789,O002054,P0025,1,0.3
3790,O002054,P0043,1,0.0
3791,O002055,P0058,3,0.05
3792,O002056,P0009,1,0.0
3793,O002056,P0041,1,0.0
3794,O002056,P0025,1,0.4
3795,O002057,P0004,3,0.0
3796,O002057,P0004,3,0.3
3797,O002058,P0048,1,0.0
3798,O002059,P0058,2,0.0
3799,O002059,P0058,1,0.0
3800,O002060,P0009,1,0.4
3801,O002061,P0032,1,0.0
3802,O002061,P0059,2,0.1
3803,O002061,P0022,1,0.2
3804,O002062,P0039,1,0.05
3805,O002062,P0053,1,0.4
3806,O002063,P0003,1,0.0
3807,O002063,P0022,4,0.2
3808,O002064,P0012,4,0.0
3809,O002064,P0029,1,0.2
3810,O002065,P0052,1,0.0
3811,O002065,P0008,1,0.0
3812,O002065,P0012,1,0.05
3813,O002066,P0020,1,0.0
3814,O002067,P0055,5,0.0
3815,O002068,P0048,1,0.4
3816,O002069,P0008,1,0.0
3817,O002069,P0019,2,0.0
3818,O002070,P0008,1,0.0
3819,O002070,P0022,2,0.05
3820,O002071,P0035,3,0.3
3821,O002071,P0053,4,0.1
3822,O002071,P0023,2,0.05
3823,O002072,P0034,3,0.4
3824,O002073,P0034,5,0.0
3825,O002074,P0013,2,0.05
3826,O002074,P0036,5,0.0
3827,O002074,P0021,3,0.0
3828,O002074,P0025,2,0.05
3829,O002075,P0031,1,0.1
3830,O002075,P0056,2,0.1
3831,O002075,P0039,1,0.05
3832,O002076,P0013,2,0.0
3833,O002077,P0015,2,0.3
3834,O002077,P0052,5,0.2
3835,O002077,P0024,1,0.2
3836,O002077,P0038,2,0.05
3837,O002078,P0012,3,0.3
3838,O002078,P0014,1,0.0
3839,O002079,P0030,2,0.05
3840,O002079,P0011,2,0.0
3841,O002079,P0047,2,0.0
3842,O002079,P0009,3,0.4
3843,O002080,P0026,1,0.0
3844,O002080,P0025,2,0.0
3845,O002080,P0023,2,0.0
3846,O002081,P0052,2,0.2
3847,O002082,P0023,1,0.3
3848,O002083,P0041,3,0.0
3849,O002083,P0030,2,0.0
3850,O002084,P0057,1,0.2
3851,O002084,P0013,1,0.0
3852,O002085,P0047,3,0.05
3853,O002085,P0008,1,0.0
3854,O002085,P0044,4,0.1
3855,O002086,P0035,1,0.0
3856,O002087,P0028,1,0.0
3857,O002087,P0026,1,0.0
3858,O002087,P0051,2,0.0
3859,O002087,P0025,2,0.4
3860,O002088,P0025,1,0.05
3861,O002088,P0034,1,0.0
3862,O002088,P0040,2,0.0
3863,O002089,P0021,1,0.3
3864,O002089,P0010,4,0.0
3865,O002089,P0051,3,0.0
3866,O002090,P0046,2,0.0
3867,O002090,P0044,5,0.05
3868,O002091,P0057,4,0.05
3869,O002092,P0013,2,0.0
3870,O002093,P0044,3,0.4
3871,O002094,P0042,1,0.05
3872,O002095,P0009,2,0.0
3873,O002096,P0021,3,0.0
3874,O002096,P0051,2,0.0
3875,O002096,P0037,2,0.2
3876,O002097,P0024,1,0.1
3877,O002097,P0005,2,0.0
3878,O002097,P0017,3,0.3
3879,O002098,P0034,2,0.05
3880,O002099,P0053,1,0.0
3881,O002099,P0028,2,0.0
3882,O002100,P0006,4,0.1
3883,O002100,P0046,2,0.0
3884,O002101,P0011,1,0.0
3885,O002101,P0036,1,0.0
3886,O002101,P0057,1,0.0
3887,O002102,P0060,1,0.2
3888,O002102,P0010,1,0.0
3889,O002102,P0021,4,0.05
3890,O002103,P0002,2,0.05
3891,O002103,P0030,4,0.1
3892,O002104,P0047,1,0.05
3893,O002104,P0058,1,0.0
3894,O002104,P0037,1,0.0
3895,O002105,P0018,2,0.0
3896,O002105,P0002,2,0.0
3897,O002105,P0058,1,0.0
3898,O002106,P0010,2,0.3
3899,O002107,P0039,2,0.05
3900,O002107,P0031,2,0.05
3901,O002108,P0024,1,0.0
3902,O002108,P0048,2,0.2
3903,O002109,P0016,2,0.4
3904,O002109,P0016,1,0.05
3905,O002109,P0023,3,0.0
3906,O002110,P0019,1,0.0
3907,O002110,P0028,1,0.2
3908,O002111,P0007,1,0.2
3909,O002112,P0019,1,0.3
3910,O002113,P0036,1,0.1
3911,O002113,P0007,1,0.0
3912,O002114,P0022,2,0.0
3913,O002114,P0060,1,0.1
3914,O002115,P0046,1,0.05
3915,O002116,P0004,2,0.3
3916,O002116,P0048,4,0.4
3917,O002117,P0049,2,0.0
3918,O002118,P0002,1,0.2
3919,O002118,P0010,3,0.1
3920,O002118,P0005,1,0.05
3921,O002119,P0012,2,0.05
3922,O002119,P0053,1,0.1
3923,O002120,P0003,2,0.2
3924,O002121,P0059,1,0.0
3925,O002121,P0050,1,0.0
3926,O002121,P0017,3,0.05
3927,O002122,P0034,1,0.0
3928,O002122,P0030,1,0.3
3929,O002123,P0020,2,0.05
3930,O002123,P0010,1,0.0
3931,O002124,P0003,3,0.1
3932,O002125,P0049,1,0.0
3933,O002126,P0021,1,0.0
3934,O002127,P0035,1,0.1
3935,O002127,P0005,2,0.4
3936,O002128,P0047,3,0.1
3937,O002128,P0040,1,0.0
3938,O002129,P0049,2,0.0
3939,O002130,P0040,1,0.05
3940,O002130,P0037,3,0.2
3941,O002130,P0010,1,0.2
3942,O002130,P0039,4,0.3
3943,O002131,P0031,4,0.0
3944,O002131,P0002,1,0.1
3945,O002132,P0031,2,0.0
3946,O002132,P0046,2,0.2
3947,O002133,P0037,1,0.0
3948,O002133,P0010,3,0.1
3949,O002133,P0019,1,0.2
3950,O002134,P0030,1,0.0
3951,O002134,P0034,4,0.05
3952,O002134,P0028,3,0.0
3953,O002135,P0055,1,0.0
3954,O002136,P0008,1,0.2
3955,O002136,P0001,1,0.0
3956,O002137,P0023,2,0.1
3957,O002138,P0004,1,0.05
3958,O002138,P0052,1,0.0
3959,O002139,P0008,3,0.0
3960,O002140,P0043,4,0.2
3961,O002141,P0055,1,0.1
3962,O002141,P0025,1,0.05
3963,O002142,P0033,2,0.0
3964,O002143,P0038,1,0.2
3965,O002144,P0060,1,0.3
3966,O002144,P0019,3,0.2
3967,O002144,P0042,1,0.4
3968,O002145,P0022,1,0.2
3969,O002145,P0048,1,0.4
3970,O002146,P0041,1,0.0
3971,O002146,P0036,2,0.0
3972,O002147,P0034,1,0.0
3973,O002147,P0052,1,0.3
3974,O002148,P0059,1,0.0
3975,O002149,P0058,1,0.0
3976,O002149,P0002,2,0.0
3977,O002149,P0050,2,0.3
3978,O002149,P0002,4,0.4
3979,O002150,P0004,1,0.2
3980,O002151,P0008,2,0.05
3981,O002151,P0046,1,0.0
3982,O002152,P0028,1,0.0
3983,O002152,P0046,5,0.4
3984,O002153,P0013,3,0.0
3985,O002153,P0034,1,0.0
3986,O002153,P0008,2,0.0
3987,O002154,P0059,1,0.2
3988,O002154,P0040,3,0.05
3989,O002154,P0012,1,0.05
3990,O002154,P0006,2,0.0
3991,O002155,P0021,5,0.0
3992,O002155,P0016,3,0.0
3993,O002155,P0045,3,0.0
3994,O002156,P0046,5,0.4
3995,O002157,P0024,1,0.0
3996,O002157,P0024,2,0.0
3997,O002157,P0037,4,0.1
3998,O002158,P0002,4,0.05
3999,O002158,P0053,4,0.4
4000,O002159,P0020,1,0.0
4001,O002160,P0058,1,0.1
4002,O002161,P0014,4,0.05
4003,O002162,P0046,2,0.2
4004,O002163,P0049,3,0.2
4005,O002163,P0023,1,0.1
4006,O002163,P0044,2,0.4
4007,O002164,P0021,1,0.0
4008,O002164,P0014,1,0.05
4009,O002165,P0041,5,0.2
4010,O002165,P0017,1,0.0
4011,O002165,P0008,3,0.0
4012,O002165,P0055,2,0.0
4013,O002166,P0015,1,0.0
4014,O002166,P0011,2,0.0
4015,O002167,P0002,2,0.3
4016,O002167,P0049,3,0.0
4017,O002168,P0033,2,0.4
4018,O002169,P0040,1,0.2
4019,O002170,P0039,1,0.2
4020,O002170,P0028,1,0.2
4021,O002170,P0039,1,0.0
4022,O002171,P0057,1,0.0
4023,O002171,P0050,2,0.0
4024,O002171,P0031,2,0.0
4025,O002171,P0022,1,0.05
4026,O002172,P0008,2,0.2
4027,O002172,P0015,1,0.0
4028,O002172,P0004,3,0.1
4029,O002173,P0011,4,0.2
4030,O002173,P0021,4,0.0
4031,O002173,P0025,2,0.05
4032,O002174,P0001,1,0.05
4033,O002174,P0007,2,0.0
4034,O002174,P0012,4,0.0
4035,O002175,P0054,1,0.05
4036,O002175,P0001,1,0.05
4037,O002176,P0016,3,0.2
4038,O002177,P0044,1,0.0
4039,O002178,P0018,1,0.0
4040,O002179,P0051,1,0.0
4041,O002179,P0035,1,0.2
4042,O002179,P0057,1,0.4
4043,O002180,P0047,5,0.0
4044,O002180,P0017,3,0.1
4045,O002180,P0020,2,0.0
4046,O002181,P0011,2,0.0
4047,O002181,P0060,4,0.05
4048,O002182,P0050,1,0.4
4049,O002182,P0046,4,0.2
4050,O002183,P0052,1,0.05
4051,O002184,P0058,1,0.1
4052,O002185,P0034,1,0.1
4053,O002185,P0015,1,0.0
4054,O002186,P0019,1,0.0
4055,O002187,P0057,1,0.2
4056,O002188,P0019,1,0.0
4057,O002189,P0005,1,0.1
4058,O002190,P0022,4,0.3
4059,O002190,P0060,1,0.05
4060,O002190,P0007,2,0.05
4061,O002191,P0040,2,0.3
4062,O002191,P0059,5,0.0
4063,O002192,P0049,1,0.3
4064,O002193,P0020,1,0.0
4065,O002193,P0026,2,0.2
4066,O002193,P0050,1,0.0
4067,O002193,P0045,1,0.0
4068,O002194,P0016,1,0.2
4069,O002195,P0056,1,0.1
4070,O002196,P0054,3,0.0
4071,O002197,P0005,1,0.2
4072,O002198,P0058,1,0.0
4073,O002198,P0011,4,0.0
4074,O002199,P0050,3,0.05
4075,O002199,P0045,1,0.05
4076,O002199,P0048,5,0.2
4077,O002200,P0011,1,0.0
4078,O002201,P0038,1,0.05
4079,O002202,P0050,4,0.05
4080,O002203,P0047,5,0.0
4081,O002204,P0017,4,0.0
4082,O002204,P0014,4,0.4
4083,O002205,P0019,2,0.4
4084,O002205,P0048,1,0.2
4085,O002205,P0054,1,0.0
4086,O002205,P0007,5,0.0
4087,O002206,P0020,2,0.0
4088,O002206,P0039,2,0.1
4089,O002207,P0039,1,0.0
4090,O002207,P0058,2,0.05
4091,O002207,P0049,3,0.0
4092,O002208,P0045,1,0.4
4093,O002208,P0016,3,0.0
4094,O002208,P0026,2,0.0
4095,O002209,P0023,3,0.1
4096,O002209,P0057,1,0.4
4097,O002210,P0036,1,0.2
4098,O002211,P0038,1,0.0
4099,O002212,P0009,4,0.2
4100,O002212,P0016,4,0.0
4101,O002213,P0025,4,0.0
4102,O002213,P0028,1,0.0
4103,O002214,P0039,1,0.1
4104,O002214,P0054,1,0.0
4105,O002215,P0047,4,0.0
4106,O002215,P0048,3,0.1
4107,O002215,P0022,1,0.0
4108,O002215,P0038,1,0.1
4109,O002216,P0033,1,0.2
4110,O002216,P0039,1,0.3
4111,O002216,P0020,2,0.0
4112,O002217,P0024,1,0.05
4113,O002218,P0047,1,0.3
4114,O002219,P0033,1,0.05
4115,O002220,P0053,2,0.3
4116,O002220,P0005,1,0.0
4117,O002220,P0056,4,0.0
4118,O002221,P0015,4,0.2
4119,O002222,P0013,2,0.2
4120,O002222,P0001,1,0.0
4121,O002223,P0024,1,0.3
4122,O002223,P0047,2,0.3
4123,O002223,P0054,1,0.1
4124,O002224,P0007,1,0.1
4125,O002225,P0035,1,0.1
4126,O002225,P0017,2,0.05
4127,O002226,P0014,3,0.2
4128,O002227,P0007,2,0.0
4129,O002227,P0037,1,0.05
4130,O002228,P0027,1,0.3
4131,O002229,P0036,2,0.2
4132,O002229,P0052,1,0.0
4133,O002230,P0023,1,0.1
4134,O002230,P0033,1,0.0
4135,O002231,P0046,1,0.0
4136,O002231,P0034,4,0.3
4137,O002231,P0029,1,0.1
4138,O002231,P0016,1,0.05
4139,O002232,P0043,2,0.0
4140,O002233,P0014,1,0.05
4141,O002233,P0044,1,0.05
4142,O002234,P0056,3,0.1
4143,O002234,P0007,1,0.05
4144,O002235,P0002,1,0.05
4145,O002235,P0002,1,0.1
4146,O002235,P0039,1,0.1
4147,O002236,P0015,2,0.0
4148,O002236,P0058,2,0.2
4149,O002236,P0008,1,0.0
4150,O002237,P0025,1,0.0
4151,O002237,P0021,5,0.0
4152,O002238,P0034,4,0.4
4153,O002238,P0021,1,0.0
4154,O002239,P0021,1,0.05
4155,O002240,P0047,4,0.1
4156,O002240,P0039,2,0.0
4157,O002240,P0056,2,0.0
4158,O002241,P0049,2,0.0
4159,O002242,P0018,2,0.0
4160,O002242,P0014,1,0.2
4161,O002242,P0002,1,0.0
4162,O002243,P0018,1,0.0
4163,O002244,P0030,3,0.0
4164,O002245,P0042,5,0.1
4165,O002245,P0058,1,0.0
4166,O002245,P0045,4,0.3
4167,O002246,P0009,1,0.05
4168,O002247,P0012,1,0.1
4169,O002247,P0022,1,0.1
4170,O002247,P0051,1,0.0
4171,O002247,P0004,1,0.1
4172,O002248,P0031,3,0.05
4173,O002249,P0004,2,0.0
4174,O002249,P0045,1,0.1
4175,O002249,P0029,2,0.0
4176,O002249,P0044,1,0.0
4177,O002250,P0042,2,0.05
4178,O002251,P0047,3,0.0
4179,O002252,P0025,2,0.0
4180,O002253,P0050,1,0.1
4181,O002254,P0051,1,0.05
4182,O002255,P0036,3,0.0
4183,O002255,P0002,1,0.0
4184,O002256,P0006,1,0.2
4185,O002257,P0011,1,0.1
4186,O002257,P0043,2,0.1
4187,O002257,P0005,3,0.0
4188,O002258,P0006,1,0.0
4189,O002259,P0040,4,0.4
4190,O002259,P0039,2,0.2
4191,O002259,P0022,1,0.0
4192,O002259,P0055,1,0.1
4193,O002260,P0025,3,0.1
4194,O002260,P0021,1,0.1
4195,O002260,P0020,1,0.0
4196,O002261,P0052,1,0.0
4197,O002261,P0001,1,0.0
4198,O002262,P0052,2,0.0
4199,O002262,P0029,1,0.0
4200,O002262,P0023,4,0.0
4201,O002263,P0025,4,0.1
4202,O002264,P0046,1,0.4
4203,O002265,P0037,1,0.2
4204,O002265,P0050,5,0.0
4205,O002266,P0054,2,0.0
4206,O002267,P0003,2,0.1
4207,O002268,P0016,1,0.05
4208,O002269,P0057,2,0.1
4209,O002269,P0018,3,0.2
4210,O002270,P0039,4,0.05
4211,O002270,P0043,1,0.1
4212,O002270,P0043,1,0.0
4213,O002270,P0034,2,0.0
4214,O002271,P0055,1,0.2
4215,O002271,P0028,2,0.1
4216,O002272,P0007,1,0.2
4217,O002272,P0046,1,0.0
4218,O002273,P0048,1,0.0
4219,O002273,P0050,1,0.2
4220,O002274,P0028,2,0.0
4221,O002274,P0051,1,0.1
4222,O002274,P0021,2,0.4
4223,O002274,P0001,1,0.05
4224,O002275,P0027,1,0.0
4225,O002276,P0041,1,0.2
4226,O002277,P0012,1,0.0
4227,O002277,P0030,5,0.2
4228,O002277,P0051,1,0.3
4229,O002278,P0036,1,0.3
4230,O002278,P0007,4,0.05
4231,O002279,P0036,2,0.0
4232,O002279,P0019,1,0.0
4233,O002280,P0057,4,0.0
4234,O002280,P0057,1,0.0
4235,O002281,P0023,1,0.0
4236,O002282,P0032,3,0.0
4237,O002282,P0032,1,0.1
4238,O002282,P0043,1,0.0
4239,O002282,P0001,5,0.1
4240,O002283,P0028,3,0.2
4241,O002283,P0015,1,0.0
4242,O002284,P0054,5,0.05
4243,O002284,P0050,2,0.0
4244,O002284,P0058,4,0.2
4245,O002285,P0011,1,0.1
4246,O002285,P0045,1,0.05
4247,O002286,P0027,1,0.0
4248,O002286,P0004,2,0.0
4249,O002287,P0036,1,0.2
4250,O002287,P0031,2,0.1
4251,O002288,P0031,2,0.2
4252,O002289,P0040,2,0.4
4253,O002290,P0038,1,0.05
4254,O002290,P0054,1,0.05
4255,O002290,P0032,2,0.4
4256,O002291,P0043,1,0.3
4257,O002291,P0018,2,0.0
4258,O002291,P0054,1,0.0
4259,O002291,P0057,1,0.0
4260,O002292,P0003,2,0.0
4261,O002292,P0020,1,0.0
4262,O002293,P0053,2,0.0
4263,O002293,P0033,1,0.0
4264,O002294,P0043,1,0.4
4265,O002294,P0055,1,0.2
4266,O002295,P0034,1,0.4
4267,O002295,P0046,1,0.2
4268,O002296,P0031,1,0.0
4269,O002296,P0006,2,0.0
4270,O002296,P0037,5,0.0
4271,O002296,P0005,3,0.0
4272,O002297,P0049,1,0.1
4273,O002297,P0041,3,0.05
4274,O002298,P0033,1,0.0
4275,O002299,P0054,3,0.0
4276,O002299,P0056,5,0.0
4277,O002300,P0015,1,0.2
4278,O002300,P0014,1,
4279,O002300,P0006,1,0.0
4280,O002300,P0045,1,0.05
4281,O002301,P0019,1,0.05
4282,O002302,P0013,1,0.0
4283,O002303,P0042,1,0.2
4284,O002303,P0038,1,0.05
4285,O002303,P0033,1,0.3
4286,O002304,P0016,2,0.0
4287,O002305,P0034,1,0.0
4288,O002306,P0032,1,0.3
4289,O002306,P0001,4,0.3
4290,O002307,P0042,3,0.4
4291,O002308,P0050,1,0.0
4292,O002308,P0039,1,0.0
4293,O002309,P0051,1,0.0
4294,O002309,P0040,1,0.4
4295,O002310,P0012,3,0.2
4296,O002310,P0002,3,0.3
4297,O002310,P0054,1,0.3
4298,O002311,P0029,1,0.05
4299,O002311,P0004,1,0.1
4300,O002311,P0034,1,0.05
4301,O002312,P0047,2,0.0
4302,O002313,P0001,1,0.05
4303,O002314,P0037,3,0.1
4304,O002315,P0001,2,0.0
4305,O002315,P0045,1,0.2
4306,O002316,P0008,3,0.3
4307,O002316,P0054,4,0.1
4308,O002317,P0015,2,0.05
4309,O002317,P0059,1,0.0
4310,O002318,P0005,1,0.0
4311,O002319,P0056,5,0.05
4312,O002319,P0013,1,0.0
4313,O002319,P0048,1,0.0
4314,O002319,P0013,3,0.0
4315,O002320,P0055,2,0.4
4316,O002320,P0031,1,0.0
4317,O002321,P0030,3,0.2
4318,O002321,P0060,1,0.05
4319,O002321,P0037,2,0.2
4320,O002321,P0022,1,0.05
4321,O002322,P0021,2,0.2
4322,O002322,P0013,1,0.0
4323,O002322,P0053,1,0.05
4324,O002323,P0002,1,0.1
4325,O002323,P0053,3,0.0
4326,O002324,P0012,1,0.2
4327,O002324,P0041,5,0.0
4328,O002325,P0032,1,0.0
4329,O002325,P0043,1,0.2
4330,O002325,P0042,1,0.2
4331,O002326,P0019,2,0.1
4332,O002326,P0033,2,0.1
4333,O002327,P0038,1,0.0
4334,O002327,P0049,2,0.05
4335,O002328,P0055,3,0.05
4336,O002328,P0058,3,0.0
4337,O002328,P0057,3,0.2
4338,O002329,P0001,3,0.3
4339,O002330,P0042,3,0.0
4340,O002331,P0002,2,0.2
4341,O002332,P0041,3,0.1
4342,O002332,P0041,2,0.0
4343,O002332,P0012,1,0.0
4344,O002333,P0027,1,0.0
4345,O002334,P0049,1,0.2
4346,O002334,P0015,3,0.1
4347,O002335,P0018,2,0.0
4348,O002336,P0038,1,0.0
4349,O002337,P0060,1,0.05
4350,O002338,P0012,5,0.0
4351,O002338,P0042,1,0.2
4352,O002339,P0048,2,0.1
4353,O002339,P0058,2,0.0
4354,O002340,P0040,3,0.05
4355,O002341,P0053,5,0.05
4356,O002342,P0058,1,0.05
4357,O002342,P0028,1,0.0
4358,O002343,P0059,1,0.4
4359,O002343,P0010,1,0.4
4360,O002343,P0021,1,0.1
4361,O002344,P0029,1,0.2
4362,O002345,P0045,1,0.0
4363,O002345,P0045,5,0.0
4364,O002345,P0043,5,0.3
4365,O002345,P0004,1,0.05
4366,O002346,P0044,2,0.0
4367,O002346,P0039,3,0.05
4368,O002347,P0034,1,0.0
4369,O002347,P0047,1,0.1
4370,O002348,P0004,1,0.0
4371,O002348,P0038,1,0.4
4372,O002348,P0049,2,0.3
4373,O002349,P0055,2,0.0
4374,O002349,P0058,3,
4375,O002350,P0015,3,0.2
4376,O002350,P0023,3,0.0
4377,O002351,P0024,1,0.0
4378,O002351,P0049,1,0.0
4379,O002351,P0050,1,0.0
4380,O002351,P0037,2,0.05
4381,O002352,P0024,2,0.3
4382,O002352,P0015,1,0.05
4383,O002352,P0046,1,0.2
4384,O002353,P0056,1,0.2
4385,O002353,P0024,5,0.05
4386,O002353,P0040,3,0.0
4387,O002353,P0055,3,0.4
4388,O002354,P0037,1,0.4
4389,O002355,P0002,2,0.3
4390,O002355,P0002,5,0.0
4391,O002356,P0020,1,0.2
4392,O002356,P0028,1,0.0
4393,O002356,P0051,1,0.0
4394,O002357,P0015,1,0.1
4395,O002357,P0011,3,0.1
4396,O002357,P0018,4,0.0
4397,O002357,P0015,1,0.0
4398,O002358,P0033,3,0.0
4399,O002358,P0060,2,0.05
4400,O002359,P0043,2,0.3
4401,O002359,P0037,4,0.0
4402,O002359,P0046,3,0.4
4403,O002360,P0007,3,0.0
4404,O002361,P0031,2,0.2
4405,O002361,P0013,1,0.0
4406,O002362,P0012,1,0.1
4407,O002363,P0047,4,0.4
4408,O002363,P0058,1,0.0
4409,O002363,P0034,2,0.4
4410,O002364,P0005,2,0.05
4411,O002365,P0034,1,0.0
4412,O002366,P0051,1,0.0
4413,O002366,P0025,1,0.1
4414,O002366,P0047,1,0.0
4415,O002366,P0025,3,0.0
4416,O002367,P0010,1,0.3
4417,O002367,P0014,1,0.1
4418,O002367,P0057,3,0.1
4419,O002367,P0058,1,0.3
4420,O002368,P0053,1,0.05
4421,O002368,P0060,1,0.0
4422,O002369,P0021,1,0.05
4423,O002369,P0036,4,0.2
4424,O002369,P0055,1,0.3
4425,O002370,P0055,4,0.0
4426,O002371,P0027,2,0.05
4427,O002372,P0051,4,0.4
4428,O002373,P0049,2,0.3
4429,O002374,P0052,1,0.0
4430,O002375,P0029,2,0.1
4431,O002376,P0001,1,0.0
4432,O002377,P0036,1,0.2
4433,O002377,P0057,1,0.3
4434,O002377,P0019,1,0.0
4435,O002378,P0035,4,0.4
4436,O002378,P0036,1,0.0
4437,O002379,P0047,2,0.0
4438,O002379,P0009,4,0.3
4439,O002380,P0028,5,0.0
4440,O002381,P0006,1,0.0
4441,O002382,P0035,1,0.2
4442,O002383,P0020,3,0.1
4443,O002384,P0009,1,0.0
4444,O002384,P0059,2,0.0
4445,O002385,P0055,4,0.05
4446,O002386,P0055,2,0.0
4447,O002386,P0060,2,0.0
4448,O002387,P0016,2,0.05
4449,O002388,P0042,3,0.05
4450,O002389,P0057,2,0.1
4451,O002390,P0032,1,0.0
4452,O002390,P0039,4,0.0
4453,O002391,P0053,1,0.4
4454,O002391,P0054,4,0.1
4455,O002392,P0038,1,0.1
4456,O002392,P0053,1,0.3
4457,O002393,P0059,1,0.0
4458,O002393,P0046,3,0.0
4459,O002394,P0007,1,0.0
4460,O002394,P0044,1,0.3
4461,O002395,P0055,4,0.2
4462,O002396,P0023,2,0.2
4463,O002396,P0046,4,0.1
4464,O002397,P0057,3,0.2
4465,O002397,P0010,1,0.2
4466,O002398,P0044,1,0.0
4467,O002399,P0043,1,0.1
4468,O002400,P0031,1,0.0
4469,O002400,P0043,3,0.0
4470,O002400,P0015,1,0.0
4471,O002400,P0051,2,0.1
4472,O002401,P0009,1,0.1
4473,O002402,P0002,3,0.4
4474,O002402,P0045,1,0.0
4475,O002402,P0050,1,0.0
4476,O002402,P0045,2,0.05
4477,O002403,P0033,1,0.0
4478,O002404,P0031,1,0.4
4479,O002405,P0023,4,0.0
4480,O002406,P0053,4,0.0
4481,O002407,P0043,3,0.2
4482,O002407,P0017,2,0.0
4483,O002408,P0031,2,0.3
4484,O002408,P0035,1,0.0
4485,O002409,P0040,4,0.0
4486,O002410,P0042,5,0.0
4487,O002411,P0058,3,0.0
4488,O002411,P0058,2,0.0
4489,O002411,P0001,1,0.0
4490,O002412,P0008,2,0.0
4491,O002412,P0027,2,0.0
4492,O002412,P0035,1,0.05
4493,O002412,P0020,1,0.2
4494,O002413,P0051,1,0.0
4495,O002413,P0042,1,0.0
4496,O002414,P0033,1,0.0
4497,O002414,P0039,1,0.3
4498,O002414,P0019,1,0.05
4499,O002415,P0048,1,0.1
4500,O002415,P0010,4,0.1
4501,O002416,P0044,1,0.0
4502,O002417,P0020,1,0.0
4503,O002417,P0051,1,0.05
4504,O002417,P0030,1,0.2
4505,O002417,P0015,2,0.1
4506,O002418,P0017,1,0.05
4507,O002419,P0057,1,0.05
4508,O002419,P0028,1,0.1
4509,O002419,P0050,1,0.3
4510,O002420,P0001,1,0.2
4511,O002420,P0029,1,0.0
4512,O002421,P0024,1,0.1
4513,O002422,P0025,1,0.0
4514,O002422,P0057,2,0.0
4515,O002423,P0041,1,0.05
4516,O002423,P0008,2,0.0
4517,O002424,P0026,1,0.4
4518,O002425,P0018,1,0.0
4519,O002425,P0019,1,0.3
4520,O002426,P0011,3,0.2
4521,O002427,P0057,1,0.2
4522,O002427,P0030,3,0.05
4523,O002428,P0049,1,0.0
4524,O002429,P0012,3,0.1
4525,O002429,P0011,2,0.1
4526,O002430,P0037,3,0.0
4527,O002431,P0001,2,0.05
4528,O002431,P0007,1,0.0
4529,O002431,P0024,3,0.0
4530,O002431,P0003,1,0.2
4531,O002432,P0050,1,0.0
4532,O002432,P0052,1,0.3
4533,O002433,P0058,2,0.0
4534,O002433,P0051,1,0.05
4535,O002433,P0026,2,0.2
4536,O002434,P0002,2,0.05
4537,O002435,P0054,2,0.1
4538,O002436,P0018,1,0.0
4539,O002437,P0046,2,0.0
4540,O002437,P0022,3,0.0
4541,O002438,P0036,2,0.3
4542,O002439,P0031,1,0.1
4543,O002439,P0060,2,0.0
4544,O002439,P0034,2,0.4
4545,O002439,P0035,1,0.0
4546,O002440,P0008,1,0.0
4547,O002441,P0003,1,0.2
4548,O002441,P0049,3,0.05
4549,O002442,P0038,1,0.0
4550,O002443,P0057,4,0.0
4551,O002444,P0030,2,0.1
4552,O002445,P0042,2,0.0
4553,O002446,P0039,1,0.0
4554,O002447,P0008,1,0.0
4555,O002447,P0016,1,0.2
4556,O002448,P0005,2,0.0
4557,O002449,P0046,1,0.1
4558,O002450,P0019,5,0.1
4559,O002451,P0021,1,0.2
4560,O002452,P0060,2,0.0
4561,O002453,P0055,2,0.3
4562,O002453,P0022,1,0.4
4563,O002453,P0005,3,0.05
4564,O002454,P0032,4,0.0
4565,O002454,P0034,5,0.2
4566,O002454,P0044,4,0.1
4567,O002455,P0021,2,0.0
4568,O002456,P0050,1,0.1
4569,O002457,P0013,1,0.0
4570,O002457,P0050,1,0.1
4571,O002457,P0052,3,0.0
4572,O002458,P0051,2,0.3
4573,O002458,P0043,2,0.2
4574,O002458,P0047,1,0.2
4575,O002459,P0002,1,0.2
4576,O002459,P0052,1,0.2
4577,O002459,P0056,1,0.1
4578,O002460,P0056,3,0.0
4579,O002460,P0021,5,0.1
4580,O002461,P0055,2,0.0
4581,O002462,P0023,1,0.0
4582,O002462,P0005,2,0.05
4583,O002462,P0001,1,0.0
4584,O002463,P0042,2,0.0
4585,O002464,P0059,4,0.0
4586,O002464,P0024,1,0.0
4587,O002465,P0037,3,0.1
4588,O002466,P0015,3,0.0
4589,O002467,P0026,1,0.2
4590,O002467,P0007,1,0.0
4591,O002467,P0012,2,0.3
4592,O002468,P0048,1,0.1
4593,O002468,P0015,1,0.0
4594,O002469,P0050,3,0.0
4595,O002469,P0007,1,0.0
4596,O002470,P0045,1,0.0
4597,O002470,P0029,1,0.3
4598,O002471,P0038,2,0.2
4599,O002471,P0041,2,0.2
4600,O002471,P0055,1,0.2
4601,O002471,P0053,1,0.05
4602,O002472,P0017,1,0.1
4603,O002473,P0055,5,0.1
4604,O002474,P0054,2,0.0
4605,O002475,P0060,1,0.0
4606,O002475,P0016,5,0.0
4607,O002476,P0014,2,0.3
4608,O002477,P0016,1,0.0
4609,O002478,P0019,3,0.2
4610,O002478,P0037,1,0.3
4611,O002479,P0037,1,0.1
4612,O002479,P0039,2,0.0
4613,O002479,P0054,2,0.05
4614,O002480,P0001,4,0.0
4615,O002481,P0044,2,0.0
4616,O002482,P0023,1,0.0
4617,O002482,P0006,1,0.0
4618,O002483,P0007,1,0.05
4619,O002484,P0008,1,0.05
4620,O002484,P0043,1,0.05
4621,O002484,P0004,4,0.05
4622,O002484,P0021,3,0.05
4623,O002485,P0059,1,0.2
4624,O002486,P0014,1,0.05
4625,O002486,P0026,1,0.2
4626,O002486,P0018,1,0.0
4627,O002487,P0055,1,0.0
4628,O002487,P0019,2,0.4
4629,O002488,P0019,3,0.05
4630,O002488,P0034,1,0.0
4631,O002488,P0023,1,0.4
4632,O002489,P0018,4,0.0
4633,O002489,P0034,5,0.0
4634,O002490,P0005,1,0.2
4635,O002490,P0017,4,0.0
4636,O002491,P0001,3,0.0
4637,O002492,P0055,1,0.0
4638,O002493,P0036,2,0.0
4639,O002494,P0015,1,0.05
4640,O002494,P0046,2,0.1
4641,O002494,P0013,2,0.0
4642,O002495,P0026,1,0.3
4643,O002495,P0006,2,0.05
4644,O002496,P0025,1,0.0
4645,O002497,P0015,1,0.05
4646,O002497,P0039,1,0.05
4647,O002498,P0052,1,0.0
4648,O002499,P0054,3,0.0
4649,O002499,P0002,1,0.0
4650,O002500,P0007,2,0.0
4651,O002500,P0040,2,0.05
4652,O002501,P0001,2,0.0
4653,O002501,P0034,1,0.05
4654,O002501,P0044,1,0.2
4655,O002502,P0031,1,0.2
4656,O002503,P0013,1,0.0
4657,O002503,P0002,2,0.05
4658,O002504,P0002,2,0.2
4659,O002504,P0006,3,0.0
4660,O002505,P0025,2,0.3
4661,O002505,P0026,2,0.05
4662,O002506,P0023,1,0.05
4663,O002506,P0054,4,0.2
4664,O002506,P0014,2,0.05
4665,O002506,P0043,2,0.0
4666,O002507,P0041,2,0.0
4667,O002507,P0023,1,0.1
4668,O002507,P0040,1,0.1
4669,O002508,P0038,2,0.1
4670,O002509,P0044,2,0.05
4671,O002509,P0046,1,0.0
4672,O002510,P0014,1,0.1
4673,O002510,P0002,1,0.0
4674,O002510,P0039,1,0.0
4675,O002511,P0045,4,0.0
4676,O002512,P0050,2,0.4
4677,O002513,P0033,1,0.4
4678,O002513,P0056,1,0.0
4679,O002513,P0007,2,0.2
4680,O002513,P0043,2,0.2
4681,O002514,P0034,3,0.05
4682,O002515,P0018,1,0.2
4683,O002516,P0025,2,0.2
4684,O002516,P0046,1,0.05
4685,O002516,P0034,4,0.0
4686,O002516,P0036,5,0.1
4687,O002517,P0013,1,0.1
4688,O002518,P0032,3,0.05
4689,O002518,P0032,1,0.2
4690,O002519,P0048,2,0.0
4691,O002519,P0028,3,0.2
4692,O002519,P0060,1,0.2
4693,O002520,P0039,2,0.0
4694,O002521,P0031,2,0.0
4695,O002522,P0015,1,0.05
4696,O002522,P0007,5,0.05
4697,O002523,P0013,4,0.1
4698,O002524,P0060,1,0.1
4699,O002524,P0049,5,0.0
4700,O002525,P0051,4,0.2
4701,O002526,P0011,2,0.05
4702,O002526,P0007,1,0.0
4703,O002527,P0010,1,0.05
4704,O002528,P0033,1,0.4
4705,O002529,P0015,2,0.0
4706,O002529,P0005,1,0.0
4707,O002530,P0022,4,0.1
4708,O002530,P0004,1,0.3
4709,O002530,P0013,2,0.2
4710,O002530,P0025,1,0.0
4711,O002531,P0041,4,0.0
4712,O002531,P0014,1,0.0
4713,O002531,P0003,5,0.0
4714,O002532,P0029,1,0.0
4715,O002532,P0012,2,0.1
4716,O002533,P0018,5,0.0
4717,O002534,P0016,2,0.0
4718,O002534,P0003,2,0.2
4719,O002534,P0055,1,0.1
4720,O002535,P0044,1,0.1
4721,O002536,P0029,2,0.2
4722,O002536,P0006,2,0.05
4723,O002536,P0059,1,0.0
4724,O002536,P0015,2,0.0
4725,O002537,P0007,1,0.1
4726,O002537,P0036,2,0.05
4727,O002538,P0016,2,0.2
4728,O002538,P0022,2,0.1
4729,O002539,P0016,1,0.0
4730,O002540,P0047,3,0.1
4731,O002541,P0043,3,0.05
4732,O002541,P0034,2,0.0
4733,O002541,P0018,2,0.0
4734,O002542,P0041,1,0.0
4735,O002543,P0004,4,0.05
4736,O002543,P0033,2,0.1
4737,O002544,P0019,1,0.0
4738,O002544,P0019,2,0.0
4739,O002545,P0021,2,0.0
4740,O002545,P0056,2,0.1
4741,O002546,P0015,1,0.3
4742,O002546,P0048,1,0.0
4743,O002546,P0030,1,0.0
4744,O002547,P0003,1,0.0
4745,O002548,P0060,2,0.2
4746,O002548,P0045,2,0.0
4747,O002548,P0050,1,0.05
4748,O002548,P0056,4,0.0
4749,O002549,P0010,2,0.0
4750,O002550,P0052,4,0.3
4751,O002550,P0026,3,0.1
4752,O002550,P0013,2,0.0
4753,O002550,P0030,1,0.3
4754,O002551,P0034,2,0.0
4755,O002551,P0033,2,0.2
4756,O002552,P0026,1,0.05
4757,O002552,P0032,2,0.05
4758,O002553,P0018,1,0.1
4759,O002554,P0023,2,0.05
4760,O002554,P0004,1,0.0
4761,O002555,P0018,1,0.3
4762,O002556,P0047,3,0.4
4763,O002556,P0017,2,0.0
4764,O002557,P0016,3,0.0
4765,O002558,P0048,2,0.05
4766,O002558,P0048,3,0.0
4767,O002558,P0038,1,0.0
4768,O002559,P0045,1,0.0
4769,O002560,P0053,4,0.2
4770,O002560,P0034,3,0.3
4771,O002561,P0022,1,0.0
4772,O002561,P0008,1,0.3
4773,O002561,P0020,3,0.0
4774,O002562,P0032,1,0.0
4775,O002562,P0034,1,0.1
4776,O002562,P0055,1,0.2
4777,O002563,P0053,2,0.1
4778,O002563,P0049,2,0.05
4779,O002564,P0004,3,0.0
4780,O002564,P0008,1,0.1
4781,O002565,P0010,5,0.05
4782,O002565,P0044,5,0.05
4783,O002566,P0060,1,0.4
4784,O002567,P0041,1,0.1
4785,O002568,P0018,1,0.3
4786,O002569,P0006,2,0.05
4787,O002570,P0053,4,0.0
4788,O002570,P0055,1,0.2
4789,O002570,P0018,1,0.3
4790,O002571,P0008,1,0.0
4791,O002572,P0025,1,0.0
4792,O002573,P0059,1,0.2
4793,O002574,P0011,2,0.0
4794,O002574,P0035,1,0.3
4795,O002575,P0027,3,0.2
4796,O002575,P0004,3,0.2
4797,O002575,P0013,1,0.0
4798,O002576,P0059,2,0.1
4799,O002576,P0016,1,0.4
4800,O002576,P0022,1,0.05
4801,O002576,P0027,5,0.0
4802,O002577,P0015,1,0.3
4803,O002577,P0022,3,0.05
4804,O002577,P0023,1,0.0
4805,O002578,P0047,1,0.0
4806,O002578,P0041,3,0.1
4807,O002578,P0058,1,0.0
4808,O002579,P0041,1,0.3
4809,O002580,P0011,1,0.0
4810,O002581,P0029,2,0.2
4811,O002581,P0037,3,0.4
4812,O002582,P0005,1,0.05
4813,O002582,P0022,3,0.0
4814,O002582,P0057,3,0.2
4815,O002582,P0049,1,0.1
4816,O002583,P0047,1,0.2
4817,O002583,P0031,1,0.2
4818,O002584,P0017,1,0.2
4819,O002585,P0011,1,0.1
4820,O002585,P0049,1,0.0
4821,O002585,P0023,2,0.1
4822,O002586,P0016,3,0.4
4823,O002587,P0010,2,0.05
4824,O002588,P0050,2,0.0
4825,O002588,P0055,1,0.0
4826,O002589,P0037,1,0.1
4827,O002589,P0039,1,0.2
4828,O002590,P0040,2,0.0
4829,O002591,P0007,4,0.0
4830,O002592,P0052,2,0.0
4831,O002593,P0001,1,0.0
4832,O002593,P0001,1,0.2
4833,O002593,P0048,1,0.0
4834,O002594,P0039,2,0.05
4835,O002595,P0017,2,0.4
4836,O002596,P0046,1,0.0
4837,O002596,P0044,1,0.0
4838,O002597,P0056,2,0.05
4839,O002597,P0026,1,0.1
4840,O002598,P0044,1,0.0
4841,O002598,P0042,1,0.05
4842,O002598,P0060,1,0.05
4843,O002599,P0018,1,0.0
4844,O002599,P0046,2,0.0
4845,O002600,P0021,4,0.0
4846,O002600,P0037,1,0.2
4847,O002601,P0016,4,0.1
4848,O002601,P0004,1,0.2
4849,O002602,P0038,1,0.05
4850,O002602,P0023,1,0.1
4851,O002603,P0025,2,0.0
4852,O002603,P0002,3,0.1
4853,O002604,P0001,1,0.1
4854,O002604,P0028,1,0.1
4855,O002605,P0038,1,0.0
4856,O002606,P0036,2,0.0
4857,O002606,P0017,3,0.05
4858,O002607,P0030,1,0.0
4859,O002607,P0015,5,0.0
4860,O002608,P0009,1,0.2
4861,O002609,P0033,1,0.2
4862,O002610,P0048,1,0.4
4863,O002610,P0027,1,0.05
4864,O002610,P0056,2,0.2
4865,O002611,P0028,1,0.2
4866,O002611,P0042,1,0.1
4867,O002612,P0029,3,0.0
4868,O002613,P0046,3,0.0
4869,O002613,P0015,1,0.0
4870,O002613,P0026,3,0.0
4871,O002614,P0021,1,0.1
4872,O002614,P0001,1,0.3
4873,O002615,P0033,2,0.1
4874,O002616,P0038,1,0.2
4875,O002616,P0052,3,0.0
4876,O002617,P0034,1,0.0
4877,O002618,P0016,1,0.0
4878,O002619,P0005,3,0.3
4879,O002620,P0058,1,0.2
4880,O002621,P0012,1,0.0
4881,O002621,P0051,1,0.0
4882,O002621,P0019,2,0.0
4883,O002621,P0031,2,0.2
4884,O002622,P0005,3,0.0
4885,O002623,P0015,1,0.0
4886,O002624,P0008,3,0.0
4887,O002624,P0051,1,0.0
4888,O002625,P0016,1,0.1
4889,O002625,P0006,3,0.0
4890,O002625,P0032,1,0.0
4891,O002626,P0035,2,0.0
4892,O002626,P0033,1,0.05
4893,O002627,P0023,3,0.0
4894,O002628,P0056,1,0.3
4895,O002628,P0003,1,0.1
4896,O002629,P0036,1,0.0
4897,O002630,P0045,5,0.05
4898,O002631,P0006,1,0.2
4899,O002631,P0059,2,0.2
4900,O002631,P0040,2,0.1
4901,O002632,P0001,1,0.4
4902,O002632,P0008,4,0.05
4903,O002632,P0056,4,0.05
4904,O002633,P0047,1,0.0
4905,O002634,P0019,2,0.2
4906,O002635,P0058,1,0.05
4907,O002635,P0043,2,0.0
4908,O002636,P0041,1,0.0
4909,O002636,P0002,5,0.0
4910,O002636,P0034,1,0.4
4911,O002637,P0038,3,0.3
4912,O002637,P0012,1,0.2
4913,O002637,P0047,3,0.0
4914,O002637,P0011,2,0.2
4915,O002638,P0045,1,0.0
4916,O002639,P0046,4,0.1
4917,O002639,P0037,1,0.05
4918,O002639,P0054,3,0.3
4919,O002639,P0044,1,0.1
4920,O002640,P0023,3,0.0
4921,O002641,P0023,2,0.4
4922,O002641,P0012,2,0.4
4923,O002642,P0045,3,0.0
4924,O002643,P0018,2,0.0
4925,O002644,P0016,1,0.0
4926,O002644,P0029,1,0.1
4927,O002644,P0041,3,0.0
4928,O002645,P0007,2,0.0
4929,O002646,P0049,1,0.05
4930,O002646,P0035,4,0.0
4931,O002647,P0003,3,0.0
4932,O002647,P0020,1,0.0
4933,O002648,P0029,3,0.0
4934,O002648,P0001,4,0.3
4935,O002649,P0036,2,0.2
4936,O002649,P0045,1,0.2
4937,O002649,P0025,3,0.05
4938,O002650,P0034,1,0.0
4939,O002650,P0014,2,0.0
4940,O002651,P0022,3,0.2
4941,O002651,P0039,1,0.3
4942,O002651,P0055,1,0.0
4943,O002651,P0050,1,0.0
4944,O002652,P0003,5,0.0
4945,O002653,P0017,3,0.2
4946,O002653,P0049,5,0.0
4947,O002653,P0028,1,0.0
4948,O002654,P0029,1,0.4
4949,O002655,P0046,1,0.1
4950,O002656,P0055,5,0.1
4951,O002657,P0037,1,0.3
4952,O002658,P0056,1,0.0
4953,O002659,P0027,2,0.0
4954,O002659,P0048,1,0.05
4955,O002660,P0004,1,0.05
4956,O002661,P0026,1,0.3
4957,O002661,P0011,3,0.2
4958,O002662,P0050,4,0.0
4959,O002662,P0017,3,0.2
4960,O002663,P0026,3,0.1
4961,O002664,P0058,2,0.2
4962,O002665,P0055,1,0.3
4963,O002665,P0002,3,0.2
4964,O002665,P0010,2,0.3
4965,O002666,P0028,2,0.1
4966,O002666,P0021,1,0.0
4967,O002667,P0011,2,0.3
4968,O002667,P0054,1,0.3
4969,O002668,P0009,1,0.4
4970,O002668,P0022,4,0.0
4971,O002668,P0017,4,0.0
4972,O002669,P0051,3,0.0
4973,O002669,P0050,1,0.05
4974,O002670,P0049,2,0.0
4975,O002671,P0057,1,0.2
4976,O002671,P0016,1,0.0
4977,O002672,P0029,1,0.05
4978,O002673,P0031,1,0.0
4979,O002673,P0041,3,0.0
4980,O002674,P0024,4,0.0
4981,O002674,P0042,3,0.3
4982,O002675,P0020,2,0.1
4983,O002676,P0060,2,0.3
4984,O002677,P0041,2,0.1
4985,O002677,P0043,2,0.0
4986,O002678,P0010,2,0.2
4987,O002678,P0018,1,0.1
4988,O002679,P0048,1,0.0
4989,O002680,P0031,5,0.05
4990,O002681,P0050,1,0.0
4991,O002682,P0013,4,0.0
4992,O002682,P0027,2,0.1
4993,O002682,P0049,2,0.2
4994,O002683,P0004,1,0.05
4995,O002684,P0002,1,0.2
4996,O002684,P0059,3,0.3
4997,O002684,P0046,5,0.2
4998,O002684,P0003,2,0.0
4999,O002685,P0044,3,0.2
5000,O002686,P0021,1,0.3
5001,O002686,P0037,1,0.0
5002,O002686,P0054,3,0.1
5003,O002686,P0033,3,0.0
5004,O002687,P0014,4,0.0
5005,O002687,P0019,2,0.1
5006,O002688,P0004,1,0.05
5007,O002689,P0017,1,0.0
5008,O002689,P0042,1,0.0
5009,O002689,P0049,3,0.2
5010,O002690,P0009,3,0.05
5011,O002691,P0043,1,0.1
5012,O002691,P0053,1,0.3
5013,O002692,P0004,1,0.0
5014,O002693,P0038,3,0.0
5015,O002694,P0040,1,0.0
5016,O002695,P0001,1,0.4
5017,O002695,P0037,1,0.2
5018,O002696,P0033,3,0.0
5019,O002697,P0046,1,0.2
5020,O002698,P0059,1,0.0
5021,O002699,P0007,1,0.05
5022,O002700,P0048,2,0.0
5023,O002701,P0055,2,0.3
5024,O002702,P0032,1,0.0
5025,O002703,P0048,1,0.1
5026,O002703,P0022,1,0.0
5027,O002704,P0021,2,0.0
5028,O002704,P0053,1,0.0
5029,O002704,P0053,3,0.0
5030,O002705,P0044,1,0.1
5031,O002706,P0035,2,0.0
5032,O002707,P0043,3,0.05
5033,O002707,P0018,1,0.0
5034,O002707,P0006,1,0.0
5035,O002708,P0029,1,0.3
5036,O002708,P0027,2,0.0
5037,O002708,P0059,1,0.05
5038,O002709,P0060,2,0.2
5039,O002710,P0019,4,0.05
5040,O002710,P0015,3,0.0
5041,O002711,P0042,2,0.0
5042,O002711,P0057,2,0.0
5043,O002712,P0019,1,0.0
5044,O002713,P0015,2,0.0
5045,O002713,P0056,1,0.4
5046,O002714,P0036,4,0.2
5047,O002714,P0020,1,0.2
5048,O002714,P0040,3,0.0
5049,O002715,P0052,1,0.4
5050,O002716,P0032,1,0.0
5051,O002717,P0054,2,0.0
5052,O002717,P0045,4,0.0
5053,O002718,P0022,1,0.05
5054,O002719,P0012,1,0.2
5055,O002719,P0053,1,0.1
5056,O002720,P0021,5,0.0
5057,O002720,P0029,5,0.05
5058,O002721,P0011,1,0.0
5059,O002721,P0008,5,0.4
5060,O002722,P0060,2,0.05
5061,O002722,P0013,3,0.1
5062,O002722,P0005,2,0.0
5063,O002723,P0045,5,0.0
5064,O002724,P0049,4,0.1
5065,O002725,P0028,2,0.1
5066,O002725,P0057,2,0.05
5067,O002726,P0047,2,0.0
5068,O002727,P0016,1,0.1
5069,O002727,P0008,1,0.0
5070,O002727,P0003,3,0.0
5071,O002727,P0036,3,0.1
5072,O002728,P0025,3,0.1
5073,O002728,P0016,1,0.0
5074,O002728,P0024,1,0.05
5075,O002729,P0041,1,0.2
5076,O002729,P0037,1,0.0
5077,O002729,P0035,3,0.1
5078,O002730,P0005,2,0.1
5079,O002730,P0020,2,0.0
5080,O002731,P0022,2,0.0
5081,O002732,P0035,1,0.05
5082,O002732,P0003,2,0.0
5083,O002732,P0014,1,0.0
5084,O002733,P0050,4,0.0
5085,O002734,P0033,2,0.0
5086,O002735,P0011,3,0.3
5087,O002736,P0029,1,0.3
5088,O002737,P0018,1,0.1
5089,O002737,P0060,1,0.4
5090,O002738,P0025,1,0.1
5091,O002739,P0017,2,0.1
5092,O002739,P0001,3,0.0
5093,O002740,P0008,2,0.05
5094,O002741,P0057,1,0.4
5095,O002741,P0052,3,0.05
5096,O002742,P0040,1,0.0
5097,O002742,P0001,4,0.1
5098,O002742,P0022,1,0.0
5099,O002743,P0013,2,0.1
5100,O002743,P0036,1,0.05
5101,O002744,P0040,1,0.2
5102,O002745,P0013,1,0.05
5103,O002746,P0020,3,0.1
5104,O002747,P0050,1,0.0
5105,O002748,P0053,3,0.4
5106,O002748,P0007,2,0.0
5107,O002749,P0029,4,0.0
5108,O002749,P0017,2,0.0
5109,O002749,P0035,1,0.0
5110,O002750,P0038,1,0.0
5111,O002751,P0045,2,0.0
5112,O002751,P0004,2,0.4
5113,O002751,P0051,5,0.1
5114,O002752,P0026,1,0.4
5115,O002752,P0008,1,0.0
5116,O002753,P0052,1,0.0
5117,O002754,P0013,1,0.0
5118,O002754,P0052,2,0.3
5119,O002754,P0050,3,0.2
5120,O002754,P0048,2,0.0
5121,O002755,P0029,3,0.1
5122,O002755,P0040,1,0.0
5123,O002755,P0033,1,0.0
5124,O002756,P0052,1,0.1
5125,O002756,P0031,2,0.4
5126,O002757,P0036,5,0.2
5127,O002758,P0005,1,0.05
5128,O002758,P0049,1,0.1
5129,O002758,P0031,1,0.3
5130,O002759,P0004,2,0.05
5131,O002759,P0059,5,0.0
5132,O002759,P0050,1,0.3
5133,O002760,P0052,2,0.05
5134,O002761,P0043,2,0.1
5135,O002762,P0034,4,0.0
5136,O002762,P0029,1,0.3
5137,O002762,P0038,1,0.0
5138,O002762,P0006,2,0.2
5139,O002763,P0023,1,0.0
5140,O002763,P0009,5,0.05
5141,O002763,P0015,1,0.0
5142,O002764,P0021,2,0.1
5143,O002764,P0046,1,0.1
5144,O002765,P0029,1,0.1
5145,O002765,P0006,2,0.1
5146,O002766,P0053,1,0.0
5147,O002766,P0004,1,0.1
5148,O002767,P0029,1,0.4
5149,O002767,P0027,1,0.05
5150,O002768,P0056,5,0.05
5151,O002769,P0054,2,0.3
5152,O002769,P0059,1,0.0
5153,O002770,P0042,1,0.0
5154,O002771,P0053,1,0.1
5155,O002771,P0060,1,0.0
5156,O002771,P0005,3,0.0
5157,O002772,P0051,1,0.05
5158,O002773,P0044,4,0.3
5159,O002773,P0039,2,0.05
5160,O002774,P0004,1,0.3
5161,O002775,P0002,1,0.1
5162,O002775,P0035,1,0.0
5163,O002775,P0049,5,0.4
5164,O002776,P0057,2,0.0
5165,O002776,P0031,1,0.0
5166,O002777,P0057,3,0.0
5167,O002778,P0052,1,0.2
5168,O002778,P0038,3,0.0
5169,O002778,P0025,2,0.0
5170,O002779,P0008,4,0.0
5171,O002780,P0014,1,0.0
5172,O002780,P0018,1,0.2
5173,O002781,P0017,4,0.0
5174,O002781,P0033,2,0.2
5175,O002781,P0030,5,0.05
5176,O002782,P0038,1,0.0
5177,O002782,P0032,3,0.0
5178,O002782,P0022,1,0.4
5179,O002782,P0044,1,0.0
5180,O002783,P0039,4,0.1
5181,O002783,P0019,2,0.0
5182,O002783,P0007,4,0.2
5183,O002784,P0060,1,0.2
5184,O002784,P0025,2,0.0
5185,O002784,P0002,1,0.1
5186,O002785,P0046,1,0.2
5187,O002785,P0044,2,0.4
5188,O002786,P0025,1,0.1
5189,O002786,P0019,3,0.0
5190,O002786,P0031,1,0.0
5191,O002787,P0053,1,0.05
5192,O002787,P0055,1,0.0
5193,O002787,P0031,3,0.0
5194,O002787,P0003,2,0.3
5195,O002788,P0009,4,0.2
5196,O002789,P0033,1,0.2
5197,O002790,P0020,1,0.2
5198,O002791,P0036,1,0.2
5199,O002792,P0008,5,0.1
5200,O002793,P0037,4,0.0
5201,O002794,P0039,2,0.0
5202,O002795,P0011,1,0.0
5203,O002796,P0001,2,0.0
5204,O002796,P0032,4,0.0
5205,O002796,P0042,1,0.4
5206,O002797,P0023,1,0.0
5207,O002797,P0026,1,0.1
5208,O002798,P0029,1,0.2
5209,O002799,P0058,1,0.3
5210,O002799,P0007,3,0.2
5211,O002800,P0017,1,0.0
5212,O002800,P0006,1,0.2
5213,O002800,P0006,1,0.0
5214,O002801,P0003,3,0.2
5215,O002801,P0027,4,0.3
5216,O002801,P0023,2,0.1
5217,O002802,P0005,4,0.0
5218,O002803,P0045,1,0.4
5219,O002804,P0001,2,0.0
5220,O002804,P0059,2,0.0
5221,O002805,P0038,2,0.0
5222,O002806,P0027,3,0.0
5223,O002806,P0038,2,0.1
5224,O002807,P0056,1,0.1
5225,O002808,P0046,1,0.2
5226,O002808,P0032,4,0.1
5227,O002808,P0008,1,0.3
5228,O002809,P0011,1,0.1
5229,O002810,P0002,2,0.3
5230,O002810,P0013,3,0.0
5231,O002811,P0060,1,0.0
5232,O002811,P0038,5,0.0
5233,O002811,P0042,2,0.2
5234,O002812,P0012,2,0.2
5235,O002813,P0037,1,0.3
5236,O002813,P0046,2,0.0
5237,O002813,P0011,2,0.0
5238,O002814,P0002,1,0.1
5239,O002814,P0036,2,0.1
5240,O002815,P0006,4,0.05
5241,O002816,P0019,3,0.3
5242,O002816,P0027,1,0.4
5243,O002816,P0021,3,0.05
5244,O002817,P0010,2,0.0
5245,O002818,P0046,2,0.0
5246,O002818,P0049,5,0.2
5247,O002818,P0039,1,0.05
5248,O002819,P0043,3,0.0
5249,O002820,P0037,1,0.1
5250,O002821,P0013,4,0.0
5251,O002821,P0054,1,0.2
5252,O002821,P0003,4,0.0
5253,O002822,P0053,2,0.0
5254,O002823,P0055,1,0.0
5255,O002824,P0032,1,0.1
5256,O002824,P0044,1,0.0
5257,O002825,P0049,5,0.0
5258,O002826,P0007,3,0.0
5259,O002827,P0024,1,0.0
5260,O002828,P0014,1,0.0
5261,O002828,P0053,1,0.0
5262,O002829,P0048,1,0.05
5263,O002830,P0039,1,0.2
5264,O002831,P0005,1,0.0
5265,O002831,P0054,1,0.0
5266,O002832,P0027,4,0.2
5267,O002832,P0050,3,0.0
5268,O002833,P0013,2,0.1
5269,O002833,P0021,2,
5270,O002833,P0022,2,0.05
5271,O002834,P0008,1,0.0
5272,O002835,P0029,1,0.0
5273,O002835,P0025,1,0.4
5274,O002836,P0009,3,0.0
5275,O002836,P0018,1,0.0
5276,O002837,P0012,1,0.0
5277,O002837,P0017,2,0.1
5278,O002837,P0042,1,0.3
5279,O002838,P0042,3,0.3
5280,O002839,P0018,2,0.2
5281,O002839,P0016,4,0.2
5282,O002839,P0012,1,0.0
5283,O002839,P0010,1,0.4
5284,O002840,P0046,3,0.0
5285,O002840,P0049,3,0.0
5286,O002840,P0043,1,0.1
5287,O002841,P0031,1,0.0
5288,O002842,P0008,1,0.05
5289,O002842,P0037,2,0.05
5290,O002843,P0054,1,0.1
5291,O002844,P0037,1,0.0
5292,O002844,P0053,2,0.4
5293,O002844,P0057,5,0.0
5294,O002845,P0058,1,0.0
5295,O002845,P0035,1,0.0
5296,O002845,P0041,1,0.0
5297,O002846,P0043,1,0.05
5298,O002847,P0034,1,0.2
5299,O002847,P0018,3,0.4
5300,O002848,P0004,2,0.2
5301,O002848,P0009,4,0.0
5302,O002848,P0011,2,0.05
5303,O002849,P0031,1,0.0
5304,O002849,P0045,3,0.4
5305,O002849,P0052,2,0.05
5306,O002850,P0006,1,0.1
5307,O002851,P0032,1,0.05
5308,O002852,P0052,2,0.0
5309,O002853,P0046,2,0.05
5310,O002854,P0031,1,0.0
5311,O002855,P0007,1,0.05
5312,O002856,P0014,1,0.2
5313,O002857,P0006,1,0.05
5314,O002857,P0034,1,0.05
5315,O002857,P0025,2,0.3
5316,O002858,P0055,1,0.0
5317,O002859,P0059,4,0.05
5318,O002860,P0001,3,0.1
5319,O002860,P0013,1,0.2
5320,O002860,P0056,2,0.05
5321,O002860,P0033,4,0.3
5322,O002861,P0038,1,0.0
5323,O002862,P0040,2,0.0
5324,O002862,P0006,4,0.2
5325,O002862,P0002,1,0.2
5326,O002863,P0031,2,0.3
5327,O002864,P0005,1,0.1
5328,O002864,P0056,4,0.1
5329,O002865,P0038,1,0.0
5330,O002865,P0050,2,0.3
5331,O002865,P0014,1,0.1
5332,O002866,P0049,1,0.05
5333,O002866,P0036,2,0.0
5334,O002867,P0060,1,0.1
5335,O002867,P0017,2,0.3
5336,O002868,P0055,1,0.05
5337,O002868,P0038,1,0.0
5338,O002869,P0032,1,0.0
5339,O002869,P0014,5,0.0
5340,O002870,P0028,1,0.0
5341,O002870,P0038,1,0.0
5342,O002870,P0002,1,0.1
5343,O002871,P0001,1,0.3
5344,O002872,P0018,2,0.1
5345,O002873,P0041,2,0.3
5346,O002874,P0009,1,0.0
5347,O002874,P0032,1,0.4
5348,O002874,P0022,1,0.0
5349,O002875,P0016,1,0.0
5350,O002876,P0052,1,0.0
5351,O002877,P0023,2,0.05
5352,O002877,P0042,1,0.2
5353,O002877,P0024,2,0.05
5354,O002877,P0004,1,0.0
5355,O002878,P0005,1,0.0
5356,O002878,P0056,2,0.2
5357,O002878,P0018,4,0.3
5358,O002879,P0030,1,0.0
5359,O002880,P0018,4,0.1
5360,O002880,P0034,2,0.0
5361,O002880,P0035,4,0.05
5362,O002881,P0007,1,0.1
5363,O002881,P0023,1,0.05
5364,O002881,P0035,4,0.05
5365,O002881,P0034,2,0.2
5366,O002882,P0029,1,0.0
5367,O002882,P0056,5,0.3
5368,O002882,P0029,2,0.0
5369,O002883,P0005,1,0.0
5370,O002883,P0011,2,0.0
5371,O002883,P0039,3,0.1
5372,O002884,P0019,1,0.1
5373,O002885,P0051,5,0.1
5374,O002886,P0001,2,0.1
5375,O002887,P0002,2,0.0
5376,O002887,P0040,1,0.0
5377,O002888,P0049,3,0.0
5378,O002888,P0047,2,0.1
5379,O002888,P0011,5,0.0
5380,O002889,P0020,3,0.1
5381,O002889,P0002,1,0.1
5382,O002890,P0031,2,0.2
5383,O002891,P0029,1,0.1
5384,O002892,P0042,1,0.0
5385,O002893,P0051,1,0.05
5386,O002894,P0038,1,0.0
5387,O002894,P0059,3,0.0
5388,O002894,P0032,1,0.2
5389,O002894,P0045,3,0.0
5390,O002895,P0032,2,0.0
5391,O002896,P0036,2,0.3
5392,O002896,P0002,4,0.0
5393,O002897,P0041,2,0.05
5394,O002898,P0055,1,0.0
5395,O002898,P0024,1,0.1
5396,O002898,P0052,4,0.0
5397,O002899,P0019,4,
5398,O002899,P0020,1,0.1
5399,O002899,P0031,3,0.1
5400,O002900,P0056,2,0.3
5401,O002900,P0007,1,0.0
5402,O002900,P0003,4,0.0
5403,O002900,P0024,1,0.0
5404,O002901,P0023,1,0.3
5405,O002901,P0034,2,0.0
5406,O002902,P0054,1,0.0
5407,O002902,P0053,1,0.05
5408,O002902,P0021,1,0.2
5409,O002903,P0057,1,0.1
5410,O002903,P0016,1,0.0
5411,O002904,P0010,1,0.05
5412,O002904,P0025,2,0.0
5413,O002905,P0039,1,0.2
5414,O002905,P0030,2,0.4
5415,O002905,P0018,1,0.1
5416,O002906,P0017,3,0.1
5417,O002906,P0028,1,0.1
5418,O002906,P0048,2,0.0
5419,O002907,P0027,1,0.0
5420,O002908,P0018,2,0.05
5421,O002909,P0034,1,0.05
5422,O002910,P0042,3,0.05
5423,O002910,P0047,1,0.0
5424,O002910,P0036,1,0.05
5425,O002910,P0023,3,0.1
5426,O002911,P0058,2,0.05
5427,O002911,P0017,2,0.1
5428,O002912,P0052,2,0.0
5429,O002913,P0027,4,0.1
5430,O002914,P0039,1,0.0
5431,O002915,P0023,1,0.0
5432,O002916,P0002,1,0.2
5433,O002917,P0012,1,0.0
5434,O002917,P0049,2,0.2
5435,O002917,P0034,3,0.05
5436,O002917,P0040,5,0.2
5437,O002918,P0042,2,0.0
5438,O002919,P0022,2,0.05
5439,O002920,P0017,4,0.0
5440,O002920,P0016,4,0.0
5441,O002920,P0013,4,0.0
5442,O002921,P0031,2,0.0
5443,O002921,P0005,1,0.1
5444,O002921,P0040,1,0.1
5445,O002922,P0025,1,0.1
5446,O002922,P0009,1,0.1
5447,O002923,P0060,1,0.3
5448,O002923,P0008,4,0.0
5449,O002923,P0025,1,0.1
5450,O002923,P0049,1,0.0
5451,O002924,P0024,1,0.0
5452,O002924,P0011,5,0.05
5453,O002925,P0042,5,0.05
5454,O002925,P0011,1,0.1
5455,O002926,P0049,1,0.05
5456,O002927,P0018,3,0.0
5457,O002928,P0054,1,0.0
5458,O002929,P0007,1,0.4
5459,O002930,P0055,2,0.05
5460,O002931,P0004,4,0.1
5461,O002932,P0006,3,0.0
5462,O002932,P0033,4,0.0
5463,O002933,P0038,2,0.2
5464,O002933,P0015,2,0.0
5465,O002934,P0054,1,0.0
5466,O002934,P0057,2,0.1
5467,O002934,P0030,1,0.05
5468,O002935,P0008,1,0.05
5469,O002935,P0041,1,0.0
5470,O002935,P0049,1,0.1
5471,O002936,P0005,2,0.0
5472,O002936,P0050,1,0.0
5473,O002937,P0039,1,0.1
5474,O002937,P0058,1,0.05
5475,O002938,P0019,5,0.4
5476,O002938,P0046,2,0.2
5477,O002939,P0060,1,0.4
5478,O002939,P0032,5,0.05
5479,O002940,P0051,1,0.2
5480,O002941,P0007,2,0.0
5481,O002942,P0010,4,0.05
5482,O002942,P0046,1,0.0
5483,O002943,P0042,1,0.0
5484,O002943,P0052,2,0.2
5485,O002943,P0019,1,0.4
5486,O002944,P0044,2,0.0
5487,O002944,P0020,1,0.0
5488,O002945,P0001,2,0.4
5489,O002945,P0046,1,0.1
5490,O002945,P0041,2,0.3
5491,O002945,P0004,1,0.1
5492,O002946,P0033,2,0.0
5493,O002946,P0055,3,0.0
5494,O002946,P0025,2,0.0
5495,O002947,P0018,1,0.0
5496,O002948,P0021,1,0.0
5497,O002948,P0012,2,0.0
5498,O002949,P0043,1,0.05
5499,O002949,P0047,1,0.0
5500,O002949,P0002,4,0.0
5501,O002950,P0005,1,0.0
5502,O002950,P0046,1,0.0
5503,O002951,P0002,1,0.0
5504,O002951,P0003,2,0.0
5505,O002951,P0052,1,0.3
5506,O002952,P0021,1,0.2
5507,O002952,P0039,1,0.4
5508,O002953,P0047,3,0.2
5509,O002954,P0025,1,0.0
5510,O002954,P0033,1,0.3
5511,O002955,P0032,1,0.0
5512,O002956,P0029,5,0.0
5513,O002957,P0059,2,0.05
5514,O002958,P0004,1,0.0
5515,O002959,P0044,3,0.0
5516,O002960,P0050,1,0.0
5517,O002960,P0035,2,0.0
5518,O002961,P0036,1,0.0
5519,O002962,P0012,1,0.1
5520,O002962,P0046,5,0.0
5521,O002963,P0031,2,0.3
5522,O002963,P0022,4,0.0
5523,O002964,P0054,3,0.3
5524,O002964,P0031,2,0.0
5525,O002964,P0026,3,0.0
5526,O002965,P0015,2,0.2
5527,O002965,P0014,1,0.1
5528,O002966,P0049,1,0.05
5529,O002966,P0054,1,0.0
5530,O002966,P0039,1,0.2
5531,O002967,P0007,2,0.0
5532,O002968,P0027,1,0.0
5533,O002969,P0009,1,0.0
5534,O002970,P0030,1,0.0
5535,O002971,P0030,2,0.3
5536,O002972,P0011,2,0.0
5537,O002973,P0007,1,0.1
5538,O002974,P0025,3,0.05
5539,O002975,P0003,1,0.1
5540,O002975,P0010,1,0.1
5541,O002976,P0022,2,0.0
5542,O002977,P0041,2,0.0
5543,O002977,P0001,2,0.1
5544,O002977,P0003,4,0.1
5545,O002978,P0029,2,0.05
5546,O002979,P0003,2,0.3
5547,O002979,P0034,2,0.05
5548,O002979,P0046,2,0.05
5549,O002979,P0030,1,0.3
5550,O002980,P0051,1,0.0
5551,O002980,P0060,2,0.0
5552,O002981,P0017,1,0.0
5553,O002982,P0021,1,0.4
5554,O002982,P0035,1,0.4
5555,O002982,P0038,2,0.05
5556,O002982,P0057,3,0.0
5557,O002983,P0060,1,0.0
5558,O002984,P0013,1,0.0
5559,O002984,P0010,1,0.2
5560,O002984,P0022,3,0.1
5561,O002985,P0019,1,0.05
5562,O002985,P0049,1,0.0
5563,O002986,P0059,1,0.0
5564,O002986,P0046,2,0.3
5565,O002986,P0011,2,0.1
5566,O002986,P0056,1,0.0
5567,O002987,P0012,4,0.3
5568,O002988,P0034,1,0.0
5569,O002989,P0035,3,0.3
5570,O002989,P0049,2,0.1
5571,O002990,P0047,1,0.0
5572,O002990,P0041,1,0.0
5573,O002990,P0057,2,0.0
5574,O002990,P0030,1,0.0
5575,O002991,P0055,1,0.1
5576,O002991,P0012,2,0.0
5577,O002991,P0015,1,0.05
5578,O002992,P0046,1,0.0
5579,O002992,P0029,1,0.0
5580,O002993,P0028,1,0.2
5581,O002994,P0031,1,0.05
5582,O002994,P0056,1,0.0
5583,O002995,P0035,2,0.0
5584,O002996,P0005,3,0.0
5585,O002997,P0040,1,0.0
5586,O002997,P0050,5,0.2
5587,O002997,P0021,1,0.05
5588,O002998,P0056,1,0.0
5589,O002999,P0011,3,0.0
5590,O002999,P0032,5,0.0
5591,O003000,P0029,1,0.2
5592,O003000,P0041,2,0.0
5593,O003000,P0035,4,0.4
5594,O003000,P0012,2,0.0
5595,O003001,P0025,2,0.0
5596,O003002,P0013,3,0.4
5597,O003003,P0052,2,0.0
5598,O003004,P0025,1,0.0
5599,O003005,P0056,2,0.0
5600,O003005,P0021,2,0.1
5601,O003005,P0054,1,0.05
5602,O003006,P0050,1,0.0
5603,O003006,P0014,5,0.0
5604,O003006,P0021,1,0.4
5605,O003007,P0039,2,0.0
5606,O003008,P0009,1,0.05
5607,O003009,P0050,2,0.3
5608,O003009,P0001,1,0.4
5609,O003010,P0049,2,0.2
5610,O003010,P0015,2,0.2
5611,O003010,P0009,4,0.0
5612,O003010,P0016,2,0.3
5613,O003011,P0058,2,0.3
5614,O003012,P0034,2,0.0
5615,O003013,P0012,1,0.05
5616,O003014,P0002,1,0.0
5617,O003015,P0055,1,0.2
5618,O003015,P0006,3,0.1
5619,O003015,P0011,1,0.0
5620,O003016,P0016,1,0.0
5621,O003016,P0053,1,0.0
5622,O003016,P0011,1,0.0
5623,O003017,P0014,2,0.1
5624,O003017,P0007,2,0.0
5625,O003018,P0051,1,0.0
5626,O003018,P0025,5,0.0
5627,O003019,P0057,2,0.0
5628,O003019,P0006,2,0.0
5629,O003020,P0038,1,0.0
5630,O003021,P0045,5,0.0
5631,O003021,P0045,1,0.05
5632,O003021,P0038,2,0.1
5633,O003022,P0016,2,0.1
5634,O003023,P0012,1,0.0
5635,O003023,P0002,1,0.3
5636,O003024,P0045,3,0.0
5637,O003024,P0052,5,0.05
5638,O003025,P0022,4,0.0
5639,O003026,P0030,3,0.4
5640,O003026,P0008,1,0.0
5641,O003027,P0015,1,0.1
5642,O003027,P0010,1,0.3
5643,O003028,P0035,1,0.2
5644,O003028,P0022,1,0.4
5645,O003029,P0043,2,0.0
5646,O003030,P0017,2,0.0
5647,O003031,P0038,1,0.0
5648,O003032,P0017,4,0.0
5649,O003033,P0020,3,0.0
5650,O003034,P0058,3,0.1
5651,O003034,P0018,2,0.4
5652,O003034,P0036,1,0.2
5653,O003035,P0026,5,0.0
5654,O003036,P0043,3,0.1
5655,O003037,P0041,1,0.1
5656,O003037,P0059,2,0.0
5657,O003038,P0002,2,0.1
5658,O003039,P0040,2,0.0
5659,O003039,P0035,2,0.1
5660,O003040,P0015,1,0.2
5661,O003040,P0003,1,0.05
5662,O003040,P0056,4,0.0
5663,O003041,P0055,1,0.2
5664,O003041,P0035,1,0.0
5665,O003042,P0044,1,0.1
5666,O003043,P0053,1,0.05
5667,O003044,P0003,1,0.0
5668,O003045,P0024,2,0.0
5669,O003046,P0036,4,0.1
5670,O003047,P0028,2,0.2
5671,O003047,P0014,2,0.0
5672,O003047,P0006,2,0.3
5673,O003047,P0025,1,0.1
5674,O003048,P0043,1,0.0
5675,O003048,P0044,1,0.0
5676,O003049,P0041,4,0.0
5677,O003049,P0023,3,0.05
5678,O003049,P0060,2,0.3
5679,O003050,P0022,1,0.0
5680,O003050,P0021,1,0.0
5681,O003051,P0008,1,0.3
5682,O003051,P0020,1,0.1
5683,O003052,P0017,1,0.0
5684,O003052,P0059,2,0.05
5685,O003053,P0049,1,0.0
5686,O003053,P0011,2,0.0
5687,O003053,P0028,2,0.0
5688,O003054,P0015,1,0.2
5689,O003055,P0056,1,0.4
5690,O003055,P0029,1,0.0
5691,O003056,P0021,5,0.1
5692,O003056,P0033,2,0.05
5693,O003056,P0013,4,0.05
5694,O003057,P0002,1,0.0
5695,O003058,P0033,1,0.3
5696,O003059,P0002,1,0.0
5697,O003059,P0050,2,0.0
5698,O003060,P0046,1,0.0
5699,O003060,P0008,5,0.2
5700,O003060,P0019,2,0.05
5701,O003060,P0048,1,0.0
5702,O003061,P0020,2,0.0
5703,O003061,P0032,1,0.0
5704,O003061,P0060,1,0.4
5705,O003062,P0032,1,0.4
5706,O003063,P0005,2,0.2
5707,O003064,P0021,1,0.0
5708,O003064,P0006,3,0.2
5709,O003065,P0049,1,0.05
5710,O003066,P0023,5,0.0
5711,O003067,P0036,4,0.0
5712,O003068,P0032,1,0.05
5713,O003068,P0038,3,0.05
5714,O003068,P0031,1,0.2
5715,O003069,P0020,1,0.05
5716,O003070,P0017,2,0.05
5717,O003070,P0058,5,0.0
5718,O003070,P0004,1,0.2
5719,O003071,P0020,2,0.2
5720,O003071,P0018,1,0.4
5721,O003071,P0043,1,0.0
5722,O003072,P0020,1,0.0
5723,O003073,P0004,1,0.05
5724,O003073,P0031,1,0.1
5725,O003073,P0010,1,0.1
5726,O003073,P0031,1,0.2
5727,O003074,P0038,1,0.0
5728,O003074,P0013,4,0.2
5729,O003075,P0024,4,0.0
5730,O003075,P0045,2,0.0
5731,O003075,P0014,5,0.1
5732,O003075,P0052,3,0.3
5733,O003076,P0010,2,0.1
5734,O003077,P0029,1,0.0
5735,O003077,P0058,2,0.1
5736,O003078,P0056,1,0.0
5737,O003079,P0024,1,0.0
5738,O003080,P0009,2,0.05
5739,O003081,P0053,1,0.2
5740,O003081,P0060,1,0.0
5741,O003082,P0006,4,0.0
5742,O003083,P0060,1,0.05
5743,O003083,P0050,2,0.0
5744,O003083,P0010,2,0.0
5745,O003084,P0052,2,0.0
5746,O003084,P0010,1,0.05
5747,O003085,P0057,1,0.05
5748,O003086,P0026,1,0.0
5749,O003086,P0032,3,0.0
5750,O003087,P0034,3,0.0
5751,O003088,P0011,5,0.05
5752,O003089,P0014,1,0.0
5753,O003090,P0031,1,0.1
5754,O003091,P0059,1,0.0
5755,O003091,P0029,2,0.0
5756,O003091,P0016,1,0.0
5757,O003092,P0004,1,0.2
5758,O003093,P0025,4,0.05
5759,O003093,P0043,1,0.0
5760,O003093,P0018,4,0.1
5761,O003093,P0048,3,0.0
5762,O003094,P0018,1,0.2
5763,O003094,P0043,1,0.05
5764,O003094,P0060,1,0.2
5765,O003095,P0054,4,0.0
5766,O003095,P0060,1,0.1
5767,O003096,P0011,2,0.05
5768,O003097,P0016,1,0.0
5769,O003097,P0032,2,0.05
5770,O003098,P0012,5,0.3
5771,O003098,P0035,3,0.0
5772,O003099,P0004,1,0.0
5773,O003099,P0018,2,
5774,O003100,P0057,1,0.0
5775,O003100,P0031,2,0.1
5776,O003100,P0024,1,0.05
5777,O003101,P0023,1,0.0
5778,O003101,P0023,2,0.2
5779,O003102,P0022,2,0.0
5780,O003103,P0020,1,0.0
5781,O003103,P0043,4,0.0
5782,O003104,P0001,1,0.2
5783,O003105,P0059,2,0.05
5784,O003105,P0031,1,0.0
5785,O003105,P0040,2,0.1
5786,O003106,P0024,2,0.1
5787,O003106,P0025,1,0.05
5788,O003106,P0058,2,0.05
5789,O003106,P0044,2,0.3
5790,O003107,P0054,3,0.0
5791,O003108,P0026,2,0.0
5792,O003109,P0007,2,0.05
5793,O003110,P0008,3,0.1
5794,O003111,P0033,3,0.2
5795,O003111,P0020,1,0.0
5796,O003112,P0023,4,0.0
5797,O003112,P0013,1,0.05
5798,O003113,P0030,3,0.4
5799,O003113,P0039,2,0.3
5800,O003113,P0030,2,0.4
5801,O003114,P0048,1,0.2
5802,O003115,P0009,3,0.05
5803,O003116,P0023,1,0.0
5804,O003116,P0045,2,0.4
5805,O003117,P0060,3,0.0
5806,O003118,P0014,3,0.2
5807,O003119,P0035,2,0.0
5808,O003120,P0058,3,0.1
5809,O003120,P0023,1,0.0
5810,O003121,P0036,1,0.2
5811,O003121,P0010,1,0.0
5812,O003122,P0013,1,0.0
5813,O003122,P0037,2,0.3
5814,O003122,P0032,1,0.0
5815,O003123,P0015,2,0.0
5816,O003123,P0029,3,0.3
5817,O003123,P0005,1,0.0
5818,O003124,P0027,1,0.0
5819,O003125,P0014,1,0.4
5820,O003125,P0016,1,0.3
5821,O003126,P0037,2,0.4
5822,O003126,P0005,3,0.0
5823,O003127,P0042,1,0.0
5824,O003128,P0028,2,0.2
5825,O003128,P0051,1,0.0
5826,O003128,P0033,3,0.0
5827,O003129,P0053,1,0.0
5828,O003129,P0011,1,0.3
5829,O003130,P0033,3,0.05
5830,O003130,P0052,1,0.05
5831,O003131,P0030,3,0.05
5832,O003132,P0050,1,0.0
5833,O003133,P0059,1,0.3
5834,O003134,P0057,1,0.0
5835,O003134,P0004,2,0.05
5836,O003135,P0005,1,0.0
5837,O003136,P0052,2,0.0
5838,O003137,P0043,1,0.2
5839,O003137,P0004,2,0.0
5840,O003137,P0031,2,0.1
5841,O003138,P0014,2,0.0
5842,O003139,P0009,1,0.0
5843,O003139,P0055,1,0.0
5844,O003140,P0045,3,0.0
5845,O003141,P0037,1,0.0
5846,O003141,P0035,1,0.0
5847,O003142,P0053,3,0.2
5848,O003142,P0045,1,0.1
5849,O003142,P0060,3,0.4
5850,O003143,P0029,2,0.0
5851,O003144,P0014,1,0.3
5852,O003144,P0016,1,0.05
5853,O003144,P0037,2,0.0
5854,O003145,P0035,1,0.05
5855,O003146,P0022,2,0.0
5856,O003146,P0046,4,0.0
5857,O003146,P0009,4,0.4
5858,O003146,P0057,1,0.0
5859,O003147,P0046,1,0.05
5860,O003147,P0026,2,0.0
5861,O003148,P0036,1,0.1
5862,O003149,P0037,3,0.2
5863,O003149,P0058,3,0.05
5864,O003149,P0031,3,0.0
5865,O003150,P0049,1,0.05
5866,O003150,P0006,1,0.0
5867,O003151,P0020,2,0.2
5868,O003151,P0034,1,0.4
5869,O003151,P0007,1,0.0
5870,O003152,P0013,1,0.05
5871,O003152,P0044,3,0.2
5872,O003152,P0035,1,0.0
5873,O003153,P0019,1,0.1
5874,O003153,P0052,1,0.0
5875,O003154,P0057,2,0.05
5876,O003155,P0048,1,0.0
5877,O003155,P0043,1,0.3
5878,O003156,P0051,2,0.05
5879,O003156,P0032,1,0.05
5880,O003156,P0049,1,0.1
5881,O003157,P0040,1,0.05
5882,O003157,P0013,4,0.1
5883,O003158,P0034,3,0.1
5884,O003158,P0057,1,0.05
5885,O003159,P0051,1,0.1
5886,O003160,P0050,2,0.0
5887,O003160,P0028,2,
5888,O003160,P0002,1,0.0
5889,O003161,P0012,1,0.1
5890,O003161,P0034,1,0.05
5891,O003162,P0048,2,0.0
5892,O003162,P0005,1,0.1
5893,O003162,P0025,2,0.3
5894,O003163,P0041,1,0.1
5895,O003163,P0003,2,0.0
5896,O003163,P0038,4,0.05
5897,O003164,P0034,3,0.0
5898,O003164,P0029,1,0.05
5899,O003164,P0053,1,0.1
5900,O003165,P0033,3,0.0
5901,O003165,P0009,3,0.4
5902,O003165,P0025,1,0.0
5903,O003166,P0048,3,0.0
5904,O003167,P0028,1,0.0
5905,O003167,P0012,2,0.0
5906,O003168,P0036,1,0.3
5907,O003169,P0004,5,0.05
5908,O003169,P0032,1,0.05
5909,O003169,P0027,2,0.4
5910,O003170,P0054,4,0.2
5911,O003170,P0025,5,0.0
5912,O003171,P0050,1,0.2
5913,O003171,P0023,1,0.0
5914,O003172,P0036,1,0.0
5915,O003173,P0059,5,0.0
5916,O003173,P0036,1,0.3
5917,O003173,P0036,1,0.3
5918,O003173,P0042,1,0.0
5919,O003174,P0047,2,0.0
5920,O003174,P0043,1,0.0
5921,O003175,P0027,2,0.3
5922,O003176,P0005,3,0.0
5923,O003176,P0036,4,0.0
5924,O003176,P0031,1,0.0
5925,O003176,P0001,4,0.05
5926,O003177,P0037,2,0.2
5927,O003177,P0040,2,0.3
5928,O003178,P0018,1,0.0
5929,O003178,P0054,4,0.0
5930,O003178,P0056,1,0.0
5931,O003178,P0028,1,0.0
5932,O003179,P0039,1,0.4
5933,O003179,P0055,1,0.3
5934,O003179,P0027,1,0.0
5935,O003180,P0016,2,0.4
5936,O003181,P0036,1,0.0
5937,O003181,P0017,4,0.0
5938,O003181,P0034,1,0.0
5939,O003181,P0043,1,0.05
5940,O003182,P0059,2,0.0
5941,O003183,P0040,1,0.0
5942,O003183,P0005,3,0.1
5943,O003184,P0001,1,0.0
5944,O003185,P0019,1,0.1
5945,O003185,P0051,4,0.1
5946,O003185,P0039,1,0.0
5947,O003186,P0005,1,0.4
5948,O003187,P0006,2,0.0
5949,O003188,P0039,1,0.0
5950,O003189,P0006,2,0.0
5951,O003189,P0026,5,0.0
5952,O003189,P0005,1,0.2
5953,O003189,P0046,1,0.1
5954,O003190,P0034,2,0.0
5955,O003191,P0052,1,0.05
5956,O003191,P0036,1,0.3
5957,O003191,P0039,1,0.2
5958,O003192,P0009,1,0.2
5959,O003193,P0024,1,0.05
5960,O003193,P0022,4,0.1
5961,O003194,P0023,1,0.0
5962,O003194,P0049,2,0.0
5963,O003195,P0007,2,0.1
5964,O003195,P0010,3,0.0
5965,O003196,P0034,2,0.05
5966,O003196,P0006,1,0.3
5967,O003196,P0059,1,0.05
5968,O003197,P0028,2,0.0
5969,O003197,P0035,1,0.1
5970,O003198,P0005,3,0.0
5971,O003198,P0017,5,0.0
5972,O003199,P0035,5,0.0
5973,O003200,P0038,1,0.2
5974,O003200,P0023,1,0.3
5975,O003201,P0059,1,0.2
5976,O003202,P0009,1,0.0
5977,O003203,P0059,4,0.0
5978,O003203,P0016,1,0.0
5979,O003204,P0013,4,0.1
5980,O003205,P0047,3,0.0
5981,O003205,P0029,2,0.4
5982,O003205,P0005,3,0.1
5983,O003206,P0057,2,0.3
5984,O003207,P0047,1,0.1
5985,O003207,P0040,1,0.1
5986,O003208,P0025,3,0.0
5987,O003208,P0049,1,0.1
5988,O003208,P0009,2,0.05
5989,O003209,P0038,1,0.05
5990,O003210,P0048,1,0.0
5991,O003210,P0008,1,0.05
5992,O003210,P0041,4,0.0
5993,O003211,P0021,1,0.0
5994,O003211,P0012,2,0.4
5995,O003211,P0027,4,0.1
5996,O003212,P0019,2,0.1
5997,O003212,P0051,2,0.2
5998,O003212,P0057,1,0.0
5999,O003212,P0051,1,0.0
6000,O003213,P0039,2,0.3
6001,O003213,P0045,1,0.0
6002,O003213,P0022,5,0.0
6003,O003214,P0002,1,0.2
6004,O003214,P0021,2,0.05
6005,O003214,P0044,1,0.2
6006,O003214,P0027,1,0.0
6007,O003215,P0054,3,0.1
6008,O003216,P0030,2,0.05
6009,O003216,P0036,4,0.0
6010,O003216,P0035,1,0.0
6011,O003216,P0027,1,0.0
6012,O003217,P0058,2,0.0
6013,O003217,P0035,2,0.0
6014,O003218,P0033,1,0.2
6015,O003219,P0041,1,0.0
6016,O003220,P0039,1,0.0
6017,O003220,P0054,4,0.1
6018,O003221,P0057,2,0.0
6019,O003221,P0006,2,0.1
6020,O003222,P0016,4,0.0
6021,O003222,P0034,1,0.1
6022,O003223,P0023,1,0.1
6023,O003224,P0039,2,0.3
6024,O003224,P0019,2,0.1
6025,O003225,P0056,1,0.4
6026,O003226,P0029,4,0.0
6027,O003227,P0046,1,0.0
6028,O003227,P0032,1,0.1
6029,O003228,P0046,1,0.2
6030,O003228,P0060,1,0.05
6031,O003229,P0012,2,0.05
6032,O003230,P0057,1,0.0
6033,O003231,P0021,1,0.0
6034,O003231,P0035,1,0.05
6035,O003232,P0005,1,0.0
6036,O003233,P0008,2,0.0
6037,O003233,P0051,2,0.0
6038,O003234,P0027,2,0.05
6039,O003234,P0054,1,0.0
6040,O003234,P0030,1,0.2
6041,O003234,P0052,5,0.0
6042,O003235,P0055,2,0.0
6043,O003235,P0017,5,0.05
6044,O003235,P0056,3,0.2
6045,O003235,P0056,1,0.0
6046,O003236,P0037,1,0.0
6047,O003236,P0028,1,0.0
6048,O003236,P0023,1,0.3
6049,O003236,P0040,5,0.3
6050,O003237,P0031,1,0.0
6051,O003237,P0021,2,0.2
6052,O003238,P0060,1,0.3
6053,O003238,P0007,1,0.3
6054,O003238,P0048,2,0.0
6055,O003238,P0009,2,0.2
6056,O003239,P0010,1,0.0
6057,O003240,P0042,3,0.0
6058,O003240,P0037,1,0.0
6059,O003241,P0016,1,0.0
6060,O003241,P0031,1,0.1
6061,O003241,P0019,2,0.0
6062,O003241,P0029,1,0.1
6063,O003242,P0014,1,0.1
6064,O003243,P0018,1,0.05
6065,O003243,P0003,3,0.2
6066,O003244,P0011,4,0.0
6067,O003245,P0020,3,0.0
6068,O003245,P0032,1,0.3
6069,O003246,P0037,1,0.05
6070,O003246,P0049,1,0.0
6071,O003246,P0051,3,0.0
6072,O003246,P0005,1,0.0
6073,O003247,P0058,1,0.2
6074,O003247,P0046,1,0.0
6075,O003248,P0040,5,0.1
6076,O003249,P0028,5,0.1
6077,O003250,P0005,3,0.1
6078,O003250,P0055,1,0.0
6079,O003251,P0006,3,0.2
6080,O003251,P0041,4,0.0
6081,O003251,P0056,1,0.0
6082,O003252,P0022,1,0.0
6083,O003252,P0054,1,0.05
6084,O003253,P0037,1,0.1
6085,O003253,P0005,1,0.0
6086,O003254,P0031,3,0.4
6087,O003255,P0004,3,0.1
6088,O003256,P0018,2,0.3
6089,O003257,P0018,3,0.0
6090,O003258,P0041,4,0.1
6091,O003258,P0022,2,0.1
6092,O003258,P0031,1,0.0
6093,O003258,P0034,1,0.1
6094,O003259,P0007,1,0.1
6095,O003259,P0051,1,0.1
6096,O003259,P0036,1,0.0
6097,O003260,P0038,4,0.1
6098,O003261,P0059,2,0.0
6099,O003261,P0039,1,0.0
6100,O003262,P0018,2,0.1
6101,O003262,P0007,2,0.1
6102,O003262,P0051,3,0.0
6103,O003262,P0057,2,0.0
6104,O003263,P0012,3,0.2
6105,O003263,P0045,1,0.4
6106,O003264,P0020,1,0.3
6107,O003264,P0048,1,0.0
6108,O003264,P0053,4,0.1
6109,O003265,P0045,3,0.0
6110,O003265,P0058,1,0.3
6111,O003266,P0038,3,0.2
6112,O003267,P0005,1,0.2
6113,O003268,P0016,4,0.2
6114,O003269,P0009,2,0.0
6115,O003270,P0045,2,0.1
6116,O003271,P0060,2,0.0
6117,O003272,P0037,3,0.2
6118,O003273,P0038,2,0.0
6119,O003274,P0046,3,0.0
6120,O003274,P0053,2,0.0
6121,O003275,P0011,1,0.05
6122,O003276,P0014,2,0.0
6123,O003277,P0048,1,0.05
6124,O003277,P0017,1,0.0
6125,O003278,P0028,3,0.0
6126,O003278,P0017,3,0.0
6127,O003278,P0016,1,0.4
6128,O003279,P0058,2,0.0
6129,O003280,P0013,1,0.0
6130,O003281,P0002,1,0.1
6131,O003281,P0002,2,0.2
6132,O003282,P0006,3,0.0
6133,O003283,P0053,2,0.05
6134,O003284,P0049,2,0.05
6135,O003285,P0014,1,0.0
6136,O003285,P0050,2,0.1
6137,O003285,P0055,3,0.1
6138,O003285,P0011,1,0.0
6139,O003286,P0006,1,0.0
6140,O003286,P0046,1,0.0
6141,O003287,P0006,3,0.0
6142,O003287,P0012,3,0.3
6143,O003288,P0046,2,0.3
6144,O003289,P0056,3,0.05
6145,O003290,P0025,4,0.0
6146,O003291,P0060,5,0.05
6147,O003291,P0016,1,0.0
6148,O003292,P0030,2,0.05
6149,O003292,P0032,1,0.2
6150,O003293,P0039,2,0.2
6151,O003294,P0015,3,0.0
6152,O003294,P0009,1,0.2
6153,O003294,P0056,1,0.3
6154,O003295,P0011,3,0.05
6155,O003296,P0059,1,0.2
6156,O003297,P0028,1,0.1
6157,O003297,P0018,2,0.0
6158,O003297,P0032,1,0.0
6159,O003298,P0021,2,0.4
6160,O003298,P0013,1,0.05
6161,O003299,P0011,1,0.3
6162,O003300,P0035,4,0.0
6163,O003301,P0007,1,0.3
6164,O003301,P0016,1,0.05
6165,O003301,P0020,1,0.0
6166,O003302,P0045,2,0.3
6167,O003302,P0014,3,0.05
6168,O003302,P0047,1,0.3
6169,O003302,P0007,2,0.3
6170,O003303,P0050,1,0.0
6171,O003304,P0054,1,0.05
6172,O003304,P0027,1,0.05
6173,O003305,P0028,1,0.0
6174,O003306,P0010,1,0.3
6175,O003307,P0024,3,0.0
6176,O003308,P0018,3,0.0
6177,O003308,P0014,1,0.2
6178,O003309,P0058,3,0.0
6179,O003309,P0007,1,0.05
6180,O003309,P0034,3,0.0
6181,O003309,P0025,2,0.0
6182,O003310,P0029,1,0.1
6183,O003310,P0013,3,0.0
6184,O003311,P0009,2,0.0
6185,O003311,P0036,3,0.0
6186,O003312,P0039,1,0.1
6187,O003312,P0055,2,0.0
6188,O003313,P0053,2,0.0
6189,O003314,P0041,3,0.0
6190,O003314,P0043,2,0.0
6191,O003315,P0052,2,0.05
6192,O003316,P0032,1,0.0
6193,O003316,P0052,1,0.0
6194,O003316,P0017,2,0.05
6195,O003317,P0033,1,0.0
6196,O003318,P0029,3,0.2
6197,O003318,P0045,1,0.05
6198,O003319,P0015,1,0.0
6199,O003319,P0025,1,0.4
6200,O003319,P0056,2,0.05
6201,O003320,P0057,1,0.0
6202,O003321,P0052,1,0.1
6203,O003322,P0053,2,0.05
6204,O003323,P0037,1,0.2
6205,O003323,P0052,2,0.2
6206,O003324,P0013,1,0.0
6207,O003324,P0045,3,0.1
6208,O003324,P0052,1,0.0
6209,O003325,P0035,3,0.0
6210,O003325,P0007,2,0.0
6211,O003325,P0039,1,0.3
6212,O003325,P0001,2,0.1
6213,O003326,P0053,3,0.0
6214,O003326,P0021,1,0.05
6215,O003326,P0011,2,0.0
6216,O003326,P0058,4,0.2
6217,O003327,P0059,1,0.0
6218,O003327,P0034,2,0.0
6219,O003328,P0008,2,0.2
6220,O003328,P0033,1,0.0
6221,O003329,P0035,1,0.0
6222,O003330,P0018,1,0.3
6223,O003331,P0037,3,0.0
6224,O003332,P0009,2,0.1
6225,O003332,P0016,1,0.4
6226,O003333,P0018,2,0.0
6227,O003333,P0014,2,0.0
6228,O003333,P0026,4,0.4
6229,O003334,P0013,1,0.05
6230,O003335,P0012,2,0.05
6231,O003336,P0047,1,0.05
6232,O003337,P0016,1,0.2
6233,O003337,P0016,2,0.0
6234,O003337,P0019,1,0.0
6235,O003337,P0008,1,0.0
6236,O003338,P0046,2,0.0
6237,O003338,P0007,2,0.0
6238,O003339,P0006,1,0.05
6239,O003340,P0016,3,0.1
6240,O003340,P0044,1,0.4
6241,O003340,P0043,3,0.0
6242,O003340,P0005,2,0.4
6243,O003341,P0029,3,0.05
6244,O003341,P0052,1,0.05
6245,O003341,P0009,1,0.0
6246,O003342,P0018,2,0.0
6247,O003342,P0013,3,0.2
6248,O003342,P0040,1,0.1
6249,O003343,P0006,3,0.0
6250,O003344,P0051,1,0.0
6251,O003345,P0038,1,0.05
6252,O003346,P0047,2,0.0
6253,O003346,P0003,2,0.0
6254,O003347,P0047,3,0.0
6255,O003348,P0035,4,0.1
6256,O003349,P0026,1,0.2
6257,O003349,P0024,5,0.05
6258,O003349,P0025,2,0.3
6259,O003350,P0026,1,0.1
6260,O003350,P0002,1,0.0
6261,O003350,P0027,2,0.05
6262,O003350,P0012,1,0.05
6263,O003351,P0044,1,0.2
6264,O003352,P0060,2,0.1
6265,O003352,P0003,1,0.0
6266,O003352,P0008,2,0.3
6267,O003352,P0029,1,0.1
6268,O003353,P0002,2,0.05
6269,O003354,P0024,2,0.05
6270,O003354,P0005,1,0.05
6271,O003355,P0026,2,0.0
6272,O003355,P0036,3,0.0
6273,O003356,P0024,1,0.2
6274,O003356,P0026,2,0.0
6275,O003357,P0026,2,0.4
6276,O003357,P0008,2,0.0
6277,O003358,P0003,2,0.3
6278,O003359,P0020,5,0.0
6279,O003359,P0046,2,0.0
6280,O003360,P0001,1,0.05
6281,O003361,P0020,3,0.1
6282,O003362,P0060,1,0.1
6283,O003363,P0016,1,0.05
6284,O003364,P0027,2,0.1
6285,O003364,P0011,1,0.0
6286,O003365,P0014,1,0.3
6287,O003365,P0028,1,0.05
6288,O003366,P0016,1,0.0
6289,O003367,P0048,1,0.0
6290,O003367,P0019,3,0.2
6291,O003368,P0013,1,0.2
6292,O003369,P0059,2,0.0
6293,O003369,P0056,1,0.0
6294,O003369,P0056,4,0.0
6295,O003369,P0041,2,0.3
6296,O003370,P0030,4,0.0
6297,O003370,P0007,2,0.0
6298,O003371,P0038,1,0.0
6299,O003372,P0024,2,0.3
6300,O003372,P0017,2,0.2
6301,O003373,P0053,3,0.0
6302,O003373,P0057,2,0.1
6303,O003374,P0007,2,0.3
6304,O003374,P0020,5,0.0
6305,O003374,P0017,1,0.1
6306,O003375,P0030,4,0.05
6307,O003376,P0049,2,0.05
6308,O003377,P0003,2,0.05
6309,O003377,P0010,1,0.0
6310,O003378,P0019,3,0.0
6311,O003379,P0027,1,0.0
6312,O003379,P0003,1,0.0
6313,O003380,P0002,1,0.4
6314,O003380,P0019,1,0.1
6315,O003380,P0005,1,0.0
6316,O003381,P0045,1,0.0
6317,O003381,P0008,1,0.2
6318,O003381,P0025,3,0.3
6319,O003382,P0049,2,0.05
6320,O003383,P0059,3,0.0
6321,O003383,P0009,2,0.0
6322,O003384,P0036,1,0.05
6323,O003385,P0004,2,0.0
6324,O003385,P0046,2,0.0
6325,O003386,P0057,4,0.0
6326,O003386,P0026,2,0.0
6327,O003386,P0029,2,0.0
6328,O003387,P0008,1,0.0
6329,O003388,P0059,1,0.0
6330,O003389,P0024,2,0.05
6331,O003390,P0055,1,0.0
6332,O003391,P0036,2,0.0
6333,O003391,P0057,1,0.0
6334,O003392,P0021,2,0.0
6335,O003392,P0020,3,0.3
6336,O003393,P0045,4,0.0
6337,O003394,P0008,1,0.0
6338,O003395,P0023,2,0.05
6339,O003396,P0012,1,0.05
6340,O003396,P0032,2,0.0
6341,O003397,P0009,2,0.05
6342,O003397,P0035,2,0.1
6343,O003397,P0012,1,0.0
6344,O003397,P0048,1,0.4
6345,O003398,P0023,1,0.05
6346,O003399,P0019,2,0.0
6347,O003399,P0020,4,0.1
6348,O003399,P0051,2,0.1
6349,O003400,P0047,2,0.05
6350,O003400,P0052,1,0.0
6351,O003401,P0014,5,0.0
6352,O003402,P0044,2,0.0
6353,O003403,P0033,1,0.1
6354,O003404,P0048,2,0.0
6355,O003404,P0048,1,0.05
6356,O003405,P0011,2,0.05
6357,O003406,P0027,1,0.0
6358,O003406,P0049,1,0.2
6359,O003406,P0034,1,0.1
6360,O003407,P0030,1,0.0
6361,O003408,P0011,2,0.05
6362,O003409,P0048,1,0.0
6363,O003409,P0051,1,0.1
6364,O003410,P0037,1,0.0
6365,O003410,P0043,1,0.2
6366,O003411,P0043,1,0.2
6367,O003412,P0030,1,0.0
6368,O003413,P0028,2,0.0
6369,O003413,P0056,1,0.2
6370,O003414,P0046,4,0.2
6371,O003414,P0059,4,0.2
6372,O003415,P0051,1,0.2
6373,O003415,P0049,5,0.1
6374,O003415,P0038,1,0.0
6375,O003416,P0043,2,0.0
6376,O003417,P0029,1,0.2
6377,O003418,P0044,2,0.0
6378,O003419,P0005,3,0.0
6379,O003419,P0048,2,0.0
6380,O003420,P0051,1,0.0
6381,O003421,P0020,1,0.3
6382,O003422,P0055,2,0.1
6383,O003422,P0004,4,0.0
6384,O003423,P0049,1,0.0
6385,O003424,P0039,1,0.2
6386,O003425,P0043,1,0.0
6387,O003425,P0055,1,0.0
6388,O003425,P0041,1,0.0
6389,O003426,P0027,1,0.1
6390,O003426,P0015,2,0.0
6391,O003427,P0036,1,0.0
6392,O003428,P0002,1,0.2
6393,O003428,P0001,1,0.2
6394,O003428,P0013,3,0.05
6395,O003429,P0007,3,0.0
6396,O003430,P0036,1,0.1
6397,O003431,P0050,3,0.3
6398,O003431,P0015,2,0.0
6399,O003432,P0032,3,0.05
6400,O003433,P0038,4,0.0
6401,O003434,P0052,2,0.0
6402,O003434,P0032,1,0.4
6403,O003434,P0021,1,0.05
6404,O003435,P0044,3,0.0
6405,O003436,P0003,2,0.0
6406,O003437,P0025,3,0.4
6407,O003437,P0060,1,0.4
6408,O003437,P0032,1,0.3
6409,O003437,P0016,3,0.2
6410,O003438,P0006,3,0.0
6411,O003438,P0030,1,0.4
6412,O003439,P0023,1,0.0
6413,O003439,P0015,4,0.3
6414,O003440,P0051,2,0.0
6415,O003441,P0026,1,0.05
6416,O003441,P0050,1,0.05
6417,O003442,P0042,1,0.0
6418,O003443,P0021,2,0.3
6419,O003443,P0020,2,0.4
6420,O003444,P0024,3,0.4
6421,O003444,P0033,1,0.0
6422,O003445,P0048,2,0.1
6423,O003446,P0020,1,0.1
6424,O003447,P0027,1,0.05
6425,O003448,P0043,1,0.05
6426,O003449,P0041,1,0.0
6427,O003449,P0029,2,0.0
6428,O003449,P0055,2,0.05
6429,O003450,P0059,1,0.1
6430,O003450,P0048,1,0.05
6431,O003451,P0014,2,0.2
6432,O003452,P0057,1,0.2
6433,O003453,P0043,2,0.3
6434,O003454,P0060,1,0.0
6435,O003455,P0043,2,0.1
6436,O003455,P0009,3,0.4
6437,O003455,P0013,1,0.2
6438,O003455,P0049,2,0.1
6439,O003456,P0031,1,0.2
6440,O003457,P0049,2,0.0
6441,O003458,P0001,2,0.0
6442,O003459,P0058,3,0.05
6443,O003459,P0010,3,0.0
6444,O003460,P0027,1,0.1
6445,O003460,P0038,1,0.4
6446,O003461,P0018,4,0.2
6447,O003461,P0024,2,0.0
6448,O003461,P0004,1,0.0
6449,O003462,P0005,1,0.1
6450,O003463,P0009,1,0.0
6451,O003463,P0051,2,0.0
6452,O003463,P0014,2,0.0
6453,O003463,P0053,2,0.0
6454,O003464,P0046,2,0.0
6455,O003464,P0004,1,0.3
6456,O003464,P0035,1,0.3
6457,O003464,P0037,2,0.0
6458,O003465,P0045,3,0.05
6459,O003466,P0043,2,0.4
6460,O003466,P0031,2,0.0
6461,O003466,P0017,1,0.05
6462,O003466,P0050,1,0.4
6463,O003467,P0050,1,0.1
6464,O003467,P0053,1,0.0
6465,O003467,P0040,1,0.0
6466,O003467,P0049,2,0.2
6467,O003468,P0010,4,0.0
6468,O003469,P0041,2,0.0
6469,O003469,P0060,1,0.2
6470,O003469,P0004,2,0.0
6471,O003470,P0006,1,0.0
6472,O003471,P0051,1,0.2
6473,O003471,P0017,1,0.0
6474,O003471,P0001,3,0.1
6475,O003471,P0044,3,0.2
6476,O003472,P0019,2,0.05
6477,O003472,P0030,3,0.1
6478,O003473,P0011,3,0.2
6479,O003473,P0030,4,0.1
6480,O003473,P0047,3,0.2
6481,O003474,P0010,2,0.0
6482,O003475,P0034,1,0.0
6483,O003475,P0024,1,0.2
6484,O003476,P0030,1,0.0
6485,O003476,P0021,2,0.2
6486,O003477,P0016,1,0.05
6487,O003477,P0054,4,0.1
6488,O003478,P0058,1,0.05
6489,O003479,P0047,1,0.3
6490,O003480,P0041,5,0.2
6491,O003480,P0019,2,0.2
6492,O003481,P0026,1,0.0
6493,O003482,P0002,1,0.0
6494,O003483,P0038,3,0.0
6495,O003483,P0044,4,0.0
6496,O003484,P0048,1,0.1
6497,O003484,P0003,1,0.2
6498,O003485,P0053,3,0.05
6499,O003486,P0020,2,0.0
6500,O003487,P0057,1,0.3
6501,O003487,P0054,1,0.05
6502,O003487,P0010,2,0.05
6503,O003488,P0033,1,0.2
6504,O003489,P0043,3,0.1
6505,O003490,P0060,3,0.1
6506,O003490,P0018,5,0.0
6507,O003490,P0025,2,0.4
6508,O003491,P0048,1,0.3
6509,O003492,P0015,1,0.3
6510,O003493,P0043,1,0.2
6511,O003493,P0055,1,0.2
6512,O003494,P0004,1,0.05
6513,O003495,P0029,3,0.3
6514,O003496,P0060,4,0.0
6515,O003496,P0050,4,0.1
6516,O003496,P0041,5,0.2
6517,O003497,P0045,1,0.3
6518,O003498,P0031,2,0.0
6519,O003498,P0016,1,0.05
6520,O003498,P0021,5,0.0
6521,O003498,P0023,3,0.2
6522,O003499,P0045,1,0.0
6523,O003500,P0055,2,0.1
6524,O003501,P0003,2,0.05
6525,O003502,P0057,1,0.05
6526,O003503,P0015,1,0.0
6527,O003503,P0031,1,0.1
6528,O003504,P0017,2,0.1
6529,O003504,P0039,1,0.05
6530,O003505,P0018,3,0.1
6531,O003505,P0013,3,0.2
6532,O003506,P0040,1,0.0
6533,O003506,P0004,1,0.0
6534,O003506,P0035,2,0.05
6535,O003506,P0045,1,0.05
6536,O003507,P0032,1,0.0
6537,O003507,P0050,4,0.0
6538,O003508,P0034,1,0.0
6539,O003509,P0049,1,0.3
6540,O003509,P0020,1,0.05
6541,O003510,P0029,1,0.0
6542,O003510,P0031,4,0.3
6543,O003510,P0031,2,0.0
6544,O003510,P0016,1,0.3
6545,O003511,P0020,2,0.2
6546,O003512,P0013,2,0.2
6547,O003512,P0028,5,0.1
6548,O003512,P0047,2,0.3
6549,O003513,P0026,3,0.4
6550,O003514,P0030,2,0.2
6551,O003515,P0023,1,0.0
6552,O003515,P0025,1,0.0
6553,O003516,P0042,1,0.05
6554,O003516,P0011,1,0.3
6555,O003516,P0029,3,0.0
6556,O003517,P0016,2,0.4
6557,O003517,P0004,2,0.0
6558,O003517,P0029,1,0.0
6559,O003517,P0031,2,0.1
6560,O003518,P0048,1,0.1
6561,O003519,P0006,5,0.0
6562,O003520,P0026,1,0.1
6563,O003520,P0032,2,0.2
6564,O003521,P0034,1,0.0
6565,O003522,P0028,2,0.0
6566,O003522,P0016,2,0.0
6567,O003523,P0020,1,0.3
6568,O003523,P0058,3,0.0
6569,O003523,P0051,1,0.2
6570,O003523,P0034,4,0.1
6571,O003524,P0001,1,0.05
6572,O003524,P0044,2,0.2
6573,O003525,P0001,1,0.0
6574,O003525,P0009,2,0.0
6575,O003526,P0010,3,0.05
6576,O003527,P0054,1,0.1
6577,O003527,P0004,1,0.1
6578,O003528,P0017,3,0.0
6579,O003529,P0025,1,0.0
6580,O003530,P0055,1,0.1
6581,O003530,P0031,5,0.0
6582,O003531,P0019,2,0.0
6583,O003532,P0051,1,0.2
6584,O003533,P0015,1,0.05
6585,O003533,P0019,1,0.05
6586,O003533,P0037,4,0.0
6587,O003534,P0032,2,0.2
6588,O003535,P0017,1,0.0
6589,O003536,P0017,1,0.0
6590,O003536,P0029,1,0.4
6591,O003536,P0009,1,0.3
6592,O003537,P0030,1,0.0
6593,O003537,P0032,1,0.0
6594,O003537,P0058,1,0.2
6595,O003537,P0015,1,0.1
6596,O003538,P0023,1,0.0
6597,O003538,P0012,1,0.1
6598,O003538,P0040,1,0.2
6599,O003539,P0060,1,0.0
6600,O003540,P0021,2,0.2
6601,O003540,P0021,1,0.2
6602,O003541,P0038,2,0.05
6603,O003542,P0016,5,0.0
6604,O003543,P0039,1,0.0
6605,O003543,P0054,1,0.0
6606,O003544,P0019,1,0.05
6607,O003544,P0011,1,0.05
6608,O003544,P0013,2,0.05
6609,O003545,P0032,1,0.0
6610,O003545,P0039,1,0.0
6611,O003546,P0008,1,0.05
6612,O003547,P0029,4,0.3
6613,O003548,P0057,5,0.0
6614,O003548,P0040,2,0.1
6615,O003548,P0033,1,0.1
6616,O003548,P0029,5,0.05
6617,O003549,P0053,1,0.2
6618,O003550,P0003,1,0.2
6619,O003550,P0016,3,0.2
6620,O003551,P0027,5,0.3
6621,O003551,P0046,1,0.4
6622,O003552,P0008,1,0.2
6623,O003552,P0003,1,0.0
6624,O003553,P0039,3,0.3
6625,O003553,P0056,1,0.0
6626,O003553,P0048,1,0.0
6627,O003554,P0049,1,0.2
6628,O003554,P0008,3,0.0
6629,O003554,P0034,1,0.05
6630,O003555,P0003,2,0.0
6631,O003555,P0056,1,0.2
6632,O003555,P0042,1,0.0
6633,O003556,P0023,1,0.0
6634,O003557,P0036,1,0.0
6635,O003557,P0001,1,0.05
6636,O003558,P0007,1,0.4
6637,O003559,P0049,2,0.0
6638,O003559,P0050,2,0.05
6639,O003560,P0032,1,0.0
6640,O003561,P0007,1,0.05
6641,O003562,P0011,1,0.1
6642,O003563,P0047,1,0.0
6643,O003563,P0048,1,0.0
6644,O003563,P0019,2,0.1
6645,O003564,P0012,4,0.0
6646,O003565,P0058,1,0.2
6647,O003565,P0029,1,0.0
6648,O003566,P0045,1,0.05
6649,O003566,P0048,1,0.0
6650,O003567,P0054,2,0.05
6651,O003567,P0019,2,0.0
6652,O003568,P0002,1,0.2
6653,O003569,P0004,3,0.0
6654,O003569,P0047,2,0.1
6655,O003569,P0051,3,0.0
6656,O003570,P0047,3,0.0
6657,O003571,P0036,5,0.0
6658,O003572,P0059,1,0.0
6659,O003573,P0037,3,0.0
6660,O003574,P0014,2,0.0
6661,O003575,P0027,1,0.0
6662,O003575,P0015,1,0.0
6663,O003575,P0050,3,0.3
6664,O003576,P0055,1,0.4
6665,O003576,P0056,1,0.1
6666,O003577,P0043,2,0.2
6667,O003577,P0027,3,0.3
6668,O003578,P0057,1,0.1
6669,O003578,P0055,1,0.05
6670,O003579,P0034,1,0.1
6671,O003580,P0002,3,0.0
6672,O003580,P0012,2,0.2
6673,O003580,P0020,1,0.2
6674,O003581,P0055,1,0.0
6675,O003581,P0023,1,0.1
6676,O003581,P0047,1,0.05
6677,O003582,P0020,1,0.2
6678,O003583,P0012,1,0.1
6679,O003583,P0010,1,0.05
6680,O003584,P0012,1,0.1
6681,O003585,P0045,1,0.1
6682,O003585,P0018,3,0.0
6683,O003585,P0024,5,0.0
6684,O003586,P0050,2,0.0
6685,O003587,P0024,2,0.1
6686,O003588,P0051,2,0.2
6687,O003588,P0025,3,0.05
6688,O003589,P0052,3,0.05
6689,O003589,P0016,1,0.05
6690,O003589,P0021,1,0.0
6691,O003590,P0057,2,0.1
6692,O003591,P0005,2,0.0
6693,O003591,P0058,2,0.1
6694,O003592,P0048,1,0.05
6695,O003592,P0046,1,0.0
6696,O003592,P0047,1,0.0
6697,O003593,P0046,1,0.05
6698,O003593,P0046,3,0.1
6699,O003593,P0053,1,0.3
6700,O003594,P0033,1,0.0
6701,O003595,P0038,1,0.05
6702,O003595,P0037,4,0.05
6703,O003595,P0036,1,0.0
6704,O003596,P0024,1,0.0
6705,O003596,P0025,1,0.0
6706,O003596,P0009,4,
6707,O003597,P0017,4,0.3
6708,O003598,P0027,1,0.1
6709,O003598,P0046,1,0.1
6710,O003598,P0039,2,0.1
6711,O003598,P0015,1,0.05
6712,O003599,P0013,1,0.1
6713,O003600,P0045,1,0.0
6714,O003601,P0002,3,0.2
6715,O003602,P0058,1,0.0
6716,O003603,P0035,5,0.0
6717,O003603,P0047,1,0.2
6718,O003603,P0047,2,0.05
6719,O003604,P0055,5,0.0
6720,O003604,P0042,4,0.2
6721,O003604,P0030,2,0.3
6722,O003605,P0030,1,0.0
6723,O003605,P0038,1,0.0
6724,O003606,P0018,1,0.0
6725,O003606,P0008,1,0.05
6726,O003607,P0020,4,0.1
6727,O003608,P0006,3,0.1
6728,O003608,P0021,5,0.1
6729,O003608,P0001,3,0.3
6730,O003609,P0055,1,0.05
6731,O003609,P0010,5,0.3
6732,O003610,P0056,3,0.05
6733,O003611,P0047,1,0.0
6734,O003611,P0026,1,0.0
6735,O003612,P0025,2,0.0
6736,O003612,P0013,1,0.0
6737,O003613,P0055,3,0.1
6738,O003614,P0050,2,0.2
6739,O003614,P0053,1,0.2
6740,O003615,P0033,4,0.3
6741,O003615,P0041,4,
6742,O003616,P0024,2,0.2
6743,O003616,P0029,1,0.0
6744,O003617,P0029,1,0.0
6745,O003617,P0014,2,0.0
6746,O003618,P0039,4,0.1
6747,O003619,P0001,1,0.0
6748,O003619,P0030,3,0.0
6749,O003620,P0052,3,0.0
6750,O003621,P0034,4,0.3
6751,O003621,P0024,1,0.05
6752,O003622,P0029,2,0.4
6753,O003622,P0033,1,0.0
6754,O003622,P0035,4,0.0
6755,O003622,P0047,1,0.0
6756,O003623,P0038,1,0.3
6757,O003623,P0036,3,0.0
6758,O003624,P0019,1,0.0
6759,O003625,P0030,1,0.2
6760,O003625,P0021,2,0.4
6761,O003626,P0009,1,0.3
6762,O003626,P0034,1,0.05
6763,O003626,P0060,1,0.2
6764,O003627,P0021,1,0.1
6765,O003628,P0040,2,0.0
6766,O003628,P0056,2,0.0
6767,O003628,P0009,4,0.2
6768,O003629,P0013,1,0.4
6769,O003630,P0031,1,0.0
6770,O003631,P0020,2,0.0
6771,O003632,P0045,1,0.0
6772,O003632,P0020,1,0.0
6773,O003633,P0003,1,0.2
6774,O003634,P0056,1,0.0
6775,O003634,P0031,4,0.05
6776,O003634,P0012,1,0.0
6777,O003635,P0005,2,0.0
6778,O003636,P0035,3,0.2
6779,O003637,P0004,3,0.0
6780,O003638,P0045,1,0.0
6781,O003639,P0054,3,0.1
6782,O003640,P0050,4,0.1
6783,O003640,P0017,4,0.0
6784,O003640,P0055,4,0.4
6785,O003641,P0012,1,0.0
6786,O003642,P0038,1,0.1
6787,O003642,P0013,1,0.1
6788,O003643,P0030,1,0.0
6789,O003643,P0059,1,0.05
6790,O003643,P0008,1,0.1
6791,O003643,P0012,3,0.0
6792,O003644,P0016,1,0.0
6793,O003644,P0040,2,0.3
6794,O003644,P0006,2,0.05
6795,O003645,P0028,2,0.0
6796,O003645,P0014,3,0.3
6797,O003645,P0015,1,0.1
6798,O003646,P0012,2,0.05
6799,O003646,P0039,2,0.0
6800,O003647,P0008,1,0.0
6801,O003647,P0022,1,0.05
6802,O003648,P0050,2,0.2
6803,O003648,P0006,2,0.0
6804,O003648,P0052,1,0.0
6805,O003649,P0044,1,0.0
6806,O003650,P0019,1,0.0
6807,O003651,P0035,2,0.3
6808,O003651,P0055,1,0.2
6809,O003652,P0039,2,0.2
6810,O003653,P0030,1,0.2
6811,O003654,P0057,1,0.0
6812,O003654,P0021,1,0.05
6813,O003655,P0031,2,0.0
6814,O003656,P0048,3,0.3
6815,O003657,P0049,4,0.0
6816,O003657,P0042,1,0.0
6817,O003657,P0029,1,0.05
6818,O003657,P0033,1,0.05
6819,O003658,P0016,1,0.0
6820,O003658,P0044,1,0.05
6821,O003658,P0053,3,0.3
6822,O003659,P0016,1,0.0
6823,O003660,P0057,2,0.0
6824,O003660,P0004,1,0.1
6825,O003660,P0018,3,0.0
6826,O003661,P0020,4,0.0
6827,O003661,P0034,2,0.0
6828,O003662,P0034,1,0.2
6829,O003662,P0022,1,0.1
6830,O003663,P0035,1,0.0
6831,O003663,P0037,4,0.0
6832,O003664,P0015,1,0.0
6833,O003665,P0053,1,0.0
6834,O003665,P0028,3,0.1
6835,O003666,P0058,5,0.0
6836,O003666,P0012,2,0.1
6837,O003667,P0032,2,0.05
6838,O003668,P0005,2,0.3
6839,O003668,P0019,1,0.3
6840,O003668,P0039,3,0.0
6841,O003668,P0022,1,0.3
6842,O003669,P0035,1,0.4
6843,O003669,P0033,1,0.0
6844,O003670,P0021,1,0.05
6845,O003671,P0010,1,0.0
6846,O003672,P0056,1,0.1
6847,O003673,P0059,1,0.0
6848,O003673,P0012,2,0.0
6849,O003673,P0027,2,0.2
6850,O003673,P0006,1,0.05
6851,O003674,P0006,2,0.0
6852,O003674,P0003,1,0.0
6853,O003675,P0007,3,0.0
6854,O003675,P0029,2,0.3
6855,O003676,P0004,2,0.3
6856,O003677,P0035,2,0.2
6857,O003677,P0059,4,0.0
6858,O003678,P0060,1,0.0
6859,O003678,P0001,1,0.1
6860,O003679,P0039,3,0.0
6861,O003680,P0041,2,0.1
6862,O003681,P0036,3,0.0
6863,O003681,P0037,1,0.0
6864,O003681,P0001,2,0.0
6865,O003682,P0047,2,0.4
6866,O003683,P0028,1,0.0
6867,O003683,P0007,1,0.05
6868,O003684,P0003,1,0.0
6869,O003684,P0019,2,0.4
6870,O003684,P0002,1,0.05
6871,O003684,P0020,2,0.0
6872,O003685,P0004,2,0.0
6873,O003686,P0047,1,0.1
6874,O003687,P0014,2,0.05
6875,O003688,P0020,2,0.05
6876,O003689,P0012,2,0.2
6877,O003689,P0035,3,0.05
6878,O003690,P0033,3,0.0
6879,O003690,P0014,1,0.3
6880,O003690,P0044,1,0.05
6881,O003690,P0024,3,0.3
6882,O003691,P0002,1,0.1
6883,O003691,P0060,5,0.0
6884,O003692,P0018,1,0.4
6885,O003692,P0058,5,0.0
6886,O003693,P0035,1,0.2
6887,O003693,P0044,1,0.1
6888,O003694,P0010,3,0.2
6889,O003695,P0025,1,0.0
6890,O003695,P0037,3,0.0
6891,O003696,P0012,1,0.0
6892,O003696,P0030,2,0.4
6893,O003696,P0032,2,0.4
6894,O003696,P0043,1,0.0
6895,O003697,P0044,1,0.2
6896,O003697,P0036,1,0.05
6897,O003697,P0004,1,0.2
6898,O003698,P0052,1,0.0
6899,O003698,P0052,1,0.0
6900,O003698,P0052,1,0.0
6901,O003699,P0047,2,0.0
6902,O003699,P0050,4,0.0
6903,O003700,P0031,1,0.05
6904,O003701,P0057,1,0.05
6905,O003701,P0015,1,0.3
6906,O003701,P0052,1,0.2
6907,O003702,P0001,2,0.0
6908,O003703,P0033,2,0.2
6909,O003704,P0014,1,0.05
6910,O003705,P0046,2,0.05
6911,O003705,P0033,1,0.0
6912,O003706,P0006,1,0.0
6913,O003706,P0025,1,0.05
6914,O003707,P0004,1,0.0
6915,O003707,P0038,2,0.1
6916,O003707,P0023,1,0.0
6917,O003707,P0053,2,0.2
6918,O003708,P0056,3,0.2
6919,O003709,P0057,1,0.2
6920,O003710,P0004,1,0.05
6921,O003711,P0032,1,0.0
6922,O003711,P0026,1,0.0
6923,O003712,P0051,3,0.0
6924,O003712,P0059,1,0.05
6925,O003712,P0018,4,0.2
6926,O003713,P0006,3,0.0
6927,O003713,P0003,3,0.05
6928,O003713,P0019,3,0.0
6929,O003713,P0007,1,0.0
6930,O003714,P0033,1,0.0
6931,O003714,P0016,1,0.2
6932,O003715,P0033,2,0.0
6933,O003716,P0028,3,0.05
6934,O003716,P0025,1,0.1
6935,O003717,P0050,1,0.1
6936,O003718,P0022,4,0.0
6937,O003718,P0018,1,0.1
6938,O003719,P0010,1,0.4
6939,O003720,P0031,1,0.0
6940,O003721,P0023,1,0.0
6941,O003722,P0056,1,0.3
6942,O003723,P0025,1,0.2
6943,O003724,P0052,1,0.2
6944,O003724,P0034,2,0.0
6945,O003724,P0009,1,0.0
6946,O003725,P0024,1,0.3
6947,O003726,P0032,1,0.05
6948,O003726,P0003,1,0.2
6949,O003726,P0022,1,0.0
6950,O003727,P0059,1,0.0
6951,O003727,P0009,1,0.0
6952,O003727,P0043,2,0.0
6953,O003728,P0028,1,0.2
6954,O003729,P0030,4,0.0
6955,O003729,P0001,1,0.0
6956,O003729,P0056,1,0.2
6957,O003729,P0035,2,0.2
6958,O003730,P0014,3,0.0
6959,O003731,P0047,2,0.0
6960,O003732,P0028,1,0.1
6961,O003732,P0060,1,0.05
6962,O003732,P0007,1,0.0
6963,O003733,P0029,1,0.0
6964,O003733,P0017,4,0.0
6965,O003734,P0029,2,0.0
6966,O003735,P0016,5,0.4
6967,O003736,P0028,4,0.4
6968,O003737,P0042,3,0.0
6969,O003738,P0007,2,0.3
6970,O003738,P0031,1,0.0
6971,O003739,P0040,2,0.2
6972,O003739,P0022,2,0.2
6973,O003740,P0003,3,0.05
6974,O003741,P0002,1,0.1
6975,O003741,P0037,3,0.0
6976,O003742,P0007,1,0.0
6977,O003743,P0032,1,0.0
6978,O003743,P0028,1,0.0
6979,O003743,P0044,5,0.0
6980,O003743,P0038,3,0.4
6981,O003744,P0004,3,0.0
6982,O003744,P0045,2,0.1
6983,O003744,P0042,1,0.0
6984,O003744,P0014,1,0.05
6985,O003745,P0012,2,0.1
6986,O003745,P0039,1,0.0
6987,O003745,P0008,4,0.2
6988,O003746,P0011,1,0.4
6989,O003746,P0042,1,0.1
6990,O003747,P0004,5,0.2
6991,O003747,P0001,2,0.3
6992,O003748,P0057,2,0.05
6993,O003748,P0011,1,0.05
6994,O003749,P0055,2,0.1
6995,O003750,P0035,2,0.0
6996,O003751,P0042,1,0.2
6997,O003751,P0007,1,0.0
6998,O003752,P0055,3,0.0
6999,O003753,P0042,3,0.1
7000,O003753,P0024,2,0.05
7001,O003754,P0024,1,0.0
7002,O003754,P0029,1,0.0
7003,O003754,P0039,2,0.4
7004,O003755,P0035,2,0.2
7005,O003756,P0015,1,0.0
7006,O003757,P0033,1,0.0
7007,O003758,P0040,1,0.1
7008,O003758,P0012,4,0.0
7009,O003758,P0030,1,0.0
7010,O003759,P0045,2,0.05
7011,O003759,P0010,2,0.0
7012,O003759,P0010,1,0.1
7013,O003759,P0026,2,0.0
7014,O003760,P0035,4,0.3
7015,O003760,P0002,1,0.05
7016,O003760,P0006,2,0.2
7017,O003761,P0006,1,0.3
7018,O003762,P0031,4,0.3
7019,O003763,P0060,1,0.0
7020,O003764,P0047,4,0.0
7021,O003765,P0011,1,0.0
7022,O003766,P0032,1,0.05
7023,O003767,P0040,1,0.2
7024,O003767,P0044,1,0.0
7025,O003768,P0051,2,0.0
7026,O003768,P0042,1,0.05
7027,O003768,P0046,2,0.0
7028,O003768,P0053,2,0.0
7029,O003769,P0005,2,0.1
7030,O003770,P0049,1,0.05
7031,O003771,P0053,2,0.1
7032,O003771,P0035,2,0.0
7033,O003772,P0046,2,0.0
7034,O003773,P0036,1,0.4
7035,O003773,P0037,2,0.0
7036,O003773,P0047,2,0.0
7037,O003773,P0031,1,0.0
7038,O003774,P0056,1,0.05
7039,O003774,P0032,1,0.0
7040,O003775,P0043,2,0.0
7041,O003775,P0040,1,0.0
7042,O003776,P0018,1,0.0
7043,O003777,P0027,2,0.0
7044,O003778,P0001,3,0.4
7045,O003779,P0004,1,0.2
7046,O003779,P0036,2,0.4
7047,O003779,P0053,2,0.0
7048,O003779,P0033,1,0.1
7049,O003780,P0007,1,0.0
7050,O003780,P0029,1,0.4
7051,O003780,P0056,1,0.05
7052,O003780,P0009,2,0.1
7053,O003781,P0046,2,0.0
7054,O003782,P0054,1,0.0
7055,O003783,P0010,1,0.0
7056,O003783,P0004,2,0.1
7057,O003784,P0010,4,0.0
7058,O003785,P0026,1,0.0
7059,O003786,P0038,3,0.1
7060,O003787,P0059,1,0.3
7061,O003787,P0033,2,0.3
7062,O003787,P0059,3,0.0
7063,O003787,P0003,2,0.05
7064,O003788,P0020,1,0.0
7065,O003789,P0014,1,0.0
7066,O003790,P0025,1,0.3
7067,O003790,P0023,1,0.1
7068,O003790,P0012,5,0.1
7069,O003790,P0001,1,0.0
7070,O003791,P0055,2,0.0
7071,O003791,P0001,3,0.0
7072,O003791,P0011,1,0.0
7073,O003792,P0008,1,0.1
7074,O003793,P0024,3,0.05
7075,O003794,P0005,1,0.0
7076,O003795,P0037,2,0.0
7077,O003796,P0047,1,0.0
7078,O003796,P0022,1,0.0
7079,O003797,P0054,2,0.0
7080,O003798,P0010,2,0.2
7081,O003798,P0057,1,0.0
7082,O003798,P0026,1,0.1
7083,O003798,P0048,1,0.0
7084,O003799,P0055,1,0.2
7085,O003799,P0021,3,0.0
7086,O003800,P0044,2,0.0
7087,O003801,P0023,1,0.0
7088,O003801,P0028,2,0.0
7089,O003801,P0050,1,0.1
7090,O003802,P0028,1,0.0
7091,O003802,P0002,2,0.0
7092,O003802,P0041,1,0.1
7093,O003803,P0030,1,0.1
7094,O003803,P0024,1,0.05
7095,O003804,P0033,1,0.0
7096,O003804,P0028,2,0.3
7097,O003805,P0060,2,0.2
7098,O003805,P0049,1,0.3
7099,O003805,P0035,2,0.0
7100,O003805,P0026,1,0.0
7101,O003806,P0036,4,0.2
7102,O003807,P0036,2,0.05
7103,O003808,P0017,1,0.2
7104,O003809,P0055,4,0.1
7105,O003810,P0021,1,0.0
7106,O003810,P0005,3,0.1
7107,O003811,P0018,1,0.1
7108,O003812,P0023,3,0.1
7109,O003813,P0040,2,0.3
7110,O003814,P0020,1,0.05
7111,O003815,P0045,1,0.0
7112,O003816,P0018,3,0.3
7113,O003816,P0006,1,0.0
7114,O003817,P0029,2,0.0
7115,O003818,P0002,1,0.1
7116,O003819,P0011,2,0.0
7117,O003819,P0037,2,0.2
7118,O003819,P0025,2,0.0
7119,O003819,P0045,1,0.0
7120,O003820,P0037,4,0.0
7121,O003820,P0054,1,0.0
7122,O003820,P0044,3,0.2
7123,O003820,P0029,3,0.0
7124,O003821,P0018,5,0.2
7125,O003821,P0015,1,0.1
7126,O003822,P0035,1,0.0
7127,O003822,P0045,2,0.0
7128,O003822,P0023,2,0.0
7129,O003822,P0034,1,0.2
7130,O003823,P0059,1,0.0
7131,O003823,P0010,1,0.05
7132,O003823,P0054,1,0.0
7133,O003823,P0017,2,0.4
7134,O003824,P0034,1,0.05
7135,O003824,P0056,1,0.0
7136,O003825,P0005,1,0.0
7137,O003826,P0007,1,0.3
7138,O003827,P0050,3,0.0
7139,O003827,P0038,1,0.0
7140,O003827,P0021,1,0.0
7141,O003828,P0046,1,0.0
7142,O003828,P0041,2,0.1
7143,O003829,P0039,2,0.0
7144,O003829,P0049,1,0.0
7145,O003830,P0016,2,0.05
7146,O003831,P0053,2,0.0
7147,O003832,P0024,1,0.0
7148,O003833,P0036,1,0.0
7149,O003834,P0036,1,0.0
7150,O003834,P0017,1,0.2
7151,O003835,P0019,2,0.1
7152,O003835,P0041,1,0.1
7153,O003835,P0022,1,0.2
7154,O003836,P0026,1,0.3
7155,O003836,P0026,1,0.05
7156,O003836,P0033,3,0.4
7157,O003837,P0002,2,0.0
7158,O003837,P0021,2,0.4
7159,O003838,P0029,1,0.05
7160,O003838,P0029,1,0.4
7161,O003838,P0020,3,0.0
7162,O003839,P0013,4,0.05
7163,O003839,P0004,1,0.0
7164,O003840,P0038,1,0.1
7165,O003840,P0050,1,0.2
7166,O003841,P0024,5,0.0
7167,O003841,P0055,1,0.3
7168,O003841,P0019,2,0.3
7169,O003842,P0006,1,0.0
7170,O003842,P0015,1,0.4
7171,O003842,P0053,3,0.0
7172,O003843,P0011,1,0.05
7173,O003843,P0050,1,0.4
7174,O003844,P0041,1,0.0
7175,O003844,P0011,1,0.0
7176,O003845,P0019,3,0.4
7177,O003846,P0037,1,0.05
7178,O003847,P0048,1,0.0
7179,O003848,P0004,3,0.0
7180,O003848,P0029,2,0.0
7181,O003849,P0015,1,0.2
7182,O003850,P0019,2,0.0
7183,O003850,P0011,2,0.0
7184,O003851,P0014,1,0.3
7185,O003852,P0024,1,0.3
7186,O003853,P0003,1,0.4
7187,O003854,P0056,1,0.0
7188,O003854,P0033,3,0.1
7189,O003854,P0022,1,0.0
7190,O003855,P0022,2,0.0
7191,O003855,P0044,3,0.1
7192,O003856,P0036,4,0.0
7193,O003857,P0054,2,0.05
7194,O003857,P0014,1,0.05
7195,O003858,P0047,1,0.0
7196,O003858,P0026,5,0.0
7197,O003859,P0046,3,0.05
7198,O003859,P0018,2,0.1
7199,O003860,P0006,2,0.1
7200,O003860,P0058,2,0.05
7201,O003861,P0046,4,0.4
7202,O003861,P0037,1,0.1
7203,O003862,P0003,2,0.3
7204,O003863,P0051,2,0.0
7205,O003863,P0032,1,0.05
7206,O003864,P0037,1,0.2
7207,O003865,P0022,3,0.0
7208,O003865,P0016,1,0.0
7209,O003866,P0020,2,0.1
7210,O003867,P0051,1,0.1
7211,O003867,P0004,2,0.05
7212,O003868,P0045,1,0.0
7213,O003869,P0034,2,0.05
7214,O003869,P0021,1,0.1
7215,O003870,P0016,1,0.2
7216,O003871,P0059,1,0.05
7217,O003872,P0011,1,0.2
7218,O003873,P0021,1,0.0
7219,O003873,P0003,1,0.1
7220,O003874,P0060,1,0.0
7221,O003875,P0053,1,0.1
7222,O003875,P0034,1,0.3
7223,O003875,P0017,4,0.2
7224,O003875,P0021,1,0.4
7225,O003876,P0005,1,0.1
7226,O003876,P0049,1,0.3
7227,O003876,P0009,2,0.2
7228,O003876,P0014,5,0.2
7229,O003877,P0003,2,0.0
7230,O003877,P0043,5,0.0
7231,O003877,P0018,1,0.05
7232,O003878,P0048,5,0.0
7233,O003878,P0034,1,0.05
7234,O003879,P0031,1,0.1
7235,O003879,P0040,3,0.1
7236,O003880,P0050,2,0.1
7237,O003881,P0020,2,0.1
7238,O003881,P0043,3,0.05
7239,O003881,P0013,3,0.1
7240,O003882,P0009,1,0.0
7241,O003882,P0036,1,0.0
7242,O003883,P0047,1,0.05
7243,O003883,P0024,1,0.4
7244,O003884,P0008,5,0.05
7245,O003884,P0003,1,0.0
7246,O003885,P0049,1,0.4
7247,O003886,P0024,2,0.0
7248,O003886,P0036,4,0.1
7249,O003887,P0058,1,0.1
7250,O003888,P0028,4,0.3
7251,O003888,P0038,1,0.3
7252,O003889,P0006,1,0.05
7253,O003889,P0037,2,0.3
7254,O003890,P0028,1,0.0
7255,O003890,P0058,2,0.05
7256,O003891,P0058,4,0.05
7257,O003892,P0012,1,0.0
7258,O003892,P0011,1,0.4
7259,O003892,P0059,3,0.2
7260,O003892,P0025,1,0.05
7261,O003893,P0019,1,0.2
7262,O003893,P0037,2,0.4
7263,O003893,P0018,1,0.0
7264,O003894,P0040,5,0.0
7265,O003894,P0016,1,0.0
7266,O003894,P0010,1,0.0
7267,O003895,P0055,4,0.0
7268,O003896,P0030,1,0.1
7269,O003896,P0001,1,0.2
7270,O003897,P0057,1,0.0
7271,O003898,P0024,2,0.0
7272,O003899,P0019,1,0.0
7273,O003899,P0039,2,0.3
7274,O003899,P0030,3,0.05
7275,O003900,P0030,5,0.0
7276,O003900,P0018,1,0.0
7277,O003900,P0031,1,0.0
7278,O003900,P0036,1,0.05
7279,O003901,P0036,4,0.05
7280,O003901,P0058,2,0.1
7281,O003902,P0051,2,0.0
7282,O003902,P0045,3,0.1
7283,O003902,P0025,2,0.0
7284,O003903,P0010,2,0.1
7285,O003904,P0045,1,0.0
7286,O003904,P0059,1,0.4
7287,O003904,P0016,1,0.1
7288,O003904,P0024,1,0.1
7289,O003905,P0048,1,0.0
7290,O003905,P0044,1,0.0
7291,O003905,P0041,1,0.05
7292,O003906,P0024,1,0.0
7293,O003907,P0012,1,0.05
7294,O003907,P0043,2,0.1
7295,O003908,P0032,2,0.2
7296,O003908,P0047,4,0.2
7297,O003908,P0023,3,0.0
7298,O003908,P0037,4,0.0
7299,O003909,P0014,3,0.0
7300,O003910,P0010,2,0.0
7301,O003910,P0024,1,0.1
7302,O003911,P0054,1,0.0
7303,O003911,P0051,2,0.2
7304,O003911,P0009,1,0.0
7305,O003912,P0040,1,0.0
7306,O003912,P0043,1,0.0
7307,O003913,P0019,3,0.05
7308,O003913,P0037,1,0.0
7309,O003914,P0056,3,0.0
7310,O003914,P0038,1,0.3
7311,O003914,P0052,1,0.05
7312,O003915,P0021,1,0.1
7313,O003915,P0025,3,0.2
7314,O003916,P0026,1,0.05
7315,O003916,P0019,1,0.0
7316,O003917,P0048,3,0.4
7317,O003917,P0010,1,0.0
7318,O003917,P0030,2,0.2
7319,O003918,P0030,3,0.0
7320,O003919,P0026,5,0.05
7321,O003920,P0048,3,0.05
7322,O003920,P0058,2,0.1
7323,O003920,P0044,1,0.1
7324,O003921,P0056,1,0.1
7325,O003921,P0017,1,0.0
7326,O003921,P0015,2,0.0
7327,O003922,P0002,1,0.0
7328,O003922,P0023,2,0.0
7329,O003923,P0024,3,0.1
7330,O003923,P0049,2,0.05
7331,O003924,P0038,5,0.2
7332,O003924,P0004,2,0.1
7333,O003925,P0034,1,0.0
7334,O003925,P0006,3,0.1
7335,O003926,P0035,3,0.2
7336,O003927,P0020,1,0.05
7337,O003927,P0049,1,0.0
7338,O003927,P0035,1,0.1
7339,O003928,P0043,1,0.05
7340,O003929,P0010,3,0.0
7341,O003929,P0047,1,0.1
7342,O003930,P0034,1,0.2
7343,O003930,P0027,4,0.2
7344,O003930,P0001,1,0.1
7345,O003931,P0017,1,0.1
7346,O003931,P0059,2,0.0
7347,O003932,P0002,2,0.3
7348,O003932,P0045,4,0.2
7349,O003932,P0008,4,0.0
7350,O003933,P0010,5,0.0
7351,O003933,P0033,3,0.0
7352,O003934,P0012,1,0.1
7353,O003935,P0021,4,0.2
7354,O003935,P0024,2,0.0
7355,O003936,P0022,4,0.0
7356,O003936,P0016,3,0.3
7357,O003936,P0057,1,0.0
7358,O003937,P0014,2,0.0
7359,O003938,P0039,1,0.2
7360,O003939,P0026,1,0.0
7361,O003940,P0048,1,0.0
7362,O003941,P0009,2,0.1
7363,O003942,P0038,1,0.0
7364,O003942,P0042,2,0.05
7365,O003942,P0018,3,0.0
7366,O003943,P0011,2,0.4
7367,O003944,P0006,1,0.0
7368,O003944,P0059,1,0.05
7369,O003944,P0008,1,0.0
7370,O003945,P0047,1,0.0
7371,O003945,P0058,1,0.2
7372,O003945,P0057,1,0.0
7373,O003945,P0044,1,0.0
7374,O003946,P0012,2,0.0
7375,O003946,P0002,2,0.0
7376,O003947,P0013,5,0.3
7377,O003948,P0053,2,0.0
7378,O003949,P0015,1,0.0
7379,O003949,P0020,1,0.0
7380,O003949,P0033,2,0.3
7381,O003950,P0043,1,0.3
7382,O003951,P0039,1,0.0
7383,O003952,P0048,2,0.0
7384,O003952,P0004,2,0.4
7385,O003952,P0043,2,0.0
7386,O003953,P0017,1,0.0
7387,O003953,P0010,1,0.0
7388,O003954,P0048,2,0.4
7389,O003955,P0019,4,0.1
7390,O003955,P0046,2,0.05
7391,O003955,P0004,1,0.05
7392,O003956,P0057,1,0.2
7393,O003956,P0044,2,0.2
7394,O003956,P0051,1,0.3
7395,O003957,P0056,2,0.1
7396,O003958,P0003,2,0.2
7397,O003958,P0038,3,0.0
7398,O003959,P0037,4,0.3
7399,O003959,P0035,4,0.0
7400,O003959,P0022,1,0.0
7401,O003959,P0005,5,0.05
7402,O003960,P0056,2,0.0
7403,O003960,P0012,1,0.1
7404,O003960,P0040,1,0.0
7405,O003961,P0021,3,0.1
7406,O003961,P0028,1,0.2
7407,O003962,P0059,1,0.0
7408,O003963,P0045,4,0.0
7409,O003963,P0012,2,0.0
7410,O003964,P0060,2,0.05
7411,O003964,P0003,3,0.2
7412,O003965,P0008,3,0.0
7413,O003965,P0024,2,0.0
7414,O003965,P0030,2,0.0
7415,O003966,P0035,3,0.0
7416,O003966,P0008,4,0.1
7417,O003966,P0053,1,0.1
7418,O003967,P0026,3,0.2
7419,O003968,P0019,1,0.05
7420,O003968,P0017,1,0.1
7421,O003969,P0036,1,0.05
7422,O003969,P0030,3,0.0
7423,O003970,P0050,1,0.1
7424,O003971,P0014,2,0.4
7425,O003971,P0003,1,0.0
7426,O003971,P0001,2,0.0
7427,O003972,P0057,4,0.0
7428,O003973,P0019,1,0.0
7429,O003974,P0052,3,0.2
7430,O003974,P0037,1,0.2
7431,O003975,P0028,1,0.0
7432,O003975,P0052,2,0.4
7433,O003976,P0030,1,0.3
7434,O003976,P0010,1,0.05
7435,O003976,P0034,1,0.0
7436,O003976,P0060,1,0.05
7437,O003977,P0032,3,0.0
7438,O003977,P0056,3,0.0
7439,O003978,P0043,2,0.0
7440,O003979,P0033,4,0.1
7441,O003979,P0055,4,0.0
7442,O003980,P0021,1,0.0
7443,O003981,P0057,2,0.0
7444,O003982,P0019,2,0.0
7445,O003983,P0008,3,0.4
7446,O003983,P0015,1,0.1
7447,O003984,P0049,1,0.0
7448,O003984,P0033,2,0.05
7449,O003984,P0012,1,0.0
7450,O003985,P0051,1,0.1
7451,O003986,P0011,3,0.3
7452,O003987,P0036,2,0.3
7453,O003987,P0049,1,0.4
7454,O003987,P0033,1,0.0
7455,O003988,P0033,2,0.1
7456,O003989,P0033,1,0.0
7457,O003990,P0032,1,0.4
7458,O003991,P0003,1,0.0
7459,O003991,P0056,2,0.2
7460,O003991,P0056,3,0.0
7461,O003992,P0048,2,0.3
7462,O003993,P0017,3,0.1
7463,O003994,P0029,2,0.1
7464,O003994,P0043,3,0.05
7465,O003995,P0058,2,0.3
7466,O003996,P0031,1,0.0
7467,O003997,P0037,1,0.1
7468,O003997,P0030,2,0.05
7469,O003997,P0042,2,0.0
7470,O003998,P0026,2,0.0
7471,O003999,P0048,2,0.2
7472,O004000,P0022,1,0.0
7473,O004000,P0053,1,0.2
7474,O004000,P0059,1,0.05
7475,O004001,P0042,2,0.0
7476,O004001,P0029,1,0.05
7477,O004002,P0013,1,0.4
7478,O004002,P0033,1,0.0
7479,O004002,P0026,3,0.0
7480,O004003,P0005,1,0.0
7481,O004004,P0012,1,0.05
7482,O004005,P0003,1,0.0
7483,O004006,P0003,1,0.0
7484,O004006,P0037,1,0.3
7485,O004007,P0058,4,0.0
7486,O004007,P0032,2,0.1
7487,O004007,P0020,2,0.05
7488,O004007,P0027,3,0.0
7489,O004008,P0040,1,0.0
7490,O004009,P0023,1,0.1
7491,O004010,P0032,1,0.05
7492,O004010,P0022,1,0.0
7493,O004011,P0056,1,0.3
7494,O004011,P0011,2,0.4
7495,O004012,P0022,2,0.2
7496,O004012,P0006,4,0.05
7497,O004013,P0058,1,0.0
7498,O004014,P0039,1,0.0
7499,O004015,P0012,2,0.2
7500,O004015,P0040,1,0.05
7501,O004015,P0055,1,0.0
7502,O004015,P0043,2,0.2
7503,O004016,P0026,2,0.3
7504,O004017,P0038,1,0.1
7505,O004017,P0009,1,0.2
7506,O004017,P0058,2,0.0
7507,O004018,P0056,1,0.2
7508,O004018,P0026,2,0.3
7509,O004019,P0040,1,0.2
7510,O004020,P0047,3,0.05
7511,O004020,P0003,5,0.0
7512,O004020,P0008,1,0.0
7513,O004021,P0056,3,0.05
7514,O004021,P0050,2,0.3
7515,O004022,P0031,4,0.4
7516,O004022,P0022,2,0.05
7517,O004023,P0050,1,0.4
7518,O004023,P0047,2,0.1
7519,O004023,P0060,1,0.0
7520,O004023,P0025,1,0.05
7521,O004024,P0059,1,0.0
7522,O004024,P0028,3,0.2
7523,O004025,P0047,1,0.1
7524,O004026,P0014,3,0.3
7525,O004026,P0002,1,0.0
7526,O004026,P0046,1,0.0
7527,O004027,P0002,1,0.0
7528,O004028,P0009,2,0.0
7529,O004028,P0008,2,0.4
7530,O004028,P0015,1,0.2
7531,O004029,P0055,2,0.0
7532,O004029,P0048,1,0.1
7533,O004029,P0011,2,0.0
7534,O004029,P0058,1,0.0
7535,O004030,P0024,1,0.05
7536,O004030,P0006,1,0.0
7537,O004030,P0031,2,0.0
7538,O004030,P0005,1,0.05
7539,O004031,P0059,2,0.05
7540,O004031,P0041,3,0.0
7541,O004032,P0053,1,0.0
7542,O004033,P0043,3,0.2
7543,O004034,P0029,1,0.0
7544,O004035,P0019,1,0.1
7545,O004036,P0026,1,0.1
7546,O004036,P0003,1,0.0
7547,O004036,P0044,2,0.0
7548,O004036,P0011,1,0.1
7549,O004037,P0050,1,0.0
7550,O004038,P0054,4,0.0
7551,O004039,P0056,5,0.4
7552,O004040,P0019,1,0.0
7553,O004040,P0031,1,0.3
7554,O004041,P0004,1,0.2
7555,O004041,P0056,2,0.0
7556,O004042,P0005,1,0.0
7557,O004043,P0045,1,0.2
7558,O004043,P0056,1,0.0
7559,O004043,P0056,1,0.0
7560,O004043,P0014,2,0.1
7561,O004044,P0021,2,0.3
7562,O004045,P0027,1,0.3
7563,O004046,P0020,1,0.3
7564,O004046,P0048,4,0.0
7565,O004047,P0004,1,0.0
7566,O004048,P0034,1,0.2
7567,O004049,P0056,2,0.1
7568,O004050,P0018,1,0.0
7569,O004051,P0059,1,0.3
7570,O004051,P0016,1,0.3
7571,O004051,P0018,1,0.3
7572,O004052,P0045,3,0.0
7573,O004053,P0001,1,0.0
7574,O004054,P0008,1,0.0
7575,O004055,P0048,2,0.1
7576,O004056,P0042,1,0.0
7577,O004056,P0046,1,0.1
7578,O004057,P0045,1,0.0
7579,O004058,P0043,2,0.2
7580,O004058,P0055,2,0.3
7581,O004059,P0007,1,0.3
7582,O004059,P0015,2,0.0
7583,O004059,P0002,1,0.2
7584,O004060,P0043,3,0.1
7585,O004060,P0054,5,0.0
7586,O004061,P0016,1,0.0
7587,O004061,P0031,2,0.3
7588,O004061,P0045,3,0.0
7589,O004062,P0050,4,0.3
7590,O004062,P0056,2,0.2
7591,O004062,P0020,1,0.2
7592,O004063,P0039,1,0.0
7593,O004064,P0056,1,0.05
7594,O004065,P0048,2,0.0
7595,O004065,P0042,1,0.4
7596,O004066,P0031,4,0.0
7597,O004067,P0019,2,0.0
7598,O004068,P0055,1,0.0
7599,O004068,P0004,1,0.0
7600,O004069,P0003,3,0.0
7601,O004070,P0017,5,0.0
7602,O004071,P0008,4,0.05
7603,O004072,P0024,1,0.0
7604,O004073,P0043,5,0.4
7605,O004073,P0041,1,0.05
7606,O004074,P0038,2,0.0
7607,O004074,P0036,4,0.0
7608,O004074,P0059,2,0.3
7609,O004074,P0001,4,0.0
7610,O004075,P0014,4,0.3
7611,O004076,P0024,2,0.3
7612,O004077,P0052,5,0.1
7613,O004077,P0006,1,0.0
7614,O004078,P0046,1,0.3
7615,O004079,P0025,1,0.1
7616,O004079,P0034,1,0.2
7617,O004080,P0050,1,0.0
7618,O004081,P0015,2,0.0
7619,O004081,P0035,4,0.1
7620,O004082,P0048,1,0.05
7621,O004082,P0025,1,0.0
7622,O004083,P0018,1,0.05
7623,O004083,P0021,1,0.0
7624,O004084,P0049,1,0.0
7625,O004085,P0015,1,0.1
7626,O004085,P0002,1,0.4
7627,O004086,P0024,1,0.3
7628,O004087,P0028,2,0.0
7629,O004088,P0032,1,0.05
7630,O004088,P0034,2,0.0
7631,O004088,P0019,1,0.0
7632,O004089,P0015,4,0.05
7633,O004089,P0016,2,0.0
7634,O004090,P0011,2,0.1
7635,O004090,P0054,1,0.2
7636,O004091,P0060,1,0.2
7637,O004091,P0019,2,0.0
7638,O004091,P0007,1,0.1
7639,O004092,P0019,2,0.05
7640,O004093,P0010,3,0.4
7641,O004094,P0018,5,0.05
7642,O004095,P0060,3,0.2
7643,O004095,P0002,3,0.0
7644,O004095,P0008,2,0.0
7645,O004095,P0007,4,0.05
7646,O004096,P0048,1,0.0
7647,O004097,P0013,3,0.2
7648,O004097,P0044,2,0.0
7649,O004097,P0003,1,0.2
7650,O004097,P0021,3,0.0
7651,O004098,P0027,2,0.1
7652,O004098,P0035,1,0.1
7653,O004099,P0001,2,0.0
7654,O004099,P0002,4,0.3
7655,O004099,P0023,1,0.3
7656,O004100,P0036,1,0.0
7657,O004101,P0024,1,0.2
7658,O004102,P0054,2,0.0
7659,O004102,P0028,4,0.0
7660,O004102,P0025,1,0.1
7661,O004103,P0046,1,0.0
7662,O004103,P0035,1,0.05
7663,O004104,P0050,2,0.05
7664,O004104,P0048,2,0.05
7665,O004104,P0052,2,0.0
7666,O004104,P0051,2,0.0
7667,O004105,P0030,2,0.0
7668,O004105,P0049,2,0.0
7669,O004106,P0012,2,0.2
7670,O004106,P0019,1,0.1
7671,O004107,P0033,5,0.05
7672,O004107,P0046,1,0.1
7673,O004108,P0019,3,0.1
7674,O004108,P0049,1,0.05
7675,O004109,P0036,2,0.1
7676,O004109,P0027,1,0.2
7677,O004109,P0058,5,0.05
7678,O004110,P0001,3,0.2
7679,O004111,P0017,2,0.1
7680,O004112,P0003,2,0.05
7681,O004113,P0040,1,0.1
7682,O004113,P0049,2,0.05
7683,O004113,P0056,2,0.2
7684,O004114,P0010,1,0.1
7685,O004115,P0052,1,0.3
7686,O004115,P0041,2,0.05
7687,O004115,P0049,1,0.05
7688,O004115,P0004,3,0.2
7689,O004116,P0014,2,0.1
7690,O004116,P0031,1,0.0
7691,O004116,P0009,1,0.4
7692,O004116,P0051,3,0.0
7693,O004117,P0049,2,0.1
7694,O004118,P0045,4,0.05
7695,O004119,P0056,3,0.1
7696,O004119,P0060,3,0.4
7697,O004120,P0049,1,0.3
7698,O004120,P0049,4,0.05
7699,O004120,P0004,2,0.05
7700,O004121,P0040,2,0.0
7701,O004122,P0049,1,0.4
7702,O004122,P0055,2,0.3
7703,O004123,P0050,2,0.05
7704,O004124,P0004,2,0.05
7705,O004124,P0019,1,0.0
7706,O004125,P0055,1,0.05
7707,O004125,P0049,1,0.0
7708,O004125,P0037,1,0.0
7709,O004126,P0005,3,0.3
7710,O004127,P0002,2,0.0
7711,O004128,P0001,2,0.0
7712,O004129,P0002,3,0.1
7713,O004129,P0046,1,0.1
7714,O004129,P0051,1,0.05
7715,O004130,P0017,2,0.0
7716,O004131,P0008,3,0.0
7717,O004132,P0036,2,0.2
7718,O004133,P0002,2,0.05
7719,O004133,P0003,3,0.3
7720,O004133,P0054,1,0.1
7721,O004134,P0016,3,0.1
7722,O004135,P0032,1,0.0
7723,O004135,P0038,1,0.0
7724,O004135,P0060,1,0.2
7725,O004136,P0016,2,0.1
7726,O004136,P0003,2,0.0
7727,O004137,P0035,1,0.0
7728,O004138,P0025,4,0.0
7729,O004138,P0003,1,0.0
7730,O004138,P0034,2,0.05
7731,O004139,P0057,2,0.05
7732,O004139,P0009,1,0.0
7733,O004140,P0009,1,0.1
7734,O004141,P0024,2,0.0
7735,O004141,P0042,3,0.0
7736,O004142,P0044,4,0.1
7737,O004143,P0012,1,0.0
7738,O004143,P0045,2,0.1
7739,O004144,P0060,4,0.1
7740,O004145,P0003,1,0.05
7741,O004146,P0028,5,0.1
7742,O004147,P0028,1,0.0
7743,O004147,P0035,3,
7744,O004147,P0058,1,0.1
7745,O004147,P0026,4,0.1
7746,O004148,P0002,1,0.0
7747,O004149,P0006,2,0.0
7748,O004149,P0008,2,0.1
7749,O004149,P0056,1,0.0
7750,O004150,P0013,1,0.0
7751,O004150,P0003,1,0.2
7752,O004150,P0032,1,0.4
7753,O004150,P0018,2,0.0
7754,O004151,P0038,1,0.2
7755,O004152,P0058,5,0.1
7756,O004152,P0013,3,0.4
7757,O004152,P0051,2,0.05
7758,O004152,P0059,2,0.0
7759,O004153,P0028,1,0.05
7760,O004154,P0050,2,0.0
7761,O004155,P0040,1,0.0
7762,O004155,P0048,1,0.0
7763,O004155,P0004,1,0.05
7764,O004155,P0026,1,0.0
7765,O004156,P0007,1,0.1
7766,O004156,P0053,1,0.2
7767,O004156,P0029,2,0.1
7768,O004156,P0051,3,0.0
7769,O004157,P0022,1,0.1
7770,O004157,P0008,1,0.0
7771,O004158,P0048,1,0.0
7772,O004159,P0059,4,0.0
7773,O004160,P0007,2,0.3
7774,O004160,P0029,1,0.0
7775,O004161,P0005,4,0.0
7776,O004162,P0025,1,0.0
7777,O004162,P0038,3,0.0
7778,O004162,P0045,5,0.0
7779,O004163,P0040,1,0.2
7780,O004163,P0012,1,0.05
7781,O004163,P0005,1,0.1
7782,O004164,P0050,1,0.0
7783,O004164,P0026,1,0.0
7784,O004165,P0016,1,0.0
7785,O004165,P0034,1,0.4
7786,O004166,P0049,4,0.3
7787,O004166,P0035,2,0.0
7788,O004167,P0025,1,0.05
7789,O004167,P0031,3,0.0
7790,O004168,P0012,4,0.0
7791,O004168,P0027,2,0.4
7792,O004168,P0027,3,0.0
7793,O004169,P0035,1,0.05
7794,O004169,P0020,3,0.0
7795,O004169,P0042,1,0.0
7796,O004169,P0045,5,0.1
7797,O004170,P0057,1,0.0
7798,O004170,P0044,1,0.4
7799,O004171,P0006,2,0.05
7800,O004172,P0004,1,0.3
7801,O004173,P0025,2,0.05
7802,O004174,P0013,2,0.05
7803,O004175,P0043,1,0.0
7804,O004175,P0025,3,0.1
7805,O004176,P0017,1,0.2
7806,O004177,P0037,1,0.0
7807,O004177,P0019,1,0.05
7808,O004178,P0003,2,0.05
7809,O004179,P0019,1,0.05
7810,O004180,P0001,1,0.0
7811,O004180,P0057,1,0.0
7812,O004181,P0057,1,0.1
7813,O004182,P0038,1,0.05
7814,O004182,P0010,1,0.4
7815,O004183,P0021,1,0.05
7816,O004183,P0053,1,0.3
7817,O004184,P0011,1,0.05
7818,O004184,P0040,2,0.0
7819,O004185,P0006,2,0.0
7820,O004185,P0028,2,0.0
7821,O004186,P0026,1,0.2
7822,O004186,P0054,4,0.0
7823,O004187,P0004,4,0.0
7824,O004188,P0046,1,0.0
7825,O004188,P0033,1,0.2
7826,O004188,P0054,1,0.0
7827,O004189,P0036,2,0.3
7828,O004189,P0014,3,0.3
7829,O004189,P0059,1,0.1
7830,O004189,P0057,1,0.1
7831,O004190,P0005,3,0.0
7832,O004190,P0015,2,0.0
7833,O004191,P0020,2,0.2
7834,O004192,P0042,3,0.2
7835,O004192,P0044,1,0.1
7836,O004192,P0056,1,0.05
7837,O004193,P0041,2,0.1
7838,O004193,P0044,1,0.3
7839,O004193,P0011,1,0.0
7840,O004194,P0013,1,0.05
7841,O004194,P0057,1,0.0
7842,O004194,P0023,1,0.05
7843,O004194,P0037,1,0.05
7844,O004195,P0012,4,0.0
7845,O004195,P0041,1,0.3
7846,O004196,P0030,1,0.0
7847,O004196,P0017,1,0.0
7848,O004196,P0007,1,0.0
7849,O004197,P0028,1,0.0
7850,O004198,P0023,1,0.0
7851,O004198,P0038,1,0.0
7852,O004198,P0055,2,0.0
7853,O004199,P0058,2,0.2
7854,O004199,P0047,1,0.0
7855,O004200,P0052,2,0.1
7856,O004201,P0025,4,0.0
7857,O004202,P0005,2,0.1
7858,O004202,P0002,2,0.2
7859,O004202,P0013,2,0.3
7860,O004202,P0036,1,0.05
7861,O004203,P0026,1,0.0
7862,O004203,P0019,1,0.1
7863,O004204,P0022,1,0.0
7864,O004204,P0011,4,0.1
7865,O004205,P0028,3,0.05
7866,O004206,P0018,2,0.0
7867,O004207,P0039,1,0.1
7868,O004207,P0053,3,0.0
7869,O004207,P0037,1,0.0
7870,O004208,P0053,2,0.0
7871,O004208,P0043,2,0.1
7872,O004208,P0032,1,0.1
7873,O004208,P0058,3,0.0
7874,O004209,P0051,1,0.2
7875,O004209,P0045,4,0.2
7876,O004209,P0020,4,0.0
7877,O004209,P0023,1,0.0
7878,O004210,P0048,2,0.1
7879,O004210,P0016,2,0.0
7880,O004210,P0008,1,0.3
7881,O004211,P0010,1,0.0
7882,O004211,P0001,1,0.2
7883,O004212,P0031,1,0.1
7884,O004213,P0010,1,0.3
7885,O004214,P0019,3,0.05
7886,O004214,P0011,3,0.0
7887,O004215,P0043,1,0.0
7888,O004216,P0006,1,0.0
7889,O004217,P0019,2,0.2
7890,O004218,P0010,1,0.0
7891,O004218,P0052,2,0.0
7892,O004218,P0015,3,0.3
7893,O004218,P0032,1,0.05
7894,O004219,P0020,3,0.0
7895,O004219,P0025,2,0.05
7896,O004220,P0004,1,0.0
7897,O004220,P0001,3,0.0
7898,O004221,P0007,1,0.2
7899,O004222,P0022,4,0.0
7900,O004222,P0052,4,0.0
7901,O004223,P0056,2,0.1
7902,O004223,P0025,1,0.0
7903,O004224,P0052,2,0.1
7904,O004225,P0008,1,0.4
7905,O004226,P0019,1,0.1
7906,O004226,P0040,3,0.0
7907,O004227,P0013,1,0.1
7908,O004227,P0009,2,0.05
7909,O004228,P0060,1,0.0
7910,O004228,P0029,1,0.0
7911,O004229,P0053,1,0.05
7912,O004229,P0017,2,0.2
7913,O004229,P0053,1,0.0
7914,O004230,P0044,3,0.3
7915,O004230,P0043,1,0.0
7916,O004230,P0052,2,0.1
7917,O004231,P0037,5,0.0
7918,O004232,P0038,1,0.0
7919,O004233,P0031,1,0.2
7920,O004233,P0043,1,0.05
7921,O004233,P0004,3,0.0
7922,O004234,P0042,2,0.3
7923,O004234,P0047,4,0.0
7924,O004235,P0047,1,0.05
7925,O004236,P0015,1,0.1
7926,O004236,P0030,1,0.0
7927,O004236,P0010,3,0.0
7928,O004237,P0044,2,0.0
7929,O004237,P0014,1,0.2
7930,O004238,P0033,1,0.0
7931,O004238,P0040,4,0.2
7932,O004239,P0012,1,0.2
7933,O004239,P0057,1,0.0
7934,O004239,P0036,1,0.0
7935,O004240,P0007,2,0.0
7936,O004241,P0024,2,0.05
7937,O004242,P0045,1,0.0
7938,O004243,P0055,1,0.0
7939,O004244,P0055,1,0.0
7940,O004244,P0054,1,0.1
7941,O004244,P0005,1,0.3
7942,O004245,P0053,2,0.0
7943,O004246,P0008,2,0.2
7944,O004246,P0039,1,
7945,O004247,P0051,4,0.2
7946,O004247,P0036,1,0.05
7947,O004248,P0005,1,0.0
7948,O004248,P0001,1,0.2
7949,O004249,P0040,4,0.2
7950,O004249,P0052,3,0.0
7951,O004250,P0058,1,0.0
7952,O004251,P0043,2,0.0
7953,O004251,P0036,3,0.3
7954,O004251,P0044,2,0.0
7955,O004251,P0019,2,0.05
7956,O004252,P0046,2,0.3
7957,O004252,P0057,1,0.0
7958,O004252,P0056,1,0.0
7959,O004253,P0028,1,0.2
7960,O004254,P0031,1,0.0
7961,O004255,P0047,3,0.0
7962,O004256,P0005,1,0.0
7963,O004256,P0025,1,0.0
7964,O004256,P0051,1,0.3
7965,O004256,P0013,1,0.3
7966,O004257,P0016,3,0.05
7967,O004257,P0006,2,0.0
7968,O004258,P0042,4,0.0
7969,O004258,P0024,1,0.1
7970,O004259,P0030,1,0.0
7971,O004259,P0040,1,0.1
7972,O004260,P0016,1,0.0
7973,O004261,P0031,2,0.2
7974,O004262,P0044,2,0.0
7975,O004263,P0018,1,0.0
7976,O004264,P0039,2,0.0
7977,O004265,P0037,1,0.05
7978,O004265,P0022,3,0.1
7979,O004265,P0001,3,0.05
7980,O004266,P0013,2,0.0
7981,O004266,P0048,1,0.1
7982,O004266,P0046,2,0.0
7983,O004266,P0006,1,0.0
7984,O004267,P0002,2,0.0
7985,O004267,P0001,3,0.0
7986,O004268,P0010,1,0.2
7987,O004268,P0017,1,0.0
7988,O004268,P0044,1,0.0
7989,O004269,P0058,2,0.0
7990,O004270,P0041,1,0.0
7991,O004270,P0053,1,0.0
7992,O004271,P0012,1,0.3
7993,O004272,P0049,1,0.2
7994,O004272,P0057,1,0.0
7995,O004273,P0056,1,0.1
7996,O004274,P0025,1,0.2
7997,O004274,P0057,1,0.0
7998,O004274,P0010,1,0.0
7999,O004275,P0023,3,0.2
8000,O004276,P0019,1,0.0
8001,O004276,P0052,2,0.0
8002,O004276,P0034,3,0.4
8003,O004276,P0054,4,0.0
8004,O004277,P0020,1,0.05
8005,O004277,P0035,2,0.0
8006,O004278,P0005,2,0.0
8007,O004279,P0015,3,0.4
8008,O004279,P0059,1,0.05
8009,O004280,P0007,1,0.4
8010,O004280,P0056,1,0.2
8011,O004280,P0037,1,0.0
8012,O004281,P0032,2,0.05
8013,O004282,P0038,2,0.0
8014,O004283,P0038,1,0.0
8015,O004284,P0040,2,0.0
8016,O004284,P0057,3,0.0
8017,O004284,P0026,5,0.3
8018,O004285,P0030,1,0.05
8019,O004285,P0048,1,0.2
8020,O004285,P0047,1,0.3
8021,O004285,P0028,1,0.3
8022,O004286,P0026,1,0.4
8023,O004286,P0004,2,0.0
8024,O004287,P0037,2,0.1
8025,O004287,P0026,1,0.2
8026,O004287,P0057,3,0.0
8027,O004288,P0005,2,0.0
8028,O004288,P0050,1,0.0
8029,O004289,P0037,2,0.05
8030,O004290,P0038,2,0.3
8031,O004291,P0012,1,0.3
8032,O004291,P0043,3,0.3
8033,O004291,P0050,1,0.05
8034,O004292,P0038,1,0.0
8035,O004293,P0047,1,0.1
8036,O004293,P0030,1,0.0
8037,O004293,P0024,1,0.0
8038,O004293,P0044,2,0.0
8039,O004294,P0019,5,0.0
8040,O004295,P0031,2,0.1
8041,O004295,P0019,2,0.2
8042,O004296,P0032,3,0.0
8043,O004297,P0028,2,0.05
8044,O004297,P0039,2,0.0
8045,O004297,P0041,2,0.0
8046,O004298,P0030,1,0.2
8047,O004299,P0013,5,0.0
8048,O004300,P0035,4,0.1
8049,O004301,P0027,2,0.2
8050,O004302,P0006,3,0.0
8051,O004303,P0023,2,0.2
8052,O004303,P0006,1,0.1
8053,O004304,P0024,1,0.05
8054,O004305,P0022,1,0.0
8055,O004305,P0031,2,0.0
8056,O004305,P0014,4,0.1
8057,O004305,P0023,1,0.05
8058,O004306,P0038,2,0.1
8059,O004306,P0035,4,0.0
8060,O004306,P0041,3,0.0
8061,O004307,P0013,1,0.0
8062,O004307,P0038,1,0.0
8063,O004308,P0022,1,0.0
8064,O004308,P0002,1,0.1
8065,O004309,P0024,4,0.2
8066,O004310,P0035,1,0.05
8067,O004310,P0038,1,0.0
8068,O004311,P0024,1,0.0
8069,O004311,P0038,1,0.0
8070,O004311,P0010,1,0.05
8071,O004312,P0050,3,0.05
8072,O004312,P0042,1,0.2
8073,O004312,P0052,3,0.0
8074,O004313,P0029,1,0.0
8075,O004314,P0016,3,0.2
8076,O004314,P0050,3,0.2
8077,O004315,P0060,1,0.4
8078,O004315,P0046,2,0.0
8079,O004316,P0001,2,0.0
8080,O004316,P0050,1,0.2
8081,O004317,P0031,2,0.1
8082,O004317,P0012,1,0.0
8083,O004318,P0050,4,0.4
8084,O004319,P0041,1,0.0
8085,O004319,P0010,1,0.1
8086,O004320,P0036,1,0.0
8087,O004320,P0023,1,0.0
8088,O004320,P0035,2,0.0
8089,O004320,P0001,5,0.05
8090,O004321,P0023,3,0.0
8091,O004322,P0017,3,0.0
8092,O004323,P0058,1,0.3
8093,O004323,P0048,2,0.0
8094,O004324,P0034,1,0.05
8095,O004325,P0011,1,0.05
8096,O004325,P0019,1,0.2
8097,O004326,P0046,4,0.1
8098,O004326,P0036,1,0.05
8099,O004326,P0036,1,0.05
8100,O004327,P0006,3,0.0
8101,O004328,P0027,1,0.0
8102,O004329,P0030,1,0.0
8103,O004329,P0035,2,0.2
8104,O004330,P0002,1,0.1
8105,O004330,P0056,1,0.3
8106,O004330,P0060,3,0.0
8107,O004331,P0051,1,0.0
8108,O004332,P0056,1,0.0
8109,O004333,P0015,1,0.2
8110,O004334,P0046,1,0.4
8111,O004334,P0044,1,0.0
8112,O004334,P0035,2,0.3
8113,O004334,P0012,2,0.2
8114,O004335,P0006,4,0.0
8115,O004335,P0051,1,0.0
8116,O004335,P0005,3,0.1
8117,O004335,P0003,1,0.0
8118,O004336,P0057,1,0.2
8119,O004337,P0037,3,0.0
8120,O004337,P0048,1,0.1
8121,O004338,P0028,1,0.3
8122,O004339,P0008,1,0.1
8123,O004339,P0002,1,0.0
8124,O004339,P0009,1,0.4
8125,O004340,P0036,3,0.0
8126,O004341,P0033,1,0.0
8127,O004341,P0037,3,0.05
8128,O004342,P0015,1,0.2
8129,O004343,P0004,3,0.0
8130,O004343,P0058,1,0.05
8131,O004344,P0035,2,0.0
8132,O004345,P0033,1,0.1
8133,O004345,P0037,2,0.4
8134,O004345,P0025,1,0.0
8135,O004345,P0054,3,0.1
8136,O004346,P0042,2,0.1
8137,O004347,P0006,2,0.0
8138,O004348,P0037,3,0.0
8139,O004349,P0015,1,0.0
8140,O004350,P0043,2,0.0
8141,O004350,P0009,1,0.1
8142,O004350,P0010,1,0.0
8143,O004350,P0050,2,0.2
8144,O004351,P0055,4,0.0
8145,O004351,P0041,1,0.0
8146,O004352,P0010,2,0.0
8147,O004352,P0036,2,0.0
8148,O004352,P0007,3,0.3
8149,O004353,P0040,2,0.05
8150,O004353,P0011,3,0.0
8151,O004353,P0009,2,0.05
8152,O004354,P0044,1,0.2
8153,O004355,P0052,1,0.0
8154,O004356,P0023,1,0.05
8155,O004356,P0037,1,0.05
8156,O004357,P0006,1,0.0
8157,O004357,P0027,1,0.0
8158,O004357,P0016,4,0.0
8159,O004358,P0031,2,0.0
8160,O004359,P0058,2,0.2
8161,O004359,P0038,2,0.1
8162,O004360,P0007,2,0.0
8163,O004360,P0047,1,0.05
8164,O004360,P0059,1,0.2
8165,O004360,P0001,5,0.05
8166,O004361,P0032,3,0.0
8167,O004362,P0052,5,0.2
8168,O004363,P0057,2,0.05
8169,O004364,P0036,1,0.0
8170,O004365,P0027,1,0.2
8171,O004365,P0016,1,0.3
8172,O004366,P0054,3,0.3
8173,O004366,P0050,3,0.0
8174,O004366,P0021,5,0.05
8175,O004367,P0003,1,0.0
8176,O004367,P0019,1,0.0
8177,O004368,P0028,3,0.05
8178,O004369,P0057,2,0.3
8179,O004369,P0019,2,0.0
8180,O004369,P0045,3,0.2
8181,O004370,P0049,4,0.4
8182,O004371,P0004,1,0.0
8183,O004371,P0048,3,0.0
8184,O004372,P0002,2,0.1
8185,O004373,P0018,1,0.0
8186,O004373,P0026,2,0.0
8187,O004373,P0025,1,0.0
8188,O004374,P0040,4,0.1
8189,O004375,P0035,1,0.0
8190,O004375,P0026,3,0.0
8191,O004376,P0042,2,0.0
8192,O004377,P0056,1,0.1
8193,O004378,P0031,1,0.0
8194,O004378,P0004,1,0.2
8195,O004378,P0035,4,0.0
8196,O004378,P0010,3,0.1
8197,O004379,P0034,2,0.2
8198,O004379,P0051,2,0.1
8199,O004380,P0051,4,0.1
8200,O004381,P0039,5,0.0
8201,O004381,P0007,4,0.0
8202,O004381,P0042,1,0.0
8203,O004382,P0040,4,0.05
8204,O004382,P0059,2,0.0
8205,O004382,P0019,4,0.05
8206,O004383,P0059,4,0.3
8207,O004384,P0028,1,0.0
8208,O004384,P0031,1,0.3
8209,O004384,P0023,2,0.3
8210,O004384,P0008,1,0.05
8211,O004385,P0039,2,0.2
8212,O004385,P0031,1,0.1
8213,O004385,P0026,1,0.0
8214,O004386,P0055,2,0.0
8215,O004387,P0041,2,0.1
8216,O004387,P0044,3,0.05
8217,O004388,P0060,1,0.0
8218,O004388,P0032,2,0.1
8219,O004388,P0015,2,0.2
8220,O004389,P0049,2,0.0
8221,O004390,P0044,1,0.0
8222,O004391,P0032,5,0.3
8223,O004392,P0037,1,0.0
8224,O004392,P0002,2,0.4
8225,O004392,P0054,2,0.0
8226,O004392,P0025,2,0.3
8227,O004393,P0021,1,0.0
8228,O004393,P0040,1,0.2
8229,O004394,P0044,2,0.0
8230,O004394,P0018,1,0.0
8231,O004395,P0048,5,0.0
8232,O004395,P0016,1,0.2
8233,O004395,P0059,4,0.1
8234,O004396,P0014,4,0.0
8235,O004397,P0036,1,0.1
8236,O004398,P0054,4,0.0
8237,O004399,P0014,2,0.2
8238,O004400,P0059,2,0.0
8239,O004400,P0003,1,0.0
8240,O004401,P0032,3,0.0
8241,O004402,P0022,1,0.0
8242,O004402,P0040,1,0.0
8243,O004403,P0005,1,0.0
8244,O004403,P0033,2,0.0
8245,O004403,P0030,2,0.1
8246,O004404,P0008,1,0.1
8247,O004405,P0005,5,0.0
8248,O004406,P0010,3,0.0
8249,O004406,P0016,2,0.0
8250,O004407,P0028,5,0.0
8251,O004408,P0027,2,0.05
8252,O004408,P0033,2,0.05
8253,O004408,P0027,3,0.3
8254,O004409,P0029,1,0.2
8255,O004410,P0020,1,0.0
8256,O004411,P0052,1,0.1
8257,O004412,P0002,1,0.1
8258,O004413,P0057,1,0.3
8259,O004413,P0038,2,0.0
8260,O004414,P0024,1,0.0
8261,O004415,P0025,4,0.1
8262,O004415,P0050,2,0.3
8263,O004415,P0022,4,0.0
8264,O004415,P0033,2,0.05
8265,O004416,P0057,4,0.05
8266,O004417,P0012,5,0.3
8267,O004418,P0015,1,0.2
8268,O004418,P0017,1,0.0
8269,O004419,P0021,1,0.3
8270,O004420,P0043,5,0.0
8271,O004420,P0053,2,0.4
8272,O004420,P0029,1,0.0
8273,O004421,P0027,1,0.05
8274,O004421,P0040,1,0.0
8275,O004422,P0037,1,0.0
8276,O004423,P0039,1,0.1
8277,O004423,P0058,2,0.0
8278,O004424,P0036,2,0.0
8279,O004425,P0038,1,0.05
8280,O004426,P0046,1,0.3
8281,O004427,P0004,1,0.05
8282,O004427,P0012,2,0.05
8283,O004427,P0003,4,0.2
8284,O004428,P0018,4,0.0
8285,O004428,P0046,1,0.0
8286,O004429,P0018,4,0.2
8287,O004430,P0003,1,0.0
8288,O004430,P0040,1,0.1
8289,O004431,P0008,4,0.0
8290,O004431,P0037,1,0.0
8291,O004432,P0050,1,0.4
8292,O004432,P0028,1,0.0
8293,O004432,P0004,1,0.1
8294,O004432,P0013,4,0.0
8295,O004433,P0057,3,0.0
8296,O004433,P0001,1,0.0
8297,O004434,P0035,1,0.0
8298,O004434,P0014,5,0.0
8299,O004434,P0028,1,0.0
8300,O004435,P0057,1,0.05
8301,O004435,P0027,1,0.0
8302,O004436,P0022,1,0.0
8303,O004436,P0047,2,0.1
8304,O004437,P0052,3,0.0
8305,O004438,P0045,4,0.0
8306,O004439,P0025,1,0.0
8307,O004440,P0050,3,0.0
8308,O004441,P0006,1,0.0
8309,O004441,P0035,1,0.0
8310,O004442,P0028,1,0.2
8311,O004443,P0013,1,0.0
8312,O004443,P0004,2,0.0
8313,O004443,P0014,2,0.1
8314,O004444,P0014,2,0.0
8315,O004444,P0044,2,0.1
8316,O004445,P0020,1,0.0
8317,O004446,P0059,4,0.3
8318,O004446,P0018,2,0.3
8319,O004446,P0056,1,0.0
8320,O004447,P0005,5,0.05
8321,O004447,P0004,1,0.0
8322,O004448,P0001,2,0.3
8323,O004448,P0051,2,0.0
8324,O004449,P0016,3,0.05
8325,O004449,P0013,1,0.3
8326,O004450,P0027,3,0.0
8327,O004450,P0047,1,0.05
8328,O004451,P0016,1,0.05
8329,O004452,P0038,2,0.2
8330,O004453,P0003,5,0.4
8331,O004454,P0006,2,0.0
8332,O004454,P0048,1,0.0
8333,O004455,P0003,5,0.05
8334,O004456,P0056,4,0.1
8335,O004456,P0038,4,0.05
8336,O004457,P0010,1,0.2
8337,O004458,P0052,3,0.0
8338,O004459,P0052,2,0.0
8339,O004460,P0045,2,0.05
8340,O004460,P0059,3,0.4
8341,O004461,P0042,1,0.1
8342,O004461,P0003,1,0.05
8343,O004461,P0022,4,0.0
8344,O004462,P0051,2,0.1
8345,O004462,P0048,1,0.2
8346,O004462,P0008,2,0.2
8347,O004463,P0007,1,0.1
8348,O004464,P0011,1,0.0
8349,O004464,P0007,1,0.0
8350,O004465,P0002,1,0.0
8351,O004465,P0019,5,0.1
8352,O004465,P0048,1,0.05
8353,O004465,P0039,1,0.1
8354,O004466,P0004,1,0.1
8355,O004466,P0046,2,0.0
8356,O004466,P0039,5,0.0
8357,O004467,P0057,2,0.3
8358,O004468,P0007,1,0.3
8359,O004469,P0024,2,0.2
8360,O004469,P0059,1,0.0
8361,O004470,P0006,1,0.05
8362,O004470,P0022,1,0.1
8363,O004471,P0014,1,0.05
8364,O004472,P0049,1,0.0
8365,O004473,P0052,1,0.2
8366,O004474,P0046,2,0.1
8367,O004475,P0016,1,0.0
8368,O004476,P0005,5,0.0
8369,O004477,P0054,1,0.2
8370,O004477,P0057,5,0.0
8371,O004477,P0018,3,0.1
8372,O004478,P0031,1,0.0
8373,O004478,P0044,1,0.1
8374,O004478,P0041,1,0.05
8375,O004479,P0022,2,0.4
8376,O004479,P0039,1,0.1
8377,O004479,P0013,2,0.2
8378,O004480,P0022,1,0.2
8379,O004480,P0051,2,0.3
8380,O004480,P0021,2,0.1
8381,O004480,P0031,1,0.1
8382,O004481,P0051,2,0.4
8383,O004481,P0022,1,0.2
8384,O004482,P0025,2,0.3
8385,O004483,P0009,4,0.05
8386,O004483,P0038,1,0.1
8387,O004483,P0030,3,0.0
8388,O004484,P0044,1,0.0
8389,O004485,P0050,1,0.0
8390,O004485,P0032,1,0.05
8391,O004485,P0008,5,0.05
8392,O004486,P0051,1,0.05
8393,O004487,P0052,1,0.2
8394,O004487,P0020,2,0.05
8395,O004488,P0009,1,0.3
8396,O004488,P0031,1,0.0
8397,O004489,P0023,2,0.3
8398,O004489,P0028,1,0.0
8399,O004490,P0056,3,0.05
8400,O004491,P0004,2,0.2
8401,O004492,P0034,2,0.0
8402,O004492,P0024,3,0.3
8403,O004492,P0033,2,0.1
8404,O004492,P0038,2,0.0
8405,O004493,P0011,2,0.0
8406,O004493,P0059,2,0.05
8407,O004494,P0012,1,0.05
8408,O004495,P0030,1,0.4
8409,O004496,P0008,1,0.05
8410,O004497,P0017,2,0.3
8411,O004497,P0044,1,0.3
8412,O004497,P0010,1,0.05
8413,O004497,P0005,4,0.0
8414,O004498,P0028,2,0.0
8415,O004498,P0039,1,0.0
8416,O004498,P0009,1,0.05
8417,O004499,P0029,5,0.0
8418,O004499,P0027,5,0.1
8419,O004500,P0019,1,0.2
8420,O004500,P0039,3,0.2
8421,O004500,P0046,1,0.4
8422,O004501,P0053,4,0.1
8423,O004501,P0031,2,0.05
8424,O004501,P0051,4,0.0
8425,O004501,P0003,1,0.0
8426,O004502,P0052,2,0.0
8427,O004502,P0038,1,0.1
8428,O004503,P0046,1,0.0
8429,O004504,P0032,1,0.2
8430,O004505,P0046,1,0.3
8431,O004505,P0025,1,0.05
8432,O004506,P0047,1,0.0
8433,O004507,P0052,1,0.05
8434,O004507,P0022,2,0.0
8435,O004508,P0041,1,0.05
8436,O004509,P0030,1,0.1
8437,O004509,P0054,1,0.05
8438,O004510,P0030,2,0.2
8439,O004510,P0036,4,0.3
8440,O004511,P0030,4,0.0
8441,O004512,P0003,1,0.0
8442,O004512,P0056,2,0.0
8443,O004512,P0034,1,0.05
8444,O004512,P0040,1,0.2
8445,O004513,P0039,3,0.2
8446,O004513,P0041,2,0.0
8447,O004514,P0024,1,0.2
8448,O004515,P0034,1,0.1
8449,O004516,P0021,3,0.3
8450,O004516,P0024,1,0.3
8451,O004517,P0005,3,0.2
8452,O004517,P0027,2,0.0
8453,O004518,P0049,2,0.05
8454,O004519,P0022,1,0.1
8455,O004519,P0047,2,0.4
8456,O004519,P0040,3,0.0
8457,O004519,P0055,5,0.0
8458,O004520,P0049,2,0.05
8459,O004520,P0024,3,0.0
8460,O004521,P0053,1,0.3
8461,O004522,P0006,2,0.0
8462,O004523,P0039,3,0.0
8463,O004524,P0053,1,0.0
8464,O004524,P0024,1,0.0
8465,O004525,P0029,1,0.0
8466,O004526,P0038,2,0.2
8467,O004526,P0046,1,0.05
8468,O004526,P0047,5,0.0
8469,O004527,P0046,4,0.0
8470,O004528,P0010,2,0.05
8471,O004528,P0053,1,0.0
8472,O004528,P0025,2,0.1
8473,O004528,P0045,1,0.1
8474,O004529,P0032,3,0.0
8475,O004529,P0059,2,0.05
8476,O004530,P0055,2,0.0
8477,O004531,P0035,1,0.0
8478,O004531,P0024,3,0.2
8479,O004532,P0039,1,0.3
8480,O004532,P0014,3,0.2
8481,O004533,P0044,1,0.0
8482,O004533,P0044,3,0.0
8483,O004534,P0001,3,0.0
8484,O004535,P0051,1,0.0
8485,O004535,P0010,2,0.0
8486,O004536,P0016,1,0.0
8487,O004536,P0024,2,0.4
8488,O004536,P0018,1,0.05
8489,O004537,P0021,1,0.0
8490,O004538,P0001,2,0.3
8491,O004538,P0036,3,0.0
8492,O004538,P0051,1,0.0
8493,O004539,P0007,1,0.1
8494,O004540,P0011,2,0.05
8495,O004541,P0031,2,0.2
8496,O004542,P0007,4,0.0
8497,O004542,P0013,2,0.3
8498,O004543,P0051,3,0.05
8499,O004544,P0053,1,0.3
8500,O004545,P0028,2,0.0
8501,O004545,P0056,1,0.1
8502,O004545,P0026,1,0.1
8503,O004545,P0008,1,0.0
8504,O004546,P0029,4,0.05
8505,O004547,P0028,3,0.0
8506,O004547,P0002,1,0.1
8507,O004548,P0029,3,0.05
8508,O004549,P0048,1,0.1
8509,O004550,P0024,2,0.0
8510,O004551,P0049,1,0.0
8511,O004552,P0029,2,0.0
8512,O004552,P0038,1,0.05
8513,O004552,P0056,2,0.0
8514,O004552,P0059,5,0.0
8515,O004553,P0004,2,0.3
8516,O004553,P0053,3,0.0
8517,O004554,P0051,1,0.3
8518,O004554,P0044,3,0.0
8519,O004555,P0016,1,0.05
8520,O004556,P0013,1,0.05
8521,O004556,P0056,4,0.2
8522,O004557,P0016,1,0.3
8523,O004558,P0044,1,0.0
8524,O004559,P0049,1,0.2
8525,O004559,P0011,2,0.05
8526,O004560,P0059,3,0.0
8527,O004560,P0048,1,0.0
8528,O004561,P0027,4,0.2
8529,O004561,P0029,3,0.0
8530,O004561,P0039,1,0.05
8531,O004562,P0021,3,0.0
8532,O004563,P0053,1,0.0
8533,O004564,P0053,1,0.2
8534,O004564,P0055,2,0.0
8535,O004565,P0042,2,0.2
8536,O004566,P0002,3,0.05
8537,O004566,P0038,1,0.2
8538,O004567,P0016,3,0.0
8539,O004567,P0021,2,0.1
8540,O004568,P0017,1,0.0
8541,O004568,P0052,2,0.0
8542,O004569,P0035,2,0.05
8543,O004570,P0010,1,0.0
8544,O004571,P0056,1,0.1
8545,O004572,P0034,1,0.0
8546,O004573,P0003,1,0.0
8547,O004574,P0012,1,0.05
8548,O004574,P0026,1,0.0
8549,O004574,P0057,1,0.0
8550,O004575,P0020,1,0.0
8551,O004576,P0029,2,0.1
8552,O004577,P0054,2,0.1
8553,O004578,P0050,3,0.0
8554,O004579,P0050,1,0.05
8555,O004580,P0019,1,0.0
8556,O004580,P0034,2,0.05
8557,O004580,P0054,2,0.1
8558,O004581,P0034,2,0.1
8559,O004581,P0058,2,0.05
8560,O004582,P0056,4,0.0
8561,O004582,P0006,5,0.0
8562,O004582,P0049,1,0.0
8563,O004583,P0023,1,0.2
8564,O004583,P0058,3,0.1
8565,O004584,P0012,1,0.0
8566,O004584,P0035,1,0.0
8567,O004585,P0030,1,0.1
8568,O004585,P0052,1,0.0
8569,O004586,P0006,3,0.0
8570,O004587,P0018,1,0.2
8571,O004588,P0006,2,0.05
8572,O004589,P0057,3,0.2
8573,O004589,P0040,1,0.0
8574,O004590,P0008,2,0.0
8575,O004590,P0024,1,0.3
8576,O004590,P0025,1,0.0
8577,O004591,P0040,2,0.05
8578,O004591,P0006,3,0.05
8579,O004592,P0059,4,0.0
8580,O004593,P0054,2,0.05
8581,O004593,P0025,1,0.0
8582,O004594,P0006,3,0.0
8583,O004594,P0009,1,0.0
8584,O004594,P0045,1,0.05
8585,O004595,P0016,4,0.0
8586,O004595,P0019,1,0.05
8587,O004595,P0007,2,0.0
8588,O004596,P0038,2,0.0
8589,O004597,P0049,1,0.2
8590,O004597,P0025,1,0.0
8591,O004597,P0001,1,0.0
8592,O004597,P0044,1,0.2
8593,O004598,P0038,5,0.1
8594,O004598,P0045,1,0.2
8595,O004599,P0023,2,0.05
8596,O004599,P0026,1,0.1
8597,O004599,P0023,1,0.05
8598,O004600,P0027,3,0.3
8599,O004600,P0060,5,0.0
8600,O004601,P0042,3,0.1
8601,O004602,P0021,1,0.1
8602,O004602,P0041,1,0.0
8603,O004602,P0004,2,0.0
8604,O004603,P0042,4,0.0
8605,O004603,P0022,1,0.05
8606,O004604,P0008,1,0.0
8607,O004605,P0031,4,0.0
8608,O004606,P0021,1,0.3
8609,O004607,P0036,1,0.0
8610,O004608,P0050,2,0.2
8611,O004608,P0019,5,0.05
8612,O004609,P0015,3,0.0
8613,O004609,P0035,2,0.0
8614,O004610,P0046,4,0.2
8615,O004611,P0007,2,0.0
8616,O004611,P0041,2,0.05
8617,O004611,P0003,2,0.0
8618,O004611,P0023,2,0.2
8619,O004612,P0003,1,0.05
8620,O004612,P0030,1,0.0
8621,O004612,P0015,1,0.0
8622,O004613,P0050,5,0.1
8623,O004614,P0047,1,0.0
8624,O004614,P0041,1,0.05
8625,O004614,P0050,4,0.0
8626,O004615,P0005,1,0.0
8627,O004616,P0031,1,0.1
8628,O004617,P0060,1,0.0
8629,O004617,P0041,3,0.1
8630,O004618,P0033,1,0.1
8631,O004619,P0057,2,0.4
8632,O004619,P0021,4,0.1
8633,O004620,P0048,1,0.05
8634,O004620,P0024,2,0.2
8635,O004620,P0009,2,0.0
8636,O004620,P0057,1,0.1
8637,O004621,P0004,1,0.0
8638,O004621,P0038,1,0.05
8639,O004622,P0045,3,0.1
8640,O004623,P0054,1,0.0
8641,O004624,P0058,1,0.3
8642,O004625,P0025,4,0.0
8643,O004625,P0019,1,0.1
8644,O004625,P0032,2,0.0
8645,O004625,P0045,1,0.0
8646,O004626,P0004,1,0.2
8647,O004627,P0013,4,0.3
8648,O004628,P0014,3,0.0
8649,O004629,P0042,1,0.0
8650,O004629,P0053,2,0.1
8651,O004630,P0045,1,0.1
8652,O004630,P0023,1,0.0
8653,O004630,P0042,1,0.0
8654,O004631,P0011,1,0.0
8655,O004631,P0052,2,0.2
8656,O004632,P0040,1,0.3
8657,O004632,P0039,1,0.2
8658,O004632,P0054,2,0.2
8659,O004633,P0032,1,0.1
8660,O004633,P0058,1,0.3
8661,O004634,P0014,3,0.05
8662,O004635,P0023,1,0.05
8663,O004635,P0015,4,0.05
8664,O004636,P0051,1,0.3
8665,O004636,P0003,1,0.05
8666,O004637,P0044,4,0.0
8667,O004638,P0044,2,0.1
8668,O004639,P0028,1,0.0
8669,O004640,P0003,4,0.05
8670,O004640,P0058,1,0.0
8671,O004641,P0040,1,0.0
8672,O004641,P0040,1,0.05
8673,O004641,P0053,1,0.2
8674,O004642,P0058,1,0.0
8675,O004642,P0024,2,0.0
8676,O004642,P0015,4,0.2
8677,O004643,P0058,1,0.1
8678,O004643,P0045,2,0.0
8679,O004643,P0016,1,0.05
8680,O004644,P0018,2,0.4
8681,O004645,P0050,1,0.05
8682,O004646,P0010,1,0.0
8683,O004646,P0035,1,0.1
8684,O004646,P0014,1,0.2
8685,O004647,P0044,1,0.0
8686,O004647,P0043,1,0.0
8687,O004648,P0026,4,0.05
8688,O004648,P0045,1,0.0
8689,O004649,P0055,1,0.3
8690,O004649,P0013,1,0.1
8691,O004649,P0043,2,0.0
8692,O004650,P0009,1,0.0
8693,O004650,P0045,2,0.0
8694,O004650,P0047,1,0.05
8695,O004651,P0002,1,0.0
8696,O004651,P0041,2,0.3
8697,O004651,P0014,1,0.0
8698,O004651,P0014,2,0.2
8699,O004652,P0019,3,0.4
8700,O004652,P0049,1,0.0
8701,O004653,P0055,1,0.0
8702,O004653,P0047,2,0.0
8703,O004654,P0034,5,0.1
8704,O004654,P0043,1,0.05
8705,O004655,P0044,3,0.05
8706,O004656,P0025,2,0.1
8707,O004656,P0032,1,0.0
8708,O004657,P0046,3,0.4
8709,O004658,P0040,5,0.3
8710,O004658,P0001,1,0.05
8711,O004658,P0047,1,0.4
8712,O004658,P0060,2,0.0
8713,O004659,P0018,2,0.0
8714,O004660,P0007,4,0.0
8715,O004661,P0007,4,0.2
8716,O004662,P0055,1,0.2
8717,O004663,P0038,1,0.1
8718,O004663,P0043,2,0.3
8719,O004663,P0049,1,0.0
8720,O004664,P0009,4,0.0
8721,O004664,P0028,2,0.0
8722,O004664,P0031,3,0.05
8723,O004665,P0028,3,0.0
8724,O004665,P0033,1,0.0
8725,O004665,P0018,2,0.2
8726,O004666,P0012,3,0.0
8727,O004666,P0012,1,0.2
8728,O004667,P0018,1,0.0
8729,O004668,P0057,1,0.2
8730,O004669,P0027,1,0.1
8731,O004670,P0059,3,0.0
8732,O004671,P0002,2,0.3
8733,O004671,P0057,2,0.05
8734,O004671,P0022,3,0.0
8735,O004672,P0013,1,0.0
8736,O004672,P0033,4,0.1
8737,O004673,P0032,1,0.0
8738,O004673,P0045,2,0.1
8739,O004674,P0023,2,0.1
8740,O004674,P0025,1,0.05
8741,O004675,P0049,3,0.0
8742,O004676,P0011,2,0.0
8743,O004676,P0002,1,0.0
8744,O004676,P0047,1,0.1
8745,O004677,P0035,3,0.3
8746,O004678,P0020,1,0.2
8747,O004678,P0018,1,0.0
8748,O004678,P0046,1,0.2
8749,O004679,P0018,1,0.2
8750,O004679,P0001,2,0.2
8751,O004680,P0025,1,0.0
8752,O004681,P0058,1,0.05
8753,O004681,P0057,2,0.0
8754,O004681,P0021,1,0.0
8755,O004681,P0042,4,0.2
8756,O004682,P0056,2,0.0
8757,O004682,P0016,3,0.05
8758,O004682,P0005,1,0.0
8759,O004683,P0035,1,0.1
8760,O004683,P0006,2,0.0
8761,O004683,P0010,1,0.0
8762,O004683,P0038,2,0.3
8763,O004684,P0040,1,0.05
8764,O004684,P0010,1,0.0
8765,O004684,P0044,1,0.05
8766,O004685,P0016,1,0.0
8767,O004686,P0008,1,0.0
8768,O004686,P0022,1,0.2
8769,O004687,P0026,2,0.05
8770,O004688,P0040,1,0.0
8771,O004688,P0036,1,0.0
8772,O004689,P0019,1,0.3
8773,O004689,P0006,1,0.1
8774,O004690,P0001,1,0.05
8775,O004690,P0044,4,0.1
8776,O004690,P0017,1,0.1
8777,O004691,P0015,1,0.1
8778,O004692,P0025,1,0.1
8779,O004692,P0003,1,0.1
8780,O004692,P0041,3,0.05
8781,O004692,P0042,2,0.2
8782,O004693,P0029,1,0.1
8783,O004694,P0001,1,0.0
8784,O004695,P0050,1,0.0
8785,O004695,P0051,3,0.0
8786,O004695,P0025,2,0.4
8787,O004696,P0050,1,0.05
8788,O004696,P0009,1,0.05
8789,O004697,P0060,2,0.1
8790,O004697,P0045,1,0.0
8791,O004698,P0039,1,0.0
8792,O004698,P0046,2,0.0
8793,O004698,P0045,1,0.0
8794,O004699,P0025,1,0.0
8795,O004700,P0045,1,0.0
8796,O004700,P0054,1,0.3
8797,O004700,P0006,4,0.1
8798,O004701,P0004,1,0.1
8799,O004701,P0016,2,0.1
8800,O004701,P0007,3,0.1
8801,O004702,P0027,2,0.0
8802,O004702,P0030,1,0.0
8803,O004702,P0056,1,0.0
8804,O004702,P0008,1,0.1
8805,O004703,P0001,1,0.0
8806,O004703,P0056,3,0.2
8807,O004704,P0038,4,0.3
8808,O004705,P0005,1,0.0
8809,O004705,P0010,2,0.0
8810,O004705,P0023,1,0.3
8811,O004705,P0045,1,0.05
8812,O004706,P0003,4,0.0
8813,O004706,P0038,5,0.1
8814,O004706,P0037,1,0.1
8815,O004706,P0023,1,0.05
8816,O004707,P0031,3,0.0
8817,O004708,P0017,2,0.05
8818,O004709,P0027,3,0.1
8819,O004709,P0015,2,0.0
8820,O004709,P0034,1,0.05
8821,O004710,P0016,1,0.4
8822,O004710,P0045,5,0.0
8823,O004710,P0034,2,0.0
8824,O004711,P0060,1,0.1
8825,O004711,P0028,1,0.0
8826,O004712,P0051,1,0.05
8827,O004713,P0012,2,0.05
8828,O004713,P0054,1,0.05
8829,O004713,P0045,1,0.05
8830,O004714,P0009,1,0.0
8831,O004714,P0026,3,0.05
8832,O004715,P0046,3,0.2
8833,O004715,P0047,2,0.2
8834,O004715,P0048,1,0.05
8835,O004716,P0004,1,0.0
8836,O004716,P0007,2,0.1
8837,O004716,P0018,1,0.2
8838,O004717,P0034,3,0.05
8839,O004718,P0046,2,0.3
8840,O004719,P0029,5,0.0
8841,O004719,P0026,1,0.1
8842,O004720,P0015,1,0.1
8843,O004721,P0003,1,0.0
8844,O004722,P0047,4,0.0
8845,O004722,P0039,1,0.4
8846,O004723,P0014,3,0.05
8847,O004724,P0051,1,0.4
8848,O004724,P0019,1,0.1
8849,O004724,P0038,1,0.2
8850,O004725,P0058,1,0.0
8851,O004726,P0047,1,0.1
8852,O004726,P0003,1,0.0
8853,O004727,P0037,1,0.05
8854,O004728,P0002,2,0.4
8855,O004728,P0058,5,0.0
8856,O004728,P0046,1,0.0
8857,O004728,P0060,3,0.05
8858,O004729,P0030,1,0.05
8859,O004729,P0036,1,0.2
8860,O004729,P0040,2,0.0
8861,O004729,P0048,2,0.1
8862,O004730,P0025,2,0.0
8863,O004731,P0043,1,0.0
8864,O004732,P0001,5,0.4
8865,O004732,P0034,2,0.4
8866,O004733,P0023,1,0.0
8867,O004733,P0025,3,0.0
8868,O004734,P0011,2,0.2
8869,O004735,P0010,1,0.0
8870,O004736,P0042,3,0.0
8871,O004736,P0045,4,0.4
8872,O004737,P0005,1,0.0
8873,O004737,P0054,1,0.1
8874,O004738,P0010,1,0.1
8875,O004739,P0034,2,0.0
8876,O004740,P0013,1,0.0
8877,O004740,P0006,2,0.0
8878,O004741,P0028,4,0.05
8879,O004741,P0034,1,0.3
8880,O004741,P0017,1,0.0
8881,O004742,P0004,1,0.0
8882,O004743,P0017,1,0.2
8883,O004743,P0002,1,0.2
8884,O004744,P0025,2,0.0
8885,O004744,P0054,3,0.4
8886,O004745,P0038,1,0.2
8887,O004745,P0003,1,0.1
8888,O004746,P0004,1,0.0
8889,O004747,P0020,2,0.2
8890,O004748,P0050,1,0.1
8891,O004748,P0060,3,0.1
8892,O004748,P0022,5,0.2
8893,O004749,P0031,1,0.05
8894,O004750,P0042,1,0.2
8895,O004751,P0027,1,0.0
8896,O004752,P0010,2,0.1
8897,O004753,P0013,2,0.3
8898,O004753,P0016,1,0.0
8899,O004754,P0011,1,0.1
8900,O004754,P0011,1,0.1
8901,O004755,P0018,2,0.0
8902,O004756,P0019,2,0.1
8903,O004757,P0025,1,0.0
8904,O004757,P0050,1,0.0
8905,O004757,P0043,1,0.1
8906,O004758,P0012,1,0.1
8907,O004758,P0031,1,0.0
8908,O004759,P0049,1,0.0
8909,O004759,P0007,2,0.2
8910,O004760,P0035,4,0.0
8911,O004761,P0033,1,0.2
8912,O004762,P0003,1,0.1
8913,O004763,P0050,4,0.0
8914,O004764,P0037,1,0.2
8915,O004765,P0001,2,0.0
8916,O004765,P0049,3,0.2
8917,O004765,P0029,2,0.2
8918,O004765,P0012,4,0.1
8919,O004766,P0026,1,0.05
8920,O004766,P0055,4,0.1
8921,O004767,P0022,1,0.0
8922,O004767,P0004,1,0.1
8923,O004767,P0010,1,0.1
8924,O004767,P0025,2,0.0
8925,O004768,P0051,1,0.2
8926,O004769,P0044,2,0.0
8927,O004769,P0041,1,0.2
8928,O004770,P0045,1,0.1
8929,O004771,P0030,1,0.2
8930,O004772,P0019,1,0.0
8931,O004772,P0046,2,0.0
8932,O004773,P0034,2,0.0
8933,O004774,P0006,1,0.0
8934,O004774,P0015,2,0.0
8935,O004774,P0043,1,0.0
8936,O004774,P0017,1,0.0
8937,O004775,P0001,1,0.4
8938,O004775,P0007,2,0.4
8939,O004776,P0006,1,0.3
8940,O004777,P0025,2,0.0
8941,O004777,P0039,3,0.05
8942,O004777,P0033,3,0.1
8943,O004778,P0012,1,0.3
8944,O004779,P0046,2,0.0
8945,O004780,P0016,2,0.3
8946,O004781,P0047,1,0.0
8947,O004781,P0034,1,0.0
8948,O004782,P0024,5,0.0
8949,O004783,P0033,2,0.1
8950,O004783,P0035,4,0.1
8951,O004784,P0052,3,0.05
8952,O004785,P0017,1,0.1
8953,O004785,P0038,1,0.3
8954,O004786,P0026,1,0.05
8955,O004786,P0010,1,0.1
8956,O004787,P0001,1,0.05
8957,O004788,P0003,2,0.4
8958,O004789,P0014,1,0.4
8959,O004790,P0052,1,0.3
8960,O004790,P0057,3,0.0
8961,O004790,P0047,1,0.0
8962,O004791,P0038,1,0.4
8963,O004791,P0007,3,0.0
8964,O004792,P0056,4,0.0
8965,O004792,P0051,1,0.1
8966,O004793,P0039,3,0.05
8967,O004793,P0002,1,0.1
8968,O004794,P0046,2,0.3
8969,O004794,P0006,2,0.3
8970,O004794,P0038,1,0.1
8971,O004795,P0017,1,0.05
8972,O004795,P0049,1,0.3
8973,O004796,P0039,1,0.1
8974,O004797,P0034,2,0.1
8975,O004798,P0047,3,0.05
8976,O004798,P0002,1,0.0
8977,O004799,P0049,3,0.3
8978,O004799,P0057,1,0.0
8979,O004799,P0060,1,0.1
8980,O004800,P0050,1,0.0
8981,O004800,P0023,1,0.0
8982,O004801,P0013,1,0.0
8983,O004802,P0049,1,0.1
8984,O004802,P0049,2,0.1
8985,O004803,P0028,2,0.2
8986,O004803,P0037,2,0.05
8987,O004803,P0001,1,0.1
8988,O004803,P0045,3,0.1
8989,O004804,P0024,3,0.0
8990,O004805,P0031,1,0.1
8991,O004805,P0060,2,0.3
8992,O004805,P0014,2,0.0
8993,O004805,P0034,1,0.05
8994,O004806,P0052,2,0.1
8995,O004807,P0022,1,0.0
8996,O004807,P0013,3,0.4
8997,O004808,P0002,1,0.2
8998,O004808,P0050,1,0.0
8999,O004809,P0036,2,0.0
9000,O004810,P0030,2,0.2
9001,O004811,P0022,2,0.1
9002,O004812,P0015,2,0.05
9003,O004812,P0027,3,0.3
9004,O004813,P0025,1,0.4
9005,O004813,P0041,4,0.05
9006,O004814,P0006,1,0.0
9007,O004814,P0002,1,0.0
9008,O004815,P0014,2,0.2
9009,O004816,P0005,1,0.1
9010,O004817,P0045,2,0.0
9011,O004817,P0038,1,0.4
9012,O004818,P0001,2,0.0
9013,O004819,P0018,1,0.0
9014,O004819,P0027,1,0.0
9015,O004820,P0049,1,0.0
9016,O004821,P0048,3,0.0
9017,O004822,P0037,1,0.0
9018,O004822,P0020,1,0.0
9019,O004822,P0035,5,0.1
9020,O004823,P0024,4,0.0
9021,O004823,P0031,1,0.05
9022,O004823,P0047,2,0.05
9023,O004824,P0023,5,0.0
9024,O004824,P0001,1,0.0
9025,O004825,P0052,4,0.05
9026,O004825,P0019,3,0.0
9027,O004826,P0027,1,0.0
9028,O004827,P0038,2,0.3
9029,O004827,P0045,1,0.3
9030,O004827,P0034,5,0.05
9031,O004828,P0010,3,0.0
9032,O004829,P0016,1,0.2
9033,O004830,P0036,2,0.2
9034,O004831,P0032,1,0.0
9035,O004832,P0054,1,0.0
9036,O004833,P0007,1,0.4
9037,O004833,P0043,1,0.2
9038,O004833,P0001,3,0.0
9039,O004834,P0043,1,0.1
9040,O004834,P0046,1,0.0
9041,O004834,P0046,1,0.05
9042,O004835,P0002,1,0.0
9043,O004836,P0017,3,0.4
9044,O004836,P0041,5,0.0
9045,O004837,P0037,1,0.0
9046,O004838,P0034,1,0.05
9047,O004838,P0011,3,0.2
9048,O004838,P0045,4,0.0
9049,O004839,P0049,5,0.0
9050,O004839,P0007,1,0.3
9051,O004840,P0034,1,0.05
9052,O004840,P0018,2,0.1
9053,O004841,P0008,1,0.3
9054,O004842,P0043,4,0.0
9055,O004842,P0026,3,0.05
9056,O004843,P0055,2,0.4
9057,O004843,P0022,4,0.0
9058,O004843,P0046,1,0.05
9059,O004843,P0009,1,0.0
9060,O004844,P0044,4,0.1
9061,O004845,P0054,5,0.0
9062,O004846,P0002,4,0.4
9063,O004846,P0052,2,0.4
9064,O004847,P0006,2,0.2
9065,O004848,P0029,1,0.0
9066,O004849,P0024,1,0.05
9067,O004850,P0027,3,0.2
9068,O004850,P0057,1,0.0
9069,O004850,P0008,5,0.05
9070,O004850,P0047,2,0.4
9071,O004851,P0041,5,0.1
9072,O004851,P0047,1,0.4
9073,O004852,P0051,5,0.0
9074,O004852,P0016,4,0.2
9075,O004852,P0035,3,0.0
9076,O004853,P0017,2,0.05
9077,O004853,P0046,1,0.05
9078,O004853,P0060,2,0.0
9079,O004853,P0047,2,0.0
9080,O004854,P0001,2,0.0
9081,O004854,P0048,1,0.0
9082,O004855,P0013,1,0.4
9083,O004855,P0057,1,0.2
9084,O004856,P0001,2,0.0
9085,O004857,P0052,1,0.1
9086,O004857,P0014,1,0.3
9087,O004857,P0024,3,0.0
9088,O004857,P0055,2,0.0
9089,O004858,P0029,1,0.05
9090,O004859,P0012,2,0.0
9091,O004859,P0028,2,0.1
9092,O004859,P0009,1,0.1
9093,O004860,P0008,3,0.4
9094,O004860,P0015,4,0.0
9095,O004860,P0060,2,0.0
9096,O004861,P0003,1,0.05
9097,O004862,P0016,3,0.05
9098,O004863,P0003,4,0.2
9099,O004864,P0037,2,0.1
9100,O004865,P0017,1,0.1
9101,O004865,P0036,5,0.0
9102,O004865,P0017,1,0.1
9103,O004866,P0011,1,0.3
9104,O004866,P0038,2,0.05
9105,O004866,P0005,1,0.1
9106,O004867,P0052,1,0.05
9107,O004868,P0029,1,0.1
9108,O004869,P0003,2,0.0
9109,O004870,P0038,2,0.05
9110,O004871,P0006,2,0.4
9111,O004871,P0045,2,0.05
9112,O004871,P0018,2,0.3
9113,O004871,P0011,1,0.1
9114,O004872,P0032,1,0.05
9115,O004873,P0033,1,0.2
9116,O004874,P0043,1,0.0
9117,O004875,P0059,1,0.0
9118,O004875,P0010,1,0.3
9119,O004876,P0047,1,0.05
9120,O004876,P0031,3,0.0
9121,O004877,P0033,1,0.2
9122,O004877,P0022,2,0.05
9123,O004877,P0024,3,0.4
9124,O004878,P0056,2,0.05
9125,O004878,P0035,1,0.2
9126,O004879,P0022,4,0.0
9127,O004880,P0055,1,0.0
9128,O004881,P0001,2,0.0
9129,O004882,P0030,1,0.3
9130,O004883,P0020,1,0.0
9131,O004883,P0014,2,0.0
9132,O004883,P0007,2,0.0
9133,O004884,P0036,1,0.0
9134,O004884,P0024,2,0.1
9135,O004885,P0007,2,0.0
9136,O004885,P0020,2,0.2
9137,O004886,P0039,4,0.4
9138,O004887,P0049,4,0.0
9139,O004888,P0038,1,0.0
9140,O004889,P0033,1,0.05
9141,O004889,P0043,1,0.3
9142,O004889,P0050,5,0.0
9143,O004890,P0059,5,0.0
9144,O004890,P0001,1,0.1
9145,O004891,P0055,1,0.1
9146,O004891,P0040,2,0.05
9147,O004892,P0040,1,0.0
9148,O004892,P0001,1,0.0
9149,O004893,P0003,2,0.05
9150,O004894,P0026,1,0.0
9151,O004894,P0027,3,0.1
9152,O004894,P0001,1,0.0
9153,O004895,P0040,1,0.2
9154,O004896,P0025,4,0.0
9155,O004897,P0019,1,0.2
9156,O004898,P0056,1,0.3
9157,O004899,P0007,1,0.0
9158,O004900,P0003,2,0.0
9159,O004901,P0059,3,0.4
9160,O004901,P0044,3,0.0
9161,O004902,P0031,1,0.0
9162,O004903,P0044,1,0.0
9163,O004903,P0007,1,0.0
9164,O004903,P0029,5,0.0
9165,O004904,P0057,1,0.0
9166,O004904,P0004,1,0.1
9167,O004905,P0008,2,0.0
9168,O004906,P0028,1,0.0
9169,O004907,P0004,1,0.0
9170,O004908,P0022,2,0.0
9171,O004909,P0019,3,0.0
9172,O004910,P0056,5,0.1
9173,O004910,P0052,2,0.3
9174,O004911,P0036,2,0.0
9175,O004912,P0040,3,0.0
9176,O004912,P0003,2,0.3
9177,O004913,P0041,1,0.05
9178,O004914,P0020,2,0.1
9179,O004915,P0039,1,0.0
9180,O004916,P0031,1,0.0
9181,O004916,P0012,2,0.05
9182,O004916,P0022,1,0.0
9183,O004916,P0033,1,0.0
9184,O004917,P0047,2,0.0
9185,O004917,P0009,1,0.1
9186,O004917,P0012,1,0.1
9187,O004917,P0019,1,0.05
9188,O004918,P0003,2,0.0
9189,O004918,P0035,1,0.0
9190,O004919,P0024,2,0.2
9191,O004920,P0031,3,0.0
9192,O004920,P0036,3,0.0
9193,O004920,P0033,1,0.05
9194,O004920,P0025,2,0.0
9195,O004921,P0016,2,0.0
9196,O004921,P0056,2,0.0
9197,O004921,P0039,1,0.0
9198,O004922,P0010,1,0.0
9199,O004923,P0003,3,0.0
9200,O004923,P0052,3,0.1
9201,O004923,P0037,1,0.0
9202,O004924,P0015,3,0.0
9203,O004925,P0009,3,0.05
9204,O004926,P0045,3,0.0
9205,O004926,P0051,4,0.2
9206,O004927,P0036,4,0.0
9207,O004928,P0015,1,0.0
9208,O004928,P0038,2,0.0
9209,O004929,P0029,2,0.3
9210,O004930,P0043,4,0.0
9211,O004930,P0003,2,0.3
9212,O004930,P0008,3,0.1
9213,O004930,P0055,1,0.05
9214,O004931,P0049,2,0.0
9215,O004932,P0036,2,0.05
9216,O004933,P0016,4,0.0
9217,O004933,P0034,1,0.0
9218,O004933,P0020,2,0.1
9219,O004934,P0049,3,0.0
9220,O004935,P0035,1,0.0
9221,O004935,P0036,1,0.0
9222,O004935,P0024,1,0.0
9223,O004936,P0030,1,0.05
9224,O004936,P0009,2,0.1
9225,O004937,P0021,1,0.2
9226,O004937,P0054,1,0.3
9227,O004938,P0042,3,0.0
9228,O004939,P0057,1,0.0
9229,O004940,P0049,1,0.0
9230,O004941,P0033,1,0.0
9231,O004942,P0047,3,0.1
9232,O004942,P0010,5,0.0
9233,O004943,P0025,1,0.3
9234,O004944,P0005,4,0.3
9235,O004944,P0041,1,0.0
9236,O004945,P0023,2,0.0
9237,O004945,P0057,3,0.3
9238,O004946,P0056,3,0.1
9239,O004947,P0032,1,0.0
9240,O004948,P0016,3,0.4
9241,O004948,P0041,2,0.0
9242,O004949,P0013,3,0.3
9243,O004950,P0041,2,0.0
9244,O004950,P0028,2,0.0
9245,O004950,P0040,5,0.0
9246,O004950,P0008,4,0.0
9247,O004951,P0059,1,0.0
9248,O004951,P0057,3,0.0
9249,O004951,P0055,1,0.0
9250,O004952,P0019,1,0.0
9251,O004953,P0021,1,0.2
9252,O004953,P0002,3,0.05
9253,O004953,P0020,1,0.4
9254,O004953,P0024,3,0.0
9255,O004954,P0010,3,0.0
9256,O004954,P0045,4,0.2
9257,O004955,P0023,2,0.2
9258,O004955,P0031,2,0.2
9259,O004956,P0037,1,0.0
9260,O004956,P0043,1,0.0
9261,O004956,P0038,2,0.0
9262,O004957,P0039,1,0.3
9263,O004957,P0021,1,0.3
9264,O004958,P0042,1,0.0
9265,O004959,P0053,4,0.2
9266,O004960,P0050,1,0.0
9267,O004961,P0052,1,0.0
9268,O004962,P0055,2,0.4
9269,O004962,P0014,1,0.3
9270,O004963,P0059,3,0.3
9271,O004963,P0002,1,0.2
9272,O004963,P0036,1,0.3
9273,O004963,P0017,1,0.2
9274,O004964,P0032,1,0.2
9275,O004965,P0002,4,0.0
9276,O004966,P0051,1,0.2
9277,O004966,P0025,1,0.3
9278,O004967,P0028,3,0.0
9279,O004968,P0047,2,0.0
9280,O004968,P0041,2,0.05
9281,O004968,P0005,3,0.1
9282,O004968,P0044,1,0.2
9283,O004969,P0002,4,0.0
9284,O004969,P0046,1,0.0
9285,O004970,P0060,2,0.0
9286,O004970,P0026,2,0.0
9287,O004971,P0025,2,0.05
9288,O004972,P0033,1,0.1
9289,O004972,P0055,1,0.2
9290,O004973,P0024,1,0.0
9291,O004973,P0031,5,0.0
9292,O004973,P0046,3,0.0
9293,O004973,P0021,1,0.1
9294,O004974,P0014,2,0.0
9295,O004974,P0058,2,0.05
9296,O004975,P0005,2,0.0
9297,O004976,P0022,1,0.3
9298,O004976,P0047,1,0.05
9299,O004976,P0018,4,0.0
9300,O004977,P0044,3,0.0
9301,O004978,P0053,5,0.0
9302,O004978,P0022,4,0.2
9303,O004978,P0030,1,0.0
9304,O004979,P0059,3,0.0
9305,O004980,P0050,2,0.1
9306,O004980,P0012,1,0.1
9307,O004981,P0021,3,0.0
9308,O004982,P0058,2,0.2
9309,O004983,P0059,1,0.0
9310,O004983,P0026,1,0.4
9311,O004983,P0008,1,0.0
9312,O004983,P0057,2,0.0
9313,O004984,P0049,2,0.0
9314,O004984,P0038,2,0.1
9315,O004984,P0041,2,0.3
9316,O004985,P0039,1,0.0
9317,O004986,P0030,2,0.0
9318,O004986,P0021,4,0.05
9319,O004987,P0045,1,0.2
9320,O004988,P0025,3,0.0
9321,O004988,P0005,1,0.1
9322,O004988,P0057,2,0.0
9323,O004989,P0025,3,0.1
9324,O004990,P0015,2,0.0
9325,O004990,P0027,2,0.0
9326,O004990,P0007,1,0.0
9327,O004990,P0041,2,0.0
9328,O004991,P0045,5,0.2
9329,O004991,P0014,3,0.05
9330,O004991,P0012,1,0.1
9331,O004992,P0046,1,0.0
9332,O004992,P0026,2,0.2
9333,O004992,P0044,1,0.3
9334,O004992,P0012,4,0.3
9335,O004993,P0050,1,0.05
9336,O004994,P0056,5,0.0
9337,O004994,P0054,4,0.3
9338,O004995,P0058,1,0.0
9339,O004996,P0025,2,0.2
9340,O004996,P0015,4,0.0
9341,O004997,P0009,4,0.0
9342,O004998,P0031,1,0.2
9343,O004999,P0027,5,0.3
9344,O005000,P0058,4,0.0
9345,O005000,P0020,1,0.1
9346,O005001,P0024,2,0.4
9347,O005002,P0001,4,0.2
9348,O005003,P0006,1,0.0
9349,O005004,P0025,1,0.1
9350,O005005,P0004,1,0.0
9351,O005006,P0040,2,0.4
9352,O005007,P0036,1,0.1
9353,O005008,P0059,2,0.0
9354,O005009,P0031,1,0.05
9355,O005010,P0002,2,0.0
9356,O005011,P0012,1,0.0
9357,O005012,P0056,1,0.3
9358,O005013,P0053,1,0.0
9359,O005013,P0010,3,0.4
9360,O005013,P0008,2,0.3
9361,O005013,P0014,2,0.3
9362,O005014,P0047,1,0.1
9363,O005014,P0037,1,0.05
9364,O005015,P0045,1,0.0
9365,O005016,P0044,1,0.0
9366,O005016,P0010,3,0.1
9367,O005017,P0040,1,0.05
9368,O005018,P0040,1,0.0
9369,O005018,P0021,1,0.3
9370,O005018,P0047,4,0.0
9371,O005019,P0046,4,0.0
9372,O005019,P0056,1,0.05
9373,O005019,P0001,1,0.0
9374,O005020,P0034,1,0.0
9375,O005021,P0012,2,0.0
9376,O005022,P0027,1,0.0
9377,O005023,P0040,2,0.0
9378,O005024,P0039,3,0.3
9379,O005024,P0003,2,0.1
9380,O005024,P0029,2,0.1
9381,O005024,P0036,1,0.2
9382,O005025,P0026,2,0.0
9383,O005026,P0026,2,0.0
9384,O005026,P0039,1,0.0
9385,O005027,P0011,1,0.0
9386,O005027,P0024,3,0.0
9387,O005028,P0025,1,0.0
9388,O005029,P0028,1,0.1
9389,O005029,P0055,2,0.05
9390,O005030,P0023,1,0.0
9391,O005030,P0054,1,0.0
9392,O005030,P0022,4,0.0
9393,O005030,P0046,1,0.05
9394,O005031,P0056,1,0.0
9395,O005031,P0031,1,0.1
9396,O005032,P0017,2,0.0
9397,O005033,P0039,1,
9398,O005033,P0055,1,0.05
9399,O005033,P0015,1,0.1
9400,O005033,P0049,1,0.3
9401,O005034,P0044,1,0.1
9402,O005035,P0012,2,0.05
9403,O005035,P0036,2,0.0
9404,O005036,P0025,1,0.2
9405,O005037,P0026,4,0.0
9406,O005038,P0003,1,0.3
9407,O005039,P0032,3,0.05
9408,O005039,P0036,3,0.2
9409,O005039,P0034,1,0.0
9410,O005040,P0021,1,0.05
9411,O005040,P0041,1,0.0
9412,O005041,P0058,4,0.1
9413,O005042,P0031,2,0.05
9414,O005042,P0023,3,0.05
9415,O005043,P0053,2,0.0
9416,O005044,P0032,1,0.3
9417,O005044,P0039,2,0.05
9418,O005045,P0024,4,0.0
9419,O005045,P0023,2,0.1
9420,O005045,P0002,2,0.0
9421,O005046,P0036,1,0.0
9422,O005046,P0043,5,0.0
9423,O005047,P0035,2,0.05
9424,O005048,P0058,1,0.05
9425,O005048,P0025,3,0.0
9426,O005048,P0017,1,0.0
9427,O005049,P0032,2,0.1
9428,O005050,P0008,4,0.2
9429,O005051,P0053,2,0.0
9430,O005052,P0005,2,0.1
9431,O005052,P0025,3,0.1
9432,O005053,P0044,1,0.1
9433,O005054,P0053,2,0.1
9434,O005054,P0046,5,0.0
9435,O005055,P0030,4,0.0
9436,O005056,P0059,2,0.0
9437,O005057,P0031,2,0.0
9438,O005058,P0003,1,0.1
9439,O005059,P0017,1,0.4
9440,O005059,P0045,5,0.0
9441,O005059,P0049,1,0.0
9442,O005060,P0059,2,0.2
9443,O005060,P0047,3,0.2
9444,O005061,P0022,2,0.05
9445,O005062,P0025,3,
9446,O005063,P0026,1,0.1
9447,O005063,P0032,4,0.2
9448,O005064,P0046,4,0.2
9449,O005065,P0052,1,0.1
9450,O005066,P0043,2,0.0
9451,O005067,P0030,1,0.0
9452,O005067,P0005,1,0.1
9453,O005067,P0060,1,0.2
9454,O005068,P0029,2,0.0
9455,O005068,P0030,1,0.0
9456,O005069,P0059,2,0.0
9457,O005069,P0014,1,0.1
9458,O005070,P0052,3,0.0
9459,O005071,P0011,1,0.0
9460,O005072,P0002,2,0.05
9461,O005073,P0017,1,0.4
9462,O005073,P0009,1,0.2
9463,O005074,P0048,5,0.1
9464,O005075,P0008,1,0.2
9465,O005075,P0048,1,0.0
9466,O005076,P0056,1,0.0
9467,O005076,P0052,1,0.0
9468,O005076,P0005,1,0.0
9469,O005077,P0031,2,0.1
9470,O005078,P0031,1,0.2
9471,O005079,P0030,4,0.0
9472,O005079,P0052,1,0.0
9473,O005080,P0013,1,0.4
9474,O005081,P0041,4,0.05
9475,O005081,P0054,1,0.2
9476,O005082,P0013,3,0.0
9477,O005083,P0004,2,0.2
9478,O005083,P0024,1,0.3
9479,O005084,P0013,5,0.2
9480,O005084,P0023,1,0.0
9481,O005085,P0009,1,0.0
9482,O005085,P0036,2,0.0
9483,O005085,P0051,1,0.0
9484,O005085,P0012,2,0.1
9485,O005086,P0032,1,0.2
9486,O005086,P0002,2,0.0
9487,O005087,P0058,1,0.2
9488,O005087,P0025,1,0.05
9489,O005088,P0046,2,0.0
9490,O005088,P0009,5,0.0
9491,O005088,P0050,1,0.2
9492,O005089,P0055,1,0.1
9493,O005089,P0047,1,0.0
9494,O005089,P0015,2,0.0
9495,O005090,P0035,1,0.0
9496,O005090,P0046,2,0.0
9497,O005091,P0015,1,0.1
9498,O005092,P0008,4,0.1
9499,O005093,P0015,1,0.0
9500,O005093,P0040,1,0.1
9501,O005093,P0045,1,0.1
9502,O005093,P0039,1,0.1
9503,O005094,P0014,1,0.4
9504,O005095,P0013,1,0.05
9505,O005095,P0017,1,0.1
9506,O005096,P0027,2,0.0
9507,O005097,P0003,1,0.0
9508,O005097,P0002,3,0.4
9509,O005097,P0010,1,0.1
9510,O005098,P0012,1,0.0
9511,O005099,P0060,1,0.0
9512,O005100,P0034,1,0.2
9513,O005101,P0054,5,0.05
9514,O005101,P0052,4,0.0
9515,O005102,P0018,1,0.05
9516,O005103,P0040,5,0.05
9517,O005103,P0039,2,0.0
9518,O005103,P0045,1,0.1
9519,O005104,P0001,1,0.1
9520,O005105,P0045,1,0.2
9521,O005105,P0043,2,0.0
9522,O005106,P0033,3,0.05
9523,O005107,P0043,1,0.4
9524,O005108,P0032,2,0.0
9525,O005109,P0058,1,0.0
9526,O005110,P0041,1,0.3
9527,O005110,P0040,1,0.0
9528,O005111,P0040,1,0.0
9529,O005111,P0003,2,0.0
9530,O005112,P0060,3,0.05
9531,O005113,P0058,4,0.0
9532,O005114,P0032,3,0.05
9533,O005114,P0023,1,0.1
9534,O005115,P0058,1,0.1
9535,O005116,P0058,1,0.05
9536,O005116,P0023,5,0.2
9537,O005117,P0053,4,0.2
9538,O005118,P0022,2,0.0
9539,O005118,P0053,1,0.05
9540,O005119,P0006,3,0.3
9541,O005119,P0060,2,0.4
9542,O005120,P0017,1,0.3
9543,O005121,P0050,1,0.0
9544,O005122,P0044,1,0.0
9545,O005122,P0027,1,0.0
9546,O005122,P0001,2,0.0
9547,O005122,P0017,1,0.2
9548,O005123,P0021,4,0.3
9549,O005124,P0048,2,0.0
9550,O005125,P0023,5,0.1
9551,O005125,P0026,1,0.0
9552,O005125,P0010,1,0.2
9553,O005126,P0041,2,0.0
9554,O005126,P0038,2,0.2
9555,O005127,P0029,1,0.1
9556,O005127,P0035,4,0.1
9557,O005128,P0014,4,0.1
9558,O005129,P0019,2,0.0
9559,O005130,P0053,1,0.0
9560,O005130,P0024,1,0.1
9561,O005130,P0039,2,0.0
9562,O005130,P0041,3,0.2
9563,O005131,P0039,1,0.2
9564,O005131,P0037,1,0.2
9565,O005132,P0039,1,0.4
9566,O005133,P0006,1,0.3
9567,O005133,P0054,3,0.2
9568,O005134,P0028,1,0.4
9569,O005134,P0025,1,0.2
9570,O005134,P0038,1,0.0
9571,O005135,P0011,2,0.1
9572,O005135,P0038,4,0.0
9573,O005136,P0058,4,0.0
9574,O005137,P0018,4,0.1
9575,O005138,P0058,1,0.05
9576,O005139,P0058,2,0.0
9577,O005140,P0003,1,0.2
9578,O005140,P0034,3,0.05
9579,O005140,P0006,1,0.05
9580,O005141,P0030,1,0.0
9581,O005141,P0048,5,0.0
9582,O005141,P0046,1,0.2
9583,O005142,P0008,2,0.0
9584,O005142,P0043,4,0.1
9585,O005142,P0046,4,0.3
9586,O005142,P0042,1,0.0
9587,O005143,P0012,2,0.1
9588,O005144,P0055,1,0.0
9589,O005145,P0059,3,0.0
9590,O005145,P0025,1,0.0
9591,O005145,P0017,2,0.0
9592,O005145,P0018,2,0.0
9593,O005146,P0052,3,0.2
9594,O005146,P0003,5,0.1
9595,O005146,P0015,2,0.2
9596,O005146,P0037,3,0.05
9597,O005147,P0020,1,0.05
9598,O005147,P0058,1,0.0
9599,O005148,P0040,1,0.2
9600,O005148,P0023,1,0.05
9601,O005149,P0009,1,0.2
9602,O005150,P0060,1,0.0
9603,O005151,P0059,2,0.0
9604,O005152,P0053,1,0.1
9605,O005152,P0046,2,0.3
9606,O005153,P0046,1,0.0
9607,O005153,P0056,1,0.0
9608,O005154,P0052,1,0.0
9609,O005154,P0052,1,0.1
9610,O005154,P0050,1,0.1
9611,O005155,P0049,3,0.1
9612,O005155,P0010,3,0.0
9613,O005155,P0037,5,0.1
9614,O005156,P0046,1,0.1
9615,O005156,P0055,1,0.1
9616,O005156,P0035,1,0.3
9617,O005157,P0005,2,0.2
9618,O005157,P0053,1,0.1
9619,O005157,P0036,2,0.0
9620,O005158,P0021,1,0.4
9621,O005158,P0054,2,0.0
9622,O005158,P0052,2,0.2
9623,O005159,P0060,3,0.0
9624,O005159,P0036,1,0.2
9625,O005160,P0060,2,0.0
9626,O005161,P0054,1,0.0
9627,O005161,P0011,5,0.0
9628,O005161,P0014,1,0.0
9629,O005161,P0012,1,0.0
9630,O005162,P0037,2,0.05
9631,O005162,P0058,2,0.3
9632,O005163,P0037,2,0.0
9633,O005163,P0034,3,0.05
9634,O005164,P0057,1,0.4
9635,O005165,P0003,1,0.0
9636,O005166,P0031,2,0.0
9637,O005167,P0003,2,0.1
9638,O005168,P0037,1,0.05
9639,O005168,P0043,1,0.3
9640,O005168,P0026,1,0.05
9641,O005168,P0022,1,0.2
9642,O005169,P0012,2,0.0
9643,O005169,P0045,2,0.0
9644,O005170,P0002,3,0.0
9645,O005171,P0014,4,0.0
9646,O005171,P0058,3,0.05
9647,O005172,P0021,4,0.2
9648,O005172,P0022,1,0.0
9649,O005172,P0004,1,0.0
9650,O005173,P0013,2,0.1
9651,O005174,P0026,1,0.0
9652,O005175,P0016,1,0.0
9653,O005175,P0050,1,0.4
9654,O005176,P0017,1,0.05
9655,O005176,P0040,1,0.2
9656,O005176,P0034,1,0.0
9657,O005177,P0031,2,0.3
9658,O005177,P0021,1,0.4
9659,O005177,P0018,2,0.0
9660,O005178,P0013,1,0.1
9661,O005178,P0008,1,0.3
9662,O005179,P0038,2,0.1
9663,O005179,P0023,1,0.0
9664,O005179,P0005,1,0.0
9665,O005180,P0027,1,0.0
9666,O005181,P0035,1,0.05
9667,O005181,P0027,1,0.0
9668,O005182,P0051,2,0.1
9669,O005182,P0058,3,0.0
9670,O005182,P0033,1,0.1
9671,O005183,P0010,3,0.05
9672,O005184,P0038,2,0.2
9673,O005185,P0044,1,0.2
9674,O005186,P0037,2,0.05
9675,O005187,P0023,4,0.0
9676,O005188,P0055,2,0.0
9677,O005189,P0015,1,0.1
9678,O005190,P0002,1,0.3
9679,O005191,P0006,2,0.2
9680,O005192,P0013,1,0.1
9681,O005192,P0027,2,0.0
9682,O005192,P0032,1,0.2
9683,O005193,P0037,2,0.0
9684,O005193,P0025,3,0.0
9685,O005194,P0056,1,0.0
9686,O005195,P0035,3,0.4
9687,O005196,P0052,3,0.2
9688,O005196,P0047,1,0.0
9689,O005197,P0050,4,0.0
9690,O005197,P0057,4,0.0
9691,O005198,P0030,1,0.1
9692,O005198,P0052,1,0.4
9693,O005199,P0023,1,0.0
9694,O005200,P0038,1,0.0
9695,O005201,P0005,1,0.1
9696,O005202,P0055,3,0.0
9697,O005202,P0021,1,0.0
9698,O005203,P0011,2,0.2
9699,O005203,P0028,3,0.0
9700,O005204,P0049,1,0.3
9701,O005204,P0034,2,0.1
9702,O005205,P0032,2,0.3
9703,O005205,P0044,3,0.0
9704,O005206,P0021,1,0.0
9705,O005207,P0058,3,0.05
9706,O005208,P0005,2,0.4
9707,O005209,P0047,4,0.0
9708,O005210,P0022,5,0.0
9709,O005210,P0004,5,0.0
9710,O005210,P0028,1,0.0
9711,O005211,P0040,3,0.0
9712,O005211,P0040,2,0.1
9713,O005212,P0012,1,0.0
9714,O005213,P0054,3,0.1
9715,O005214,P0018,4,0.05
9716,O005214,P0038,4,0.3
9717,O005214,P0024,1,0.4
9718,O005215,P0029,2,0.05
9719,O005215,P0022,1,0.0
9720,O005216,P0022,3,0.05
9721,O005216,P0022,1,0.05
9722,O005217,P0032,2,0.2
9723,O005218,P0049,1,0.4
9724,O005219,P0035,3,0.1
9725,O005220,P0027,2,0.05
9726,O005220,P0044,1,0.0
9727,O005220,P0028,2,0.05
9728,O005220,P0060,1,0.0
9729,O005221,P0012,2,0.0
9730,O005222,P0014,1,0.0
9731,O005222,P0017,2,0.0
9732,O005223,P0043,1,0.1
9733,O005223,P0053,1,0.05
9734,O005223,P0048,1,0.0
9735,O005223,P0025,3,0.0
9736,O005224,P0017,1,0.2
9737,O005225,P0011,1,0.0
9738,O005226,P0039,2,0.1
9739,O005226,P0046,3,0.2
9740,O005226,P0056,1,0.0
9741,O005227,P0055,2,0.05
9742,O005227,P0035,2,0.05
9743,O005227,P0045,1,0.0
9744,O005227,P0009,3,0.0
9745,O005228,P0021,4,0.3
9746,O005228,P0035,1,0.05
9747,O005228,P0043,1,0.0
9748,O005229,P0043,4,0.0
9749,O005229,P0010,3,0.0
9750,O005230,P0024,1,0.0
9751,O005230,P0010,1,0.0
9752,O005230,P0003,2,0.0
9753,O005230,P0048,1,0.05
9754,O005231,P0057,1,0.1
9755,O005231,P0031,3,0.05
9756,O005232,P0008,2,0.0
9757,O005233,P0058,1,0.0
9758,O005233,P0028,1,0.2
9759,O005233,P0030,2,0.0
9760,O005233,P0032,3,0.05
9761,O005234,P0006,1,0.0
9762,O005234,P0016,3,0.05
9763,O005235,P0029,1,0.0
9764,O005236,P0036,1,0.05
9765,O005236,P0060,1,0.1
9766,O005237,P0045,3,0.0
9767,O005238,P0019,1,0.0
9768,O005239,P0008,3,0.0
9769,O005239,P0018,1,0.1
9770,O005240,P0016,3,0.1
9771,O005240,P0030,1,0.2
9772,O005241,P0042,2,0.2
9773,O005242,P0043,1,0.2
9774,O005243,P0019,1,0.05
9775,O005244,P0004,2,0.3
9776,O005244,P0040,1,0.0
9777,O005245,P0031,2,0.4
9778,O005245,P0009,1,0.0
9779,O005246,P0058,1,0.0
9780,O005246,P0023,1,0.0
9781,O005246,P0044,1,0.05
9782,O005246,P0003,2,0.05
9783,O005247,P0028,1,0.0
9784,O005247,P0053,2,0.0
9785,O005247,P0037,1,0.05
9786,O005248,P0024,3,0.1
9787,O005249,P0006,2,0.0
9788,O005250,P0031,1,0.1
9789,O005250,P0047,1,0.05
9790,O005250,P0002,2,0.0
9791,O005251,P0012,2,0.1
9792,O005251,P0051,2,0.0
9793,O005251,P0017,3,0.05
9794,O005251,P0004,3,0.0
9795,O005252,P0008,1,0.1
9796,O005253,P0008,3,0.1
9797,O005254,P0020,4,0.0
9798,O005255,P0032,1,0.4
9799,O005256,P0017,1,0.3
9800,O005256,P0051,1,0.1
9801,O005256,P0008,1,0.2
9802,O005256,P0056,1,0.3
9803,O005257,P0005,3,0.0
9804,O005257,P0015,1,0.0
9805,O005258,P0008,2,0.0
9806,O005258,P0053,1,0.0
9807,O005258,P0020,3,0.0
9808,O005259,P0001,1,0.3
9809,O005260,P0003,1,0.05
9810,O005261,P0039,1,0.0
9811,O005261,P0057,4,0.1
9812,O005262,P0020,1,0.05
9813,O005262,P0054,1,0.0
9814,O005262,P0032,1,0.0
9815,O005263,P0058,3,0.0
9816,O005263,P0058,1,0.0
9817,O005263,P0010,1,0.0
9818,O005263,P0053,2,0.05
9819,O005264,P0034,2,0.3
9820,O005264,P0034,1,0.0
9821,O005265,P0019,1,0.05
9822,O005266,P0033,2,0.3
9823,O005266,P0053,4,0.05
9824,O005267,P0003,1,0.05
9825,O005268,P0060,1,0.0
9826,O005268,P0032,2,0.3
9827,O005269,P0005,1,0.0
9828,O005270,P0042,3,0.05
9829,O005270,P0057,1,0.0
9830,O005270,P0034,2,0.2
9831,O005271,P0014,4,0.0
9832,O005272,P0058,1,0.4
9833,O005273,P0045,4,0.0
9834,O005274,P0019,3,0.0
9835,O005274,P0031,3,0.05
9836,O005274,P0048,3,0.05
9837,O005274,P0059,3,0.3
9838,O005275,P0051,4,0.0
9839,O005275,P0059,1,0.0
9840,O005275,P0017,4,0.0
9841,O005276,P0031,3,0.0
9842,O005276,P0032,5,0.0
9843,O005277,P0025,4,0.0
9844,O005278,P0016,1,0.05
9845,O005279,P0007,1,0.1
9846,O005280,P0010,2,0.3
9847,O005281,P0053,1,0.05
9848,O005281,P0049,1,0.05
9849,O005282,P0044,2,0.05
9850,O005283,P0032,1,0.0
9851,O005284,P0038,2,0.05
9852,O005284,P0021,1,0.0
9853,O005285,P0032,1,0.0
9854,O005285,P0032,4,0.0
9855,O005286,P0011,1,0.0
9856,O005287,P0044,4,0.05
9857,O005287,P0054,1,0.1
9858,O005287,P0038,2,0.1
9859,O005288,P0047,2,0.05
9860,O005289,P0006,1,0.4
9861,O005289,P0058,1,0.3
9862,O005289,P0009,2,0.0
9863,O005289,P0043,1,0.4
9864,O005290,P0035,2,0.0
9865,O005290,P0013,3,0.0
9866,O005290,P0002,1,0.05
9867,O005291,P0056,2,0.4
9868,O005291,P0025,1,0.0
9869,O005291,P0045,1,0.2
9870,O005292,P0014,2,0.05
9871,O005293,P0008,1,0.0
9872,O005293,P0010,1,0.0
9873,O005294,P0029,1,0.0
9874,O005295,P0037,1,0.1
9875,O005296,P0048,1,0.0
9876,O005296,P0040,3,0.0
9877,O005297,P0011,2,0.05
9878,O005298,P0036,1,0.2
9879,O005298,P0042,1,0.0
9880,O005298,P0015,2,0.0
9881,O005299,P0007,1,0.1
9882,O005299,P0045,2,0.2
9883,O005300,P0038,4,0.0
9884,O005301,P0033,1,0.2
9885,O005301,P0057,4,0.1
9886,O005302,P0045,2,0.2
9887,O005302,P0019,1,0.0
9888,O005303,P0045,1,0.1
9889,O005303,P0040,1,0.0
9890,O005304,P0052,1,0.2
9891,O005304,P0055,1,0.0
9892,O005304,P0005,1,0.3
9893,O005305,P0037,1,0.1
9894,O005305,P0002,1,0.0
9895,O005306,P0028,1,0.0
9896,O005306,P0015,1,0.0
9897,O005307,P0056,4,0.0
9898,O005308,P0011,1,0.0
9899,O005308,P0032,2,0.0
9900,O005309,P0029,3,0.0
9901,O005310,P0044,3,0.1
9902,O005310,P0008,1,0.0
9903,O005310,P0030,1,0.0
9904,O005311,P0053,1,0.05
9905,O005312,P0059,1,0.1
9906,O005312,P0052,4,0.0
9907,O005313,P0010,1,0.0
9908,O005313,P0017,1,0.0
9909,O005313,P0060,1,0.3
9910,O005314,P0014,2,0.0
9911,O005314,P0043,5,0.2
9912,O005314,P0057,2,0.0
9913,O005315,P0042,2,0.0
9914,O005315,P0030,1,0.4
9915,O005315,P0048,2,0.0
9916,O005316,P0038,1,0.2
9917,O005317,P0036,1,0.0
9918,O005317,P0024,1,0.2
9919,O005318,P0060,1,0.4
9920,O005318,P0023,1,0.1
9921,O005318,P0060,1,0.0
9922,O005319,P0009,1,0.05
9923,O005320,P0058,1,0.0
9924,O005321,P0050,1,0.0
9925,O005322,P0002,1,0.0
9926,O005323,P0048,1,0.1
9927,O005323,P0005,1,0.0
9928,O005324,P0057,2,0.2
9929,O005324,P0028,1,0.2
9930,O005325,P0039,1,0.3
9931,O005326,P0032,1,0.0
9932,O005326,P0020,2,0.3
9933,O005327,P0029,2,0.0
9934,O005327,P0046,1,0.0
9935,O005328,P0046,4,0.0
9936,O005329,P0011,3,0.1
9937,O005329,P0021,1,0.2
9938,O005330,P0008,1,0.1
9939,O005331,P0056,1,0.3
9940,O005332,P0031,1,0.0
9941,O005332,P0022,2,0.0
9942,O005332,P0011,2,0.3
9943,O005332,P0040,1,0.0
9944,O005333,P0011,4,0.0
9945,O005334,P0022,1,0.0
9946,O005334,P0024,3,0.2
9947,O005335,P0017,1,0.0
9948,O005336,P0035,1,0.2
9949,O005337,P0025,5,0.0
9950,O005338,P0048,5,0.0
9951,O005338,P0023,1,0.05
9952,O005339,P0004,1,0.0
9953,O005339,P0029,1,0.3
9954,O005339,P0030,2,0.2
9955,O005339,P0041,3,0.4
9956,O005340,P0010,5,0.1
9957,O005340,P0041,1,0.0
9958,O005340,P0041,3,0.0
9959,O005340,P0007,2,0.05
9960,O005341,P0038,4,0.0
9961,O005342,P0023,3,0.2
9962,O005342,P0002,5,0.0
9963,O005342,P0043,1,0.0
9964,O005343,P0049,2,0.3
9965,O005344,P0024,1,0.0
9966,O005344,P0016,1,0.2
9967,O005345,P0041,1,0.0
9968,O005346,P0039,1,0.1
9969,O005347,P0053,1,0.0
9970,O005347,P0054,1,0.2
9971,O005348,P0014,1,0.1
9972,O005348,P0057,2,0.0
9973,O005349,P0055,1,0.0
9974,O005350,P0023,1,0.1
9975,O005350,P0018,1,0.1
9976,O005351,P0030,1,0.05
9977,O005352,P0010,1,0.05
9978,O005353,P0018,1,0.05
9979,O005353,P0016,4,0.0
9980,O005354,P0035,1,0.0
9981,O005354,P0012,1,0.0
9982,O005355,P0048,1,0.3
9983,O005355,P0053,1,0.2
9984,O005356,P0057,2,0.0
9985,O005356,P0021,2,0.4
9986,O005357,P0051,1,0.2
9987,O005357,P0025,3,0.0
9988,O005357,P0020,1,0.2
9989,O005358,P0016,1,0.1
9990,O005359,P0053,1,0.2
9991,O005359,P0028,3,0.4
9992,O005360,P0006,4,0.1
9993,O005360,P0046,3,0.1
9994,O005361,P0059,1,0.05
9995,O005361,P0026,2,0.0
9996,O005361,P0052,1,0.05
9997,O005361,P0039,2,0.0
9998,O005362,P0001,4,0.0
9999,O005363,P0026,4,0.1
10000,O005363,P0033,1,0.0
10001,O005363,P0057,2,0.0
10002,O005364,P0054,1,0.0
10003,O005364,P0020,3,0.0
10004,O005364,P0018,3,0.0
10005,O005364,P0057,1,0.3
10006,O005365,P0009,4,0.0
10007,O005366,P0059,2,0.0
10008,O005366,P0006,1,0.2
10009,O005366,P0018,4,0.05
10010,O005366,P0012,2,0.0
10011,O005367,P0035,4,0.0
10012,O005367,P0050,1,0.2
10013,O005367,P0012,1,0.05
10014,O005367,P0041,1,0.05
10015,O005368,P0058,1,0.0
10016,O005368,P0028,1,0.0
10017,O005369,P0018,1,0.3
10018,O005369,P0058,2,0.4
10019,O005370,P0055,2,0.4
10020,O005371,P0042,1,0.2
10021,O005372,P0052,1,0.0
10022,O005373,P0055,2,0.05
10023,O005374,P0024,2,0.05
10024,O005374,P0038,1,0.1
10025,O005374,P0032,5,0.0
10026,O005375,P0059,2,0.1
10027,O005375,P0003,5,0.0
10028,O005376,P0019,3,0.05
10029,O005377,P0052,1,0.3
10030,O005377,P0007,1,0.0
10031,O005377,P0056,5,0.4
10032,O005378,P0045,1,0.2
10033,O005378,P0038,1,0.0
10034,O005378,P0008,1,0.0
10035,O005378,P0011,5,0.0
10036,O005379,P0054,1,0.05
10037,O005380,P0017,1,0.4
10038,O005380,P0045,2,0.2
10039,O005380,P0034,2,0.0
10040,O005381,P0030,2,0.0
10041,O005382,P0057,1,0.0
10042,O005382,P0040,3,0.0
10043,O005383,P0034,1,0.0
10044,O005384,P0020,3,0.05
10045,O005384,P0012,5,0.2
10046,O005384,P0012,1,0.1
10047,O005385,P0008,1,0.1
10048,O005385,P0056,2,0.1
10049,O005385,P0022,1,0.0
10050,O005385,P0057,2,0.3
10051,O005386,P0044,4,0.0
10052,O005386,P0002,5,0.1
10053,O005386,P0030,1,0.0
10054,O005387,P0008,1,0.3
10055,O005388,P0014,1,0.05
10056,O005389,P0060,1,0.05
10057,O005389,P0056,1,0.0
10058,O005390,P0047,1,0.0
10059,O005390,P0025,2,0.4
10060,O005390,P0012,1,0.05
10061,O005391,P0034,4,0.0
10062,O005392,P0056,2,0.1
10063,O005393,P0041,1,0.0
10064,O005393,P0018,3,0.05
10065,O005394,P0018,4,0.2
10066,O005395,P0055,2,0.05
10067,O005395,P0055,2,0.05
10068,O005396,P0011,2,0.0
10069,O005396,P0051,1,0.2
10070,O005397,P0043,2,0.0
10071,O005397,P0048,4,0.0
10072,O005397,P0018,3,0.0
10073,O005397,P0017,1,0.05
10074,O005398,P0053,5,0.05
10075,O005399,P0049,2,0.0
10076,O005399,P0008,1,0.05
10077,O005400,P0025,1,0.3
10078,O005400,P0049,1,0.05
10079,O005401,P0046,1,0.1
10080,O005401,P0059,3,0.2
10081,O005402,P0001,3,0.4
10082,O005402,P0021,1,0.1
10083,O005402,P0032,1,0.0
10084,O005403,P0020,2,0.2
10085,O005404,P0039,1,0.2
10086,O005405,P0002,3,0.0
10087,O005406,P0043,3,0.1
10088,O005406,P0044,4,0.0
10089,O005407,P0026,5,0.05
10090,O005407,P0027,2,0.3
10091,O005408,P0007,1,0.0
10092,O005409,P0021,1,0.0
10093,O005409,P0010,1,0.0
10094,O005410,P0002,1,0.3
10095,O005410,P0007,1,0.0
10096,O005411,P0013,5,0.1
10097,O005412,P0037,2,0.2
10098,O005413,P0059,1,0.0
10099,O005414,P0017,1,0.0
10100,O005415,P0060,2,0.05
10101,O005415,P0052,1,0.0
10102,O005416,P0025,1,0.3
10103,O005416,P0049,4,0.3
10104,O005416,P0030,2,0.2
10105,O005417,P0051,2,0.0
10106,O005418,P0008,1,0.0
10107,O005418,P0027,4,0.1
10108,O005419,P0022,3,0.2
10109,O005419,P0019,4,0.0
10110,O005419,P0011,2,0.2
10111,O005420,P0059,2,0.0
10112,O005420,P0031,1,0.1
10113,O005420,P0014,1,0.0
10114,O005421,P0041,1,0.05
10115,O005421,P0003,1,0.3
10116,O005422,P0048,1,0.0
10117,O005422,P0060,3,0.0
10118,O005423,P0005,3,0.0
10119,O005423,P0048,1,0.2
10120,O005424,P0023,5,0.0
10121,O005424,P0046,2,0.3
10122,O005424,P0041,2,0.05
10123,O005424,P0013,3,0.1
10124,O005425,P0027,4,0.1
10125,O005426,P0024,1,0.05
10126,O005427,P0029,5,0.0
10127,O005427,P0027,1,0.0
10128,O005428,P0028,3,0.3
10129,O005428,P0012,1,0.0
10130,O005428,P0036,2,0.1
10131,O005429,P0020,4,0.2
10132,O005430,P0055,1,0.1
10133,O005431,P0022,2,0.0
10134,O005432,P0024,1,0.0
10135,O005433,P0040,1,0.0
10136,O005433,P0051,1,0.05
10137,O005434,P0030,3,0.3
10138,O005435,P0020,1,0.2
10139,O005436,P0009,4,0.05
10140,O005436,P0023,4,0.3
10141,O005437,P0009,1,0.0
10142,O005437,P0007,2,0.0
10143,O005437,P0051,1,0.0
10144,O005437,P0013,3,0.4
10145,O005438,P0016,2,0.05
10146,O005439,P0004,1,0.05
10147,O005440,P0003,4,0.3
10148,O005441,P0037,1,0.3
10149,O005441,P0029,2,0.0
10150,O005442,P0040,3,0.05
10151,O005442,P0057,1,0.1
10152,O005442,P0018,1,0.05
10153,O005443,P0002,1,0.0
10154,O005444,P0049,1,0.05
10155,O005444,P0019,3,0.0
10156,O005444,P0018,1,0.05
10157,O005445,P0038,1,0.1
10158,O005445,P0033,2,0.1
10159,O005446,P0035,2,0.2
10160,O005446,P0059,1,0.0
10161,O005447,P0011,1,0.2
10162,O005447,P0035,1,0.1
10163,O005448,P0008,1,0.0
10164,O005449,P0030,1,0.0
10165,O005449,P0057,1,0.0
10166,O005450,P0022,1,0.1
10167,O005450,P0012,1,0.0
10168,O005450,P0028,1,0.0
10169,O005451,P0059,1,0.05
10170,O005452,P0046,4,0.0
10171,O005453,P0052,5,0.1
10172,O005454,P0022,1,0.2
10173,O005455,P0043,1,0.0
10174,O005455,P0005,1,0.0
10175,O005455,P0055,1,0.1
10176,O005456,P0027,1,0.4
10177,O005457,P0046,1,0.05
10178,O005458,P0003,1,0.0
10179,O005458,P0027,3,0.0
10180,O005459,P0033,3,0.0
10181,O005459,P0058,1,0.05
10182,O005460,P0009,3,0.2
10183,O005460,P0043,1,0.0
10184,O005460,P0023,1,0.4
10185,O005461,P0030,1,0.2
10186,O005462,P0031,1,0.1
10187,O005462,P0025,2,0.0
10188,O005463,P0030,2,0.0
10189,O005463,P0008,4,0.0
10190,O005464,P0037,1,0.05
10191,O005465,P0060,1,0.4
10192,O005465,P0040,1,0.2
10193,O005466,P0009,1,0.4
10194,O005466,P0007,1,0.1
10195,O005466,P0009,3,0.0
10196,O005467,P0002,1,0.0
10197,O005467,P0030,2,0.2
10198,O005468,P0050,1,0.2
10199,O005469,P0023,1,0.05
10200,O005469,P0041,2,0.0
10201,O005470,P0015,5,0.3
10202,O005471,P0001,3,0.05
10203,O005472,P0060,1,0.2
10204,O005472,P0031,4,0.05
10205,O005472,P0034,3,0.0
10206,O005472,P0025,3,0.2
10207,O005473,P0053,1,0.4
10208,O005474,P0001,1,0.3
10209,O005474,P0027,4,0.05
10210,O005474,P0054,3,0.0
10211,O005475,P0037,1,0.0
10212,O005476,P0038,1,0.05
10213,O005477,P0004,2,0.2
10214,O005477,P0026,3,0.0
10215,O005477,P0039,4,0.2
10216,O005477,P0044,1,0.1
10217,O005478,P0050,2,0.0
10218,O005478,P0015,1,0.0
10219,O005479,P0031,4,0.0
10220,O005480,P0007,3,0.1
10221,O005481,P0012,2,0.1
10222,O005481,P0054,1,0.05
10223,O005482,P0040,1,0.0
10224,O005482,P0022,1,0.0
10225,O005482,P0011,3,0.0
10226,O005483,P0043,1,0.05
10227,O005483,P0043,4,0.0
10228,O005484,P0006,1,0.2
10229,O005484,P0054,3,0.3
10230,O005484,P0017,4,0.2
10231,O005485,P0007,4,0.3
10232,O005486,P0026,1,0.0
10233,O005486,P0036,1,0.2
10234,O005487,P0022,1,0.0
10235,O005488,P0038,1,0.4
10236,O005489,P0049,3,0.0
10237,O005490,P0048,1,0.05
10238,O005490,P0046,3,0.0
10239,O005491,P0010,3,0.0
10240,O005491,P0032,2,0.4
10241,O005492,P0010,1,0.0
10242,O005492,P0002,1,0.0
10243,O005493,P0029,3,0.0
10244,O005494,P0057,2,0.0
10245,O005495,P0026,3,0.3
10246,O005496,P0058,2,0.2
10247,O005496,P0057,1,0.0
10248,O005496,P0032,2,0.0
10249,O005497,P0009,5,0.0
10250,O005497,P0033,1,0.0
10251,O005497,P0019,1,0.0
10252,O005498,P0018,1,0.3
10253,O005498,P0051,1,0.4
10254,O005498,P0024,2,0.0
10255,O005499,P0037,2,0.1
10256,O005500,P0009,1,0.0
10257,O005500,P0024,5,0.4
10258,O005500,P0014,1,0.05
10259,O005501,P0045,4,0.2
10260,O005501,P0029,2,0.1
10261,O005501,P0027,1,0.2
10262,O005502,P0013,1,0.2
10263,O005503,P0001,2,
10264,O005504,P0044,1,0.0
10265,O005505,P0054,4,0.0
10266,O005506,P0052,1,0.0
10267,O005506,P0034,1,0.4
10268,O005507,P0058,2,0.3
10269,O005508,P0039,1,0.05
10270,O005508,P0047,1,0.0
10271,O005509,P0045,2,0.0
10272,O005510,P0037,1,0.05
10273,O005510,P0035,1,0.1
10274,O005511,P0053,2,0.4
10275,O005511,P0001,1,0.1
10276,O005511,P0005,1,0.0
10277,O005512,P0030,3,0.1
10278,O005513,P0044,2,0.2
10279,O005513,P0060,5,0.3
10280,O005513,P0007,4,0.3
10281,O005514,P0034,4,0.0
10282,O005514,P0006,3,0.05
10283,O005514,P0055,1,0.0
10284,O005515,P0017,2,0.0
10285,O005515,P0038,1,0.0
10286,O005516,P0026,2,0.0
10287,O005516,P0050,5,0.2
10288,O005517,P0044,3,0.0
10289,O005518,P0012,1,0.2
10290,O005519,P0015,1,0.05
10291,O005519,P0054,4,0.0
10292,O005519,P0011,1,0.4
10293,O005520,P0047,5,0.0
10294,O005521,P0011,1,0.0
10295,O005522,P0059,2,0.0
10296,O005522,P0045,1,0.3
10297,O005522,P0022,1,0.0
10298,O005523,P0015,3,0.0
10299,O005523,P0026,3,0.0
10300,O005523,P0014,1,0.0
10301,O005524,P0053,3,0.0
10302,O005525,P0005,2,0.2
10303,O005526,P0045,1,0.05
10304,O005526,P0022,2,0.0
10305,O005527,P0045,1,0.2
10306,O005527,P0048,2,0.0
10307,O005528,P0020,3,0.0
10308,O005528,P0043,2,0.05
10309,O005529,P0050,4,0.0
10310,O005530,P0008,1,0.2
10311,O005530,P0030,1,0.0
10312,O005531,P0029,2,0.1
10313,O005532,P0044,3,
10314,O005532,P0023,3,0.0
10315,O005532,P0052,1,0.1
10316,O005533,P0049,2,0.4
10317,O005533,P0041,1,0.0
10318,O005534,P0036,1,0.0
10319,O005535,P0008,1,0.2
10320,O005535,P0055,3,0.1
10321,O005536,P0002,1,0.4
10322,O005536,P0048,1,0.0
10323,O005537,P0056,1,0.0
10324,O005537,P0021,1,0.0
10325,O005538,P0040,2,0.0
10326,O005539,P0010,3,0.1
10327,O005539,P0051,2,0.0
10328,O005539,P0015,4,0.0
10329,O005540,P0023,5,0.0
10330,O005541,P0005,1,0.3
10331,O005542,P0031,4,0.1
10332,O005543,P0057,5,0.0
10333,O005544,P0030,2,0.4
10334,O005544,P0039,5,0.0
10335,O005545,P0026,1,0.05
10336,O005546,P0055,1,0.05
10337,O005547,P0037,4,0.05
10338,O005547,P0059,1,0.05
10339,O005548,P0037,4,0.05
10340,O005549,P0028,2,0.0
10341,O005550,P0022,1,0.1
10342,O005551,P0046,1,0.05
10343,O005551,P0052,2,0.4
10344,O005551,P0035,4,0.0
10345,O005552,P0049,1,0.0
10346,O005552,P0010,1,0.05
10347,O005553,P0009,3,0.2
10348,O005553,P0024,2,0.0
10349,O005554,P0052,1,0.4
10350,O005555,P0007,1,0.05
10351,O005556,P0002,1,0.2
10352,O005556,P0056,1,0.0
10353,O005557,P0008,1,0.0
10354,O005557,P0033,2,0.1
10355,O005558,P0034,2,0.3
10356,O005558,P0022,4,0.0
10357,O005559,P0029,1,0.2
10358,O005560,P0040,1,0.2
10359,O005561,P0018,3,0.0
10360,O005562,P0001,1,0.0
10361,O005563,P0027,1,0.4
10362,O005564,P0006,2,0.1
10363,O005564,P0042,2,0.4
10364,O005565,P0047,2,0.0
10365,O005565,P0056,1,0.2
10366,O005566,P0046,1,0.0
10367,O005566,P0003,1,0.1
10368,O005566,P0055,1,0.05
10369,O005567,P0057,1,0.1
10370,O005567,P0038,1,0.0
10371,O005567,P0007,3,0.1
10372,O005568,P0038,1,0.0
10373,O005568,P0052,5,0.05
10374,O005569,P0017,1,0.05
10375,O005569,P0008,4,0.0
10376,O005569,P0015,1,0.0
10377,O005570,P0033,5,0.3
10378,O005571,P0019,3,0.0
10379,O005571,P0021,1,0.0
10380,O005572,P0054,4,0.0
10381,O005573,P0039,1,0.05
10382,O005574,P0014,3,0.1
10383,O005574,P0034,2,0.4
10384,O005575,P0030,1,0.1
10385,O005576,P0029,1,0.05
10386,O005576,P0057,2,0.1
10387,O005577,P0049,1,0.0
10388,O005578,P0055,1,0.0
10389,O005578,P0043,2,0.3
10390,O005579,P0057,1,0.0
10391,O005580,P0058,5,0.0
10392,O005581,P0027,2,0.0
10393,O005581,P0005,2,0.0
10394,O005582,P0014,2,0.0
10395,O005582,P0014,2,0.0
10396,O005583,P0019,1,0.2
10397,O005583,P0005,5,0.2
10398,O005584,P0036,2,0.0
10399,O005584,P0051,2,0.05
10400,O005585,P0027,2,0.0
10401,O005585,P0044,1,0.3
10402,O005585,P0008,1,0.2
10403,O005585,P0035,4,0.05
10404,O005586,P0027,2,0.0
10405,O005586,P0014,1,0.0
10406,O005586,P0035,1,0.0
10407,O005587,P0023,5,0.05
10408,O005587,P0039,3,0.05
10409,O005588,P0003,3,0.0
10410,O005589,P0025,2,0.0
10411,O005590,P0054,1,0.0
10412,O005591,P0014,4,0.2
10413,O005592,P0022,5,0.1
10414,O005593,P0008,2,0.0
10415,O005593,P0033,1,0.0
10416,O005594,P0016,1,0.0
10417,O005594,P0016,3,0.0
10418,O005594,P0055,1,0.05
10419,O005594,P0050,3,0.0
10420,O005595,P0013,2,0.1
10421,O005596,P0030,1,0.1
10422,O005596,P0038,1,0.0
10423,O005596,P0030,1,0.0
10424,O005596,P0018,3,0.0
10425,O005597,P0004,2,0.05
10426,O005597,P0014,1,0.2
10427,O005598,P0004,5,0.0
10428,O005598,P0060,4,0.1
10429,O005599,P0025,1,0.05
10430,O005600,P0049,3,0.3
10431,O005601,P0013,1,0.3
10432,O005602,P0036,1,0.1
10433,O005603,P0025,2,0.2
10434,O005603,P0025,1,0.0
10435,O005604,P0025,2,0.05
10436,O005604,P0038,2,0.0
10437,O005605,P0033,1,0.3
10438,O005606,P0035,1,0.0
10439,O005606,P0002,1,0.4
10440,O005606,P0014,1,0.0
10441,O005606,P0006,2,0.1
10442,O005607,P0034,3,0.05
10443,O005607,P0027,2,0.05
10444,O005608,P0005,3,0.1
10445,O005609,P0035,2,0.3
10446,O005610,P0059,2,0.0
10447,O005610,P0060,2,0.2
10448,O005611,P0026,1,0.1
10449,O005611,P0051,2,0.0
10450,O005611,P0016,2,0.05
10451,O005612,P0011,1,0.1
10452,O005612,P0040,2,0.0
10453,O005612,P0045,4,0.0
10454,O005613,P0016,2,0.0
10455,O005614,P0043,1,0.0
10456,O005614,P0017,2,0.0
10457,O005615,P0016,2,0.0
10458,O005616,P0042,1,0.0
10459,O005616,P0026,2,0.3
10460,O005617,P0026,1,0.3
10461,O005618,P0041,2,0.2
10462,O005618,P0054,3,0.0
10463,O005619,P0038,2,0.0
10464,O005619,P0008,2,0.0
10465,O005619,P0004,1,0.0
10466,O005620,P0007,1,0.3
10467,O005621,P0027,2,0.0
10468,O005621,P0035,2,0.05
10469,O005621,P0021,2,0.4
10470,O005622,P0006,1,0.2
10471,O005623,P0021,1,0.0
10472,O005624,P0025,5,0.05
10473,O005624,P0006,1,0.0
10474,O005625,P0051,1,0.1
10475,O005626,P0048,4,0.05
10476,O005626,P0014,1,0.05
10477,O005626,P0059,2,0.1
10478,O005626,P0029,2,0.1
10479,O005627,P0008,4,0.0
10480,O005627,P0015,2,0.2
10481,O005628,P0050,1,0.0
10482,O005629,P0028,4,0.0
10483,O005629,P0006,2,0.2
10484,O005630,P0051,2,0.0
10485,O005630,P0039,2,0.2
10486,O005630,P0036,2,0.3
10487,O005631,P0025,2,0.0
10488,O005632,P0046,3,0.1
10489,O005632,P0027,3,0.3
10490,O005633,P0034,1,0.4
10491,O005634,P0012,2,0.0
10492,O005635,P0050,3,0.0
10493,O005635,P0060,3,0.1
10494,O005636,P0001,1,0.1
10495,O005637,P0037,3,0.1
10496,O005637,P0046,2,0.05
10497,O005638,P0027,1,0.05
10498,O005638,P0059,1,0.1
10499,O005639,P0060,3,0.1
10500,O005639,P0016,4,0.2
10501,O005640,P0059,5,0.2
10502,O005640,P0009,3,0.2
10503,O005640,P0011,2,0.0
10504,O005641,P0052,1,0.0
10505,O005641,P0011,2,0.2
10506,O005642,P0017,3,0.0
10507,O005642,P0014,4,0.2
10508,O005642,P0046,1,0.4
10509,O005643,P0035,1,0.2
10510,O005643,P0035,3,0.2
10511,O005644,P0012,5,0.3
10512,O005645,P0008,3,0.0
10513,O005645,P0031,1,0.0
10514,O005645,P0031,1,0.05
10515,O005646,P0038,1,0.3
10516,O005646,P0051,1,0.3
10517,O005647,P0052,3,0.0
10518,O005647,P0004,2,0.2
10519,O005648,P0012,2,0.0
10520,O005648,P0041,2,0.4
10521,O005649,P0022,1,0.1
10522,O005650,P0008,3,0.2
10523,O005650,P0035,2,0.0
10524,O005650,P0022,1,0.05
10525,O005650,P0058,3,0.2
10526,O005651,P0033,1,0.2
10527,O005651,P0035,1,0.3
10528,O005652,P0018,4,0.3
10529,O005652,P0046,1,0.05
10530,O005652,P0046,1,0.0
10531,O005653,P0038,1,0.0
10532,O005653,P0024,3,0.05
10533,O005653,P0019,2,0.0
10534,O005654,P0001,1,0.2
10535,O005655,P0052,1,0.2
10536,O005656,P0013,2,0.0
10537,O005657,P0007,1,0.0
10538,O005657,P0016,2,0.0
10539,O005657,P0050,2,0.4
10540,O005658,P0001,5,0.0
10541,O005658,P0001,3,0.0
10542,O005658,P0035,1,0.0
10543,O005659,P0010,1,0.2
10544,O005659,P0048,2,0.05
10545,O005659,P0023,2,0.0
10546,O005659,P0002,1,0.05
10547,O005660,P0055,1,0.2
10548,O005661,P0043,2,0.0
10549,O005662,P0016,1,0.0
10550,O005663,P0013,2,0.2
10551,O005663,P0005,1,0.3
10552,O005664,P0031,1,0.0
10553,O005665,P0035,1,0.0
10554,O005666,P0042,1,0.1
10555,O005667,P0034,3,0.1
10556,O005668,P0001,1,0.1
10557,O005668,P0018,2,0.1
10558,O005668,P0016,1,0.05
10559,O005668,P0009,1,0.1
10560,O005669,P0017,2,0.1
10561,O005670,P0048,1,0.0
10562,O005671,P0009,5,0.0
10563,O005671,P0016,2,0.2
10564,O005671,P0025,2,0.1
10565,O005671,P0004,3,0.05
10566,O005672,P0002,1,0.0
10567,O005672,P0032,4,0.05
10568,O005673,P0023,1,0.0
10569,O005674,P0029,1,0.0
10570,O005674,P0058,1,0.05
10571,O005675,P0022,4,0.1
10572,O005675,P0028,1,0.0
10573,O005675,P0056,3,0.05
10574,O005676,P0034,1,0.0
10575,O005676,P0040,1,0.05
10576,O005676,P0003,4,0.05
10577,O005677,P0019,2,0.0
10578,O005678,P0041,2,0.05
10579,O005678,P0010,3,0.2
10580,O005679,P0059,2,0.0
10581,O005679,P0050,3,0.0
10582,O005679,P0023,4,0.0
10583,O005680,P0019,3,0.1
10584,O005680,P0006,1,0.0
10585,O005681,P0016,1,0.0
10586,O005681,P0021,3,0.0
10587,O005682,P0039,2,0.0
10588,O005683,P0010,1,0.0
10589,O005684,P0016,3,0.05
10590,O005684,P0052,1,0.0
10591,O005685,P0017,4,0.4
10592,O005685,P0049,2,0.0
10593,O005686,P0036,1,0.2
10594,O005686,P0008,2,0.0
10595,O005686,P0048,3,0.0
10596,O005686,P0032,2,0.0
10597,O005687,P0043,2,0.0
10598,O005688,P0013,3,0.0
10599,O005688,P0004,1,0.05
10600,O005689,P0040,4,0.2
10601,O005689,P0053,1,0.0
10602,O005690,P0055,3,0.0
10603,O005690,P0039,2,0.1
10604,O005690,P0018,2,0.0
10605,O005691,P0044,1,0.2
10606,O005692,P0054,4,0.0
10607,O005692,P0018,2,0.0
10608,O005692,P0040,1,0.0
10609,O005693,P0003,1,0.2
10610,O005694,P0023,2,0.2
10611,O005694,P0055,2,0.0
10612,O005694,P0006,1,0.1
10613,O005695,P0039,2,0.0
10614,O005695,P0022,2,0.0
10615,O005695,P0017,1,0.0
10616,O005695,P0029,2,0.1
10617,O005696,P0057,1,0.2
10618,O005696,P0057,1,0.0
10619,O005696,P0049,4,0.0
10620,O005697,P0051,3,0.0
10621,O005697,P0021,1,0.0
10622,O005697,P0038,2,0.4
10623,O005698,P0020,1,0.0
10624,O005698,P0013,1,0.0
10625,O005698,P0012,2,0.1
10626,O005699,P0044,1,0.3
10627,O005699,P0038,1,0.0
10628,O005700,P0059,2,0.4
10629,O005700,P0006,3,0.05
10630,O005700,P0015,2,0.0
10631,O005701,P0003,1,0.2
10632,O005701,P0025,1,0.0
10633,O005702,P0008,1,0.4
10634,O005703,P0041,4,0.0
10635,O005703,P0058,3,0.4
10636,O005704,P0039,4,0.0
10637,O005704,P0053,1,0.0
10638,O005705,P0003,1,0.0
10639,O005705,P0036,2,0.0
10640,O005705,P0021,3,0.3
10641,O005705,P0022,1,0.0
10642,O005706,P0030,1,0.05
10643,O005707,P0023,3,0.1
10644,O005708,P0012,2,0.2
10645,O005708,P0011,1,0.0
10646,O005709,P0041,1,0.3
10647,O005709,P0057,3,0.4
10648,O005710,P0016,1,0.0
10649,O005711,P0034,4,0.0
10650,O005711,P0048,2,0.05
10651,O005711,P0034,4,0.2
10652,O005712,P0026,1,0.0
10653,O005712,P0001,1,0.2
10654,O005713,P0010,1,0.0
10655,O005714,P0043,1,0.05
10656,O005715,P0021,1,0.05
10657,O005716,P0042,4,0.0
10658,O005717,P0020,4,0.4
10659,O005717,P0023,3,0.0
10660,O005717,P0052,1,0.1
10661,O005718,P0013,1,0.0
10662,O005718,P0044,2,0.1
10663,O005719,P0020,3,0.2
10664,O005720,P0009,2,0.0
10665,O005721,P0055,1,0.0
10666,O005721,P0028,1,0.1
10667,O005722,P0048,1,0.4
10668,O005723,P0035,3,0.0
10669,O005723,P0019,1,0.2
10670,O005724,P0016,3,0.1
10671,O005724,P0002,1,0.0
10672,O005725,P0003,2,0.05
10673,O005726,P0052,1,0.0
10674,O005726,P0013,2,0.0
10675,O005727,P0036,1,0.1
10676,O005728,P0057,2,0.1
10677,O005728,P0011,3,0.0
10678,O005729,P0037,2,0.0
10679,O005730,P0036,2,0.2
10680,O005731,P0022,1,0.0
10681,O005732,P0022,1,0.0
10682,O005732,P0002,1,0.1
10683,O005732,P0019,2,0.0
10684,O005732,P0002,2,0.0
10685,O005733,P0002,4,0.0
10686,O005734,P0050,2,0.2
10687,O005734,P0052,2,0.2
10688,O005735,P0033,2,0.0
10689,O005735,P0020,1,0.05
10690,O005736,P0051,2,0.0
10691,O005736,P0037,1,0.2
10692,O005737,P0030,5,0.4
10693,O005738,P0001,1,0.1
10694,O005738,P0005,1,0.3
10695,O005738,P0013,3,0.4
10696,O005739,P0040,1,0.4
10697,O005739,P0044,3,0.1
10698,O005739,P0005,1,0.0
10699,O005739,P0033,1,0.1
10700,O005740,P0038,1,0.1
10701,O005741,P0057,2,0.3
10702,O005742,P0040,2,0.05
10703,O005742,P0050,1,0.2
10704,O005742,P0032,1,0.0
10705,O005742,P0026,1,0.2
10706,O005743,P0027,1,0.0
10707,O005744,P0019,2,0.2
10708,O005744,P0019,2,0.0
10709,O005745,P0045,2,0.3
10710,O005745,P0023,3,0.3
10711,O005746,P0007,1,0.0
10712,O005747,P0049,2,0.2
10713,O005747,P0046,4,0.1
10714,O005748,P0051,1,0.0
10715,O005748,P0018,1,0.3
10716,O005749,P0009,2,0.0
10717,O005749,P0011,2,0.0
10718,O005750,P0040,2,0.0
10719,O005751,P0003,1,0.0
10720,O005751,P0059,2,0.0
10721,O005752,P0022,1,0.05
10722,O005752,P0005,3,0.0
10723,O005753,P0050,1,0.0
10724,O005754,P0021,4,0.3
10725,O005754,P0022,3,0.05
10726,O005755,P0043,3,0.1
10727,O005755,P0058,3,0.3
10728,O005755,P0015,1,0.0
10729,O005755,P0030,3,0.4
10730,O005756,P0022,1,0.0
10731,O005757,P0020,3,0.0
10732,O005757,P0019,1,0.0
10733,O005757,P0024,5,0.0
10734,O005758,P0019,4,0.2
10735,O005758,P0046,1,0.1
10736,O005759,P0059,3,0.1
10737,O005759,P0056,1,0.1
10738,O005760,P0047,1,0.0
10739,O005760,P0008,3,0.05
10740,O005760,P0019,1,0.3
10741,O005761,P0032,3,0.05
10742,O005762,P0049,1,0.0
10743,O005763,P0040,1,0.4
10744,O005764,P0036,1,0.1
10745,O005764,P0038,1,0.0
10746,O005765,P0023,2,0.0
10747,O005766,P0014,1,0.0
10748,O005767,P0050,3,0.1
10749,O005768,P0015,3,0.0
10750,O005769,P0028,2,0.05
10751,O005770,P0052,1,0.0
10752,O005771,P0041,1,0.05
10753,O005771,P0047,4,0.1
10754,O005771,P0023,1,0.05
10755,O005772,P0014,2,0.1
10756,O005772,P0060,5,0.0
10757,O005773,P0042,3,0.0
10758,O005773,P0058,1,0.0
10759,O005774,P0045,2,0.3
10760,O005774,P0038,1,0.3
10761,O005775,P0041,4,0.3
10762,O005775,P0002,4,0.2
10763,O005776,P0008,1,0.0
10764,O005777,P0018,2,0.0
10765,O005777,P0055,2,0.0
10766,O005777,P0047,4,0.05
10767,O005778,P0060,2,0.0
10768,O005778,P0002,2,0.0
10769,O005779,P0039,4,0.0
10770,O005780,P0004,2,0.3
10771,O005781,P0051,3,0.4
10772,O005781,P0052,1,0.0
10773,O005781,P0029,3,0.3
10774,O005782,P0007,2,0.0
10775,O005783,P0012,2,0.05
10776,O005783,P0001,1,0.3
10777,O005783,P0022,2,0.0
10778,O005784,P0029,1,0.05
10779,O005785,P0046,4,0.0
10780,O005785,P0015,2,0.4
10781,O005786,P0043,1,0.05
10782,O005786,P0045,3,0.1
10783,O005786,P0003,4,0.05
10784,O005787,P0035,4,0.2
10785,O005787,P0018,3,0.2
10786,O005787,P0009,2,0.0
10787,O005788,P0022,2,0.3
10788,O005789,P0040,1,0.1
10789,O005790,P0009,1,0.3
10790,O005790,P0018,1,0.0
10791,O005790,P0017,3,0.0
10792,O005790,P0060,4,0.2
10793,O005791,P0057,2,0.0
10794,O005791,P0025,1,0.1
10795,O005791,P0038,1,0.05
10796,O005791,P0025,1,0.4
10797,O005792,P0039,3,0.4
10798,O005792,P0029,2,0.1
10799,O005792,P0023,4,0.0
10800,O005793,P0006,1,0.1
10801,O005793,P0022,1,0.4
10802,O005793,P0036,1,0.0
10803,O005794,P0002,1,0.0
10804,O005794,P0018,1,0.3
10805,O005794,P0060,1,0.05
10806,O005795,P0040,3,0.05
10807,O005795,P0054,5,0.0
10808,O005796,P0021,1,0.05
10809,O005796,P0001,4,0.05
10810,O005796,P0007,4,0.2
10811,O005796,P0055,1,0.3
10812,O005797,P0012,3,0.1
10813,O005797,P0019,1,0.1
10814,O005798,P0047,2,0.3
10815,O005798,P0014,3,0.05
10816,O005798,P0015,1,0.1
10817,O005799,P0057,2,0.0
10818,O005799,P0060,5,0.0
10819,O005800,P0024,1,0.0
10820,O005800,P0036,2,0.3
10821,O005801,P0001,1,0.0
10822,O005801,P0060,1,0.4
10823,O005801,P0018,2,0.4
10824,O005801,P0006,2,0.0
10825,O005802,P0010,1,0.05
10826,O005803,P0043,4,0.3
10827,O005804,P0033,1,0.0
10828,O005804,P0029,4,0.05
10829,O005805,P0047,5,0.0
10830,O005806,P0048,5,0.0
10831,O005806,P0044,1,0.1
10832,O005807,P0049,1,0.05
10833,O005808,P0048,1,0.2
10834,O005809,P0036,2,0.0
10835,O005810,P0004,1,0.0
10836,O005810,P0001,3,0.0
10837,O005810,P0026,1,0.4
10838,O005811,P0045,1,0.1
10839,O005812,P0022,3,0.2
10840,O005813,P0033,1,0.0
10841,O005814,P0006,2,0.3
10842,O005815,P0045,2,0.05
10843,O005815,P0046,1,0.0
10844,O005816,P0025,4,0.2
10845,O005817,P0010,3,0.05
10846,O005818,P0014,3,0.2
10847,O005819,P0037,4,0.1
10848,O005820,P0045,1,0.05
10849,O005820,P0033,1,0.0
10850,O005821,P0046,2,0.2
10851,O005821,P0004,2,0.4
10852,O005822,P0049,1,0.0
10853,O005822,P0019,1,0.0
10854,O005823,P0008,5,0.2
10855,O005823,P0009,1,0.0
10856,O005824,P0054,2,0.0
10857,O005825,P0030,2,0.4
10858,O005826,P0011,1,0.0
10859,O005827,P0025,1,0.0
10860,O005827,P0023,1,0.0
10861,O005828,P0052,5,0.0
10862,O005828,P0050,3,0.05
10863,O005829,P0032,1,0.2
10864,O005830,P0006,1,0.2
10865,O005830,P0040,2,0.0
10866,O005830,P0013,1,0.2
10867,O005830,P0016,1,0.4
10868,O005831,P0022,1,0.0
10869,O005832,P0021,4,0.0
10870,O005832,P0024,2,0.0
10871,O005833,P0007,1,0.1
10872,O005834,P0012,3,0.1
10873,O005834,P0020,1,0.0
10874,O005834,P0025,1,0.1
10875,O005835,P0041,1,0.0
10876,O005835,P0046,5,0.0
10877,O005836,P0049,1,0.05
10878,O005836,P0018,1,0.3
10879,O005836,P0032,1,0.0
10880,O005836,P0026,1,0.1
10881,O005837,P0042,1,0.2
10882,O005838,P0039,4,0.0
10883,O005838,P0007,2,0.0
10884,O005839,P0044,2,0.0
10885,O005840,P0017,1,0.0
10886,O005841,P0042,1,0.3
10887,O005842,P0057,1,0.2
10888,O005842,P0020,2,0.0
10889,O005842,P0019,4,0.0
10890,O005843,P0054,2,0.3
10891,O005843,P0033,1,0.05
10892,O005843,P0024,1,0.05
10893,O005844,P0044,4,0.0
10894,O005844,P0012,4,0.05
10895,O005845,P0019,1,0.0
10896,O005845,P0052,1,0.1
10897,O005846,P0035,1,0.3
10898,O005846,P0031,2,0.05
10899,O005846,P0027,1,0.1
10900,O005847,P0048,1,0.0
10901,O005848,P0008,1,0.0
10902,O005848,P0049,1,0.0
10903,O005848,P0055,2,0.0
10904,O005849,P0037,2,0.0
10905,O005849,P0016,2,0.1
10906,O005850,P0044,4,0.1
10907,O005850,P0004,2,0.0
10908,O005851,P0049,1,0.2
10909,O005852,P0040,1,0.0
10910,O005852,P0002,1,0.1
10911,O005853,P0023,2,0.4
10912,O005854,P0023,1,0.0
10913,O005854,P0003,3,0.1
10914,O005854,P0057,2,0.1
10915,O005854,P0050,3,0.1
10916,O005855,P0043,4,0.3
10917,O005855,P0017,5,0.0
10918,O005856,P0026,1,0.0
10919,O005857,P0007,1,0.3
10920,O005858,P0059,1,0.0
10921,O005859,P0058,1,0.0
10922,O005859,P0060,3,0.05
10923,O005860,P0054,2,0.0
10924,O005861,P0026,3,0.0
10925,O005861,P0002,4,0.0
10926,O005862,P0045,2,0.1
10927,O005863,P0014,1,0.0
10928,O005863,P0057,1,0.2
10929,O005864,P0056,4,0.0
10930,O005865,P0037,3,0.0
10931,O005866,P0015,2,0.0
10932,O005867,P0035,3,0.0
10933,O005867,P0018,2,0.05
10934,O005867,P0007,1,0.0
10935,O005868,P0039,1,0.1
10936,O005868,P0007,5,0.0
10937,O005869,P0049,1,0.0
10938,O005869,P0004,3,0.0
10939,O005870,P0011,2,0.05
10940,O005870,P0003,2,0.4
10941,O005870,P0055,3,0.0
10942,O005871,P0059,4,0.0
10943,O005871,P0032,1,0.1
10944,O005871,P0021,1,0.0
10945,O005872,P0037,1,0.3
10946,O005873,P0039,1,0.1
10947,O005873,P0043,3,0.3
10948,O005874,P0018,1,0.05
10949,O005874,P0036,1,0.2
10950,O005875,P0035,3,0.0
10951,O005876,P0056,1,0.0
10952,O005876,P0004,2,0.4
10953,O005877,P0034,1,0.4
10954,O005878,P0057,2,0.2
10955,O005879,P0008,4,0.0
10956,O005880,P0059,1,0.0
10957,O005881,P0004,1,0.0
10958,O005881,P0009,3,0.0
10959,O005882,P0015,1,0.2
10960,O005882,P0036,1,0.1
10961,O005883,P0017,5,0.0
10962,O005884,P0005,1,0.1
10963,O005885,P0026,2,0.2
10964,O005885,P0002,3,0.2
10965,O005885,P0043,1,0.05
10966,O005886,P0005,3,0.3
10967,O005886,P0026,1,0.05
10968,O005887,P0044,1,0.0
10969,O005888,P0033,5,0.05
10970,O005888,P0047,1,0.0
10971,O005889,P0015,1,0.0
10972,O005889,P0012,3,0.0
10973,O005889,P0044,2,0.05
10974,O005890,P0023,1,0.0
10975,O005890,P0020,5,0.0
10976,O005891,P0017,1,0.05
10977,O005892,P0033,4,0.05
10978,O005893,P0049,1,0.0
10979,O005893,P0042,1,0.0
10980,O005893,P0011,2,0.2
10981,O005894,P0052,2,0.2
10982,O005894,P0018,1,0.05
10983,O005894,P0036,1,0.1
10984,O005894,P0042,2,0.0
10985,O005895,P0059,4,0.1
10986,O005895,P0005,1,0.0
10987,O005895,P0047,1,0.0
10988,O005895,P0047,2,0.4
10989,O005896,P0048,3,0.05
10990,O005897,P0027,2,0.05
10991,O005898,P0037,2,0.0
10992,O005899,P0007,1,0.0
10993,O005899,P0030,3,0.1
10994,O005899,P0058,2,0.1
10995,O005900,P0007,1,0.3
10996,O005901,P0038,2,0.0
10997,O005902,P0055,1,0.05
10998,O005902,P0007,2,0.0
10999,O005903,P0013,1,0.2
11000,O005904,P0040,3,0.4
11001,O005904,P0018,2,0.1
11002,O005905,P0020,2,0.3
11003,O005905,P0003,3,0.1
11004,O005906,P0030,1,0.0
11005,O005906,P0026,3,0.05
11006,O005906,P0057,1,0.0
11007,O005907,P0005,4,0.0
11008,O005908,P0014,2,0.1
11009,O005909,P0015,1,0.05
11010,O005909,P0023,2,0.4
11011,O005909,P0045,3,0.3
11012,O005910,P0036,1,0.0
11013,O005911,P0056,2,0.05
11014,O005911,P0024,3,0.0
11015,O005911,P0039,1,0.05
11016,O005912,P0001,1,0.0
11017,O005913,P0024,1,0.0
11018,O005914,P0055,1,0.1
11019,O005915,P0056,2,0.2
11020,O005915,P0021,2,0.2
11021,O005915,P0031,1,0.05
11022,O005915,P0012,2,0.0
11023,O005916,P0044,4,0.0
11024,O005916,P0008,3,0.0
11025,O005916,P0006,2,0.05
11026,O005916,P0031,3,0.05
11027,O005917,P0003,1,0.1
11028,O005918,P0048,2,0.1
11029,O005919,P0036,1,0.05
11030,O005919,P0022,2,0.05
11031,O005919,P0042,5,0.4
11032,O005919,P0052,1,0.0
11033,O005920,P0031,3,0.0
11034,O005921,P0056,4,0.0
11035,O005922,P0059,1,0.0
11036,O005922,P0042,4,0.0
11037,O005923,P0023,1,0.0
11038,O005923,P0053,2,0.0
11039,O005924,P0049,5,0.1
11040,O005925,P0016,1,0.3
11041,O005926,P0059,2,0.0
11042,O005926,P0022,1,0.3
11043,O005926,P0007,1,0.05
11044,O005927,P0033,5,0.0
11045,O005927,P0015,3,0.2
11046,O005928,P0045,2,0.0
11047,O005928,P0043,5,0.0
11048,O005928,P0003,1,0.0
11049,O005929,P0036,1,0.0
11050,O005930,P0020,5,0.05
11051,O005930,P0059,1,0.0
11052,O005931,P0060,2,0.4
11053,O005932,P0011,3,0.0
11054,O005933,P0044,1,0.0
11055,O005934,P0050,4,0.2
11056,O005934,P0018,1,0.0
11057,O005934,P0007,2,0.05
11058,O005935,P0038,4,0.0
11059,O005936,P0035,2,0.0
11060,O005936,P0003,1,0.0
11061,O005937,P0022,1,0.05
11062,O005937,P0008,1,0.3
11063,O005937,P0060,4,0.0
11064,O005937,P0001,1,0.2
11065,O005938,P0042,1,0.05
11066,O005939,P0049,1,0.2
11067,O005940,P0036,1,0.0
11068,O005941,P0020,1,0.0
11069,O005942,P0010,4,0.05
11070,O005942,P0034,1,0.0
11071,O005943,P0052,3,0.0
11072,O005943,P0027,2,0.1
11073,O005944,P0029,1,0.0
11074,O005945,P0029,1,0.0
11075,O005946,P0008,3,0.3
11076,O005946,P0045,2,0.1
11077,O005946,P0014,3,0.05
11078,O005947,P0030,1,0.1
11079,O005947,P0002,1,0.1
11080,O005948,P0035,2,0.1
11081,O005949,P0027,1,0.1
11082,O005949,P0042,4,0.0
11083,O005950,P0017,1,0.0
11084,O005950,P0008,3,0.0
11085,O005950,P0009,1,0.0
11086,O005951,P0043,1,0.0
11087,O005951,P0052,1,0.1
11088,O005951,P0026,1,0.1
11089,O005951,P0048,3,0.0
11090,O005952,P0026,3,0.0
11091,O005953,P0052,4,0.0
11092,O005953,P0050,3,0.2
11093,O005954,P0011,1,0.3
11094,O005954,P0049,1,0.0
11095,O005954,P0021,1,0.0
11096,O005954,P0024,1,0.2
11097,O005955,P0053,3,0.3
11098,O005955,P0029,1,0.0
11099,O005956,P0003,1,0.0
11100,O005956,P0033,5,0.05
11101,O005956,P0059,2,0.0
11102,O005956,P0052,3,0.0
11103,O005957,P0006,4,0.05
11104,O005957,P0028,1,0.1
11105,O005957,P0005,3,0.05
11106,O005958,P0052,1,0.0
11107,O005959,P0046,2,0.05
11108,O005959,P0044,1,0.05
11109,O005959,P0017,1,0.05
11110,O005959,P0056,1,0.0
11111,O005960,P0055,2,0.4
11112,O005961,P0006,3,0.0
11113,O005962,P0053,1,0.0
11114,O005962,P0040,1,0.0
11115,O005963,P0024,1,0.2
11116,O005963,P0001,1,0.0
11117,O005963,P0042,4,0.3
11118,O005964,P0019,1,0.0
11119,O005964,P0050,3,0.0
11120,O005964,P0050,2,0.0
11121,O005964,P0052,1,0.3
11122,O005965,P0001,1,0.0
11123,O005965,P0053,1,0.0
11124,O005965,P0005,1,0.3
11125,O005966,P0028,2,0.2
11126,O005966,P0056,3,0.1
11127,O005966,P0040,1,0.05
11128,O005967,P0011,1,0.05
11129,O005967,P0008,1,0.0
11130,O005968,P0054,1,0.0
11131,O005968,P0031,5,0.0
11132,O005968,P0042,1,0.0
11133,O005968,P0013,3,0.4
11134,O005969,P0033,1,0.2
11135,O005969,P0006,1,0.1
11136,O005969,P0038,1,0.1
11137,O005970,P0008,2,0.0
11138,O005970,P0001,1,0.0
11139,O005971,P0031,3,0.0
11140,O005971,P0020,1,0.0
11141,O005971,P0013,3,0.05
11142,O005971,P0006,2,0.2
11143,O005972,P0025,1,0.1
11144,O005973,P0028,2,0.0
11145,O005973,P0043,2,0.0
11146,O005973,P0043,1,0.05
11147,O005974,P0008,2,0.2
11148,O005974,P0041,3,0.0
11149,O005974,P0032,1,0.2
11150,O005975,P0005,3,0.0
11151,O005976,P0009,1,0.2
11152,O005976,P0049,3,0.0
11153,O005977,P0053,5,0.05
11154,O005978,P0052,1,0.0
11155,O005979,P0008,2,0.3
11156,O005979,P0044,1,0.0
11157,O005980,P0030,2,0.3
11158,O005981,P0046,3,0.05
11159,O005982,P0051,1,0.2
11160,O005983,P0050,2,0.05
11161,O005983,P0051,2,0.0
11162,O005984,P0059,1,0.05
11163,O005984,P0044,1,0.0
11164,O005984,P0050,3,0.0
11165,O005984,P0041,1,0.0
11166,O005985,P0032,4,0.05
11167,O005985,P0032,1,0.0
11168,O005985,P0022,3,0.2
11169,O005986,P0052,2,0.2
11170,O005987,P0011,2,0.1
11171,O005987,P0036,2,0.0
11172,O005988,P0008,1,0.1
11173,O005989,P0038,1,0.3
11174,O005989,P0009,3,0.0
11175,O005989,P0002,1,0.2
11176,O005989,P0045,2,0.05
11177,O005990,P0057,1,0.0
11178,O005991,P0018,1,0.0
11179,O005991,P0012,1,0.0
11180,O005991,P0043,1,0.3
11181,O005992,P0050,1,0.1
11182,O005992,P0023,3,0.0
11183,O005992,P0046,1,0.0
11184,O005992,P0030,1,0.0
11185,O005993,P0059,1,0.0
11186,O005993,P0024,1,0.05
11187,O005994,P0054,3,0.3
11188,O005995,P0038,1,0.3
11189,O005995,P0040,1,0.0
11190,O005995,P0053,1,0.2
11191,O005995,P0019,1,0.2
11192,O005996,P0032,2,0.0
11193,O005996,P0056,3,0.2
11194,O005996,P0014,2,0.1
11195,O005997,P0051,1,0.4
11196,O005998,P0032,1,0.0
11197,O005999,P0046,3,0.05
11198,O005999,P0060,2,0.1
11199,O005999,P0032,1,0.0
11200,O005999,P0008,1,0.05
11201,O006000,P0058,3,0.3
11202,O006001,P0038,1,0.0
11203,O006002,P0051,3,0.05
11204,O006002,P0003,2,0.0
11205,O006003,P0020,1,0.0
11206,O006004,P0048,1,0.1
11207,O006004,P0007,5,0.2
11208,O006004,P0044,1,0.1
11209,O006005,P0040,3,0.0
11210,O006005,P0008,2,0.0
11211,O006006,P0025,1,0.4
11212,O006007,P0024,1,0.0
11213,O006007,P0039,2,0.05
11214,O006008,P0055,1,0.0
11215,O006008,P0030,2,0.0
11216,O006009,P0012,4,0.0
11217,O006010,P0005,1,0.1
11218,O006011,P0026,1,0.0
11219,O006011,P0043,3,0.0
11220,O006012,P0032,4,0.0
11221,O006012,P0001,2,0.0
11222,O006013,P0044,3,0.0
11223,O006013,P0046,1,0.0
11224,O006013,P0034,4,0.05
11225,O006013,P0005,3,0.0
11226,O006014,P0023,1,0.3
11227,O006015,P0026,2,0.05
11228,O006016,P0024,4,0.0
11229,O006017,P0028,1,0.3
11230,O006018,P0060,3,0.0
11231,O006018,P0018,1,0.0
11232,O006018,P0003,3,0.0
11233,O006019,P0044,1,0.0
11234,O006020,P0005,1,0.05
11235,O006020,P0040,2,0.3
11236,O006020,P0048,3,0.0
11237,O006021,P0027,2,0.3
11238,O006022,P0052,5,0.4
11239,O006023,P0049,1,0.0
11240,O006024,P0004,1,0.2
11241,O006025,P0055,1,0.2
11242,O006026,P0053,1,0.2
11243,O006027,P0053,1,0.1
11244,O006028,P0019,1,0.4
11245,O006028,P0043,3,0.1
11246,O006029,P0004,2,0.05
11247,O006030,P0056,2,0.1
11248,O006030,P0045,1,0.1
11249,O006031,P0059,3,0.0
11250,O006032,P0057,2,0.1
11251,O006032,P0021,3,0.0
11252,O006032,P0016,4,0.0
11253,O006033,P0020,1,0.0
11254,O006034,P0043,1,0.0
11255,O006034,P0050,1,0.0
11256,O006035,P0037,1,0.05
11257,O006036,P0040,1,0.2
11258,O006036,P0056,1,0.1
11259,O006037,P0038,1,0.1
11260,O006037,P0007,1,0.0
11261,O006038,P0010,2,0.1
11262,O006038,P0045,3,0.05
11263,O006039,P0041,1,0.1
11264,O006039,P0001,2,0.0
11265,O006040,P0033,3,0.0
11266,O006040,P0007,2,0.4
11267,O006041,P0008,1,0.0
11268,O006041,P0032,4,0.2
11269,O006042,P0008,1,0.2
11270,O006042,P0060,1,0.1
11271,O006042,P0043,2,0.0
11272,O006043,P0044,2,0.3
11273,O006043,P0024,1,0.3
11274,O006043,P0027,3,0.0
11275,O006044,P0055,3,0.05
11276,O006045,P0005,1,0.0
11277,O006046,P0044,5,0.05
11278,O006047,P0059,3,0.2
11279,O006047,P0014,2,0.4
11280,O006047,P0017,3,0.05
11281,O006048,P0044,2,0.0
11282,O006049,P0023,2,0.3
11283,O006050,P0052,1,0.1
11284,O006050,P0037,3,0.0
11285,O006051,P0005,2,0.2
11286,O006051,P0021,4,0.05
11287,O006051,P0024,4,0.05
11288,O006052,P0028,1,0.1
11289,O006053,P0025,2,0.1
11290,O006053,P0005,2,0.0
11291,O006054,P0009,1,0.2
11292,O006054,P0048,2,0.0
11293,O006054,P0020,1,0.0
11294,O006055,P0047,1,0.3
11295,O006055,P0018,1,0.0
11296,O006055,P0038,1,0.2
11297,O006056,P0034,3,0.3
11298,O006057,P0035,2,0.0
11299,O006057,P0024,1,0.4
11300,O006057,P0021,3,0.0
11301,O006058,P0040,1,0.0
11302,O006059,P0017,2,0.1
11303,O006059,P0059,1,0.05
11304,O006059,P0012,1,0.0
11305,O006060,P0008,2,0.3
11306,O006060,P0035,5,0.2
11307,O006061,P0011,3,0.3
11308,O006062,P0019,2,0.2
11309,O006062,P0038,1,0.0
11310,O006062,P0010,1,0.2
11311,O006063,P0045,3,0.3
11312,O006064,P0045,2,0.1
11313,O006064,P0034,1,0.1
11314,O006064,P0048,4,0.05
11315,O006064,P0005,1,0.0
11316,O006065,P0002,3,0.0
11317,O006065,P0043,2,0.3
11318,O006066,P0026,2,0.0
11319,O006067,P0021,1,0.0
11320,O006068,P0021,1,0.3
11321,O006069,P0057,1,0.0
11322,O006069,P0052,1,0.0
11323,O006069,P0051,2,0.0
11324,O006069,P0049,1,0.05
11325,O006070,P0055,1,0.05
11326,O006070,P0039,2,0.2
11327,O006070,P0049,2,0.0
11328,O006071,P0026,3,0.4
11329,O006072,P0009,2,0.0
11330,O006072,P0046,4,0.05
11331,O006072,P0017,2,0.3
11332,O006072,P0044,2,0.0
11333,O006073,P0025,1,0.0
11334,O006073,P0011,1,0.2
11335,O006073,P0050,3,0.0
11336,O006074,P0027,3,0.0
11337,O006075,P0014,1,0.1
11338,O006076,P0009,2,0.2
11339,O006077,P0039,1,0.4
11340,O006077,P0038,1,0.2
11341,O006078,P0047,2,0.0
11342,O006079,P0050,1,0.2
11343,O006079,P0043,1,0.05
11344,O006079,P0035,2,0.0
11345,O006080,P0007,1,0.0
11346,O006080,P0008,3,0.0
11347,O006080,P0011,3,0.1
11348,O006081,P0049,1,0.0
11349,O006081,P0031,1,0.0
11350,O006082,P0042,1,0.0
11351,O006083,P0057,4,0.0
11352,O006084,P0059,1,0.1
11353,O006084,P0045,2,0.05
11354,O006085,P0002,1,0.1
11355,O006085,P0018,2,0.2
11356,O006086,P0018,1,0.05
11357,O006087,P0040,2,0.1
11358,O006088,P0029,1,0.0
11359,O006088,P0017,1,0.0
11360,O006089,P0046,2,0.0
11361,O006089,P0031,4,0.2
11362,O006090,P0009,1,0.05
11363,O006090,P0025,4,0.0
11364,O006090,P0057,1,0.05
11365,O006091,P0017,1,0.0
11366,O006092,P0013,1,0.0
11367,O006092,P0058,2,0.3
11368,O006093,P0051,2,0.05
11369,O006094,P0017,2,0.0
11370,O006094,P0011,3,0.0
11371,O006094,P0025,2,0.0
11372,O006094,P0028,1,0.0
11373,O006095,P0001,1,0.2
11374,O006096,P0022,2,0.0
11375,O006096,P0040,2,0.4
11376,O006097,P0030,2,0.1
11377,O006098,P0050,3,0.0
11378,O006098,P0006,1,0.0
11379,O006099,P0043,1,0.0
11380,O006099,P0040,2,0.3
11381,O006099,P0036,2,0.0
11382,O006100,P0033,1,0.05
11383,O006101,P0003,1,0.0
11384,O006101,P0012,3,0.0
11385,O006102,P0043,1,0.0
11386,O006102,P0016,1,0.0
11387,O006103,P0057,3,0.2
11388,O006104,P0035,1,0.1
11389,O006105,P0040,3,0.0
11390,O006106,P0046,1,0.0
11391,O006107,P0010,1,0.0
11392,O006108,P0056,1,0.1
11393,O006109,P0042,3,0.1
11394,O006110,P0032,1,0.2
11395,O006111,P0034,1,0.05
11396,O006112,P0009,4,0.1
11397,O006112,P0037,5,0.0
11398,O006113,P0058,3,0.3
11399,O006114,P0013,1,0.4
11400,O006114,P0001,1,0.3
11401,O006115,P0028,1,0.4
11402,O006116,P0056,3,0.0
11403,O006116,P0037,1,0.1
11404,O006117,P0008,2,0.0
11405,O006118,P0044,4,0.0
11406,O006118,P0019,4,0.05
11407,O006119,P0018,1,0.1
11408,O006120,P0052,3,0.0
11409,O006120,P0028,4,0.0
11410,O006121,P0008,3,0.0
11411,O006121,P0055,1,0.3
11412,O006122,P0018,4,0.0
11413,O006122,P0031,4,0.3
11414,O006122,P0029,1,0.0
11415,O006122,P0047,3,0.0
11416,O006123,P0025,3,0.0
11417,O006124,P0053,3,0.05
11418,O006125,P0039,3,0.0
11419,O006125,P0003,1,0.05
11420,O006125,P0020,2,0.1
11421,O006125,P0006,1,0.0
11422,O006126,P0032,1,0.0
11423,O006126,P0053,2,0.05
11424,O006127,P0054,4,0.2
11425,O006128,P0043,3,0.05
11426,O006129,P0012,1,0.3
11427,O006129,P0006,1,0.2
11428,O006129,P0043,1,0.0
11429,O006130,P0059,2,0.0
11430,O006131,P0026,2,0.0
11431,O006132,P0007,2,0.3
11432,O006133,P0043,2,0.0
11433,O006133,P0023,2,0.05
11434,O006134,P0012,1,0.0
11435,O006135,P0019,2,0.05
11436,O006136,P0003,2,0.1
11437,O006136,P0018,1,0.3
11438,O006137,P0049,2,0.0
11439,O006138,P0015,1,0.05
11440,O006139,P0056,1,0.4
11441,O006140,P0027,1,0.0
11442,O006140,P0039,2,0.0
11443,O006141,P0049,1,0.3
11444,O006142,P0026,1,0.05
11445,O006142,P0005,1,0.3
11446,O006143,P0034,1,0.05
11447,O006143,P0026,1,0.3
11448,O006144,P0044,1,0.3
11449,O006145,P0029,1,0.2
11450,O006146,P0005,3,0.1
11451,O006147,P0052,3,0.0
11452,O006147,P0056,4,0.0
11453,O006147,P0025,2,0.0
11454,O006148,P0049,2,0.3
11455,O006148,P0055,2,0.05
11456,O006149,P0025,1,0.0
11457,O006149,P0021,2,0.1
11458,O006150,P0049,2,0.1
11459,O006150,P0049,1,0.05
11460,O006150,P0047,5,0.05
11461,O006150,P0015,1,0.0
11462,O006151,P0023,4,0.2
11463,O006151,P0029,3,0.0
11464,O006151,P0048,1,0.1
11465,O006152,P0060,3,0.3
11466,O006152,P0027,1,0.0
11467,O006152,P0048,1,0.0
11468,O006153,P0028,2,0.1
11469,O006153,P0010,2,0.2
11470,O006154,P0056,1,0.05
11471,O006155,P0050,3,0.1
11472,O006155,P0024,1,0.0
11473,O006155,P0036,2,0.0
11474,O006156,P0041,1,0.05
11475,O006156,P0053,1,0.05
11476,O006157,P0056,1,0.0
11477,O006157,P0039,3,0.2
11478,O006157,P0035,1,0.4
11479,O006158,P0030,2,0.2
11480,O006159,P0013,1,0.0
11481,O006160,P0014,2,0.0
11482,O006160,P0032,1,0.2
11483,O006161,P0047,1,0.05
11484,O006162,P0001,1,0.0
11485,O006162,P0001,2,0.1
11486,O006162,P0052,1,0.05
11487,O006163,P0050,3,0.05
11488,O006163,P0041,1,0.0
11489,O006163,P0011,1,0.0
11490,O006163,P0048,2,0.4
11491,O006164,P0030,2,0.0
11492,O006165,P0010,5,0.05
11493,O006165,P0039,5,0.1
11494,O006166,P0019,1,0.1
11495,O006167,P0030,1,0.0
11496,O006168,P0047,3,0.0
11497,O006169,P0028,1,0.3
11498,O006169,P0052,2,0.0
11499,O006170,P0060,1,0.2
11500,O006170,P0050,2,0.3
11501,O006170,P0051,3,0.2
11502,O006170,P0036,3,0.0
11503,O006171,P0028,4,0.2
11504,O006171,P0054,1,0.2
11505,O006172,P0029,1,0.3
11506,O006173,P0047,1,0.2
11507,O006173,P0012,1,0.2
11508,O006174,P0020,1,0.2
11509,O006175,P0055,1,0.0
11510,O006175,P0010,5,0.05
11511,O006175,P0036,3,0.1
11512,O006176,P0024,2,0.0
11513,O006176,P0013,2,0.0
11514,O006177,P0006,4,0.1
11515,O006177,P0030,3,0.0
11516,O006178,P0047,2,0.0
11517,O006178,P0028,1,0.0
11518,O006179,P0038,1,0.0
11519,O006179,P0030,1,0.4
11520,O006179,P0038,1,0.2
11521,O006179,P0036,1,0.0
11522,O006180,P0002,3,0.0
11523,O006181,P0052,1,0.05
11524,O006181,P0029,3,0.1
11525,O006182,P0005,2,0.0
11526,O006183,P0017,1,0.0
11527,O006184,P0003,1,0.05
11528,O006184,P0022,1,0.05
11529,O006184,P0059,1,0.1
11530,O006184,P0033,1,0.4
11531,O006185,P0054,1,0.05
11532,O006185,P0030,1,0.05
11533,O006186,P0005,1,0.0
11534,O006186,P0025,1,0.05
11535,O006186,P0002,1,0.0
11536,O006186,P0056,1,0.1
11537,O006187,P0042,2,0.2
11538,O006187,P0041,3,0.0
11539,O006187,P0016,2,0.0
11540,O006188,P0035,2,0.0
11541,O006188,P0015,2,0.0
11542,O006189,P0006,1,0.2
11543,O006189,P0014,1,0.2
11544,O006190,P0034,4,0.4
11545,O006191,P0002,3,0.05
11546,O006191,P0051,1,0.0
11547,O006192,P0015,1,0.05
11548,O006193,P0031,3,0.0
11549,O006194,P0042,2,0.0
11550,O006194,P0005,2,0.0
11551,O006195,P0048,3,0.0
11552,O006195,P0031,1,0.4
11553,O006196,P0024,1,0.1
11554,O006196,P0043,1,0.2
11555,O006197,P0013,1,0.0
11556,O006198,P0041,2,0.05
11557,O006199,P0041,1,0.2
11558,O006199,P0051,3,0.1
11559,O006200,P0006,4,0.0
11560,O006200,P0057,2,0.05
11561,O006201,P0059,2,0.05
11562,O006202,P0014,3,0.2
11563,O006202,P0042,1,0.1
11564,O006203,P0017,4,0.1
11565,O006204,P0023,2,0.0
11566,O006205,P0007,1,0.1
11567,O006206,P0025,2,0.1
11568,O006206,P0007,3,0.0
11569,O006207,P0005,1,0.3
11570,O006208,P0049,1,0.05
11571,O006208,P0056,3,0.0
11572,O006209,P0018,2,0.05
11573,O006209,P0042,4,0.2
11574,O006209,P0034,4,0.2
11575,O006210,P0051,1,0.4
11576,O006211,P0011,1,0.0
11577,O006211,P0016,2,0.05
11578,O006211,P0040,4,0.05
11579,O006211,P0027,2,0.05
11580,O006212,P0035,2,0.3
11581,O006212,P0050,2,0.0
11582,O006213,P0056,2,0.0
11583,O006213,P0016,1,0.2
11584,O006213,P0038,1,0.0
11585,O006214,P0056,2,0.0
11586,O006214,P0013,1,0.0
11587,O006214,P0039,2,0.05
11588,O006215,P0001,1,0.0
11589,O006215,P0015,1,0.0
11590,O006215,P0028,2,0.05
11591,O006215,P0046,3,0.0
11592,O006216,P0020,1,0.4
11593,O006217,P0036,1,0.1
11594,O006218,P0022,1,0.05
11595,O006219,P0058,1,0.4
11596,O006219,P0036,1,0.05
11597,O006219,P0036,2,0.05
11598,O006220,P0012,1,0.0
11599,O006220,P0057,1,0.0
11600,O006220,P0057,4,0.1
11601,O006221,P0012,1,0.0
11602,O006221,P0018,1,0.1
11603,O006221,P0042,1,0.05
11604,O006222,P0013,1,0.0
11605,O006223,P0015,2,0.05
11606,O006224,P0027,1,0.0
11607,O006224,P0014,1,0.2
11608,O006225,P0056,2,0.1
11609,O006226,P0051,3,0.1
11610,O006226,P0023,2,0.3
11611,O006227,P0046,5,0.4
11612,O006228,P0045,3,0.0
11613,O006229,P0025,1,0.0
11614,O006229,P0039,1,0.0
11615,O006230,P0022,2,0.05
11616,O006231,P0019,2,0.0
11617,O006231,P0039,1,0.0
11618,O006232,P0052,3,0.05
11619,O006233,P0016,2,0.1
11620,O006234,P0056,1,0.0
11621,O006235,P0026,1,0.0
11622,O006236,P0054,2,0.0
11623,O006237,P0004,3,0.1
11624,O006238,P0004,2,0.2
11625,O006238,P0034,3,0.0
11626,O006239,P0016,2,0.2
11627,O006239,P0049,1,0.1
11628,O006239,P0030,1,0.05
11629,O006239,P0044,3,0.0
11630,O006240,P0001,3,0.1
11631,O006240,P0035,2,0.0
11632,O006241,P0029,3,0.4
11633,O006242,P0042,3,0.0
11634,O006242,P0054,1,0.05
11635,O006243,P0034,1,0.05
11636,O006244,P0003,1,0.0
11637,O006244,P0054,2,0.2
11638,O006245,P0045,2,0.0
11639,O006246,P0025,1,0.0
11640,O006246,P0056,1,0.0
11641,O006246,P0022,1,0.0
11642,O006246,P0038,1,0.2
11643,O006247,P0003,1,0.0
11644,O006248,P0010,3,0.4
11645,O006249,P0010,1,0.0
11646,O006250,P0011,2,0.0
11647,O006250,P0020,1,0.0
11648,O006250,P0013,2,0.1
11649,O006251,P0038,3,0.05
11650,O006252,P0013,2,0.2
11651,O006253,P0003,3,0.0
11652,O006254,P0046,1,0.0
11653,O006254,P0024,1,0.0
11654,O006254,P0046,2,0.05
11655,O006254,P0023,3,0.0
11656,O006255,P0005,2,0.2
11657,O006256,P0057,4,0.0
11658,O006256,P0028,2,0.1
11659,O006257,P0054,1,0.2
11660,O006257,P0046,2,0.2
11661,O006257,P0052,4,0.2
11662,O006257,P0006,3,0.3
11663,O006258,P0011,2,0.1
11664,O006259,P0048,1,0.1
11665,O006260,P0031,2,0.0
11666,O006261,P0056,1,0.0
11667,O006262,P0040,2,0.3
11668,O006263,P0033,2,0.0
11669,O006263,P0058,1,0.1
11670,O006264,P0053,1,0.1
11671,O006264,P0021,2,0.05
11672,O006265,P0056,1,0.0
11673,O006266,P0042,1,0.0
11674,O006266,P0024,1,0.0
11675,O006266,P0024,1,0.3
11676,O006267,P0002,1,0.1
11677,O006268,P0052,2,0.05
11678,O006269,P0051,1,0.2
11679,O006270,P0017,2,0.0
11680,O006271,P0027,2,0.3
11681,O006271,P0003,1,0.0
11682,O006272,P0008,4,0.05
11683,O006273,P0029,2,0.0
11684,O006274,P0013,2,0.1
11685,O006275,P0031,2,0.1
11686,O006276,P0031,3,0.05
11687,O006277,P0040,1,0.2
11688,O006278,P0027,1,0.0
11689,O006278,P0006,1,0.1
11690,O006279,P0023,1,0.2
11691,O006279,P0040,1,0.05
11692,O006280,P0059,3,0.0
11693,O006281,P0023,1,0.0
11694,O006281,P0039,2,0.0
11695,O006282,P0053,1,0.1
11696,O006283,P0055,1,0.0
11697,O006284,P0001,5,0.0
11698,O006285,P0004,3,0.2
11699,O006286,P0020,1,0.1
11700,O006286,P0015,3,0.0
11701,O006286,P0019,3,0.0
11702,O006286,P0057,2,0.0
11703,O006287,P0028,1,0.0
11704,O006288,P0011,3,0.0
11705,O006288,P0010,2,0.0
11706,O006289,P0026,1,0.05
11707,O006290,P0044,2,0.1
11708,O006290,P0028,5,0.1
11709,O006290,P0030,1,0.0
11710,O006291,P0012,2,0.0
11711,O006292,P0035,3,0.0
11712,O006292,P0005,2,0.1
11713,O006293,P0052,2,0.3
11714,O006293,P0011,3,0.0
11715,O006294,P0026,1,0.1
11716,O006295,P0048,1,0.0
11717,O006295,P0040,1,0.05
11718,O006295,P0028,1,0.05
11719,O006296,P0049,1,0.0
11720,O006297,P0011,1,0.0
11721,O006297,P0021,1,0.4
11722,O006297,P0043,1,0.05
11723,O006297,P0026,2,0.05
11724,O006298,P0015,2,0.2
11725,O006299,P0054,1,0.05
11726,O006299,P0014,1,0.1
11727,O006299,P0034,1,0.0
11728,O006299,P0047,1,0.1
11729,O006300,P0012,1,0.1
11730,O006300,P0059,2,0.05
11731,O006301,P0039,1,0.1
11732,O006302,P0023,2,0.4
11733,O006302,P0054,1,0.0
11734,O006303,P0020,1,0.0
11735,O006304,P0036,4,0.0
11736,O006304,P0020,2,0.05
11737,O006304,P0022,1,0.1
11738,O006304,P0024,4,0.1
11739,O006305,P0005,2,0.05
11740,O006306,P0048,2,0.0
11741,O006306,P0027,1,0.0
11742,O006306,P0041,2,0.3
11743,O006307,P0005,3,0.05
11744,O006307,P0060,1,0.1
11745,O006308,P0009,1,0.0
11746,O006308,P0025,2,0.0
11747,O006308,P0001,1,0.05
11748,O006308,P0031,1,0.05
11749,O006309,P0022,1,0.1
11750,O006310,P0032,1,0.1
11751,O006310,P0041,3,0.2
11752,O006311,P0055,1,0.4
11753,O006311,P0035,1,0.0
11754,O006312,P0012,2,0.0
11755,O006312,P0005,2,0.3
11756,O006313,P0058,2,0.4
11757,O006313,P0032,2,0.0
11758,O006314,P0057,1,0.0
11759,O006315,P0013,2,0.3
11760,O006315,P0027,1,0.2
11761,O006316,P0006,3,0.3
11762,O006316,P0041,1,0.05
11763,O006316,P0037,1,0.3
11764,O006317,P0031,1,0.3
11765,O006318,P0055,2,0.0
11766,O006318,P0018,2,0.3
11767,O006318,P0046,4,0.0
11768,O006319,P0038,2,0.0
11769,O006319,P0028,1,0.2
11770,O006320,P0052,5,0.3
11771,O006321,P0011,1,0.05
11772,O006321,P0042,2,0.0
11773,O006321,P0039,1,0.05
11774,O006322,P0016,2,0.1
11775,O006322,P0010,3,0.0
11776,O006322,P0040,2,0.0
11777,O006323,P0018,1,0.1
11778,O006324,P0029,3,0.05
11779,O006324,P0018,1,0.0
11780,O006324,P0001,1,0.05
11781,O006325,P0009,1,0.0
11782,O006326,P0010,1,0.0
11783,O006327,P0015,1,0.0
11784,O006328,P0041,2,0.1
11785,O006328,P0028,4,0.0
11786,O006329,P0018,2,0.0
11787,O006329,P0056,1,0.1
11788,O006329,P0012,4,0.2
11789,O006329,P0035,1,0.0
11790,O006330,P0059,1,0.0
11791,O006330,P0045,1,0.2
11792,O006331,P0018,1,0.0
11793,O006332,P0001,1,0.05
11794,O006332,P0022,1,0.2
11795,O006333,P0022,2,0.0
11796,O006334,P0042,1,0.05
11797,O006334,P0050,1,0.1
11798,O006335,P0044,1,0.0
11799,O006336,P0008,1,0.2
11800,O006337,P0009,4,0.4
11801,O006337,P0044,2,0.0
11802,O006337,P0038,4,0.0
11803,O006338,P0041,5,0.0
11804,O006338,P0048,1,0.05
11805,O006339,P0043,1,0.2
11806,O006339,P0044,1,0.2
11807,O006339,P0050,4,0.2
11808,O006340,P0054,2,0.05
11809,O006340,P0060,2,0.0
11810,O006340,P0031,1,0.0
11811,O006341,P0054,1,0.2
11812,O006341,P0026,4,0.0
11813,O006342,P0008,2,0.3
11814,O006342,P0002,1,0.3
11815,O006342,P0027,5,0.0
11816,O006343,P0044,2,0.05
11817,O006344,P0017,1,0.05
11818,O006344,P0026,2,0.0
11819,O006344,P0044,2,0.1
11820,O006345,P0031,1,0.1
11821,O006346,P0056,1,0.2
11822,O006347,P0046,1,0.0
11823,O006348,P0010,2,0.0
11824,O006348,P0043,4,0.0
11825,O006349,P0013,4,0.2
11826,O006349,P0044,1,0.3
11827,O006350,P0034,1,0.0
11828,O006351,P0034,4,0.0
11829,O006351,P0055,3,0.05
11830,O006351,P0027,4,0.0
11831,O006352,P0016,1,0.3
11832,O006353,P0033,1,0.0
11833,O006354,P0047,1,0.3
11834,O006354,P0020,3,0.3
11835,O006355,P0032,2,0.0
11836,O006356,P0019,5,0.05
11837,O006356,P0006,4,0.1
11838,O006356,P0060,1,0.0
11839,O006356,P0007,3,0.05
11840,O006357,P0018,2,0.2
11841,O006357,P0002,2,0.0
11842,O006357,P0016,2,0.05
11843,O006358,P0035,1,0.2
11844,O006359,P0042,1,0.05
11845,O006359,P0001,2,0.0
11846,O006360,P0017,3,0.3
11847,O006360,P0052,1,0.05
11848,O006360,P0043,2,0.1
11849,O006360,P0045,2,0.1
11850,O006361,P0042,1,0.05
11851,O006361,P0006,2,0.0
11852,O006362,P0028,3,0.0
11853,O006362,P0019,3,0.2
11854,O006362,P0054,4,0.1
11855,O006363,P0056,1,0.0
11856,O006364,P0010,1,0.05
11857,O006365,P0028,2,0.05
11858,O006366,P0012,1,0.2
11859,O006366,P0049,1,0.0
11860,O006367,P0010,1,0.4
11861,O006367,P0018,1,0.1
11862,O006367,P0010,1,0.3
11863,O006368,P0037,4,0.0
11864,O006368,P0041,1,0.0
11865,O006369,P0024,1,0.0
11866,O006369,P0051,3,0.2
11867,O006369,P0028,1,0.0
11868,O006370,P0017,1,0.1
11869,O006371,P0056,1,0.1
11870,O006372,P0051,1,0.0
11871,O006373,P0042,2,0.0
11872,O006373,P0040,2,0.3
11873,O006374,P0039,1,0.2
11874,O006375,P0005,2,0.0
11875,O006375,P0038,1,0.0
11876,O006375,P0046,1,0.4
11877,O006376,P0015,1,0.3
11878,O006376,P0009,2,0.0
11879,O006377,P0032,2,0.05
11880,O006377,P0035,2,0.0
11881,O006377,P0018,2,0.05
11882,O006377,P0002,3,0.3
11883,O006378,P0049,2,0.0
11884,O006378,P0036,1,0.1
11885,O006379,P0051,1,0.1
11886,O006379,P0048,3,0.1
11887,O006380,P0009,3,0.0
11888,O006381,P0040,1,0.0
11889,O006381,P0051,1,0.05
11890,O006382,P0027,1,0.0
11891,O006382,P0044,1,0.1
11892,O006383,P0039,1,0.4
11893,O006383,P0027,5,0.0
11894,O006384,P0029,2,0.4
11895,O006384,P0005,4,0.0
11896,O006384,P0036,2,0.0
11897,O006384,P0044,1,0.2
11898,O006385,P0035,2,0.4
11899,O006385,P0006,4,0.0
11900,O006386,P0054,1,0.2
11901,O006386,P0011,2,0.0
11902,O006386,P0031,1,0.05
11903,O006387,P0029,1,0.0
11904,O006388,P0038,1,0.0
11905,O006389,P0017,1,0.0
11906,O006389,P0026,3,0.0
11907,O006389,P0042,2,0.0
11908,O006390,P0046,2,0.2
11909,O006390,P0030,2,0.1
11910,O006390,P0020,1,0.2
11911,O006391,P0015,3,0.0
11912,O006391,P0041,2,0.0
11913,O006391,P0035,2,0.2
11914,O006392,P0057,1,0.2
11915,O006393,P0001,2,0.0
11916,O006394,P0006,3,0.05
11917,O006394,P0047,1,0.0
11918,O006395,P0031,3,0.0
11919,O006396,P0015,4,0.0
11920,O006396,P0024,3,0.2
11921,O006396,P0030,5,0.0
11922,O006397,P0026,5,0.0
11923,O006398,P0013,5,0.2
11924,O006399,P0024,1,0.05
11925,O006400,P0026,1,0.1
11926,O006400,P0012,1,0.05
11927,O006400,P0048,2,0.05
11928,O006401,P0043,2,0.2
11929,O006401,P0046,1,0.05
11930,O006401,P0035,1,0.0
11931,O006402,P0052,2,0.1
11932,O006402,P0057,2,0.05
11933,O006403,P0018,1,0.2
11934,O006404,P0012,2,0.05
11935,O006405,P0023,4,0.0
11936,O006406,P0003,1,0.0
11937,O006407,P0028,1,0.0
11938,O006407,P0054,2,0.0
11939,O006408,P0005,2,0.4
11940,O006409,P0030,1,0.1
11941,O006409,P0030,1,0.0
11942,O006410,P0007,1,0.0
11943,O006411,P0027,2,0.1
11944,O006411,P0011,5,0.05
11945,O006411,P0043,1,0.0
11946,O006412,P0049,2,0.0
11947,O006413,P0026,2,0.0
11948,O006414,P0007,2,
11949,O006414,P0025,1,0.0
11950,O006414,P0059,1,0.3
11951,O006415,P0059,1,0.05
11952,O006416,P0026,2,0.05
11953,O006417,P0028,3,0.0
11954,O006417,P0060,1,0.0
11955,O006417,P0038,1,0.0
11956,O006417,P0042,1,0.0
11957,O006418,P0035,1,0.3
11958,O006419,P0025,1,0.2
11959,O006419,P0042,1,0.2
11960,O006420,P0034,3,0.0
11961,O006421,P0048,3,0.1
11962,O006422,P0032,1,0.3
11963,O006422,P0020,1,0.05
11964,O006422,P0007,1,0.0
11965,O006422,P0056,1,0.3
11966,O006423,P0039,4,0.05
11967,O006423,P0038,4,0.0
11968,O006423,P0019,1,0.1
11969,O006423,P0026,1,0.0
11970,O006424,P0039,1,0.0
11971,O006425,P0038,1,0.0
11972,O006425,P0048,5,0.1
11973,O006425,P0004,5,0.4
11974,O006425,P0032,1,0.1
11975,O006426,P0027,1,0.1
11976,O006426,P0052,1,0.0
11977,O006427,P0048,3,0.05
11978,O006427,P0013,3,0.2
11979,O006428,P0015,3,0.0
11980,O006428,P0042,2,0.3
11981,O006429,P0005,1,0.0
11982,O006430,P0030,1,0.0
11983,O006430,P0006,3,0.0
11984,O006430,P0018,2,0.1
11985,O006431,P0035,3,0.0
11986,O006431,P0057,3,0.05
11987,O006432,P0057,1,0.0
11988,O006432,P0060,2,0.0
11989,O006432,P0012,5,0.05
11990,O006432,P0025,1,0.0
11991,O006433,P0059,4,0.0
11992,O006433,P0056,1,0.4
11993,O006433,P0050,1,0.0
11994,O006434,P0058,1,0.1
11995,O006434,P0054,3,0.0
11996,O006435,P0013,1,0.0
11997,O006436,P0015,1,0.2
11998,O006436,P0005,2,0.05
11999,O006437,P0011,5,0.0
12000,O006438,P0059,3,0.3
12001,O006438,P0020,1,0.0
12002,O006438,P0052,4,0.0
12003,O006439,P0017,1,0.0
12004,O006439,P0006,1,0.0
12005,O006440,P0012,2,0.2
12006,O006440,P0047,1,0.2
12007,O006441,P0033,1,0.4
12008,O006442,P0017,1,0.0
12009,O006443,P0055,1,0.05
12010,O006444,P0020,2,0.2
12011,O006444,P0007,1,0.0
12012,O006445,P0059,2,0.0
12013,O006445,P0044,3,0.2
12014,O006445,P0027,1,0.0
12015,O006445,P0043,1,0.2
12016,O006446,P0042,1,0.2
12017,O006447,P0007,2,0.1
12018,O006447,P0038,3,0.0
12019,O006447,P0010,3,0.3
12020,O006448,P0037,4,0.1
12021,O006449,P0022,1,0.2
12022,O006450,P0060,2,0.2
12023,O006450,P0021,4,0.05
12024,O006451,P0056,3,0.0
12025,O006451,P0044,3,0.05
12026,O006452,P0019,4,0.05
12027,O006453,P0022,4,0.0
12028,O006453,P0010,1,0.0
12029,O006453,P0031,1,0.1
12030,O006454,P0037,2,0.0
12031,O006454,P0045,2,0.05
12032,O006455,P0016,2,0.0
12033,O006456,P0029,1,0.0
12034,O006457,P0052,1,0.3
12035,O006458,P0057,2,0.0
12036,O006458,P0053,2,0.0
12037,O006459,P0015,1,0.0
12038,O006460,P0015,3,0.2
12039,O006461,P0048,1,0.0
12040,O006462,P0047,1,0.0
12041,O006462,P0008,2,0.1
12042,O006462,P0023,2,0.0
12043,O006463,P0042,3,0.2
12044,O006464,P0027,1,0.0
12045,O006465,P0023,1,0.05
12046,O006465,P0059,1,0.0
12047,O006465,P0012,2,0.05
12048,O006466,P0030,2,0.0
12049,O006467,P0003,1,0.05
12050,O006467,P0011,4,0.0
12051,O006468,P0021,2,0.0
12052,O006468,P0030,2,0.0
12053,O006469,P0056,2,0.0
12054,O006470,P0002,3,0.0
12055,O006470,P0053,1,0.1
12056,O006470,P0019,2,0.0
12057,O006470,P0008,1,0.0
12058,O006471,P0014,3,0.4
12059,O006472,P0032,4,0.05
12060,O006472,P0004,1,0.2
12061,O006472,P0005,1,0.2
12062,O006473,P0001,1,0.05
12063,O006474,P0028,1,0.05
12064,O006474,P0020,1,0.05
12065,O006474,P0059,2,0.2
12066,O006474,P0053,1,0.2
12067,O006475,P0018,1,0.05
12068,O006475,P0005,2,0.05
12069,O006475,P0010,1,0.4
12070,O006475,P0050,3,0.0
12071,O006476,P0033,1,0.05
12072,O006477,P0044,5,0.0
12073,O006477,P0028,4,0.05
12074,O006478,P0044,1,0.0
12075,O006479,P0035,1,0.05
12076,O006480,P0019,1,0.1
12077,O006481,P0027,1,0.0
12078,O006481,P0046,2,0.3
12079,O006482,P0040,1,0.05
12080,O006482,P0018,4,0.1
12081,O006483,P0052,1,0.1
12082,O006484,P0005,1,0.0
12083,O006485,P0025,1,0.0
12084,O006485,P0019,2,0.0
12085,O006485,P0020,2,0.0
12086,O006486,P0046,1,0.1
12087,O006486,P0022,1,0.0
12088,O006486,P0031,2,0.0
12089,O006487,P0060,3,0.0
12090,O006487,P0032,1,0.05
12091,O006488,P0017,1,0.3
12092,O006488,P0021,1,0.1
12093,O006489,P0041,1,0.05
12094,O006489,P0016,3,0.3
12095,O006489,P0030,1,0.0
12096,O006490,P0024,1,0.3
12097,O006491,P0012,1,0.3
12098,O006492,P0001,2,0.2
12099,O006493,P0011,2,0.0
12100,O006493,P0021,1,0.2
12101,O006494,P0046,2,0.1
12102,O006494,P0029,4,0.2
12103,O006495,P0028,1,0.0
12104,O006495,P0014,2,0.1
12105,O006496,P0043,1,0.2
12106,O006497,P0049,3,0.05
12107,O006498,P0042,4,0.0
12108,O006499,P0009,3,0.1
12109,O006500,P0056,1,0.2
12110,O006500,P0059,1,0.3
12111,O006500,P0052,4,0.05
12112,O006501,P0039,4,0.0
12113,O006501,P0046,3,0.4
12114,O006502,P0021,1,0.0
12115,O006502,P0010,3,0.0
12116,O006503,P0037,1,0.0
12117,O006504,P0015,1,0.0
12118,O006504,P0008,3,0.1
12119,O006505,P0056,1,0.4
12120,O006505,P0051,1,0.0
12121,O006506,P0025,1,0.0
12122,O006507,P0056,4,0.0
12123,O006508,P0037,1,0.3
12124,O006509,P0001,1,0.2
12125,O006509,P0008,5,0.0
12126,O006510,P0051,4,0.0
12127,O006511,P0008,1,0.1
12128,O006512,P0055,2,0.3
12129,O006512,P0047,3,0.1
12130,O006512,P0048,1,0.0
12131,O006512,P0040,1,0.0
12132,O006513,P0051,1,0.2
12133,O006513,P0001,1,0.0
12134,O006514,P0059,1,0.0
12135,O006514,P0012,1,0.1
12136,O006514,P0021,1,0.1
12137,O006515,P0044,1,0.0
12138,O006515,P0002,3,0.0
12139,O006516,P0013,2,0.3
12140,O006516,P0051,1,0.0
12141,O006516,P0011,2,0.0
12142,O006517,P0007,3,0.05
12143,O006517,P0004,1,0.0
12144,O006517,P0028,1,0.05
12145,O006517,P0028,4,0.4
12146,O006518,P0009,2,0.0
12147,O006519,P0012,2,0.1
12148,O006519,P0047,1,0.0
12149,O006520,P0008,2,0.0
12150,O006520,P0059,2,0.05
12151,O006520,P0031,1,0.3
12152,O006521,P0040,4,0.4
12153,O006521,P0001,1,0.2
12154,O006521,P0009,1,0.4
12155,O006521,P0043,1,0.1
12156,O006522,P0009,1,0.05
12157,O006523,P0045,1,0.2
12158,O006523,P0026,2,0.05
12159,O006523,P0020,1,0.0
12160,O006524,P0037,1,0.4
12161,O006524,P0004,1,0.0
12162,O006524,P0059,3,0.2
12163,O006525,P0028,1,0.0
12164,O006526,P0033,1,0.0
12165,O006527,P0001,1,0.1
12166,O006527,P0015,3,
12167,O006528,P0023,4,0.0
12168,O006528,P0020,1,0.0
12169,O006529,P0020,5,0.1
12170,O006530,P0038,3,0.0
12171,O006531,P0054,2,0.0
12172,O006531,P0027,4,0.0
12173,O006532,P0053,1,0.2
12174,O006532,P0001,2,0.0
12175,O006533,P0049,1,0.0
12176,O006533,P0048,1,0.0
12177,O006534,P0016,2,0.0
12178,O006535,P0041,1,0.0
12179,O006536,P0045,1,0.2
12180,O006536,P0004,1,0.2
12181,O006536,P0007,4,0.0
12182,O006536,P0031,2,0.0
12183,O006537,P0032,1,0.05
12184,O006538,P0008,1,0.05
12185,O006539,P0018,2,0.05
12186,O006539,P0040,1,0.1
12187,O006540,P0032,1,0.05
12188,O006541,P0038,1,0.3
12189,O006541,P0055,1,0.1
12190,O006542,P0005,1,0.0
12191,O006542,P0020,1,0.05
12192,O006542,P0028,3,0.0
12193,O006543,P0034,2,0.05
12194,O006544,P0041,3,0.0
12195,O006544,P0017,2,0.3
12196,O006544,P0050,2,0.3
12197,O006545,P0052,2,0.05
12198,O006545,P0020,2,0.0
12199,O006545,P0024,1,0.05
12200,O006546,P0002,2,0.0
12201,O006546,P0029,2,0.2
12202,O006547,P0050,3,0.1
12203,O006547,P0002,2,0.0
12204,O006547,P0027,4,0.1
12205,O006548,P0039,2,0.1
12206,O006548,P0035,1,0.0
12207,O006549,P0037,1,0.0
12208,O006549,P0046,1,0.4
12209,O006549,P0011,1,0.0
12210,O006549,P0058,1,0.0
12211,O006550,P0017,3,0.0
12212,O006551,P0037,2,0.05
12213,O006552,P0042,2,0.0
12214,O006553,P0011,4,0.0
12215,O006553,P0043,3,0.1
12216,O006554,P0044,1,0.2
12217,O006555,P0043,3,0.3
12218,O006556,P0049,4,0.3
12219,O006556,P0056,1,0.0
12220,O006556,P0030,1,0.0
12221,O006557,P0013,1,0.2
12222,O006557,P0051,2,0.05
12223,O006557,P0015,3,0.2
12224,O006558,P0049,1,0.0
12225,O006558,P0013,4,0.1
12226,O006559,P0041,1,0.0
12227,O006559,P0039,3,0.05
12228,O006559,P0045,1,0.3
12229,O006560,P0024,1,0.4
12230,O006561,P0032,2,0.0
12231,O006562,P0022,1,0.3
12232,O006563,P0025,4,0.2
12233,O006563,P0045,1,0.0
12234,O006564,P0026,1,0.0
12235,O006565,P0056,1,0.0
12236,O006566,P0027,1,0.0
12237,O006566,P0050,4,0.0
12238,O006567,P0046,1,0.05
12239,O006567,P0024,1,0.05
12240,O006568,P0006,3,0.0
12241,O006569,P0012,1,0.0
12242,O006570,P0046,3,0.4
12243,O006571,P0058,2,0.0
12244,O006571,P0054,2,0.1
12245,O006572,P0051,1,0.0
12246,O006573,P0026,2,0.0
12247,O006573,P0045,1,0.0
12248,O006574,P0008,2,0.1
12249,O006575,P0011,4,0.2
12250,O006575,P0011,3,0.0
12251,O006576,P0016,1,0.0
12252,O006577,P0029,4,0.1
12253,O006577,P0037,1,0.0
12254,O006578,P0002,1,0.0
12255,O006579,P0003,4,0.05
12256,O006580,P0003,2,0.05
12257,O006580,P0020,2,0.0
12258,O006580,P0028,2,0.0
12259,O006581,P0023,1,0.1
12260,O006581,P0020,1,0.4
12261,O006581,P0022,2,0.0
12262,O006582,P0042,1,0.0
12263,O006582,P0049,1,0.1
12264,O006583,P0044,4,0.05
12265,O006583,P0057,3,0.05
12266,O006584,P0019,1,0.0
12267,O006585,P0055,3,0.0
12268,O006586,P0048,1,0.05
12269,O006587,P0031,2,0.1
12270,O006588,P0020,2,0.0
12271,O006589,P0041,1,0.2
12272,O006589,P0041,3,0.3
12273,O006590,P0033,1,0.0
12274,O006591,P0056,4,0.3
12275,O006591,P0008,1,0.0
12276,O006592,P0015,5,0.0
12277,O006592,P0040,2,0.0
12278,O006592,P0005,1,0.1
12279,O006592,P0016,3,0.3
12280,O006593,P0013,2,0.1
12281,O006594,P0029,1,0.4
12282,O006594,P0055,2,0.0
12283,O006595,P0059,1,0.2
12284,O006595,P0040,1,0.0
12285,O006596,P0002,2,0.1
12286,O006596,P0047,1,0.05
12287,O006597,P0006,1,0.3
12288,O006598,P0017,3,0.1
12289,O006599,P0034,1,0.05
12290,O006600,P0010,1,0.2
12291,O006601,P0057,1,0.0
12292,O006601,P0020,1,0.0
12293,O006602,P0043,3,0.1
12294,O006602,P0035,1,0.1
12295,O006602,P0040,1,0.0
12296,O006603,P0009,2,0.2
12297,O006603,P0047,1,0.1
12298,O006603,P0039,1,0.0
12299,O006604,P0020,2,0.1
12300,O006605,P0006,4,0.0
12301,O006605,P0030,1,0.0
12302,O006606,P0034,2,0.1
12303,O006606,P0042,3,0.05
12304,O006606,P0016,1,0.0
12305,O006607,P0034,1,0.0
12306,O006607,P0021,1,0.0
12307,O006608,P0019,1,0.4
12308,O006608,P0033,1,0.1
12309,O006609,P0009,1,0.05
12310,O006609,P0032,1,0.0
12311,O006610,P0007,1,0.0
12312,O006611,P0027,2,0.1
12313,O006612,P0052,1,0.0
12314,O006612,P0033,2,0.0
12315,O006612,P0005,2,0.05
12316,O006613,P0041,1,0.1
12317,O006614,P0030,1,0.1
12318,O006615,P0017,1,0.0
12319,O006615,P0058,1,0.0
12320,O006615,P0031,5,0.3
12321,O006615,P0001,1,0.0
12322,O006616,P0038,2,0.0
12323,O006617,P0046,4,0.0
12324,O006618,P0056,3,0.4
12325,O006618,P0001,1,0.1
12326,O006619,P0045,1,0.3
12327,O006619,P0039,4,0.0
12328,O006620,P0039,2,0.0
12329,O006620,P0016,3,0.05
12330,O006620,P0053,5,0.2
12331,O006621,P0033,2,0.0
12332,O006621,P0004,2,0.0
12333,O006622,P0017,3,0.2
12334,O006622,P0049,1,0.05
12335,O006622,P0013,2,0.05
12336,O006623,P0046,2,0.0
12337,O006624,P0031,2,0.0
12338,O006625,P0027,4,0.0
12339,O006625,P0022,4,0.4
12340,O006626,P0029,3,0.0
12341,O006626,P0052,5,0.0
12342,O006627,P0049,1,0.0
12343,O006628,P0054,2,0.2
12344,O006629,P0030,1,0.2
12345,O006629,P0002,2,0.1
12346,O006629,P0034,3,0.0
12347,O006630,P0019,2,0.4
12348,O006630,P0014,2,0.3
12349,O006630,P0019,2,0.0
12350,O006631,P0049,4,0.1
12351,O006632,P0028,1,0.1
12352,O006632,P0001,1,0.0
12353,O006633,P0035,2,0.0
12354,O006633,P0020,1,0.1
12355,O006633,P0029,2,0.05
12356,O006634,P0014,1,0.3
12357,O006634,P0039,1,0.0
12358,O006634,P0029,4,0.0
12359,O006635,P0012,3,0.0
12360,O006635,P0060,1,0.0
12361,O006635,P0037,1,0.05
12362,O006636,P0023,3,0.0
12363,O006636,P0041,2,0.3
12364,O006637,P0020,5,0.2
12365,O006637,P0052,4,0.1
12366,O006637,P0059,2,0.0
12367,O006638,P0028,4,0.0
12368,O006638,P0042,1,0.0
12369,O006638,P0015,3,0.2
12370,O006639,P0056,1,0.4
12371,O006640,P0009,3,0.0
12372,O006641,P0015,1,0.05
12373,O006642,P0047,1,0.0
12374,O006642,P0060,1,0.0
12375,O006642,P0020,1,0.0
12376,O006643,P0050,1,0.0
12377,O006644,P0004,3,0.0
12378,O006644,P0054,1,0.1
12379,O006645,P0022,2,0.3
12380,O006646,P0031,1,0.0
12381,O006647,P0052,1,0.0
12382,O006647,P0006,1,0.4
12383,O006648,P0059,4,0.0
12384,O006648,P0036,3,0.1
12385,O006648,P0003,2,0.05
12386,O006649,P0014,4,0.0
12387,O006649,P0026,3,0.0
12388,O006650,P0056,1,0.05
12389,O006650,P0012,1,0.0
12390,O006650,P0004,1,0.3
12391,O006651,P0048,1,0.3
12392,O006651,P0001,1,0.4
12393,O006651,P0039,2,0.0
12394,O006652,P0035,3,0.0
12395,O006653,P0010,3,0.2
12396,O006653,P0031,1,0.2
12397,O006653,P0010,5,0.0
12398,O006654,P0052,2,0.1
12399,O006654,P0035,1,0.2
12400,O006654,P0056,1,0.1
12401,O006655,P0024,2,0.0
12402,O006656,P0018,1,0.0
12403,O006657,P0029,1,0.0
12404,O006657,P0025,1,0.0
12405,O006658,P0021,2,0.2
12406,O006659,P0001,1,0.3
12407,O006660,P0040,1,0.4
12408,O006660,P0034,1,0.0
12409,O006660,P0047,1,0.3
12410,O006660,P0032,2,0.3
12411,O006661,P0015,4,0.05
12412,O006662,P0010,1,0.0
12413,O006662,P0022,1,0.3
12414,O006662,P0039,1,0.0
12415,O006663,P0049,1,0.0
12416,O006663,P0023,2,0.0
12417,O006663,P0021,4,0.0
12418,O006664,P0042,1,0.05
12419,O006665,P0017,5,0.0
12420,O006665,P0058,1,0.0
12421,O006666,P0030,3,0.05
12422,O006666,P0017,1,0.2
12423,O006667,P0028,3,0.05
12424,O006668,P0060,2,0.1
12425,O006669,P0045,4,0.1
12426,O006669,P0049,1,0.0
12427,O006669,P0023,1,0.0
12428,O006670,P0029,2,0.0
12429,O006671,P0032,2,0.0
12430,O006672,P0011,3,0.05
12431,O006672,P0040,2,0.4
12432,O006673,P0018,1,0.2
12433,O006673,P0018,5,0.0
12434,O006674,P0038,2,0.1
12435,O006674,P0011,1,0.0
12436,O006674,P0046,1,0.05
12437,O006674,P0043,4,0.0
12438,O006675,P0031,1,0.2
12439,O006675,P0037,1,0.0
12440,O006676,P0007,2,0.1
12441,O006676,P0042,1,0.3
12442,O006676,P0006,2,0.0
12443,O006676,P0009,1,0.1
12444,O006677,P0052,3,0.4
12445,O006678,P0036,4,0.2
12446,O006679,P0051,2,0.0
12447,O006679,P0042,1,0.0
12448,O006679,P0022,1,0.0
12449,O006680,P0014,1,0.0
12450,O006680,P0029,2,0.4
12451,O006681,P0024,5,0.1
12452,O006681,P0056,2,0.05
12453,O006682,P0026,1,0.0
12454,O006683,P0010,1,0.2
12455,O006684,P0035,1,0.0
12456,O006685,P0035,2,0.0
12457,O006686,P0041,2,0.0
12458,O006686,P0037,3,0.0
12459,O006686,P0045,1,0.2
12460,O006686,P0051,4,0.0
12461,O006687,P0036,2,0.0
12462,O006688,P0050,5,0.3
12463,O006688,P0046,2,0.05
12464,O006689,P0019,1,0.0
12465,O006690,P0047,1,0.05
12466,O006691,P0039,1,0.0
12467,O006691,P0051,2,0.0
12468,O006691,P0017,2,0.05
12469,O006692,P0031,5,0.0
12470,O006692,P0007,1,0.1
12471,O006693,P0039,2,0.1
12472,O006693,P0042,2,0.05
12473,O006693,P0020,1,0.2
12474,O006693,P0031,1,0.0
12475,O006694,P0045,2,0.1
12476,O006694,P0039,1,0.0
12477,O006695,P0032,1,0.3
12478,O006695,P0003,1,0.0
12479,O006696,P0051,1,0.0
12480,O006697,P0016,4,0.05
12481,O006698,P0019,3,0.0
12482,O006699,P0056,1,0.1
12483,O006700,P0043,2,0.0
12484,O006700,P0046,1,0.1
12485,O006701,P0046,1,0.2
12486,O006702,P0025,1,0.0
12487,O006702,P0002,2,0.05
12488,O006703,P0043,2,0.0
12489,O006703,P0015,1,0.2
12490,O006704,P0035,1,0.0
12491,O006704,P0033,2,0.0
12492,O006704,P0047,1,0.0
12493,O006705,P0043,2,0.05
12494,O006706,P0060,1,0.3
12495,O006706,P0044,1,0.4
12496,O006706,P0054,2,0.0
12497,O006706,P0053,1,0.2
12498,O006707,P0025,1,0.05
12499,O006708,P0044,1,0.1
12500,O006708,P0013,1,0.1
12501,O006709,P0020,4,0.0
12502,O006710,P0023,1,0.0
12503,O006711,P0050,1,0.1
12504,O006712,P0057,1,0.1
12505,O006713,P0022,1,0.0
12506,O006713,P0022,3,0.1
12507,O006714,P0012,1,0.1
12508,O006714,P0018,3,0.1
12509,O006714,P0056,1,0.2
12510,O006715,P0003,4,0.1
12511,O006715,P0051,1,0.0
12512,O006715,P0010,1,0.1
12513,O006716,P0052,1,0.3
12514,O006717,P0012,1,0.2
12515,O006717,P0050,3,0.0
12516,O006717,P0056,1,0.2
12517,O006718,P0041,1,0.0
12518,O006719,P0018,1,0.0
12519,O006720,P0033,1,0.1
12520,O006720,P0058,1,0.1
12521,O006721,P0004,1,0.0
12522,O006722,P0054,2,0.05
12523,O006722,P0045,2,0.4
12524,O006723,P0015,1,0.3
12525,O006723,P0010,2,0.0
12526,O006724,P0043,1,0.05
12527,O006725,P0023,1,0.2
12528,O006726,P0039,4,0.1
12529,O006727,P0023,1,0.2
12530,O006727,P0020,3,0.05
12531,O006727,P0041,2,0.1
12532,O006728,P0024,1,0.2
12533,O006728,P0022,3,0.2
12534,O006728,P0039,1,0.2
12535,O006729,P0002,1,0.2
12536,O006729,P0040,1,0.0
12537,O006730,P0032,1,0.1
12538,O006731,P0046,2,0.2
12539,O006731,P0003,1,0.0
12540,O006731,P0009,4,0.1
12541,O006732,P0055,2,0.2
12542,O006733,P0055,3,0.05
12543,O006734,P0002,2,0.05
12544,O006735,P0003,1,0.0
12545,O006736,P0055,3,0.0
12546,O006737,P0059,2,0.0
12547,O006737,P0020,1,0.0
12548,O006737,P0048,3,0.3
12549,O006738,P0045,3,0.2
12550,O006739,P0037,1,0.0
12551,O006740,P0006,1,0.3
12552,O006741,P0054,1,0.0
12553,O006742,P0024,4,0.0
12554,O006742,P0009,4,0.0
12555,O006743,P0019,3,0.1
12556,O006743,P0030,1,0.0
12557,O006744,P0002,3,0.0
12558,O006745,P0035,1,0.1
12559,O006746,P0029,2,0.05
12560,O006747,P0032,1,0.4
12561,O006747,P0011,3,0.05
12562,O006748,P0028,3,0.4
12563,O006748,P0023,2,0.0
12564,O006749,P0009,4,0.4
12565,O006750,P0002,3,0.4
12566,O006750,P0025,4,0.2
12567,O006751,P0055,1,0.0
12568,O006751,P0013,1,0.0
12569,O006752,P0057,3,0.0
12570,O006752,P0050,1,0.4
12571,O006753,P0001,4,0.0
12572,O006753,P0059,3,0.0
12573,O006753,P0049,1,0.2
12574,O006753,P0016,1,0.0
12575,O006754,P0039,3,0.2
12576,O006754,P0018,1,0.0
12577,O006754,P0028,2,0.1
12578,O006755,P0008,2,0.0
12579,O006756,P0053,3,0.05
12580,O006756,P0042,2,0.0
12581,O006757,P0041,1,0.0
12582,O006757,P0006,4,0.0
12583,O006758,P0030,2,0.0
12584,O006758,P0013,4,0.05
12585,O006758,P0051,1,0.1
12586,O006758,P0016,4,0.2
12587,O006759,P0031,2,0.0
12588,O006759,P0056,1,0.1
12589,O006760,P0050,1,0.05
12590,O006760,P0042,1,0.3
12591,O006760,P0018,4,0.0
12592,O006761,P0007,2,0.2
12593,O006761,P0030,2,0.0
12594,O006762,P0043,2,0.0
12595,O006763,P0059,1,0.0
12596,O006763,P0047,1,0.0
12597,O006764,P0038,1,0.0
12598,O006765,P0026,1,0.4
12599,O006766,P0002,2,0.1
12600,O006766,P0011,2,0.1
12601,O006767,P0059,1,0.05
12602,O006767,P0054,1,0.0
12603,O006767,P0012,5,0.1
12604,O006768,P0055,1,0.0
12605,O006769,P0021,2,0.4
12606,O006769,P0018,1,0.4
12607,O006770,P0031,1,0.0
12608,O006770,P0026,2,0.1
12609,O006771,P0050,2,0.1
12610,O006771,P0014,1,0.0
12611,O006771,P0036,4,0.2
12612,O006772,P0040,1,0.1
12613,O006772,P0047,1,0.0
12614,O006772,P0022,2,0.2
12615,O006772,P0009,2,0.0
12616,O006773,P0034,1,0.0
12617,O006773,P0057,5,0.3
12618,O006774,P0028,1,0.1
12619,O006774,P0028,1,0.0
12620,O006774,P0057,1,0.2
12621,O006775,P0049,1,0.0
12622,O006775,P0060,2,0.0
12623,O006776,P0056,2,0.0
12624,O006776,P0042,3,0.4
12625,O006776,P0016,2,0.1
12626,O006776,P0049,2,0.0
12627,O006777,P0047,1,0.3
12628,O006777,P0015,2,0.05
12629,O006777,P0030,3,0.05
12630,O006778,P0016,1,0.0
12631,O006778,P0045,1,0.05
12632,O006779,P0022,1,0.0
12633,O006779,P0030,3,0.05
12634,O006779,P0053,2,0.0
12635,O006780,P0058,1,0.2
12636,O006780,P0054,2,0.0
12637,O006781,P0036,5,0.4
12638,O006782,P0008,1,0.3
12639,O006783,P0004,1,0.0
12640,O006783,P0048,1,0.1
12641,O006784,P0004,1,0.0
12642,O006784,P0047,3,0.05
12643,O006784,P0057,1,0.1
12644,O006784,P0028,1,0.0
12645,O006785,P0011,1,0.0
12646,O006785,P0041,1,0.0
12647,O006785,P0026,2,0.0
12648,O006786,P0013,2,0.4
12649,O006786,P0025,3,0.3
12650,O006787,P0036,1,0.0
12651,O006788,P0039,1,0.0
12652,O006788,P0020,1,0.0
12653,O006789,P0057,1,0.3
12654,O006789,P0001,3,0.3
12655,O006789,P0039,1,0.0
12656,O006790,P0053,1,0.0
12657,O006790,P0050,1,0.0
12658,O006790,P0047,2,0.0
12659,O006791,P0011,1,0.3
12660,O006792,P0041,1,0.3
12661,O006793,P0012,3,0.0
12662,O006794,P0053,1,0.3
12663,O006794,P0004,1,0.4
12664,O006795,P0060,2,0.0
12665,O006796,P0058,1,0.0
12666,O006797,P0022,4,0.2
12667,O006797,P0007,1,0.2
12668,O006798,P0025,1,0.0
12669,O006798,P0011,1,0.0
12670,O006799,P0057,2,0.3
12671,O006799,P0005,5,0.3
12672,O006799,P0019,2,0.4
12673,O006800,P0038,2,0.2
12674,O006801,P0031,4,0.05
12675,O006801,P0038,1,0.2
12676,O006802,P0035,4,0.4
12677,O006802,P0028,1,0.05
12678,O006803,P0034,1,0.0
12679,O006803,P0020,1,0.3
12680,O006804,P0053,5,0.1
12681,O006805,P0032,2,0.1
12682,O006805,P0036,1,0.05
12683,O006806,P0010,4,0.2
12684,O006806,P0054,3,0.3
12685,O006806,P0035,1,0.05
12686,O006806,P0046,1,0.0
12687,O006807,P0047,1,0.2
12688,O006807,P0056,1,0.2
12689,O006808,P0059,1,0.0
12690,O006808,P0036,2,0.1
12691,O006809,P0002,2,0.0
12692,O006810,P0030,1,0.3
12693,O006811,P0002,2,0.0
12694,O006811,P0011,2,0.0
12695,O006811,P0056,2,0.0
12696,O006812,P0029,2,0.0
12697,O006813,P0027,1,0.05
12698,O006813,P0021,1,0.1
12699,O006813,P0018,2,0.0
12700,O006813,P0043,3,0.0
12701,O006814,P0002,1,0.4
12702,O006814,P0057,2,0.0
12703,O006815,P0030,3,0.0
12704,O006815,P0057,3,0.0
12705,O006816,P0009,2,0.0
12706,O006817,P0025,1,0.0
12707,O006817,P0012,2,0.0
12708,O006817,P0030,4,0.0
12709,O006818,P0059,3,0.1
12710,O006818,P0051,1,0.0
12711,O006819,P0023,1,0.2
12712,O006819,P0057,3,0.4
12713,O006820,P0053,1,0.05
12714,O006821,P0007,4,0.0
12715,O006821,P0008,3,0.0
12716,O006821,P0050,1,0.3
12717,O006822,P0036,2,0.05
12718,O006822,P0058,3,0.0
12719,O006822,P0017,1,0.05
12720,O006823,P0053,1,0.0
12721,O006823,P0006,1,0.0
12722,O006824,P0018,3,0.0
12723,O006825,P0022,2,0.0
12724,O006826,P0014,2,0.4
12725,O006827,P0025,1,0.3
12726,O006828,P0014,3,0.05
12727,O006828,P0026,5,0.0
12728,O006829,P0029,5,0.0
12729,O006830,P0002,3,0.4
12730,O006831,P0018,5,0.0
12731,O006831,P0059,2,0.0
12732,O006832,P0038,2,0.2
12733,O006832,P0042,1,0.0
12734,O006833,P0050,2,0.0
12735,O006833,P0014,3,0.0
12736,O006833,P0033,1,0.05
12737,O006833,P0051,5,0.0
12738,O006834,P0006,2,0.0
12739,O006834,P0007,1,0.05
12740,O006835,P0002,4,0.2
12741,O006836,P0053,1,0.2
12742,O006837,P0007,2,0.05
12743,O006837,P0039,3,0.3
12744,O006837,P0026,1,0.3
12745,O006838,P0040,3,0.05
12746,O006839,P0014,1,0.0
12747,O006840,P0044,2,0.0
12748,O006841,P0060,1,0.0
12749,O006841,P0049,1,0.0
12750,O006841,P0022,2,0.0
12751,O006842,P0042,2,0.4
12752,O006843,P0037,1,0.0
12753,O006843,P0008,1,0.3
12754,O006843,P0033,3,0.05
12755,O006844,P0021,2,0.1
12756,O006844,P0022,2,0.0
12757,O006844,P0038,1,0.0
12758,O006844,P0010,2,0.0
12759,O006845,P0011,1,0.0
12760,O006845,P0036,1,0.05
12761,O006845,P0032,5,0.1
12762,O006846,P0023,2,0.3
12763,O006847,P0060,3,0.0
12764,O006847,P0056,2,0.1
12765,O006847,P0043,4,0.05
12766,O006847,P0051,1,0.05
12767,O006848,P0043,1,0.0
12768,O006848,P0032,3,0.4
12769,O006848,P0016,3,0.0
12770,O006848,P0026,1,0.0
12771,O006849,P0046,3,0.05
12772,O006849,P0056,2,0.2
12773,O006850,P0019,2,0.2
12774,O006850,P0047,1,0.0
12775,O006850,P0008,2,0.05
12776,O006850,P0058,1,0.05
12777,O006851,P0002,5,0.3
12778,O006852,P0017,1,0.1
12779,O006852,P0010,1,0.0
12780,O006852,P0019,2,0.0
12781,O006852,P0005,1,0.0
12782,O006853,P0018,1,0.1
12783,O006853,P0041,1,0.0
12784,O006853,P0005,5,0.2
12785,O006854,P0024,2,0.2
12786,O006854,P0013,1,0.0
12787,O006854,P0059,4,0.0
12788,O006855,P0026,2,0.0
12789,O006856,P0036,2,0.0
12790,O006857,P0024,1,0.05
12791,O006857,P0052,2,0.1
12792,O006858,P0043,3,0.1
12793,O006859,P0058,1,0.2
12794,O006859,P0031,1,0.05
12795,O006860,P0059,1,0.4
12796,O006860,P0034,2,0.0
12797,O006860,P0049,1,0.0
12798,O006860,P0030,1,0.2
12799,O006861,P0038,2,0.4
12800,O006862,P0040,1,0.3
12801,O006863,P0044,1,0.4
12802,O006863,P0047,2,0.0
12803,O006863,P0010,1,0.0
12804,O006863,P0050,3,0.2
12805,O006864,P0034,1,0.2
12806,O006864,P0010,3,0.3
12807,O006864,P0016,1,0.0
12808,O006865,P0033,2,0.05
12809,O006866,P0004,1,0.3
12810,O006866,P0041,1,0.0
12811,O006867,P0005,4,0.2
12812,O006868,P0025,1,0.0
12813,O006868,P0057,1,0.0
12814,O006869,P0030,2,0.3
12815,O006869,P0025,1,0.05
12816,O006869,P0029,4,0.0
12817,O006870,P0040,2,0.05
12818,O006871,P0040,4,0.0
12819,O006871,P0050,1,0.05
12820,O006871,P0042,3,0.0
12821,O006872,P0053,1,0.0
12822,O006873,P0041,4,0.2
12823,O006874,P0040,1,0.4
12824,O006874,P0033,1,0.1
12825,O006875,P0003,1,0.05
12826,O006875,P0017,2,0.1
12827,O006876,P0060,2,0.2
12828,O006877,P0053,2,0.1
12829,O006878,P0050,2,0.2
12830,O006879,P0011,3,0.2
12831,O006880,P0050,2,0.4
12832,O006880,P0008,1,0.0
12833,O006880,P0011,1,0.1
12834,O006881,P0032,1,0.2
12835,O006881,P0026,2,0.0
12836,O006881,P0043,2,0.2
12837,O006881,P0023,4,0.05
12838,O006882,P0005,2,0.2
12839,O006882,P0034,2,0.0
12840,O006882,P0002,1,0.0
12841,O006883,P0002,1,0.0
12842,O006883,P0044,4,0.0
12843,O006884,P0036,1,0.0
12844,O006885,P0053,3,0.1
12845,O006886,P0023,1,0.0
12846,O006887,P0037,4,0.2
12847,O006887,P0011,2,0.0
12848,O006887,P0044,2,0.1
12849,O006888,P0044,1,0.05
12850,O006888,P0043,3,0.05
12851,O006888,P0048,1,0.05
12852,O006889,P0025,1,0.2
12853,O006889,P0045,1,0.1
12854,O006890,P0060,1,0.05
12855,O006891,P0024,2,0.0
12856,O006892,P0038,4,0.4
12857,O006893,P0002,4,0.0
12858,O006894,P0052,1,0.0
12859,O006894,P0034,1,0.05
12860,O006895,P0019,1,
12861,O006896,P0026,1,0.05
12862,O006896,P0049,1,0.05
12863,O006897,P0019,2,0.05
12864,O006897,P0023,1,0.0
12865,O006898,P0038,5,0.0
12866,O006899,P0053,1,0.05
12867,O006900,P0021,1,0.05
12868,O006901,P0058,1,0.0
12869,O006902,P0011,2,0.1
12870,O006903,P0055,1,0.4
12871,O006904,P0010,4,0.05
12872,O006905,P0045,1,0.0
12873,O006906,P0057,4,0.2
12874,O006907,P0041,1,0.0
12875,O006908,P0051,2,0.4
12876,O006908,P0016,5,0.0
12877,O006908,P0045,1,0.2
12878,O006909,P0058,1,0.2
12879,O006910,P0006,1,0.0
12880,O006910,P0060,2,0.2
12881,O006911,P0027,1,0.0
12882,O006912,P0039,1,0.0
12883,O006913,P0009,1,0.05
12884,O006913,P0026,3,0.2
12885,O006914,P0014,1,0.05
12886,O006914,P0034,3,0.0
12887,O006915,P0012,1,0.3
12888,O006915,P0037,4,0.0
12889,O006915,P0023,4,0.05
12890,O006916,P0045,1,0.3
12891,O006916,P0036,1,0.0
12892,O006916,P0041,2,0.0
12893,O006916,P0058,1,0.0
12894,O006917,P0003,2,0.05
12895,O006918,P0013,1,0.3
12896,O006919,P0045,4,0.0
12897,O006919,P0029,2,0.05
12898,O006919,P0053,5,0.0
12899,O006919,P0052,1,0.0
12900,O006920,P0036,2,0.1
12901,O006920,P0057,4,0.05
12902,O006920,P0022,1,0.0
12903,O006921,P0053,1,0.0
12904,O006922,P0048,1,0.05
12905,O006923,P0011,4,0.1
12906,O006923,P0057,5,0.0
12907,O006923,P0018,4,0.2
12908,O006923,P0012,1,0.0
12909,O006924,P0016,3,0.0
12910,O006925,P0026,1,0.1
12911,O006925,P0035,1,0.0
12912,O006926,P0038,2,0.0
12913,O006927,P0021,4,0.2
12914,O006927,P0016,2,0.0
12915,O006928,P0041,1,0.0
12916,O006929,P0004,3,0.0
12917,O006929,P0048,1,0.0
12918,O006930,P0054,1,0.05
12919,O006931,P0051,2,0.0
12920,O006932,P0029,3,0.0
12921,O006933,P0057,3,0.0
12922,O006933,P0042,4,0.0
12923,O006934,P0011,3,0.1
12924,O006934,P0043,2,0.4
12925,O006935,P0047,2,0.0
12926,O006936,P0033,2,0.0
12927,O006937,P0009,2,0.0
12928,O006937,P0035,5,0.4
12929,O006937,P0007,1,0.05
12930,O006938,P0041,1,0.0
12931,O006939,P0027,2,0.1
12932,O006940,P0058,1,0.4
12933,O006940,P0042,1,0.1
12934,O006940,P0035,2,0.1
12935,O006941,P0025,1,0.2
12936,O006942,P0036,2,0.05
12937,O006942,P0032,1,0.05
12938,O006943,P0060,2,0.1
12939,O006943,P0019,1,0.2
12940,O006944,P0059,2,0.05
12941,O006944,P0047,5,0.1
12942,O006945,P0028,2,0.0
12943,O006945,P0014,1,0.1
12944,O006946,P0022,1,0.05
12945,O006946,P0030,1,0.0
12946,O006946,P0055,1,0.05
12947,O006947,P0014,3,0.0
12948,O006947,P0024,1,0.2
12949,O006948,P0029,1,0.0
12950,O006949,P0044,3,0.0
12951,O006950,P0027,2,0.05
12952,O006950,P0032,5,0.0
12953,O006950,P0012,4,0.0
12954,O006950,P0024,2,0.3
12955,O006951,P0032,1,0.05
12956,O006951,P0049,2,0.0
12957,O006951,P0021,4,0.1
12958,O006951,P0041,1,0.2
12959,O006952,P0047,2,0.1
12960,O006953,P0041,1,0.0
12961,O006953,P0022,5,0.0
12962,O006954,P0038,2,0.1
12963,O006954,P0056,4,0.3
12964,O006955,P0055,1,0.0
12965,O006956,P0020,3,0.3
12966,O006956,P0003,2,0.05
12967,O006957,P0031,1,0.0
12968,O006958,P0059,3,0.0
12969,O006958,P0028,2,0.3
12970,O006958,P0034,2,0.0
12971,O006958,P0022,5,0.0
12972,O006959,P0036,1,0.0
12973,O006959,P0002,2,0.2
12974,O006960,P0042,3,0.05
12975,O006960,P0026,1,0.0
12976,O006961,P0013,2,0.0
12977,O006961,P0036,2,0.0
12978,O006962,P0030,4,0.2
12979,O006963,P0010,1,0.4
12980,O006964,P0029,2,0.0
12981,O006964,P0057,4,0.0
12982,O006965,P0012,1,0.1
12983,O006966,P0046,1,0.0
12984,O006967,P0026,1,0.2
12985,O006967,P0022,3,0.05
12986,O006967,P0008,1,0.05
12987,O006967,P0038,3,0.2
12988,O006968,P0022,1,0.0
12989,O006969,P0052,2,0.2
12990,O006970,P0018,1,0.0
12991,O006970,P0014,1,0.05
12992,O006970,P0039,1,0.0
12993,O006970,P0047,1,0.0
12994,O006971,P0018,1,0.1
12995,O006971,P0021,1,0.0
12996,O006972,P0035,1,0.0
12997,O006972,P0026,1,0.05
12998,O006972,P0039,1,0.0
12999,O006972,P0035,1,0.0
13000,O006973,P0036,1,0.05
13001,O006973,P0036,1,0.2
13002,O006973,P0050,2,0.0
13003,O006973,P0028,1,0.05
13004,O006974,P0055,2,0.05
13005,O006974,P0048,2,0.05
13006,O006975,P0042,1,0.1
13007,O006975,P0022,1,0.0
13008,O006976,P0060,1,0.1
13009,O006976,P0009,2,0.0
13010,O006976,P0029,3,0.05
13011,O006976,P0034,2,0.3
13012,O006977,P0029,1,0.0
13013,O006977,P0060,4,0.0
13014,O006977,P0010,3,0.1
13015,O006978,P0035,1,0.05
13016,O006978,P0041,1,0.0
13017,O006978,P0016,3,0.0
13018,O006979,P0008,1,0.0
13019,O006980,P0021,2,0.05
13020,O006981,P0042,1,0.1
13021,O006981,P0060,2,0.0
13022,O006981,P0036,1,0.0
13023,O006982,P0030,1,0.2
13024,O006983,P0039,1,0.4
13025,O006983,P0040,1,0.3
13026,O006983,P0029,1,0.0
13027,O006983,P0030,2,0.0
13028,O006984,P0012,3,0.3
13029,O006984,P0041,1,0.05
13030,O006985,P0055,1,0.4
13031,O006985,P0034,4,0.0
13032,O006985,P0045,1,0.3
13033,O006986,P0035,1,0.0
13034,O006987,P0055,4,0.05
13035,O006987,P0020,1,0.0
13036,O006988,P0036,2,0.2
13037,O006988,P0051,1,0.1
13038,O006989,P0010,2,0.0
13039,O006989,P0023,1,0.1
13040,O006990,P0050,1,0.0
13041,O006991,P0037,1,0.05
13042,O006992,P0026,1,0.0
13043,O006992,P0036,1,0.0
13044,O006993,P0034,1,0.1
13045,O006994,P0006,1,0.0
13046,O006994,P0002,4,0.0
13047,O006995,P0020,1,0.0
13048,O006996,P0048,2,0.0
13049,O006996,P0038,3,0.0
13050,O006996,P0010,1,0.0
13051,O006997,P0053,1,0.05
13052,O006998,P0006,1,0.0
13053,O006998,P0003,1,0.1
13054,O006999,P0047,2,0.0
13055,O007000,P0021,1,0.0
13056,O007001,P0034,1,0.2
13057,O007002,P0043,1,0.2
13058,O007003,P0009,4,0.3
13059,O007003,P0060,5,0.0
13060,O007003,P0053,2,0.0
13061,O007004,P0054,2,0.0
13062,O007004,P0009,2,0.2
13063,O007004,P0059,4,0.0
13064,O007005,P0031,3,0.05
13065,O007005,P0010,1,0.2
13066,O007006,P0033,1,0.0
13067,O007007,P0024,5,0.1
13068,O007008,P0018,2,0.2
13069,O007008,P0048,2,0.0
13070,O007008,P0007,1,0.0
13071,O007008,P0039,2,0.0
13072,O007009,P0038,4,0.2
13073,O007009,P0027,2,0.0
13074,O007009,P0038,1,0.0
13075,O007010,P0047,1,0.0
13076,O007010,P0036,1,0.0
13077,O007010,P0003,2,0.1
13078,O007010,P0048,2,0.3
13079,O007011,P0038,2,0.4
13080,O007012,P0032,1,0.0
13081,O007013,P0007,1,0.3
13082,O007013,P0016,4,0.05
13083,O007013,P0060,1,0.0
13084,O007013,P0017,1,0.05
13085,O007014,P0045,2,0.0
13086,O007014,P0009,1,0.0
13087,O007014,P0010,1,0.0
13088,O007015,P0005,1,0.0
13089,O007016,P0021,3,0.0
13090,O007017,P0046,1,0.1
13091,O007017,P0023,1,0.0
13092,O007017,P0027,1,0.1
13093,O007017,P0018,4,0.0
13094,O007018,P0002,1,0.3
13095,O007018,P0020,1,0.1
13096,O007019,P0011,2,0.0
13097,O007020,P0038,1,0.1
13098,O007020,P0051,1,0.3
13099,O007020,P0051,1,0.2
13100,O007021,P0008,4,0.1
13101,O007022,P0002,2,0.05
13102,O007022,P0008,1,0.0
13103,O007023,P0005,2,0.0
13104,O007023,P0025,5,0.05
13105,O007024,P0040,5,0.4
13106,O007025,P0059,1,0.0
13107,O007026,P0017,1,0.0
13108,O007026,P0043,4,0.0
13109,O007026,P0003,1,0.0
13110,O007027,P0034,1,0.0
13111,O007028,P0052,4,0.05
13112,O007029,P0013,1,0.0
13113,O007030,P0013,3,0.05
13114,O007031,P0042,1,0.0
13115,O007032,P0027,1,0.0
13116,O007033,P0025,3,0.0
13117,O007034,P0018,4,0.2
13118,O007034,P0054,2,0.0
13119,O007035,P0012,2,0.0
13120,O007036,P0025,1,0.0
13121,O007037,P0047,1,0.3
13122,O007037,P0043,2,0.2
13123,O007037,P0053,2,0.3
13124,O007038,P0050,3,0.0
13125,O007039,P0014,1,0.05
13126,O007039,P0044,1,0.05
13127,O007039,P0008,1,0.1
13128,O007039,P0046,2,0.3
13129,O007040,P0040,1,0.0
13130,O007040,P0013,1,0.0
13131,O007040,P0008,4,0.1
13132,O007040,P0029,2,0.0
13133,O007041,P0054,1,0.2
13134,O007042,P0005,3,0.3
13135,O007042,P0021,1,0.0
13136,O007042,P0005,1,0.0
13137,O007042,P0033,1,0.3
13138,O007043,P0039,2,0.05
13139,O007044,P0042,1,0.0
13140,O007044,P0029,1,0.0
13141,O007045,P0043,4,0.0
13142,O007046,P0039,1,0.0
13143,O007047,P0052,1,0.0
13144,O007048,P0048,2,0.0
13145,O007048,P0007,5,0.4
13146,O007048,P0002,2,0.0
13147,O007048,P0002,1,0.0
13148,O007049,P0044,1,0.0
13149,O007050,P0047,5,0.4
13150,O007050,P0045,3,0.0
13151,O007051,P0024,2,0.0
13152,O007051,P0003,2,0.0
13153,O007052,P0005,1,0.4
13154,O007052,P0044,1,0.0
13155,O007053,P0034,3,0.05
13156,O007053,P0025,1,0.05
13157,O007054,P0007,1,0.3
13158,O007054,P0015,3,0.2
13159,O007054,P0004,3,0.0
13160,O007055,P0017,1,0.0
13161,O007055,P0032,1,0.0
13162,O007056,P0055,3,0.0
13163,O007056,P0048,5,0.1
13164,O007057,P0046,2,0.0
13165,O007058,P0030,1,0.0
13166,O007059,P0009,1,0.2
13167,O007060,P0023,1,0.05
13168,O007061,P0055,1,0.05
13169,O007061,P0044,2,0.0
13170,O007061,P0046,2,0.0
13171,O007062,P0021,3,0.2
13172,O007063,P0014,2,0.2
13173,O007064,P0039,1,0.0
13174,O007065,P0056,4,0.1
13175,O007066,P0037,1,0.3
13176,O007067,P0024,1,0.0
13177,O007068,P0001,5,0.3
13178,O007068,P0010,2,0.1
13179,O007069,P0017,1,0.05
13180,O007070,P0002,2,0.1
13181,O007071,P0017,2,0.0
13182,O007071,P0047,4,0.0
13183,O007071,P0027,2,0.4
13184,O007071,P0012,1,0.4
13185,O007072,P0034,2,0.05
13186,O007073,P0039,1,0.1
13187,O007073,P0042,3,0.2
13188,O007073,P0033,1,0.0
13189,O007074,P0057,1,0.05
13190,O007074,P0008,1,0.2
13191,O007074,P0010,1,0.1
13192,O007075,P0017,2,0.0
13193,O007076,P0044,3,0.0
13194,O007076,P0024,4,0.0
13195,O007077,P0021,1,0.0
13196,O007078,P0011,2,0.1
13197,O007079,P0041,1,0.05
13198,O007080,P0008,1,0.0
13199,O007081,P0039,3,0.05
13200,O007081,P0011,3,0.0
13201,O007082,P0052,2,0.0
13202,O007083,P0059,2,0.4
13203,O007083,P0047,2,0.0
13204,O007084,P0033,1,0.2
13205,O007084,P0046,2,0.1
13206,O007085,P0042,1,0.05
13207,O007086,P0002,2,0.0
13208,O007086,P0052,2,0.05
13209,O007087,P0014,2,0.2
13210,O007087,P0046,1,0.2
13211,O007088,P0052,1,0.1
13212,O007089,P0051,1,0.0
13213,O007089,P0049,1,0.0
13214,O007090,P0046,2,0.0
13215,O007090,P0011,3,0.0
13216,O007091,P0031,2,0.0
13217,O007092,P0051,2,0.1
13218,O007092,P0014,2,0.2
13219,O007092,P0043,4,0.1
13220,O007092,P0032,5,0.0
13221,O007093,P0037,4,0.0
13222,O007093,P0038,2,0.05
13223,O007093,P0025,2,0.3
13224,O007094,P0046,2,0.2
13225,O007095,P0018,1,0.2
13226,O007095,P0026,4,0.0
13227,O007096,P0007,1,0.0
13228,O007097,P0012,1,0.0
13229,O007097,P0054,4,0.05
13230,O007097,P0052,1,0.05
13231,O007098,P0030,1,0.4
13232,O007098,P0055,1,0.2
13233,O007098,P0002,1,0.0
13234,O007099,P0057,1,0.4
13235,O007099,P0042,3,0.0
13236,O007100,P0025,2,0.0
13237,O007100,P0032,1,0.05
13238,O007100,P0011,3,0.2
13239,O007100,P0024,2,0.3
13240,O007101,P0035,3,0.0
13241,O007101,P0020,1,0.4
13242,O007102,P0006,4,0.0
13243,O007102,P0030,1,0.0
13244,O007102,P0011,5,0.0
13245,O007103,P0021,1,0.0
13246,O007103,P0017,1,0.1
13247,O007103,P0028,5,0.0
13248,O007103,P0058,2,0.0
13249,O007104,P0036,1,0.0
13250,O007105,P0033,2,0.2
13251,O007105,P0038,1,0.0
13252,O007105,P0031,1,0.4
13253,O007105,P0011,2,0.1
13254,O007106,P0041,1,0.3
13255,O007106,P0023,1,0.3
13256,O007106,P0007,1,0.1
13257,O007106,P0033,1,0.4
13258,O007107,P0029,1,0.0
13259,O007108,P0038,1,0.05
13260,O007108,P0057,2,0.4
13261,O007108,P0056,3,0.0
13262,O007108,P0038,1,0.2
13263,O007109,P0024,4,0.2
13264,O007110,P0026,1,0.05
13265,O007111,P0024,1,0.4
13266,O007112,P0019,1,0.05
13267,O007112,P0030,3,0.1
13268,O007113,P0006,2,0.0
13269,O007113,P0025,1,0.0
13270,O007114,P0025,1,0.1
13271,O007115,P0034,1,0.0
13272,O007116,P0001,1,0.4
13273,O007117,P0010,3,0.4
13274,O007118,P0034,1,0.0
13275,O007119,P0056,1,0.3
13276,O007119,P0027,1,0.0
13277,O007120,P0060,3,0.0
13278,O007120,P0034,1,0.0
13279,O007120,P0031,5,0.3
13280,O007120,P0046,2,0.1
13281,O007121,P0029,1,0.05
13282,O007122,P0023,2,0.0
13283,O007122,P0026,1,0.0
13284,O007122,P0019,4,0.1
13285,O007122,P0040,1,0.0
13286,O007123,P0016,1,0.0
13287,O007124,P0038,1,0.0
13288,O007125,P0023,2,0.1
13289,O007126,P0054,2,0.1
13290,O007127,P0059,4,0.05
13291,O007127,P0035,2,0.2
13292,O007128,P0045,3,0.0
13293,O007128,P0039,2,0.0
13294,O007128,P0035,1,0.2
13295,O007129,P0027,1,0.05
13296,O007130,P0035,4,0.05
13297,O007130,P0053,1,0.0
13298,O007130,P0013,1,0.0
13299,O007130,P0050,1,0.0
13300,O007131,P0027,4,0.0
13301,O007131,P0059,1,0.0
13302,O007131,P0019,2,0.05
13303,O007132,P0012,1,0.2
13304,O007132,P0033,4,0.2
13305,O007132,P0038,3,0.05
13306,O007133,P0058,2,0.05
13307,O007133,P0037,2,0.0
13308,O007133,P0025,2,0.0
13309,O007134,P0003,4,0.4
13310,O007135,P0029,2,0.2
13311,O007135,P0059,2,0.0
13312,O007135,P0010,1,0.1
13313,O007135,P0018,3,0.4
13314,O007136,P0001,1,0.2
13315,O007137,P0018,2,0.2
13316,O007137,P0047,3,0.0
13317,O007137,P0044,3,0.05
13318,O007138,P0060,5,0.0
13319,O007139,P0022,2,0.05
13320,O007139,P0009,1,0.0
13321,O007139,P0045,1,0.0
13322,O007140,P0022,2,0.1
13323,O007140,P0030,2,0.1
13324,O007141,P0020,4,0.3
13325,O007141,P0060,2,0.0
13326,O007142,P0051,2,0.05
13327,O007143,P0056,2,0.0
13328,O007143,P0043,4,0.3
13329,O007144,P0033,4,0.1
13330,O007145,P0036,4,0.2
13331,O007145,P0045,1,0.2
13332,O007146,P0040,1,0.1
13333,O007146,P0006,1,0.2
13334,O007146,P0042,3,0.0
13335,O007147,P0028,1,0.0
13336,O007147,P0015,2,0.3
13337,O007148,P0021,1,0.0
13338,O007148,P0016,1,0.05
13339,O007149,P0014,1,0.0
13340,O007149,P0057,2,0.1
13341,O007149,P0009,4,0.05
13342,O007149,P0013,2,0.2
13343,O007150,P0012,4,0.3
13344,O007151,P0043,1,0.1
13345,O007152,P0019,3,0.0
13346,O007153,P0040,2,0.4
13347,O007154,P0045,2,0.0
13348,O007154,P0059,1,0.1
13349,O007155,P0050,1,0.05
13350,O007156,P0015,4,0.1
13351,O007156,P0008,1,0.0
13352,O007156,P0015,2,0.1
13353,O007156,P0050,1,0.4
13354,O007157,P0024,2,0.1
13355,O007158,P0013,3,0.1
13356,O007158,P0012,2,0.1
13357,O007159,P0002,3,0.0
13358,O007160,P0028,1,0.2
13359,O007160,P0038,3,0.1
13360,O007161,P0051,3,0.0
13361,O007161,P0003,3,0.0
13362,O007162,P0058,4,0.0
13363,O007163,P0013,3,0.0
13364,O007164,P0005,1,0.05
13365,O007165,P0009,1,0.1
13366,O007166,P0009,2,0.1
13367,O007167,P0038,1,0.3
13368,O007167,P0009,1,0.3
13369,O007168,P0055,1,0.1
13370,O007169,P0037,3,0.0
13371,O007170,P0042,3,0.2
13372,O007171,P0001,1,0.3
13373,O007172,P0034,1,0.0
13374,O007173,P0009,2,0.0
13375,O007173,P0043,3,0.0
13376,O007173,P0046,1,0.0
13377,O007173,P0002,1,0.0
13378,O007174,P0022,3,0.0
13379,O007175,P0050,3,0.05
13380,O007175,P0041,1,0.0
13381,O007176,P0044,1,0.1
13382,O007177,P0010,1,0.2
13383,O007177,P0004,2,0.05
13384,O007177,P0023,1,0.05
13385,O007178,P0041,1,0.0
13386,O007178,P0009,2,0.0
13387,O007178,P0014,1,0.0
13388,O007178,P0028,1,0.0
13389,O007179,P0047,4,0.0
13390,O007179,P0018,1,0.0
13391,O007180,P0054,1,0.3
13392,O007180,P0007,1,0.4
13393,O007180,P0011,1,0.2
13394,O007181,P0022,1,0.1
13395,O007181,P0013,1,0.1
13396,O007182,P0047,1,0.0
13397,O007183,P0051,4,0.0
13398,O007183,P0011,1,0.1
13399,O007183,P0040,1,0.0
13400,O007183,P0011,1,0.0
13401,O007184,P0022,3,0.05
13402,O007185,P0017,1,0.0
13403,O007185,P0040,1,0.0
13404,O007185,P0026,1,0.1
13405,O007185,P0060,4,0.3
13406,O007186,P0009,1,0.1
13407,O007186,P0012,2,0.0
13408,O007187,P0013,1,0.05
13409,O007187,P0026,3,0.0
13410,O007187,P0046,2,0.2
13411,O007187,P0004,1,0.2
13412,O007188,P0025,1,0.0
13413,O007188,P0039,3,0.4
13414,O007188,P0015,1,0.3
13415,O007189,P0021,1,0.4
13416,O007190,P0024,4,0.2
13417,O007191,P0020,2,0.0
13418,O007191,P0031,1,0.1
13419,O007191,P0058,1,0.0
13420,O007192,P0017,1,0.0
13421,O007192,P0001,1,0.1
13422,O007193,P0009,2,0.1
13423,O007194,P0054,1,0.0
13424,O007195,P0029,2,0.4
13425,O007195,P0003,1,0.2
13426,O007195,P0057,1,0.0
13427,O007196,P0056,4,0.3
13428,O007196,P0031,1,0.2
13429,O007197,P0054,2,0.05
13430,O007197,P0044,2,0.0
13431,O007197,P0028,1,0.3
13432,O007198,P0013,1,0.05
13433,O007199,P0044,1,0.05
13434,O007200,P0060,4,0.3
13435,O007200,P0021,1,0.2
13436,O007200,P0048,2,0.0
13437,O007200,P0033,3,0.0
13438,O007201,P0032,2,0.0
13439,O007201,P0052,1,0.0
13440,O007201,P0025,1,0.0
13441,O007202,P0035,1,0.3
13442,O007203,P0006,4,0.1
13443,O007203,P0016,3,0.05
13444,O007204,P0022,1,0.0
13445,O007204,P0047,1,0.3
13446,O007205,P0003,1,0.0
13447,O007205,P0040,1,0.05
13448,O007205,P0030,1,0.0
13449,O007206,P0018,3,0.05
13450,O007206,P0028,1,0.05
13451,O007206,P0059,5,0.0
13452,O007207,P0045,2,0.0
13453,O007207,P0047,1,0.0
13454,O007208,P0035,1,0.1
13455,O007209,P0046,1,0.0
13456,O007209,P0004,5,0.1
13457,O007209,P0031,2,0.1
13458,O007210,P0058,1,0.3
13459,O007210,P0055,5,0.0
13460,O007210,P0029,1,0.0
13461,O007211,P0055,1,0.0
13462,O007212,P0009,1,0.1
13463,O007213,P0017,2,0.0
13464,O007214,P0035,2,0.2
13465,O007215,P0029,1,0.2
13466,O007216,P0031,1,0.1
13467,O007216,P0004,2,0.0
13468,O007217,P0058,1,0.3
13469,O007217,P0022,1,0.3
13470,O007218,P0034,1,0.1
13471,O007218,P0021,3,0.0
13472,O007219,P0059,1,0.0
13473,O007219,P0024,1,0.0
13474,O007219,P0034,2,0.0
13475,O007220,P0004,4,0.0
13476,O007221,P0050,1,0.0
13477,O007221,P0032,1,0.1
13478,O007221,P0046,2,0.1
13479,O007221,P0012,3,0.0
13480,O007222,P0050,1,0.1
13481,O007222,P0058,1,0.0
13482,O007223,P0032,3,0.0
13483,O007223,P0024,4,0.0
13484,O007224,P0034,3,0.0
13485,O007225,P0034,4,0.2
13486,O007225,P0028,3,0.1
13487,O007226,P0049,1,0.1
13488,O007227,P0011,1,0.2
13489,O007227,P0010,1,0.2
13490,O007228,P0022,1,0.2
13491,O007228,P0037,1,0.2
13492,O007229,P0007,1,0.0
13493,O007229,P0055,1,0.4
13494,O007230,P0006,1,0.4
13495,O007230,P0009,1,0.0
13496,O007231,P0060,2,0.0
13497,O007232,P0021,2,0.0
13498,O007232,P0022,1,0.1
13499,O007232,P0005,1,0.2
13500,O007233,P0060,3,0.1
13501,O007233,P0028,1,0.1
13502,O007234,P0007,2,0.0
13503,O007234,P0008,2,0.1
13504,O007235,P0007,1,0.1
13505,O007235,P0057,1,0.0
13506,O007236,P0047,1,0.1
13507,O007237,P0024,3,0.3
13508,O007238,P0003,2,0.0
13509,O007238,P0055,1,0.0
13510,O007238,P0005,3,0.2
13511,O007239,P0043,2,0.1
13512,O007239,P0019,2,0.3
13513,O007240,P0049,1,0.0
13514,O007241,P0020,3,0.0
13515,O007241,P0004,1,0.2
13516,O007242,P0032,1,0.0
13517,O007242,P0032,2,0.0
13518,O007243,P0046,1,0.05
13519,O007244,P0043,1,0.1
13520,O007245,P0032,3,0.1
13521,O007245,P0007,4,0.1
13522,O007246,P0055,1,0.3
13523,O007246,P0033,1,0.0
13524,O007247,P0049,1,0.2
13525,O007247,P0051,1,0.05
13526,O007248,P0056,2,0.0
13527,O007248,P0048,1,0.05
13528,O007248,P0048,5,0.3
13529,O007249,P0059,1,0.0
13530,O007249,P0010,2,0.2
13531,O007250,P0020,1,0.05
13532,O007250,P0037,5,0.3
13533,O007251,P0058,2,0.1
13534,O007251,P0053,3,0.0
13535,O007252,P0040,1,0.0
13536,O007252,P0027,2,0.1
13537,O007252,P0056,2,0.1
13538,O007252,P0033,2,0.0
13539,O007253,P0045,2,0.0
13540,O007254,P0003,1,0.05
13541,O007254,P0030,1,0.0
13542,O007254,P0021,2,0.0
13543,O007254,P0052,1,0.05
13544,O007255,P0009,3,0.0
13545,O007256,P0002,2,0.0
13546,O007257,P0042,1,0.4
13547,O007258,P0059,1,0.1
13548,O007258,P0059,2,0.2
13549,O007258,P0050,1,0.0
13550,O007258,P0013,2,0.4
13551,O007259,P0019,1,0.0
13552,O007260,P0036,1,0.1
13553,O007260,P0018,1,0.1
13554,O007261,P0023,4,0.1
13555,O007261,P0020,3,0.05
13556,O007262,P0001,3,0.2
13557,O007263,P0030,3,0.1
13558,O007263,P0029,1,0.0
13559,O007263,P0044,1,
13560,O007263,P0027,3,0.0
13561,O007264,P0056,1,0.1
13562,O007264,P0002,3,0.0
13563,O007264,P0032,4,0.0
13564,O007265,P0048,1,0.0
13565,O007266,P0038,1,0.1
13566,O007267,P0036,1,0.2
13567,O007267,P0015,1,0.0
13568,O007268,P0036,2,0.1
13569,O007268,P0027,3,0.05
13570,O007269,P0049,3,0.0
13571,O007270,P0055,1,0.0
13572,O007271,P0054,1,0.0
13573,O007272,P0038,3,0.0
13574,O007272,P0013,1,0.1
13575,O007273,P0053,2,0.0
13576,O007274,P0019,1,0.0
13577,O007275,P0003,1,0.05
13578,O007275,P0008,1,0.2
13579,O007275,P0039,1,0.2
13580,O007276,P0011,5,0.2
13581,O007277,P0013,1,0.0
13582,O007278,P0029,1,0.2
13583,O007279,P0041,1,0.0
13584,O007279,P0022,4,0.0
13585,O007279,P0005,1,0.2
13586,O007280,P0040,1,0.0
13587,O007281,P0008,1,0.0
13588,O007281,P0030,2,0.0
13589,O007281,P0054,1,0.0
13590,O007281,P0030,3,0.0
13591,O007282,P0035,2,0.3
13592,O007283,P0056,3,0.2
13593,O007284,P0001,1,0.2
13594,O007285,P0027,2,0.3
13595,O007285,P0039,1,0.0
13596,O007286,P0019,2,0.0
13597,O007286,P0023,2,0.0
13598,O007286,P0060,1,0.05
13599,O007286,P0039,1,0.1
13600,O007287,P0056,1,0.3
13601,O007288,P0055,1,0.05
13602,O007288,P0056,2,0.0
13603,O007288,P0042,1,0.0
13604,O007289,P0032,1,0.0
13605,O007290,P0046,1,0.05
13606,O007291,P0060,1,0.2
13607,O007292,P0016,1,0.1
13608,O007292,P0027,1,0.05
13609,O007293,P0004,4,0.0
13610,O007294,P0026,2,0.0
13611,O007295,P0045,1,0.1
13612,O007295,P0007,2,0.0
13613,O007295,P0031,1,0.0
13614,O007295,P0005,1,0.05
13615,O007296,P0050,1,0.05
13616,O007296,P0042,1,0.1
13617,O007297,P0060,1,0.2
13618,O007298,P0037,2,0.0
13619,O007299,P0019,3,0.1
13620,O007300,P0033,2,0.1
13621,O007301,P0027,1,0.1
13622,O007302,P0024,1,0.05
13623,O007303,P0053,4,0.1
13624,O007303,P0024,1,0.4
13625,O007303,P0030,1,0.0
13626,O007304,P0044,1,0.3
13627,O007304,P0003,1,0.05
13628,O007305,P0005,4,0.0
13629,O007305,P0036,2,0.0
13630,O007305,P0001,1,0.0
13631,O007306,P0022,1,0.05
13632,O007306,P0045,4,0.3
13633,O007306,P0046,4,0.2
13634,O007306,P0033,2,0.0
13635,O007307,P0009,2,0.0
13636,O007307,P0012,1,0.0
13637,O007307,P0051,3,0.0
13638,O007307,P0019,3,0.4
13639,O007308,P0048,2,0.05
13640,O007308,P0048,1,0.1
13641,O007309,P0060,1,0.05
13642,O007310,P0023,3,0.05
13643,O007311,P0042,3,0.3
13644,O007311,P0028,1,0.0
13645,O007312,P0051,1,0.1
13646,O007312,P0058,1,0.4
13647,O007313,P0040,1,0.0
13648,O007313,P0057,1,0.0
13649,O007313,P0051,1,0.0
13650,O007314,P0004,1,0.05
13651,O007315,P0002,2,0.0
13652,O007316,P0039,5,0.0
13653,O007317,P0058,1,0.2
13654,O007317,P0013,2,0.2
13655,O007317,P0045,5,0.0
13656,O007318,P0035,1,0.1
13657,O007319,P0025,1,0.0
13658,O007320,P0048,5,0.1
13659,O007321,P0041,1,0.3
13660,O007322,P0039,1,0.0
13661,O007323,P0048,1,0.05
13662,O007323,P0056,2,0.0
13663,O007323,P0007,1,0.1
13664,O007323,P0001,4,0.0
13665,O007324,P0019,1,0.0
13666,O007325,P0029,1,0.0
13667,O007326,P0033,4,0.2
13668,O007326,P0028,2,0.2
13669,O007326,P0034,2,0.3
13670,O007327,P0010,1,0.1
13671,O007327,P0007,1,0.0
13672,O007328,P0009,2,0.1
13673,O007329,P0035,3,0.0
13674,O007329,P0042,1,0.0
13675,O007329,P0011,3,0.0
13676,O007330,P0008,1,0.3
13677,O007330,P0002,3,0.05
13678,O007330,P0044,1,0.1
13679,O007330,P0010,1,0.05
13680,O007331,P0059,1,0.05
13681,O007332,P0002,1,0.0
13682,O007333,P0001,1,0.0
13683,O007334,P0005,1,0.0
13684,O007334,P0001,1,0.0
13685,O007335,P0049,2,0.0
13686,O007336,P0006,3,0.0
13687,O007337,P0044,1,0.05
13688,O007338,P0038,4,0.4
13689,O007338,P0049,3,0.0
13690,O007339,P0010,1,0.0
13691,O007339,P0024,3,0.0
13692,O007340,P0019,5,0.0
13693,O007340,P0058,1,0.0
13694,O007341,P0001,1,0.1
13695,O007342,P0006,2,0.1
13696,O007342,P0007,2,0.05
13697,O007343,P0026,1,0.0
13698,O007344,P0047,1,0.1
13699,O007345,P0026,5,0.0
13700,O007345,P0006,1,0.1
13701,O007346,P0049,2,0.0
13702,O007347,P0055,1,0.0
13703,O007348,P0035,2,0.0
13704,O007348,P0010,1,0.0
13705,O007349,P0050,1,0.4
13706,O007350,P0055,1,0.0
13707,O007350,P0004,1,0.1
13708,O007351,P0032,1,0.2
13709,O007351,P0023,1,0.05
13710,O007351,P0056,1,0.0
13711,O007352,P0014,3,0.3
13712,O007353,P0014,1,
13713,O007354,P0028,3,0.2
13714,O007354,P0017,1,0.05
13715,O007355,P0060,1,0.0
13716,O007356,P0011,1,0.3
13717,O007356,P0053,2,0.05
13718,O007356,P0033,1,0.0
13719,O007357,P0002,3,0.0
13720,O007358,P0041,3,0.0
13721,O007359,P0013,1,0.0
13722,O007360,P0001,1,0.2
13723,O007360,P0053,1,0.4
13724,O007361,P0042,4,0.0
13725,O007361,P0052,1,0.0
13726,O007361,P0041,1,0.1
13727,O007361,P0008,1,0.3
13728,O007362,P0007,4,0.0
13729,O007362,P0037,2,0.0
13730,O007363,P0035,1,0.05
13731,O007364,P0008,3,0.2
13732,O007365,P0004,2,0.05
13733,O007365,P0045,3,0.1
13734,O007366,P0033,1,0.1
13735,O007367,P0031,1,0.1
13736,O007367,P0056,2,0.2
13737,O007368,P0060,3,0.2
13738,O007368,P0054,1,0.0
13739,O007369,P0018,4,0.1
13740,O007369,P0029,3,0.1
13741,O007370,P0039,1,0.3
13742,O007370,P0055,3,0.4
13743,O007371,P0040,1,0.0
13744,O007372,P0051,1,0.0
13745,O007373,P0007,2,0.3
13746,O007373,P0040,4,0.4
13747,O007373,P0044,3,0.0
13748,O007374,P0053,1,0.0
13749,O007374,P0022,1,0.3
13750,O007375,P0006,3,0.0
13751,O007375,P0051,3,0.0
13752,O007376,P0015,1,0.0
13753,O007376,P0034,2,0.0
13754,O007377,P0029,1,0.1
13755,O007377,P0011,1,0.05
13756,O007377,P0041,1,0.05
13757,O007378,P0053,1,0.1
13758,O007379,P0014,1,0.1
13759,O007379,P0039,1,0.05
13760,O007379,P0029,3,0.4
13761,O007380,P0005,1,0.0
13762,O007380,P0027,1,0.0
13763,O007381,P0029,2,0.1
13764,O007381,P0022,4,0.0
13765,O007382,P0030,2,0.05
13766,O007382,P0040,1,0.0
13767,O007382,P0031,4,0.2
13768,O007382,P0034,1,0.0
13769,O007383,P0022,1,0.1
13770,O007383,P0030,1,0.2
13771,O007384,P0015,3,0.0
13772,O007385,P0055,2,0.05
13773,O007385,P0024,2,0.0
13774,O007385,P0031,1,0.2
13775,O007386,P0040,3,0.0
13776,O007387,P0042,3,0.0
13777,O007387,P0042,2,0.3
13778,O007387,P0016,2,0.0
13779,O007388,P0011,1,0.0
13780,O007389,P0035,2,0.2
13781,O007389,P0046,1,0.0
13782,O007389,P0010,2,0.3
13783,O007390,P0042,1,0.05
13784,O007390,P0016,1,0.1
13785,O007390,P0057,3,0.05
13786,O007391,P0014,2,0.2
13787,O007392,P0053,1,0.0
13788,O007392,P0007,4,0.05
13789,O007392,P0019,1,0.0
13790,O007393,P0046,2,0.0
13791,O007393,P0003,1,0.0
13792,O007394,P0021,3,0.2
13793,O007395,P0018,1,0.0
13794,O007395,P0009,1,0.0
13795,O007396,P0033,2,0.0
13796,O007397,P0030,1,0.0
13797,O007398,P0008,1,0.0
13798,O007398,P0060,1,0.2
13799,O007398,P0036,5,0.05
13800,O007398,P0026,1,0.2
13801,O007399,P0054,1,0.3
13802,O007399,P0013,5,0.1
13803,O007399,P0028,1,0.1
13804,O007400,P0011,1,0.0
13805,O007401,P0002,5,0.0
13806,O007401,P0037,4,0.0
13807,O007402,P0024,1,0.3
13808,O007402,P0041,2,0.1
13809,O007402,P0013,1,0.0
13810,O007403,P0054,1,0.2
13811,O007404,P0042,2,0.0
13812,O007404,P0034,4,0.0
13813,O007404,P0037,5,0.2
13814,O007404,P0029,3,0.05
13815,O007405,P0059,1,0.2
13816,O007406,P0021,4,0.0
13817,O007406,P0015,3,0.05
13818,O007406,P0027,1,0.2
13819,O007407,P0056,2,0.0
13820,O007408,P0022,1,0.0
13821,O007408,P0045,1,0.0
13822,O007408,P0057,2,0.0
13823,O007409,P0047,4,0.05
13824,O007410,P0032,2,0.0
13825,O007410,P0060,1,0.1
13826,O007411,P0009,1,0.2
13827,O007412,P0058,3,0.1
13828,O007412,P0055,2,0.3
13829,O007413,P0056,3,0.0
13830,O007413,P0007,3,0.4
13831,O007414,P0008,3,0.2
13832,O007415,P0005,1,0.2
13833,O007415,P0043,3,0.0
13834,O007416,P0040,2,0.1
13835,O007417,P0018,3,0.05
13836,O007418,P0010,1,0.2
13837,O007419,P0039,2,0.4
13838,O007420,P0037,2,0.2
13839,O007420,P0060,1,0.0
13840,O007420,P0057,1,0.3
13841,O007421,P0038,1,0.1
13842,O007421,P0010,1,0.05
13843,O007422,P0008,1,0.0
13844,O007423,P0044,2,0.1
13845,O007424,P0047,2,0.0
13846,O007424,P0044,1,0.1
13847,O007424,P0020,2,0.0
13848,O007425,P0002,2,0.3
13849,O007426,P0007,3,0.05
13850,O007426,P0043,2,0.05
13851,O007427,P0045,1,0.0
13852,O007427,P0043,2,0.05
13853,O007427,P0023,2,0.1
13854,O007427,P0010,1,0.0
13855,O007428,P0013,3,0.05
13856,O007428,P0011,1,0.4
13857,O007429,P0018,5,0.05
13858,O007429,P0056,1,0.2
13859,O007430,P0005,2,0.2
13860,O007431,P0028,1,0.1
13861,O007431,P0034,1,0.0
13862,O007432,P0040,2,0.1
13863,O007432,P0018,5,0.1
13864,O007433,P0033,2,0.0
13865,O007434,P0005,2,0.3
13866,O007435,P0038,2,0.0
13867,O007435,P0039,1,0.0
13868,O007436,P0052,4,0.0
13869,O007436,P0013,2,0.0
13870,O007437,P0042,1,0.0
13871,O007438,P0013,2,0.0
13872,O007439,P0016,2,0.0
13873,O007440,P0014,2,0.05
13874,O007441,P0034,3,0.2
13875,O007442,P0051,2,0.0
13876,O007443,P0043,1,0.0
13877,O007444,P0016,1,0.1
13878,O007445,P0007,2,0.0
13879,O007445,P0019,1,0.0
13880,O007446,P0040,1,0.0
13881,O007446,P0011,4,0.0
13882,O007446,P0005,2,0.1
13883,O007446,P0030,3,0.0
13884,O007447,P0054,4,0.0
13885,O007448,P0003,1,0.0
13886,O007448,P0025,5,0.0
13887,O007448,P0057,2,0.0
13888,O007449,P0032,1,0.0
13889,O007450,P0050,1,0.0
13890,O007450,P0025,2,0.1
13891,O007450,P0051,1,0.1
13892,O007450,P0006,5,0.05
13893,O007451,P0039,1,0.1
13894,O007452,P0053,3,0.0
13895,O007453,P0013,1,0.0
13896,O007453,P0025,3,0.0
13897,O007454,P0028,1,0.0
13898,O007455,P0007,2,0.0
13899,O007456,P0058,1,0.0
13900,O007456,P0039,3,0.4
13901,O007457,P0028,1,0.0
13902,O007457,P0044,1,0.0
13903,O007458,P0009,2,0.3
13904,O007459,P0016,1,0.0
13905,O007460,P0059,2,0.3
13906,O007460,P0028,4,0.1
13907,O007461,P0044,1,0.1
13908,O007462,P0011,2,0.2
13909,O007462,P0002,2,0.0
13910,O007462,P0015,2,0.0
13911,O007463,P0024,1,0.2
13912,O007463,P0054,1,0.1
13913,O007464,P0036,2,0.0
13914,O007465,P0002,1,0.0
13915,O007465,P0023,2,0.0
13916,O007466,P0007,1,0.0
13917,O007467,P0012,3,0.0
13918,O007468,P0029,4,0.3
13919,O007469,P0003,1,0.0
13920,O007469,P0038,1,0.0
13921,O007469,P0029,1,0.0
13922,O007469,P0022,4,0.0
13923,O007470,P0052,2,0.0
13924,O007471,P0002,1,0.3
13925,O007471,P0038,1,0.1
13926,O007472,P0010,2,0.05
13927,O007472,P0008,1,0.4
13928,O007473,P0050,1,0.0
13929,O007474,P0050,1,0.3
13930,O007474,P0036,5,0.05
13931,O007475,P0017,2,0.0
13932,O007476,P0031,1,0.3
13933,O007477,P0033,4,0.1
13934,O007478,P0023,1,0.4
13935,O007478,P0034,1,0.0
13936,O007479,P0042,1,0.0
13937,O007479,P0056,3,0.0
13938,O007480,P0044,1,0.1
13939,O007481,P0023,4,0.0
13940,O007482,P0041,1,0.0
13941,O007482,P0015,2,0.0
13942,O007483,P0028,2,0.0
13943,O007483,P0019,2,0.4
13944,O007484,P0051,3,0.0
13945,O007484,P0060,1,0.2
13946,O007484,P0026,2,0.05
13947,O007485,P0033,1,0.1
13948,O007486,P0007,1,0.0
13949,O007487,P0039,4,0.0
13950,O007487,P0014,1,0.05
13951,O007487,P0022,1,0.3
13952,O007488,P0024,3,0.0
13953,O007488,P0048,1,0.3
13954,O007488,P0016,3,0.0
13955,O007489,P0042,1,0.0
13956,O007489,P0048,1,0.3
13957,O007490,P0037,5,0.3
13958,O007491,P0011,4,0.0
13959,O007491,P0024,3,0.05
13960,O007492,P0046,1,0.1
13961,O007493,P0060,3,0.2
13962,O007494,P0008,1,0.0
13963,O007495,P0040,1,0.2
13964,O007495,P0042,1,0.3
13965,O007496,P0021,2,0.4
13966,O007496,P0045,1,0.05
13967,O007497,P0014,3,0.05
13968,O007498,P0017,4,0.0
13969,O007499,P0025,3,0.1
13970,O007499,P0041,1,0.0
13971,O007500,P0006,2,0.0
13972,O007500,P0002,2,0.0
13973,O007501,P0025,1,0.1
13974,O007501,P0036,1,0.3
13975,O007501,P0007,1,0.0
13976,O007502,P0005,1,0.0
13977,O007502,P0005,4,0.0
13978,O007503,P0041,1,0.1
13979,O007504,P0052,1,0.0
13980,O007505,P0046,1,0.1
13981,O007506,P0020,1,0.0
13982,O007506,P0039,2,0.1
13983,O007507,P0012,1,0.05
13984,O007507,P0026,1,0.0
13985,O007508,P0056,1,0.0
13986,O007508,P0029,3,0.05
13987,O007509,P0039,2,0.0
13988,O007509,P0006,3,0.0
13989,O007510,P0015,2,0.0
13990,O007510,P0032,2,0.2
13991,O007511,P0001,3,0.1
13992,O007512,P0002,1,0.0
13993,O007513,P0006,1,0.4
13994,O007514,P0023,2,0.05
13995,O007514,P0019,2,0.0
13996,O007514,P0058,1,0.1
13997,O007514,P0028,1,0.0
13998,O007515,P0057,1,0.0
13999,O007515,P0038,2,0.0
14000,O007515,P0042,1,0.0
14001,O007516,P0037,3,0.05
14002,O007517,P0037,1,0.0
14003,O007517,P0011,1,0.0
14004,O007518,P0037,2,0.0
14005,O007519,P0041,2,0.0
14006,O007520,P0036,2,0.0
14007,O007520,P0005,1,0.2
14008,O007521,P0044,1,0.1
14009,O007522,P0060,5,0.0
14010,O007522,P0017,1,0.0
14011,O007523,P0012,1,0.05
14012,O007524,P0050,1,0.1
14013,O007524,P0022,3,0.0
14014,O007524,P0022,4,0.0
14015,O007525,P0005,1,0.0
14016,O007526,P0033,1,0.05
14017,O007526,P0059,4,0.0
14018,O007527,P0040,3,0.05
14019,O007527,P0050,1,0.0
14020,O007528,P0022,2,0.05
14021,O007529,P0029,2,0.4
14022,O007530,P0057,2,0.0
14023,O007531,P0034,1,0.1
14024,O007531,P0016,1,0.3
14025,O007531,P0005,1,0.0
14026,O007531,P0008,1,0.2
14027,O007532,P0059,4,0.0
14028,O007532,P0055,2,0.0
14029,O007532,P0027,4,0.0
14030,O007532,P0043,1,0.0
14031,O007533,P0036,3,0.1
14032,O007533,P0054,4,0.4
14033,O007533,P0060,4,0.05
14034,O007534,P0008,2,0.05
14035,O007535,P0004,2,0.1
14036,O007535,P0023,1,0.2
14037,O007536,P0034,2,0.4
14038,O007536,P0053,2,0.0
14039,O007537,P0021,1,0.0
14040,O007538,P0038,4,0.05
14041,O007538,P0007,3,0.0
14042,O007538,P0002,1,0.0
14043,O007539,P0025,3,0.1
14044,O007540,P0039,3,0.1
14045,O007541,P0022,1,0.2
14046,O007541,P0021,2,0.2
14047,O007542,P0023,4,0.2
14048,O007542,P0059,5,0.05
14049,O007542,P0029,3,0.0
14050,O007542,P0009,2,0.3
14051,O007543,P0050,1,0.1
14052,O007543,P0019,3,0.2
14053,O007543,P0019,1,0.1
14054,O007544,P0046,1,0.4
14055,O007544,P0026,1,0.0
14056,O007545,P0027,2,0.4
14057,O007546,P0019,3,0.1
14058,O007547,P0035,2,0.3
14059,O007547,P0052,1,0.0
14060,O007547,P0039,1,0.2
14061,O007548,P0016,1,0.0
14062,O007549,P0030,4,0.3
14063,O007550,P0001,4,0.0
14064,O007550,P0008,1,0.0
14065,O007551,P0058,1,0.0
14066,O007552,P0010,4,0.3
14067,O007552,P0055,2,0.05
14068,O007552,P0047,5,0.0
14069,O007553,P0038,1,0.05
14070,O007553,P0004,3,0.3
14071,O007554,P0021,3,0.05
14072,O007555,P0018,1,0.2
14073,O007556,P0044,1,0.0
14074,O007556,P0052,1,0.0
14075,O007556,P0050,1,0.0
14076,O007557,P0027,1,0.4
14077,O007558,P0057,1,0.0
14078,O007558,P0028,3,0.0
14079,O007559,P0053,5,0.0
14080,O007560,P0012,2,0.3
14081,O007561,P0048,2,0.0
14082,O007561,P0023,1,0.0
14083,O007561,P0041,2,0.0
14084,O007562,P0018,1,0.05
14085,O007562,P0039,2,0.1
14086,O007563,P0028,1,0.1
14087,O007563,P0022,1,0.0
14088,O007564,P0032,2,0.2
14089,O007564,P0025,1,0.0
14090,O007565,P0046,4,0.1
14091,O007566,P0022,2,0.05
14092,O007567,P0043,2,0.3
14093,O007567,P0059,3,0.05
14094,O007567,P0032,2,0.0
14095,O007568,P0054,2,0.05
14096,O007568,P0005,2,0.0
14097,O007569,P0050,1,0.0
14098,O007570,P0035,1,0.0
14099,O007571,P0038,1,0.1
14100,O007572,P0057,1,0.1
14101,O007573,P0040,2,0.1
14102,O007573,P0020,2,0.1
14103,O007573,P0050,1,0.1
14104,O007574,P0054,1,0.2
14105,O007574,P0037,1,0.0
14106,O007574,P0037,3,0.05
14107,O007574,P0026,5,0.0
14108,O007575,P0018,1,0.4
14109,O007576,P0003,3,0.0
14110,O007577,P0052,2,0.1
14111,O007577,P0012,1,0.0
14112,O007578,P0027,1,0.1
14113,O007579,P0056,2,0.1
14114,O007580,P0023,1,0.1
14115,O007580,P0048,2,0.3
14116,O007580,P0021,1,0.05
14117,O007581,P0013,2,0.2
14118,O007582,P0032,1,0.0
14119,O007582,P0020,2,0.4
14120,O007582,P0016,2,0.0
14121,O007583,P0058,1,0.1
14122,O007583,P0051,1,0.4
14123,O007583,P0018,3,0.05
14124,O007583,P0010,2,0.0
14125,O007584,P0056,1,0.05
14126,O007584,P0036,5,0.05
14127,O007585,P0060,4,0.0
14128,O007586,P0030,1,0.0
14129,O007587,P0049,1,0.0
14130,O007587,P0021,1,0.05
14131,O007588,P0034,3,0.0
14132,O007588,P0045,2,0.0
14133,O007589,P0011,3,0.1
14134,O007589,P0056,1,0.0
14135,O007590,P0033,2,0.0
14136,O007591,P0024,2,0.1
14137,O007592,P0025,1,0.2
14138,O007593,P0045,2,0.3
14139,O007593,P0012,1,0.2
14140,O007593,P0005,2,0.0
14141,O007594,P0046,1,0.0
14142,O007594,P0013,1,0.1
14143,O007595,P0040,1,0.2
14144,O007595,P0043,1,0.0
14145,O007596,P0048,2,0.05
14146,O007596,P0033,4,0.05
14147,O007597,P0011,3,0.05
14148,O007598,P0035,2,0.1
14149,O007599,P0002,1,0.2
14150,O007599,P0025,1,0.0
14151,O007600,P0009,1,0.0
14152,O007600,P0025,2,0.4
14153,O007601,P0033,1,0.2
14154,O007601,P0048,4,0.0
14155,O007601,P0058,3,0.2
14156,O007602,P0030,4,0.0
14157,O007602,P0031,1,0.05
14158,O007602,P0036,1,0.0
14159,O007603,P0010,1,0.3
14160,O007603,P0042,1,0.1
14161,O007604,P0058,2,0.0
14162,O007604,P0052,1,0.1
14163,O007604,P0060,1,0.0
14164,O007605,P0008,3,0.05
14165,O007606,P0031,4,0.4
14166,O007606,P0024,2,0.0
14167,O007606,P0059,4,0.05
14168,O007607,P0004,1,0.3
14169,O007608,P0026,2,0.2
14170,O007608,P0013,2,0.1
14171,O007608,P0009,3,0.1
14172,O007608,P0050,1,0.2
14173,O007609,P0010,2,0.05
14174,O007609,P0012,5,0.05
14175,O007609,P0017,1,0.3
14176,O007610,P0017,1,0.0
14177,O007610,P0028,1,0.0
14178,O007611,P0002,2,0.0
14179,O007611,P0025,3,0.0
14180,O007612,P0041,2,0.05
14181,O007613,P0045,3,0.0
14182,O007614,P0035,1,0.0
14183,O007614,P0032,2,0.3
14184,O007615,P0047,2,0.0
14185,O007616,P0029,4,0.1
14186,O007616,P0038,1,0.05
14187,O007616,P0052,1,0.0
14188,O007617,P0057,2,0.0
14189,O007617,P0056,1,0.05
14190,O007618,P0010,2,0.0
14191,O007618,P0013,4,0.4
14192,O007618,P0013,2,0.05
14193,O007619,P0027,1,0.0
14194,O007619,P0032,1,0.0
14195,O007619,P0008,1,0.05
14196,O007620,P0024,2,0.2
14197,O007620,P0053,1,0.4
14198,O007621,P0049,2,0.05
14199,O007622,P0048,3,0.0
14200,O007622,P0055,2,0.05
14201,O007623,P0046,3,0.0
14202,O007624,P0003,3,0.2
14203,O007624,P0031,3,0.0
14204,O007624,P0036,2,0.05
14205,O007624,P0017,2,0.2
14206,O007625,P0026,5,0.05
14207,O007626,P0028,5,0.05
14208,O007626,P0055,4,0.05
14209,O007627,P0047,1,0.1
14210,O007628,P0034,1,0.0
14211,O007629,P0060,1,0.3
14212,O007630,P0044,1,0.05
14213,O007631,P0052,3,0.0
14214,O007631,P0008,1,0.05
14215,O007632,P0022,1,0.2
14216,O007633,P0038,2,0.05
14217,O007634,P0028,2,0.05
14218,O007634,P0022,1,0.05
14219,O007634,P0056,1,0.1
14220,O007635,P0030,1,0.1
14221,O007635,P0034,4,0.05
14222,O007636,P0029,2,0.0
14223,O007637,P0010,1,0.05
14224,O007637,P0028,1,0.0
14225,O007637,P0008,2,0.0
14226,O007638,P0034,1,0.05
14227,O007639,P0057,1,0.05
14228,O007639,P0051,1,0.3
14229,O007640,P0022,2,0.2
14230,O007640,P0017,1,0.0
14231,O007641,P0022,1,0.0
14232,O007641,P0015,1,0.2
14233,O007642,P0013,3,0.0
14234,O007642,P0013,1,0.05
14235,O007642,P0003,1,0.0
14236,O007642,P0024,2,0.05
14237,O007643,P0013,2,0.3
14238,O007644,P0007,2,0.1
14239,O007645,P0056,1,0.0
14240,O007646,P0048,4,0.0
14241,O007647,P0025,1,0.05
14242,O007647,P0006,3,0.0
14243,O007647,P0016,3,0.3
14244,O007648,P0039,4,0.0
14245,O007648,P0021,1,0.0
14246,O007648,P0012,4,0.05
14247,O007648,P0035,4,0.0
14248,O007649,P0019,1,0.2
14249,O007649,P0008,1,0.0
14250,O007650,P0030,2,0.0
14251,O007650,P0032,1,0.0
14252,O007651,P0040,1,0.0
14253,O007652,P0053,2,0.2
14254,O007652,P0020,2,0.3
14255,O007652,P0053,2,0.05
14256,O007653,P0019,1,0.1
14257,O007654,P0010,2,0.0
14258,O007655,P0039,3,0.4
14259,O007656,P0006,1,0.1
14260,O007657,P0028,1,0.0
14261,O007658,P0007,1,0.0
14262,O007659,P0012,1,0.4
14263,O007660,P0009,2,0.2
14264,O007661,P0052,4,0.0
14265,O007662,P0031,1,0.0
14266,O007663,P0010,2,0.3
14267,O007663,P0016,1,0.05
14268,O007663,P0036,1,0.3
14269,O007664,P0056,2,0.2
14270,O007664,P0021,4,0.1
14271,O007665,P0017,1,0.0
14272,O007665,P0025,2,0.3
14273,O007666,P0020,2,0.1
14274,O007666,P0058,1,0.1
14275,O007667,P0048,2,0.1
14276,O007668,P0032,1,0.05
14277,O007668,P0021,1,0.0
14278,O007668,P0033,1,0.2
14279,O007669,P0004,1,0.1
14280,O007670,P0059,1,0.0
14281,O007670,P0058,1,0.0
14282,O007671,P0036,2,0.4
14283,O007671,P0012,1,0.1
14284,O007672,P0018,1,0.0
14285,O007672,P0052,1,0.0
14286,O007673,P0005,1,0.1
14287,O007674,P0027,3,0.0
14288,O007675,P0033,1,0.0
14289,O007676,P0003,1,0.0
14290,O007677,P0055,1,0.0
14291,O007678,P0024,2,0.0
14292,O007678,P0003,2,0.4
14293,O007678,P0050,1,0.05
14294,O007679,P0017,1,0.0
14295,O007680,P0014,2,0.0
14296,O007681,P0013,1,0.0
14297,O007681,P0038,2,0.0
14298,O007682,P0016,2,0.0
14299,O007682,P0051,4,0.0
14300,O007682,P0006,2,0.1
14301,O007683,P0012,1,0.05
14302,O007683,P0036,3,0.2
14303,O007684,P0040,2,0.0
14304,O007685,P0047,2,0.2
14305,O007685,P0045,3,0.2
14306,O007686,P0037,3,0.0
14307,O007686,P0033,1,0.1
14308,O007686,P0022,2,0.4
14309,O007687,P0048,3,0.2
14310,O007687,P0035,1,0.05
14311,O007688,P0014,1,0.0
14312,O007688,P0043,2,0.2
14313,O007688,P0012,1,0.2
14314,O007688,P0050,5,0.05
14315,O007689,P0060,1,0.0
14316,O007689,P0015,1,0.0
14317,O007690,P0039,5,0.3
14318,O007690,P0003,1,0.3
14319,O007691,P0030,2,0.0
14320,O007691,P0052,2,0.1
14321,O007692,P0017,2,0.1
14322,O007692,P0046,3,0.2
14323,O007692,P0036,1,0.4
14324,O007693,P0045,2,0.3
14325,O007693,P0025,2,0.2
14326,O007693,P0033,1,0.1
14327,O007694,P0022,2,0.0
14328,O007694,P0054,3,0.0
14329,O007694,P0016,2,0.3
14330,O007695,P0039,3,0.05
14331,O007696,P0049,1,0.1
14332,O007696,P0042,1,0.4
14333,O007697,P0018,1,0.0
14334,O007698,P0060,1,0.1
14335,O007698,P0030,1,0.2
14336,O007699,P0041,2,0.1
14337,O007699,P0014,1,0.2
14338,O007700,P0037,1,0.0
14339,O007700,P0043,4,0.1
14340,O007701,P0014,3,0.1
14341,O007702,P0007,3,0.05
14342,O007702,P0050,2,0.0
14343,O007703,P0006,1,0.05
14344,O007703,P0023,1,0.0
14345,O007704,P0046,3,0.2
14346,O007704,P0004,1,0.0
14347,O007704,P0002,1,0.1
14348,O007704,P0037,1,0.0
14349,O007705,P0015,1,0.0
14350,O007705,P0016,1,0.2
14351,O007706,P0004,3,0.3
14352,O007706,P0052,1,0.05
14353,O007707,P0040,3,0.0
14354,O007707,P0050,1,0.0
14355,O007707,P0049,1,0.0
14356,O007708,P0011,1,0.2
14357,O007709,P0038,3,0.3
14358,O007709,P0030,1,0.2
14359,O007709,P0008,1,
14360,O007710,P0002,1,0.0
14361,O007710,P0028,3,0.2
14362,O007711,P0038,4,0.0
14363,O007712,P0052,4,0.0
14364,O007712,P0007,1,0.2
14365,O007712,P0053,2,0.1
14366,O007713,P0042,1,0.05
14367,O007713,P0003,1,0.0
14368,O007714,P0037,2,0.0
14369,O007715,P0056,3,0.0
14370,O007716,P0026,2,0.0
14371,O007717,P0050,1,0.0
14372,O007717,P0049,1,0.2
14373,O007717,P0017,1,0.1
14374,O007717,P0028,2,0.0
14375,O007718,P0055,2,0.05
14376,O007719,P0034,1,0.05
14377,O007719,P0004,2,0.2
14378,O007719,P0039,1,0.2
14379,O007719,P0002,1,0.3
14380,O007720,P0007,3,0.2
14381,O007721,P0041,1,0.2
14382,O007721,P0013,1,0.05
14383,O007722,P0037,1,0.0
14384,O007723,P0007,1,0.1
14385,O007723,P0031,4,0.0
14386,O007723,P0040,3,0.0
14387,O007724,P0004,3,0.0
14388,O007724,P0053,1,0.2
14389,O007724,P0051,1,0.0
14390,O007725,P0036,2,0.05
14391,O007726,P0010,5,0.0
14392,O007726,P0041,2,0.2
14393,O007726,P0034,2,0.0
14394,O007726,P0037,1,0.1
14395,O007727,P0040,3,0.05
14396,O007727,P0052,2,0.1
14397,O007728,P0010,1,0.0
14398,O007728,P0042,4,0.0
14399,O007729,P0041,1,0.2
14400,O007730,P0057,1,0.1
14401,O007731,P0049,2,0.05
14402,O007731,P0055,3,0.05
14403,O007732,P0021,1,0.1
14404,O007733,P0008,2,0.1
14405,O007733,P0005,2,0.05
14406,O007733,P0013,2,0.0
14407,O007733,P0056,2,0.0
14408,O007734,P0029,1,0.0
14409,O007734,P0055,1,0.0
14410,O007735,P0011,2,0.05
14411,O007736,P0047,1,0.0
14412,O007736,P0044,1,0.0
14413,O007737,P0045,1,0.0
14414,O007738,P0054,2,0.4
14415,O007738,P0028,3,0.2
14416,O007738,P0011,4,0.0
14417,O007739,P0058,2,0.0
14418,O007739,P0025,1,0.0
14419,O007740,P0013,1,0.2
14420,O007741,P0050,2,0.0
14421,O007742,P0011,1,0.0
14422,O007743,P0049,1,0.3
14423,O007743,P0047,1,0.1
14424,O007743,P0012,1,0.1
14425,O007743,P0023,1,0.1
14426,O007744,P0055,2,0.05
14427,O007745,P0022,2,0.05
14428,O007745,P0004,1,0.05
14429,O007746,P0058,1,0.0
14430,O007747,P0017,1,0.1
14431,O007748,P0051,2,0.1
14432,O007749,P0024,4,0.0
14433,O007750,P0047,1,0.4
14434,O007750,P0050,2,0.0
14435,O007751,P0016,3,0.1
14436,O007752,P0050,2,0.0
14437,O007753,P0056,1,0.1
14438,O007754,P0060,2,0.0
14439,O007755,P0033,3,0.2
14440,O007756,P0031,2,0.0
14441,O007757,P0016,1,0.0
14442,O007757,P0040,1,0.1
14443,O007758,P0002,4,0.2
14444,O007758,P0056,1,0.2
14445,O007758,P0031,2,0.3
14446,O007759,P0016,2,0.1
14447,O007759,P0005,1,0.0
14448,O007760,P0049,5,0.05
14449,O007760,P0047,3,0.3
14450,O007760,P0019,1,0.1
14451,O007760,P0003,1,0.0
14452,O007761,P0058,2,0.2
14453,O007761,P0014,1,0.4
14454,O007761,P0040,2,0.05
14455,O007762,P0050,2,0.0
14456,O007762,P0046,1,0.05
14457,O007763,P0028,3,0.2
14458,O007764,P0052,1,0.2
14459,O007764,P0035,2,0.0
14460,O007765,P0022,2,0.4
14461,O007765,P0019,1,0.1
14462,O007765,P0058,1,0.1
14463,O007765,P0040,1,0.1
14464,O007766,P0028,1,0.1
14465,O007766,P0034,3,0.0
14466,O007767,P0010,1,0.3
14467,O007768,P0034,1,0.1
14468,O007768,P0016,5,0.0
14469,O007769,P0030,2,0.0
14470,O007769,P0044,1,0.05
14471,O007769,P0022,1,0.0
14472,O007770,P0037,3,0.0
14473,O007771,P0055,1,0.05
14474,O007772,P0007,2,0.1
14475,O007772,P0023,1,0.1
14476,O007773,P0008,1,0.0
14477,O007774,P0057,4,0.0
14478,O007775,P0001,1,0.0
14479,O007775,P0041,1,0.4
14480,O007775,P0033,2,0.2
14481,O007776,P0019,3,0.0
14482,O007777,P0012,2,0.0
14483,O007778,P0026,2,0.0
14484,O007778,P0058,4,0.3
14485,O007779,P0045,3,0.0
14486,O007779,P0046,1,0.0
14487,O007780,P0056,1,0.0
14488,O007781,P0004,2,0.0
14489,O007782,P0053,4,0.0
14490,O007782,P0041,1,0.2
14491,O007782,P0009,1,0.2
14492,O007782,P0038,2,0.3
14493,O007783,P0011,1,0.0
14494,O007783,P0036,1,0.0
14495,O007784,P0011,3,0.4
14496,O007784,P0021,1,0.0
14497,O007784,P0012,2,0.2
14498,O007785,P0052,1,0.1
14499,O007785,P0006,2,0.0
14500,O007786,P0002,3,0.0
14501,O007786,P0056,2,0.0
14502,O007787,P0024,1,0.0
14503,O007788,P0031,3,0.0
14504,O007789,P0028,1,0.0
14505,O007790,P0015,1,0.05
14506,O007790,P0039,1,0.2
14507,O007791,P0053,1,0.0
14508,O007792,P0055,1,0.1
14509,O007793,P0052,1,0.0
14510,O007793,P0034,1,0.4
14511,O007794,P0022,5,0.0
14512,O007795,P0055,2,0.0
14513,O007795,P0054,1,0.0
14514,O007795,P0044,1,0.1
14515,O007795,P0005,4,0.2
14516,O007796,P0020,2,0.3
14517,O007796,P0003,3,0.0
14518,O007797,P0020,1,0.1
14519,O007797,P0002,2,0.0
14520,O007797,P0049,1,0.1
14521,O007798,P0007,2,0.0
14522,O007799,P0051,1,0.3
14523,O007800,P0015,5,0.0
14524,O007800,P0043,1,0.05
14525,O007801,P0041,1,0.05
14526,O007802,P0004,2,0.0
14527,O007803,P0002,1,0.1
14528,O007803,P0039,2,0.0
14529,O007804,P0002,3,0.0
14530,O007805,P0003,2,0.05
14531,O007805,P0006,1,0.0
14532,O007806,P0024,2,0.1
14533,O007807,P0012,3,0.0
14534,O007808,P0009,1,0.1
14535,O007808,P0028,4,0.0
14536,O007809,P0048,2,0.0
14537,O007810,P0034,1,0.05
14538,O007811,P0051,3,0.05
14539,O007812,P0058,1,0.05
14540,O007813,P0027,1,0.0
14541,O007814,P0001,3,0.1
14542,O007815,P0023,2,0.0
14543,O007816,P0053,2,0.0
14544,O007817,P0007,3,0.0
14545,O007818,P0046,1,0.05
14546,O007818,P0024,1,0.2
14547,O007818,P0049,2,0.2
14548,O007819,P0003,3,0.05
14549,O007820,P0015,1,0.3
14550,O007820,P0023,2,0.2
14551,O007820,P0055,1,0.4
14552,O007820,P0025,2,0.1
14553,O007821,P0040,2,0.0
14554,O007821,P0044,1,0.2
14555,O007821,P0024,1,0.2
14556,O007821,P0059,1,0.0
14557,O007822,P0052,1,0.0
14558,O007823,P0007,1,0.05
14559,O007823,P0010,1,0.0
14560,O007824,P0021,1,0.3
14561,O007824,P0023,1,0.0
14562,O007825,P0017,1,0.4
14563,O007826,P0023,1,0.2
14564,O007827,P0030,1,0.0
14565,O007827,P0050,2,0.1
14566,O007828,P0040,3,0.0
14567,O007828,P0027,3,0.0
14568,O007829,P0020,2,0.1
14569,O007829,P0031,3,0.0
14570,O007829,P0055,1,0.0
14571,O007829,P0029,1,0.0
14572,O007830,P0026,2,0.0
14573,O007830,P0012,2,0.1
14574,O007831,P0017,1,0.05
14575,O007832,P0043,5,0.4
14576,O007832,P0014,2,0.4
14577,O007832,P0036,2,0.1
14578,O007833,P0024,3,0.3
14579,O007834,P0034,1,0.0
14580,O007834,P0014,1,0.2
14581,O007835,P0057,3,0.1
14582,O007836,P0059,1,0.1
14583,O007836,P0049,1,0.2
14584,O007837,P0023,2,0.0
14585,O007838,P0026,1,0.1
14586,O007839,P0027,2,0.0
14587,O007840,P0055,1,0.0
14588,O007841,P0047,1,0.05
14589,O007842,P0034,1,0.2
14590,O007842,P0019,1,0.1
14591,O007843,P0045,1,0.0
14592,O007843,P0047,1,0.0
14593,O007843,P0019,1,0.1
14594,O007843,P0036,3,0.0
14595,O007844,P0055,3,0.05
14596,O007845,P0028,4,0.0
14597,O007846,P0044,1,0.4
14598,O007846,P0019,2,0.1
14599,O007847,P0012,1,0.0
14600,O007847,P0044,4,0.05
14601,O007848,P0041,3,0.1
14602,O007848,P0045,5,0.2
14603,O007848,P0043,1,0.0
14604,O007849,P0027,1,0.0
14605,O007850,P0048,3,0.0
14606,O007851,P0024,5,0.05
14607,O007851,P0058,2,0.1
14608,O007852,P0017,1,0.3
14609,O007853,P0005,2,0.0
14610,O007853,P0060,3,0.2
14611,O007854,P0049,1,0.3
14612,O007855,P0015,2,0.2
14613,O007855,P0041,2,0.2
14614,O007855,P0009,1,0.0
14615,O007856,P0058,5,0.0
14616,O007856,P0056,1,0.1
14617,O007857,P0004,2,0.0
14618,O007858,P0033,2,0.2
14619,O007858,P0011,1,0.0
14620,O007858,P0034,4,0.05
14621,O007859,P0058,3,0.3
14622,O007859,P0046,2,0.0
14623,O007860,P0010,1,0.3
14624,O007861,P0028,2,0.0
14625,O007861,P0054,1,0.0
14626,O007861,P0018,2,0.4
14627,O007861,P0008,5,0.3
14628,O007862,P0002,1,0.0
14629,O007862,P0023,2,0.0
14630,O007862,P0029,1,0.4
14631,O007863,P0041,1,0.05
14632,O007864,P0013,1,0.05
14633,O007864,P0035,2,0.2
14634,O007865,P0012,3,0.0
14635,O007866,P0002,2,0.1
14636,O007866,P0027,2,0.0
14637,O007867,P0003,1,0.3
14638,O007868,P0049,2,0.1
14639,O007869,P0015,1,0.0
14640,O007870,P0030,1,0.05
14641,O007870,P0002,2,0.0
14642,O007871,P0043,5,0.3
14643,O007872,P0059,2,0.05
14644,O007872,P0037,2,0.0
14645,O007872,P0038,1,0.1
14646,O007872,P0010,1,0.0
14647,O007873,P0003,2,0.0
14648,O007874,P0054,2,0.1
14649,O007875,P0049,3,0.2
14650,O007876,P0020,1,0.2
14651,O007877,P0008,5,0.05
14652,O007877,P0022,2,0.05
14653,O007878,P0037,1,0.0
14654,O007879,P0033,4,0.2
14655,O007880,P0020,2,0.05
14656,O007881,P0037,4,0.05
14657,O007882,P0033,5,0.0
14658,O007882,P0051,1,0.05
14659,O007883,P0035,1,0.2
14660,O007883,P0055,1,0.0
14661,O007884,P0021,2,0.0
14662,O007885,P0019,2,0.0
14663,O007886,P0010,1,0.0
14664,O007886,P0028,2,0.05
14665,O007887,P0029,1,0.0
14666,O007887,P0038,1,0.0
14667,O007888,P0052,2,0.0
14668,O007889,P0035,4,0.0
14669,O007890,P0023,3,0.0
14670,O007890,P0031,5,0.0
14671,O007890,P0002,2,0.1
14672,O007891,P0038,2,0.1
14673,O007891,P0055,2,0.1
14674,O007892,P0045,4,0.0
14675,O007892,P0004,3,0.05
14676,O007892,P0059,2,0.0
14677,O007893,P0041,4,0.05
14678,O007894,P0023,3,0.1
14679,O007895,P0048,2,0.2
14680,O007895,P0016,1,0.05
14681,O007896,P0031,2,0.2
14682,O007897,P0034,4,0.3
14683,O007897,P0050,2,0.0
14684,O007898,P0050,2,0.05
14685,O007898,P0015,1,0.2
14686,O007899,P0059,2,0.3
14687,O007899,P0017,1,0.0
14688,O007899,P0013,1,0.0
14689,O007900,P0057,2,0.0
14690,O007901,P0002,2,0.1
14691,O007901,P0058,2,0.1
14692,O007902,P0056,1,0.1
14693,O007903,P0047,5,0.3
14694,O007903,P0036,4,0.1
14695,O007903,P0060,2,0.05
14696,O007904,P0058,4,0.0
14697,O007905,P0053,1,0.05
14698,O007906,P0043,2,0.0
14699,O007906,P0012,2,0.0
14700,O007906,P0004,1,0.0
14701,O007906,P0047,3,0.0
14702,O007907,P0004,3,0.0
14703,O007907,P0005,1,0.4
14704,O007908,P0020,2,0.1
14705,O007909,P0008,1,0.0
14706,O007909,P0046,2,0.0
14707,O007910,P0018,1,0.0
14708,O007910,P0035,2,0.3
14709,O007910,P0023,1,0.1
14710,O007911,P0023,3,0.05
14711,O007911,P0051,1,0.2
14712,O007912,P0024,1,0.0
14713,O007913,P0017,3,0.3
14714,O007914,P0013,1,0.1
14715,O007914,P0058,1,0.0
14716,O007915,P0008,1,0.0
14717,O007915,P0023,4,0.05
14718,O007916,P0033,1,0.0
14719,O007916,P0051,1,0.05
14720,O007917,P0015,1,0.0
14721,O007917,P0002,1,0.0
14722,O007917,P0020,2,0.1
14723,O007917,P0030,3,0.0
14724,O007918,P0001,5,0.3
14725,O007919,P0049,2,0.4
14726,O007920,P0041,1,0.1
14727,O007921,P0012,1,0.2
14728,O007922,P0050,2,0.0
14729,O007923,P0042,2,0.0
14730,O007924,P0003,4,0.0
14731,O007925,P0027,1,0.1
14732,O007926,P0041,4,0.0
14733,O007927,P0049,2,0.0
14734,O007927,P0052,1,0.05
14735,O007928,P0059,3,0.0
14736,O007928,P0013,5,0.1
14737,O007929,P0034,1,0.0
14738,O007929,P0040,3,0.3
14739,O007930,P0051,1,0.1
14740,O007931,P0054,1,0.0
14741,O007931,P0018,2,0.05
14742,O007931,P0029,2,0.3
14743,O007932,P0038,1,0.3
14744,O007933,P0058,3,0.3
14745,O007933,P0030,2,0.0
14746,O007933,P0007,1,0.05
14747,O007934,P0004,2,0.0
14748,O007934,P0043,1,0.2
14749,O007935,P0052,1,0.2
14750,O007935,P0028,1,0.3
14751,O007936,P0059,1,0.0
14752,O007937,P0040,2,0.1
14753,O007938,P0024,1,0.3
14754,O007938,P0048,2,0.0
14755,O007939,P0057,3,0.0
14756,O007939,P0027,2,0.1
14757,O007940,P0045,2,0.0
14758,O007940,P0006,1,0.0
14759,O007940,P0046,2,0.0
14760,O007940,P0021,3,0.2
14761,O007941,P0049,1,0.1
14762,O007942,P0005,1,0.05
14763,O007942,P0046,1,0.0
14764,O007943,P0002,3,0.0
14765,O007943,P0016,1,0.05
14766,O007944,P0011,3,0.1
14767,O007945,P0023,2,0.0
14768,O007945,P0018,1,0.0
14769,O007946,P0035,2,0.2
14770,O007947,P0005,2,0.2
14771,O007947,P0012,3,0.0
14772,O007947,P0021,2,0.0
14773,O007947,P0048,2,0.2
14774,O007948,P0042,4,0.0
14775,O007949,P0053,1,0.1
14776,O007950,P0024,2,0.3
14777,O007951,P0050,1,0.0
14778,O007951,P0040,1,0.0
14779,O007952,P0030,2,0.3
14780,O007953,P0038,2,0.3
14781,O007953,P0019,4,0.0
14782,O007953,P0029,1,0.2
14783,O007954,P0019,2,0.2
14784,O007954,P0025,1,0.2
14785,O007954,P0028,4,0.0
14786,O007955,P0021,3,0.0
14787,O007955,P0022,1,0.0
14788,O007956,P0053,1,0.3
14789,O007956,P0030,3,0.1
14790,O007957,P0031,2,0.0
14791,O007957,P0021,1,0.3
14792,O007957,P0005,5,0.0
14793,O007957,P0021,1,0.05
14794,O007958,P0016,5,0.0
14795,O007958,P0028,3,0.0
14796,O007959,P0036,2,0.3
14797,O007959,P0017,2,0.1
14798,O007959,P0058,5,0.2
14799,O007960,P0005,1,0.3
14800,O007960,P0009,1,0.3
14801,O007961,P0029,1,0.0
14802,O007961,P0049,5,0.05
14803,O007962,P0037,1,0.0
14804,O007962,P0056,1,0.1
14805,O007963,P0023,2,0.1
14806,O007963,P0031,1,0.05
14807,O007963,P0034,1,0.1
14808,O007964,P0053,2,0.3
14809,O007964,P0009,3,0.0
14810,O007965,P0054,2,0.2
14811,O007966,P0007,2,0.05
14812,O007967,P0045,4,0.0
14813,O007967,P0006,1,0.3
14814,O007967,P0011,1,0.05
14815,O007968,P0023,1,0.0
14816,O007969,P0036,1,0.05
14817,O007969,P0040,1,0.4
14818,O007970,P0059,1,0.0
14819,O007970,P0041,2,0.0
14820,O007970,P0019,1,0.1
14821,O007971,P0018,1,0.1
14822,O007971,P0045,2,0.2
14823,O007971,P0019,2,0.1
14824,O007972,P0043,2,0.4
14825,O007973,P0057,1,0.0
14826,O007973,P0008,3,0.05
14827,O007973,P0025,1,0.1
14828,O007973,P0054,1,0.05
14829,O007974,P0055,1,0.2
14830,O007974,P0051,5,0.2
14831,O007974,P0007,1,0.0
14832,O007975,P0012,1,0.3
14833,O007975,P0009,1,0.0
14834,O007975,P0047,1,0.0
14835,O007975,P0040,1,0.1
14836,O007976,P0034,1,0.0
14837,O007976,P0005,2,0.0
14838,O007976,P0055,1,0.0
14839,O007977,P0022,1,0.0
14840,O007978,P0047,3,0.0
14841,O007979,P0025,4,0.2
14842,O007979,P0009,3,0.2
14843,O007980,P0057,3,0.3
14844,O007980,P0033,1,0.0
14845,O007980,P0025,3,0.1
14846,O007980,P0035,2,0.0
14847,O007981,P0009,2,0.0
14848,O007982,P0019,5,0.2
14849,O007983,P0056,1,0.0
14850,O007984,P0008,1,0.2
14851,O007985,P0008,4,0.05
14852,O007986,P0052,2,0.3
14853,O007987,P0029,3,0.05
14854,O007987,P0010,1,0.0
14855,O007987,P0050,2,0.0
14856,O007988,P0033,1,0.0
14857,O007988,P0050,1,0.1
14858,O007988,P0031,1,0.0
14859,O007988,P0025,1,0.0
14860,O007989,P0028,3,0.3
14861,O007990,P0006,1,0.0
14862,O007991,P0010,2,0.0
14863,O007991,P0030,1,0.2
14864,O007992,P0016,3,0.0
14865,O007992,P0046,4,0.2
14866,O007993,P0052,1,0.4
14867,O007994,P0030,1,0.0
14868,O007994,P0047,1,0.2
14869,O007995,P0036,4,0.2
14870,O007996,P0028,1,0.05
14871,O007996,P0026,5,0.05
14872,O007996,P0020,4,0.0
14873,O007997,P0013,1,0.2
14874,O007997,P0025,1,0.0
14875,O007997,P0024,2,0.1
14876,O007998,P0004,3,0.1
14877,O007998,P0056,1,0.0
14878,O007998,P0031,3,0.0
14879,O007998,P0056,4,0.3
14880,O007999,P0019,2,0.0
14881,O007999,P0047,3,0.05
14882,O008000,P0046,1,0.05
14883,O008001,P0008,1,0.1
14884,O008001,P0039,3,0.05
14885,O008002,P0014,2,0.2
14886,O008002,P0060,1,0.0
14887,O008003,P0021,1,0.4
14888,O008003,P0056,2,0.0
14889,O008003,P0031,2,0.0
14890,O008003,P0014,2,0.2
14891,O008004,P0057,2,0.05
14892,O008004,P0050,1,0.1
14893,O008005,P0059,1,0.1
14894,O008005,P0008,5,0.05
14895,O008005,P0043,5,0.0
14896,O008005,P0024,1,0.0
14897,O008006,P0048,1,0.05
14898,O008006,P0004,1,0.05
14899,O008007,P0019,4,0.0
14900,O008008,P0007,2,0.0
14901,O008008,P0038,1,0.1
14902,O008009,P0034,3,0.2
14903,O008010,P0038,2,0.0
14904,O008010,P0054,1,0.0
14905,O008010,P0031,3,0.0
14906,O008010,P0051,1,0.0
14907,O008011,P0026,3,0.2
14908,O008011,P0016,3,0.1
14909,O008011,P0059,1,0.3
14910,O008011,P0013,2,0.1
14911,O008012,P0032,2,0.2
14912,O008012,P0021,1,0.0
14913,O008013,P0009,2,0.1
14914,O008014,P0055,1,0.0
14915,O008015,P0020,5,0.1
14916,O008015,P0021,1,0.0
14917,O008016,P0024,5,0.4
14918,O008017,P0015,1,0.0
14919,O008018,P0003,1,0.0
14920,O008018,P0029,1,0.05
14921,O008019,P0040,1,0.0
14922,O008020,P0038,2,0.3
14923,O008020,P0042,1,0.05
14924,O008020,P0018,1,0.0
14925,O008021,P0046,1,0.0
14926,O008022,P0036,3,0.0
14927,O008023,P0040,1,0.1
14928,O008023,P0060,2,0.0
14929,O008024,P0039,2,0.0
14930,O008024,P0041,2,0.0
14931,O008024,P0031,1,0.0
14932,O008025,P0005,5,0.3
14933,O008026,P0038,1,0.0
14934,O008027,P0009,2,0.0
14935,O008028,P0004,1,0.05
14936,O008028,P0056,1,0.05
14937,O008028,P0020,1,0.0
14938,O008029,P0003,1,0.0
14939,O008029,P0024,1,0.05
14940,O008029,P0005,5,0.05
14941,O008029,P0056,2,0.0
14942,O008030,P0040,5,0.0
14943,O008030,P0044,2,0.3
14944,O008030,P0015,2,0.0
14945,O008030,P0010,1,0.3
14946,O008031,P0023,3,0.0
14947,O008031,P0018,3,0.0
14948,O008031,P0019,1,0.2
14949,O008032,P0045,1,0.0
14950,O008032,P0033,3,0.0
14951,O008033,P0009,1,0.2
14952,O008033,P0036,1,0.0
14953,O008034,P0053,4,0.0
14954,O008034,P0003,2,0.0
14955,O008035,P0031,1,0.3
14956,O008035,P0013,2,0.1
14957,O008036,P0036,1,0.2
14958,O008036,P0011,1,0.2
14959,O008036,P0052,1,0.1
14960,O008036,P0031,1,0.0
14961,O008037,P0036,1,0.1
14962,O008037,P0018,1,0.0
14963,O008037,P0021,2,0.0
14964,O008038,P0034,1,0.0
14965,O008038,P0030,4,0.0
14966,O008038,P0008,2,0.0
14967,O008039,P0001,1,0.0
14968,O008039,P0055,1,0.4
14969,O008039,P0034,4,0.05
14970,O008040,P0039,4,0.0
14971,O008040,P0012,1,0.05
14972,O008040,P0006,2,0.4
14973,O008041,P0033,4,0.2
14974,O008041,P0006,1,0.3
14975,O008041,P0018,2,0.2
14976,O008042,P0014,2,0.05
14977,O008043,P0019,1,0.0
14978,O008043,P0038,1,0.0
14979,O008044,P0027,1,0.1
14980,O008045,P0037,1,0.0
14981,O008045,P0027,2,0.0
14982,O008045,P0023,1,0.4
14983,O008046,P0032,2,0.0
14984,O008046,P0011,4,0.4
14985,O008047,P0014,3,0.0
14986,O008048,P0056,1,0.0
14987,O008048,P0006,1,0.3
14988,O008048,P0047,1,0.1
14989,O008049,P0016,1,0.0
14990,O008049,P0051,4,0.0
14991,O008050,P0052,2,0.0
14992,O008050,P0005,3,0.1
14993,O008051,P0002,1,0.0
14994,O008051,P0010,1,0.0
14995,O008052,P0047,2,0.0
14996,O008052,P0060,3,0.0
14997,O008053,P0012,2,0.0
14998,O008054,P0004,1,0.2
14999,O008055,P0033,4,0.0
15000,O008055,P0034,2,0.3
15001,O008055,P0040,1,0.0
15002,O008056,P0032,1,0.05
15003,O008056,P0037,2,0.2
15004,O008056,P0048,3,0.2
15005,O008057,P0028,4,0.0
15006,O008058,P0013,2,0.3
15007,O008058,P0029,3,0.0
15008,O008059,P0016,1,0.05
15009,O008060,P0027,4,0.1
15010,O008061,P0012,1,0.05
15011,O008061,P0046,1,0.4
15012,O008062,P0003,1,0.3
15013,O008063,P0043,1,0.05
15014,O008063,P0010,1,0.2
15015,O008064,P0039,1,0.1
15016,O008064,P0046,1,0.2
15017,O008065,P0057,1,0.2
15018,O008065,P0021,2,0.1
15019,O008066,P0019,2,0.0
15020,O008066,P0014,1,0.1
15021,O008066,P0020,1,0.0
15022,O008066,P0007,2,0.4
15023,O008067,P0007,1,0.0
15024,O008067,P0040,3,0.0
15025,O008068,P0006,1,0.05
15026,O008068,P0022,1,0.1
15027,O008069,P0018,1,0.2
15028,O008070,P0009,5,0.0
15029,O008071,P0034,1,0.0
15030,O008072,P0054,1,0.1
15031,O008072,P0019,3,0.05
15032,O008072,P0003,1,0.0
15033,O008073,P0014,5,0.0
15034,O008074,P0016,1,0.0
15035,O008075,P0051,1,0.3
15036,O008076,P0016,1,0.2
15037,O008077,P0048,2,0.05
15038,O008077,P0022,1,0.2
15039,O008078,P0023,1,0.05
15040,O008078,P0022,1,0.0
15041,O008078,P0008,1,0.0
15042,O008079,P0023,2,0.1
15043,O008079,P0051,1,0.0
15044,O008080,P0049,1,0.0
15045,O008081,P0032,2,0.05
15046,O008082,P0010,2,0.0
15047,O008082,P0014,1,0.1
15048,O008083,P0046,1,0.0
15049,O008083,P0026,2,0.0
15050,O008084,P0007,2,0.0
15051,O008084,P0024,1,0.1
15052,O008084,P0023,4,0.1
15053,O008084,P0018,1,0.3
15054,O008085,P0016,2,0.0
15055,O008086,P0025,1,0.0
15056,O008087,P0003,1,0.05
15057,O008087,P0009,3,0.0
15058,O008088,P0004,1,0.0
15059,O008088,P0018,2,0.05
15060,O008088,P0040,1,0.05
15061,O008089,P0029,2,0.1
15062,O008090,P0010,3,0.2
15063,O008091,P0019,1,0.0
15064,O008091,P0059,1,0.0
15065,O008092,P0004,1,0.1
15066,O008092,P0038,1,0.0
15067,O008092,P0043,1,0.1
15068,O008093,P0060,1,0.0
15069,O008094,P0031,1,0.0
15070,O008094,P0011,1,0.0
15071,O008094,P0034,1,0.05
15072,O008095,P0011,5,0.0
15073,O008096,P0024,1,0.1
15074,O008096,P0032,1,0.3
15075,O008097,P0049,4,0.3
15076,O008097,P0045,1,0.3
15077,O008097,P0013,1,0.05
15078,O008098,P0048,2,0.0
15079,O008098,P0016,3,0.4
15080,O008099,P0038,4,0.4
15081,O008099,P0059,1,0.05
15082,O008100,P0040,1,0.1
15083,O008100,P0024,2,0.3
15084,O008100,P0057,2,0.4
15085,O008101,P0015,2,0.3
15086,O008101,P0038,3,0.05
15087,O008101,P0037,1,0.4
15088,O008101,P0043,1,0.0
15089,O008102,P0056,5,0.1
15090,O008103,P0031,1,0.0
15091,O008104,P0024,5,0.0
15092,O008104,P0022,2,0.4
15093,O008104,P0039,2,0.0
15094,O008105,P0030,4,0.0
15095,O008105,P0054,1,0.1
15096,O008105,P0055,1,0.0
15097,O008106,P0037,2,0.1
15098,O008106,P0033,1,0.0
15099,O008107,P0011,2,0.1
15100,O008107,P0044,2,0.1
15101,O008108,P0030,2,0.1
15102,O008109,P0049,2,0.4
15103,O008109,P0010,4,0.05
15104,O008109,P0024,2,0.3
15105,O008109,P0033,1,0.0
15106,O008110,P0058,1,0.0
15107,O008110,P0054,1,0.2
15108,O008110,P0014,1,0.05
15109,O008111,P0015,5,0.0
15110,O008112,P0042,4,0.0
15111,O008112,P0030,1,0.3
15112,O008112,P0013,1,0.05
15113,O008112,P0004,1,0.3
15114,O008113,P0009,1,0.1
15115,O008113,P0025,1,0.1
15116,O008113,P0042,4,0.2
15117,O008114,P0009,3,0.1
15118,O008114,P0039,4,0.2
15119,O008115,P0032,1,0.2
15120,O008116,P0043,1,0.0
15121,O008117,P0054,2,0.05
15122,O008117,P0060,2,0.1
15123,O008117,P0021,1,0.1
15124,O008117,P0005,1,0.1
15125,O008118,P0060,2,0.0
15126,O008118,P0047,1,0.0
15127,O008118,P0033,5,0.3
15128,O008119,P0009,2,0.0
15129,O008119,P0018,1,0.4
15130,O008120,P0024,1,0.0
15131,O008120,P0008,1,0.0
15132,O008120,P0001,1,0.3
15133,O008121,P0054,1,0.0
15134,O008122,P0034,3,0.0
15135,O008123,P0042,4,0.0
15136,O008123,P0019,3,0.1
15137,O008124,P0021,2,0.1
15138,O008124,P0060,2,0.3
15139,O008124,P0057,3,0.0
15140,O008125,P0038,1,0.1
15141,O008126,P0050,2,0.05
15142,O008126,P0015,2,0.0
15143,O008126,P0048,3,0.0
15144,O008127,P0014,1,0.0
15145,O008127,P0020,1,0.4
15146,O008128,P0015,1,0.2
15147,O008128,P0022,2,0.1
15148,O008129,P0017,1,0.1
15149,O008129,P0049,1,0.0
15150,O008129,P0001,3,0.1
15151,O008130,P0012,1,0.0
15152,O008130,P0011,1,0.0
15153,O008131,P0042,3,0.1
15154,O008132,P0021,3,0.0
15155,O008132,P0005,2,0.2
15156,O008132,P0057,4,0.2
15157,O008133,P0025,2,0.3
15158,O008133,P0029,1,0.0
15159,O008134,P0014,2,0.2
15160,O008135,P0027,1,0.0
15161,O008136,P0047,1,0.0
15162,O008136,P0017,2,0.0
15163,O008137,P0041,1,0.05
15164,O008137,P0054,4,0.2
15165,O008138,P0040,1,0.4
15166,O008138,P0012,1,0.0
15167,O008138,P0037,1,0.05
15168,O008139,P0025,1,0.0
15169,O008139,P0057,3,0.2
15170,O008140,P0028,1,0.3
15171,O008141,P0008,1,0.0
15172,O008142,P0025,1,0.0
15173,O008142,P0049,1,0.2
15174,O008142,P0037,1,0.0
15175,O008143,P0034,1,0.1
15176,O008143,P0007,1,0.0
15177,O008143,P0018,2,0.1
15178,O008144,P0032,2,0.3
15179,O008145,P0019,2,0.1
15180,O008145,P0038,4,0.0
15181,O008145,P0031,1,0.4
15182,O008145,P0023,3,0.0
15183,O008146,P0011,3,0.2
15184,O008146,P0043,1,0.0
15185,O008146,P0005,2,0.1
15186,O008147,P0021,2,0.05
15187,O008147,P0004,3,0.05
15188,O008148,P0020,1,0.0
15189,O008148,P0010,1,0.1
15190,O008148,P0025,2,0.0
15191,O008149,P0006,5,0.0
15192,O008150,P0037,1,0.05
15193,O008150,P0008,2,0.05
15194,O008151,P0034,3,0.0
15195,O008151,P0033,1,0.2
15196,O008152,P0023,1,0.0
15197,O008153,P0042,2,0.0
15198,O008154,P0037,4,0.05
15199,O008155,P0005,1,0.0
15200,O008155,P0016,1,0.0
15201,O008155,P0056,4,0.0
15202,O008156,P0001,1,0.3
15203,O008157,P0059,5,0.0
15204,O008157,P0001,2,0.2
15205,O008157,P0022,1,0.2
15206,O008157,P0055,2,0.0
15207,O008158,P0049,2,0.2
15208,O008158,P0054,2,0.2
15209,O008158,P0050,2,0.0
15210,O008159,P0038,1,0.2
15211,O008160,P0023,1,0.2
15212,O008161,P0001,1,0.1
15213,O008161,P0054,1,0.0
15214,O008161,P0043,1,0.0
15215,O008162,P0030,5,0.05
15216,O008163,P0005,1,0.0
15217,O008164,P0026,1,0.0
15218,O008165,P0004,3,0.0
15219,O008165,P0029,1,0.0
15220,O008166,P0015,1,0.3
15221,O008167,P0001,2,0.2
15222,O008167,P0052,1,0.0
15223,O008168,P0019,3,0.0
15224,O008168,P0057,4,0.05
15225,O008169,P0014,2,0.05
15226,O008170,P0018,4,0.1
15227,O008170,P0034,1,0.05
15228,O008170,P0012,1,0.1
15229,O008171,P0035,1,0.2
15230,O008172,P0014,1,0.0
15231,O008172,P0012,3,0.0
15232,O008173,P0009,1,0.0
15233,O008174,P0008,2,0.0
15234,O008175,P0052,1,0.0
15235,O008176,P0011,1,0.0
15236,O008177,P0019,3,0.1
15237,O008178,P0045,1,0.0
15238,O008179,P0031,1,0.1
15239,O008179,P0040,1,0.05
15240,O008180,P0016,3,0.0
15241,O008180,P0013,1,0.4
15242,O008181,P0060,4,0.4
15243,O008182,P0011,2,0.0
15244,O008183,P0013,5,0.2
15245,O008184,P0018,2,0.1
15246,O008184,P0053,2,0.0
15247,O008184,P0032,2,0.2
15248,O008185,P0007,1,0.4
15249,O008186,P0037,2,0.0
15250,O008187,P0033,2,0.0
15251,O008187,P0048,1,0.05
15252,O008188,P0026,4,0.2
15253,O008189,P0040,3,0.2
15254,O008189,P0032,5,0.2
15255,O008189,P0046,1,0.05
15256,O008190,P0008,3,0.0
15257,O008190,P0057,1,0.1
15258,O008191,P0027,3,
15259,O008191,P0034,1,0.1
15260,O008192,P0029,2,0.0
15261,O008193,P0057,2,0.4
15262,O008194,P0026,1,0.2
15263,O008194,P0016,1,0.0
15264,O008195,P0009,2,0.2
15265,O008195,P0010,1,0.2
15266,O008196,P0037,2,0.05
15267,O008197,P0026,1,0.0
15268,O008197,P0045,4,0.0
15269,O008198,P0008,4,0.0
15270,O008198,P0039,3,0.05
15271,O008198,P0058,1,0.3
15272,O008199,P0015,1,0.0
15273,O008200,P0024,2,0.0
15274,O008201,P0013,3,0.05
15275,O008201,P0019,1,0.1
15276,O008201,P0014,1,0.3
15277,O008202,P0026,2,0.0
15278,O008202,P0058,1,0.0
15279,O008203,P0028,1,0.0
15280,O008204,P0007,1,0.0
15281,O008205,P0026,2,0.2
15282,O008205,P0057,3,0.0
15283,O008206,P0005,1,0.0
15284,O008207,P0002,1,0.2
15285,O008207,P0017,2,0.0
15286,O008207,P0028,3,0.0
15287,O008208,P0048,3,0.05
15288,O008208,P0007,2,0.0
15289,O008209,P0060,1,0.0
15290,O008209,P0002,4,0.0
15291,O008210,P0060,2,0.0
15292,O008210,P0001,5,0.0
15293,O008211,P0017,3,0.0
15294,O008211,P0058,4,0.0
15295,O008212,P0006,1,0.2
15296,O008212,P0045,1,0.2
15297,O008213,P0007,2,0.0
15298,O008214,P0054,1,0.0
15299,O008215,P0042,2,0.0
15300,O008216,P0036,1,0.1
15301,O008216,P0007,1,0.0
15302,O008216,P0049,1,0.0
15303,O008216,P0028,1,0.3
15304,O008217,P0057,4,0.0
15305,O008217,P0028,1,0.05
15306,O008218,P0041,1,0.4
15307,O008218,P0044,1,0.3
15308,O008219,P0029,4,0.1
15309,O008219,P0046,1,0.1
15310,O008219,P0040,2,0.0
15311,O008220,P0011,2,0.1
15312,O008220,P0030,1,0.05
15313,O008220,P0032,5,0.0
15314,O008220,P0037,2,0.0
15315,O008221,P0051,2,0.0
15316,O008221,P0010,1,0.0
15317,O008222,P0045,2,0.4
15318,O008223,P0060,1,0.1
15319,O008223,P0026,1,0.05
15320,O008224,P0011,3,0.0
15321,O008225,P0053,2,0.0
15322,O008226,P0036,2,0.1
15323,O008227,P0020,2,0.2
15324,O008228,P0045,5,0.1
15325,O008229,P0055,2,0.0
15326,O008230,P0053,2,0.0
15327,O008230,P0008,1,0.0
15328,O008230,P0033,1,0.0
15329,O008231,P0042,1,0.2
15330,O008232,P0006,1,0.0
15331,O008233,P0020,2,0.0
15332,O008233,P0025,2,0.4
15333,O008234,P0055,1,0.0
15334,O008234,P0044,1,0.2
15335,O008234,P0033,1,0.1
15336,O008235,P0045,5,0.4
15337,O008235,P0009,3,0.0
15338,O008236,P0005,2,0.0
15339,O008236,P0002,2,0.1
15340,O008237,P0044,1,0.0
15341,O008237,P0059,1,0.2
15342,O008238,P0016,1,0.0
15343,O008239,P0040,1,0.0
15344,O008239,P0051,1,0.4
15345,O008239,P0020,1,0.0
15346,O008240,P0032,1,0.3
15347,O008240,P0034,2,0.2
15348,O008240,P0040,2,0.05
15349,O008241,P0008,3,0.3
15350,O008242,P0049,5,0.0
15351,O008243,P0047,3,0.0
15352,O008244,P0043,1,0.2
15353,O008245,P0049,4,0.3
15354,O008246,P0046,2,0.05
15355,O008247,P0030,4,0.1
15356,O008247,P0033,2,0.4
15357,O008248,P0040,2,0.3
15358,O008248,P0009,3,0.3
15359,O008248,P0024,1,0.0
15360,O008248,P0038,1,0.1
15361,O008249,P0036,2,0.05
15362,O008249,P0024,1,0.0
15363,O008249,P0048,3,0.1
15364,O008249,P0023,1,0.4
15365,O008250,P0035,1,0.05
15366,O008251,P0044,1,0.05
15367,O008251,P0018,1,0.3
15368,O008251,P0029,2,0.1
15369,O008252,P0004,1,0.1
15370,O008252,P0042,2,0.0
15371,O008252,P0026,2,0.05
15372,O008252,P0036,1,0.1
15373,O008253,P0029,3,0.05
15374,O008254,P0010,1,0.05
15375,O008254,P0010,1,0.3
15376,O008255,P0003,3,0.05
15377,O008256,P0028,1,0.05
15378,O008257,P0004,5,0.0
15379,O008258,P0030,2,0.0
15380,O008259,P0001,2,0.4
15381,O008259,P0015,2,0.0
15382,O008260,P0014,3,0.3
15383,O008261,P0007,2,0.0
15384,O008262,P0036,3,0.05
15385,O008263,P0030,3,0.0
15386,O008264,P0002,1,0.0
15387,O008264,P0036,1,0.0
15388,O008265,P0022,2,0.0
15389,O008266,P0012,1,0.2
15390,O008266,P0055,1,0.05
15391,O008266,P0046,3,0.0
15392,O008266,P0026,1,0.1
15393,O008267,P0035,2,0.1
15394,O008267,P0020,1,0.0
15395,O008268,P0049,1,0.0
15396,O008268,P0037,1,0.4
15397,O008269,P0056,1,0.05
15398,O008269,P0031,5,0.2
15399,O008270,P0024,1,0.1
15400,O008270,P0053,1,0.1
15401,O008271,P0023,4,0.0
15402,O008271,P0007,3,0.3
15403,O008272,P0043,3,0.1
15404,O008273,P0059,1,0.05
15405,O008274,P0019,1,0.0
15406,O008274,P0030,5,0.1
15407,O008274,P0037,3,0.0
15408,O008275,P0030,2,0.0
15409,O008275,P0016,2,0.2
15410,O008275,P0006,1,0.4
15411,O008276,P0036,1,0.05
15412,O008276,P0052,5,0.0
15413,O008277,P0047,1,0.2
15414,O008277,P0043,1,0.0
15415,O008277,P0021,1,0.3
15416,O008278,P0040,4,0.05
15417,O008279,P0035,5,0.2
15418,O008279,P0058,3,0.05
15419,O008280,P0059,2,0.0
15420,O008281,P0027,2,0.1
15421,O008281,P0056,3,0.0
15422,O008282,P0038,2,0.0
15423,O008282,P0015,1,0.2
15424,O008283,P0040,1,0.05
15425,O008283,P0022,2,0.0
15426,O008283,P0052,2,0.0
15427,O008284,P0026,1,0.3
15428,O008284,P0060,2,0.0
15429,O008285,P0011,4,0.1
15430,O008285,P0010,2,0.0
15431,O008285,P0053,3,0.05
15432,O008286,P0056,2,0.1
15433,O008286,P0032,1,0.0
15434,O008286,P0039,2,0.0
15435,O008287,P0020,1,0.2
15436,O008287,P0032,2,0.1
15437,O008287,P0011,2,0.2
15438,O008288,P0055,3,0.0
15439,O008288,P0030,2,0.2
15440,O008289,P0027,1,0.0
15441,O008290,P0033,1,0.0
15442,O008290,P0026,1,0.3
15443,O008291,P0016,1,0.1
15444,O008292,P0006,3,0.0
15445,O008292,P0017,5,0.0
15446,O008292,P0038,4,0.2
15447,O008293,P0034,1,0.05
15448,O008293,P0059,1,0.0
15449,O008293,P0011,3,0.05
15450,O008294,P0048,1,0.05
15451,O008294,P0053,3,0.0
15452,O008295,P0001,1,0.0
15453,O008296,P0007,1,0.0
15454,O008296,P0022,3,0.0
15455,O008297,P0007,4,0.1
15456,O008298,P0015,2,0.3
15457,O008299,P0011,1,0.1
15458,O008299,P0032,1,0.0
15459,O008300,P0019,1,0.1
15460,O008300,P0043,4,0.1
15461,O008300,P0013,1,0.05
15462,O008300,P0036,3,0.0
15463,O008301,P0044,1,0.0
15464,O008301,P0039,4,0.0
15465,O008301,P0012,1,0.05
15466,O008302,P0025,1,0.05
15467,O008303,P0006,1,0.05
15468,O008303,P0013,3,0.1
15469,O008303,P0048,1,0.0
15470,O008304,P0003,1,0.05
15471,O008305,P0003,1,0.0
15472,O008305,P0054,2,0.1
15473,O008305,P0036,3,0.0
15474,O008306,P0034,2,0.1
15475,O008307,P0057,5,0.1
15476,O008308,P0016,1,0.3
15477,O008308,P0032,1,0.0
15478,O008309,P0032,1,0.0
15479,O008310,P0013,2,0.0
15480,O008311,P0028,4,0.0
15481,O008312,P0007,3,0.1
15482,O008313,P0044,2,0.0
15483,O008314,P0042,1,0.05
15484,O008314,P0024,1,0.1
15485,O008315,P0032,2,0.0
15486,O008316,P0053,3,0.0
15487,O008316,P0012,3,0.1
15488,O008317,P0045,2,0.05
15489,O008317,P0037,1,0.05
15490,O008318,P0023,1,0.0
15491,O008318,P0021,1,0.05
15492,O008318,P0011,3,0.0
15493,O008319,P0057,1,0.0
15494,O008319,P0043,1,0.0
15495,O008319,P0030,2,0.0
15496,O008320,P0020,4,0.0
15497,O008320,P0042,1,0.05
15498,O008321,P0054,2,0.2
15499,O008321,P0029,1,0.05
15500,O008322,P0043,4,0.4
15501,O008323,P0019,1,0.1
15502,O008324,P0043,2,0.0
15503,O008325,P0025,2,0.0
15504,O008325,P0026,3,0.1
15505,O008326,P0036,1,0.05
15506,O008327,P0021,2,0.2
15507,O008328,P0045,5,0.1
15508,O008329,P0009,2,0.0
15509,O008329,P0046,1,0.0
15510,O008330,P0049,4,0.2
15511,O008330,P0053,1,0.0
15512,O008331,P0043,3,0.2
15513,O008331,P0037,1,0.05
15514,O008331,P0057,2,0.0
15515,O008332,P0047,4,0.05
15516,O008332,P0060,1,0.2
15517,O008333,P0016,1,0.0
15518,O008333,P0034,1,0.0
15519,O008333,P0053,1,0.05
15520,O008334,P0027,4,0.0
15521,O008335,P0059,2,0.0
15522,O008336,P0009,2,0.05
15523,O008337,P0018,3,0.1
15524,O008338,P0059,2,0.05
15525,O008338,P0001,2,0.0
15526,O008338,P0058,1,0.0
15527,O008338,P0046,1,0.05
15528,O008339,P0022,1,0.0
15529,O008340,P0041,1,0.3
15530,O008341,P0060,1,0.0
15531,O008341,P0053,1,0.0
15532,O008341,P0051,3,0.1
15533,O008342,P0051,2,0.0
15534,O008343,P0018,1,0.2
15535,O008343,P0019,5,0.2
15536,O008344,P0039,1,0.3
15537,O008345,P0005,2,0.0
15538,O008346,P0026,1,0.0
15539,O008347,P0010,1,0.0
15540,O008347,P0035,2,0.0
15541,O008347,P0018,1,0.1
15542,O008348,P0005,2,0.0
15543,O008348,P0030,1,0.0
15544,O008348,P0013,2,0.3
15545,O008349,P0058,2,0.0
15546,O008350,P0022,1,0.05
15547,O008351,P0022,3,0.0
15548,O008351,P0036,1,0.05
15549,O008352,P0004,1,0.1
15550,O008353,P0043,1,0.0
15551,O008354,P0012,2,0.1
15552,O008354,P0015,3,0.0
15553,O008355,P0009,2,0.4
15554,O008355,P0032,2,0.3
15555,O008355,P0002,3,0.3
15556,O008356,P0020,1,0.3
15557,O008357,P0043,1,0.0
15558,O008358,P0042,1,0.1
15559,O008358,P0038,4,0.0
15560,O008359,P0034,1,0.3
15561,O008359,P0010,1,0.2
15562,O008360,P0052,1,0.0
15563,O008360,P0043,2,0.05
15564,O008361,P0011,4,0.05
15565,O008362,P0032,1,0.3
15566,O008362,P0017,3,0.0
15567,O008362,P0008,1,0.1
15568,O008362,P0022,1,0.0
15569,O008363,P0012,2,0.0
15570,O008363,P0001,1,0.0
15571,O008363,P0008,2,0.0
15572,O008364,P0010,1,0.3
15573,O008364,P0046,1,0.2
15574,O008365,P0032,1,0.05
15575,O008366,P0017,1,0.1
15576,O008367,P0016,1,0.0
15577,O008367,P0034,1,0.0
15578,O008368,P0012,1,0.0
15579,O008368,P0024,1,0.2
15580,O008369,P0054,2,0.05
15581,O008370,P0019,1,0.0
15582,O008370,P0009,3,0.4
15583,O008371,P0007,1,0.0
15584,O008372,P0016,1,0.1
15585,O008372,P0026,2,0.2
15586,O008373,P0006,2,0.05
15587,O008373,P0002,1,0.0
15588,O008373,P0035,4,0.3
15589,O008373,P0007,2,0.0
15590,O008374,P0058,2,0.0
15591,O008374,P0003,2,0.1
15592,O008374,P0004,1,0.3
15593,O008375,P0016,1,0.05
15594,O008376,P0010,2,0.0
15595,O008376,P0012,2,0.3
15596,O008377,P0032,3,0.3
15597,O008377,P0031,2,0.3
15598,O008377,P0007,3,0.3
15599,O008378,P0059,1,0.0
15600,O008379,P0026,5,0.2
15601,O008379,P0023,3,0.1
15602,O008380,P0033,2,0.0
15603,O008381,P0056,5,0.0
15604,O008382,P0023,1,0.05
15605,O008382,P0030,1,0.1
15606,O008382,P0054,4,0.0
15607,O008383,P0056,1,0.0
15608,O008384,P0037,3,0.0
15609,O008384,P0029,2,0.05
15610,O008385,P0016,4,0.0
15611,O008385,P0016,1,0.0
15612,O008386,P0046,1,0.0
15613,O008386,P0035,1,0.0
15614,O008387,P0026,1,0.05
15615,O008388,P0052,2,0.3
15616,O008388,P0010,3,0.0
15617,O008389,P0006,1,0.3
15618,O008389,P0012,1,0.3
15619,O008390,P0017,1,0.05
15620,O008391,P0038,1,0.0
15621,O008391,P0038,3,0.05
15622,O008392,P0046,1,0.3
15623,O008392,P0039,4,0.05
15624,O008392,P0026,3,0.4
15625,O008392,P0027,1,0.2
15626,O008393,P0053,1,0.1
15627,O008393,P0042,2,0.2
15628,O008394,P0027,1,0.0
15629,O008394,P0050,2,0.3
15630,O008394,P0025,1,0.0
15631,O008395,P0037,1,0.0
15632,O008395,P0027,2,0.0
15633,O008396,P0018,1,0.05
15634,O008396,P0046,1,0.3
15635,O008397,P0013,1,0.3
15636,O008397,P0041,1,0.05
15637,O008397,P0013,2,0.0
15638,O008397,P0057,1,0.2
15639,O008398,P0014,1,0.1
15640,O008399,P0006,1,0.1
15641,O008399,P0028,2,0.1
15642,O008399,P0032,2,0.2
15643,O008400,P0059,3,0.0
15644,O008401,P0014,1,0.0
15645,O008401,P0018,1,0.2
15646,O008401,P0027,2,0.0
15647,O008401,P0010,2,0.05
15648,O008402,P0047,3,0.0
15649,O008403,P0044,4,0.3
15650,O008403,P0036,1,0.0
15651,O008403,P0055,1,0.05
15652,O008404,P0040,5,0.0
15653,O008405,P0005,1,0.2
15654,O008406,P0028,2,0.0
15655,O008407,P0004,3,0.0
15656,O008407,P0055,1,0.0
15657,O008407,P0053,5,0.0
15658,O008407,P0056,1,0.05
15659,O008408,P0031,2,0.2
15660,O008408,P0029,1,0.0
15661,O008409,P0044,2,0.05
15662,O008410,P0008,1,0.3
15663,O008411,P0022,1,0.2
15664,O008411,P0036,1,0.3
15665,O008411,P0029,1,0.0
15666,O008412,P0035,1,0.05
15667,O008412,P0038,4,0.2
15668,O008413,P0002,2,0.05
15669,O008414,P0011,1,0.0
15670,O008415,P0028,1,0.1
15671,O008415,P0007,1,0.0
15672,O008415,P0059,2,0.05
15673,O008415,P0011,1,0.3
15674,O008416,P0049,1,0.2
15675,O008417,P0058,1,0.05
15676,O008418,P0035,2,0.05
15677,O008419,P0001,1,0.05
15678,O008419,P0011,2,0.3
15679,O008420,P0041,3,0.0
15680,O008421,P0057,1,0.05
15681,O008421,P0015,1,0.3
15682,O008422,P0049,2,0.05
15683,O008422,P0011,1,0.05
15684,O008423,P0015,2,0.0
15685,O008424,P0050,4,0.05
15686,O008424,P0033,1,0.2
15687,O008425,P0011,1,0.05
15688,O008425,P0037,3,0.0
15689,O008425,P0051,3,0.0
15690,O008425,P0004,2,0.3
15691,O008426,P0004,3,0.1
15692,O008427,P0057,1,0.05
15693,O008427,P0013,1,0.1
15694,O008428,P0003,1,0.0
15695,O008428,P0012,3,0.0
15696,O008428,P0001,1,0.2
15697,O008429,P0015,2,0.3
15698,O008430,P0034,2,0.0
15699,O008431,P0036,1,0.3
15700,O008431,P0027,2,0.05
15701,O008432,P0022,1,0.1
15702,O008433,P0041,3,0.0
15703,O008433,P0011,1,0.1
15704,O008434,P0053,4,0.0
15705,O008435,P0011,1,0.3
15706,O008436,P0060,2,0.0
15707,O008436,P0034,1,0.3
15708,O008436,P0005,1,0.0
15709,O008437,P0055,2,0.1
15710,O008438,P0032,1,0.0
15711,O008438,P0034,1,0.0
15712,O008438,P0037,3,0.0
15713,O008439,P0033,1,0.0
15714,O008439,P0048,1,0.0
15715,O008439,P0053,3,0.0
15716,O008440,P0043,1,0.0
15717,O008441,P0048,3,0.0
15718,O008442,P0018,1,0.0
15719,O008443,P0035,3,0.0
15720,O008444,P0058,3,0.0
15721,O008445,P0037,2,0.0
15722,O008446,P0011,4,0.05
15723,O008446,P0018,2,0.0
15724,O008447,P0050,5,0.0
15725,O008447,P0042,5,0.0
15726,O008447,P0060,1,0.0
15727,O008447,P0010,1,0.0
15728,O008448,P0001,1,0.1
15729,O008448,P0002,2,0.2
15730,O008448,P0057,1,0.0
15731,O008449,P0007,2,0.0
15732,O008449,P0039,1,0.0
15733,O008449,P0016,4,0.0
15734,O008450,P0055,1,0.1
15735,O008450,P0048,1,0.0
15736,O008451,P0016,1,0.3
15737,O008451,P0055,1,0.0
15738,O008451,P0007,1,0.05
15739,O008452,P0054,5,0.2
15740,O008453,P0028,2,0.0
15741,O008454,P0049,5,0.2
15742,O008455,P0056,3,0.0
15743,O008455,P0020,2,0.05
15744,O008456,P0025,2,0.0
15745,O008457,P0007,2,0.3
15746,O008457,P0029,5,0.2
15747,O008457,P0020,1,0.05
15748,O008458,P0027,2,0.0
15749,O008458,P0018,2,0.0
15750,O008458,P0028,1,0.2
15751,O008459,P0008,4,0.2
15752,O008459,P0011,1,0.0
15753,O008459,P0007,3,0.05
15754,O008459,P0030,3,0.0
15755,O008460,P0054,2,0.0
15756,O008461,P0044,1,0.0
15757,O008461,P0057,4,0.0
15758,O008461,P0055,1,0.0
15759,O008462,P0050,2,0.4
15760,O008463,P0002,4,0.0
15761,O008464,P0059,1,0.0
15762,O008465,P0010,1,0.2
15763,O008465,P0060,2,0.05
15764,O008466,P0013,2,0.05
15765,O008466,P0011,4,0.3
15766,O008466,P0055,1,0.1
15767,O008467,P0058,2,0.0
15768,O008467,P0051,1,0.05
15769,O008468,P0008,3,0.2
15770,O008468,P0026,2,0.0
15771,O008469,P0008,2,0.1
15772,O008469,P0052,1,0.0
15773,O008469,P0011,4,0.1
15774,O008470,P0042,3,0.05
15775,O008471,P0029,3,0.2
15776,O008472,P0022,1,0.05
15777,O008473,P0022,1,0.0
15778,O008473,P0007,2,0.0
15779,O008473,P0031,1,0.05
15780,O008474,P0023,1,0.1
15781,O008474,P0034,3,0.0
15782,O008475,P0017,2,0.0
15783,O008475,P0054,1,0.0
15784,O008475,P0054,1,0.0
15785,O008476,P0039,1,0.05
15786,O008476,P0025,2,0.4
15787,O008476,P0046,1,0.0
15788,O008477,P0036,3,0.0
15789,O008477,P0028,1,0.0
15790,O008477,P0048,1,0.4
15791,O008477,P0060,1,0.2
15792,O008478,P0021,2,0.2
15793,O008479,P0043,1,0.2
15794,O008480,P0033,1,0.1
15795,O008481,P0038,1,0.05
15796,O008481,P0021,1,0.0
15797,O008481,P0006,1,0.0
15798,O008482,P0025,1,0.05
15799,O008482,P0015,2,0.0
15800,O008483,P0020,2,0.0
15801,O008484,P0026,4,0.1
15802,O008485,P0025,1,0.0
15803,O008485,P0060,2,0.0
15804,O008486,P0003,1,0.1
15805,O008487,P0031,2,0.0
15806,O008488,P0006,1,0.1
15807,O008488,P0021,3,0.2
15808,O008488,P0044,1,0.1
15809,O008488,P0039,4,0.1
15810,O008489,P0024,1,0.3
15811,O008490,P0056,3,0.0
15812,O008490,P0047,1,0.3
15813,O008491,P0057,1,0.0
15814,O008491,P0044,1,0.0
15815,O008492,P0020,3,0.2
15816,O008493,P0056,2,0.0
15817,O008494,P0054,2,0.0
15818,O008495,P0002,3,0.0
15819,O008495,P0015,4,0.1
15820,O008496,P0008,2,0.0
15821,O008497,P0044,1,0.1
15822,O008497,P0044,2,0.1
15823,O008497,P0021,1,0.0
15824,O008498,P0024,1,0.05
15825,O008498,P0057,4,0.4
15826,O008498,P0051,3,0.05
15827,O008499,P0020,1,0.0
15828,O008500,P0002,2,0.4
15829,O008500,P0007,4,0.2
15830,O008501,P0024,1,0.1
15831,O008501,P0002,3,0.05
15832,O008502,P0036,1,0.0
15833,O008502,P0009,5,0.0
15834,O008502,P0044,1,0.1
15835,O008502,P0022,2,0.0
15836,O008503,P0045,1,0.0
15837,O008503,P0052,1,0.1
15838,O008504,P0031,5,0.3
15839,O008504,P0060,1,0.0
15840,O008504,P0018,2,0.0
15841,O008505,P0003,3,0.1
15842,O008505,P0043,4,0.2
15843,O008505,P0051,2,0.3
15844,O008505,P0027,4,0.3
15845,O008506,P0024,2,0.0
15846,O008506,P0039,1,0.0
15847,O008506,P0005,1,0.05
15848,O008507,P0010,3,0.3
15849,O008508,P0046,4,0.0
15850,O008508,P0032,2,0.2
15851,O008509,P0002,1,0.2
15852,O008509,P0051,1,0.05
15853,O008510,P0023,2,0.1
15854,O008511,P0021,4,0.05
15855,O008511,P0019,1,0.2
15856,O008512,P0005,2,0.1
15857,O008512,P0021,2,0.3
15858,O008512,P0038,1,0.1
15859,O008512,P0008,1,0.0
15860,O008513,P0041,4,0.0
15861,O008514,P0056,1,0.1
15862,O008515,P0047,2,0.0
15863,O008515,P0040,1,0.1
15864,O008516,P0043,3,0.1
15865,O008516,P0018,3,0.0
15866,O008517,P0034,2,0.2
15867,O008518,P0042,1,0.0
15868,O008519,P0043,1,0.0
15869,O008520,P0024,4,0.1
15870,O008520,P0023,1,0.3
15871,O008521,P0011,1,0.3
15872,O008522,P0039,1,0.0
15873,O008523,P0032,2,0.1
15874,O008524,P0024,1,0.0
15875,O008525,P0019,1,0.2
15876,O008526,P0035,2,0.4
15877,O008526,P0016,2,0.2
15878,O008527,P0040,4,0.1
15879,O008527,P0039,1,0.0
15880,O008528,P0055,1,0.4
15881,O008528,P0033,1,0.2
15882,O008528,P0055,4,0.0
15883,O008529,P0032,1,0.05
15884,O008529,P0041,4,0.1
15885,O008529,P0050,2,0.1
15886,O008530,P0039,3,0.05
15887,O008531,P0049,1,0.0
15888,O008531,P0034,2,0.05
15889,O008531,P0051,3,0.0
15890,O008531,P0053,5,0.2
15891,O008532,P0054,2,0.0
15892,O008533,P0021,2,0.4
15893,O008534,P0022,3,0.0
15894,O008534,P0003,4,0.1
15895,O008534,P0055,5,0.0
15896,O008535,P0009,1,0.0
15897,O008536,P0009,2,0.2
15898,O008537,P0060,1,0.05
15899,O008538,P0031,1,0.0
15900,O008538,P0038,1,0.1
15901,O008538,P0016,2,0.4
15902,O008539,P0004,1,0.0
15903,O008540,P0059,1,0.1
15904,O008540,P0030,2,0.2
15905,O008541,P0021,1,0.4
15906,O008542,P0059,1,0.0
15907,O008543,P0006,2,0.3
15908,O008543,P0042,1,0.0
15909,O008543,P0022,1,0.0
15910,O008544,P0001,1,0.05
15911,O008545,P0020,2,0.0
15912,O008546,P0005,2,0.4
15913,O008547,P0030,2,0.0
15914,O008547,P0050,2,0.2
15915,O008547,P0010,4,0.2
15916,O008548,P0011,1,0.1
15917,O008548,P0022,1,0.0
15918,O008549,P0058,1,0.0
15919,O008549,P0049,2,0.0
15920,O008550,P0027,1,0.0
15921,O008550,P0046,1,0.0
15922,O008551,P0001,2,0.4
15923,O008552,P0049,1,0.1
15924,O008553,P0051,5,0.1
15925,O008553,P0029,1,0.2
15926,O008554,P0034,1,0.0
15927,O008554,P0054,2,0.0
15928,O008554,P0059,1,0.2
15929,O008554,P0042,1,0.0
15930,O008555,P0055,4,0.3
15931,O008556,P0027,2,0.1
15932,O008556,P0025,3,0.1
15933,O008557,P0031,1,0.2
15934,O008557,P0059,4,0.0
15935,O008558,P0015,3,0.05
15936,O008559,P0023,2,0.0
15937,O008559,P0020,1,0.0
15938,O008560,P0011,3,0.0
15939,O008560,P0029,2,0.1
15940,O008560,P0017,1,0.0
15941,O008560,P0025,2,0.05
15942,O008561,P0039,1,0.1
15943,O008562,P0037,1,0.1
15944,O008563,P0002,1,0.0
15945,O008564,P0014,2,0.0
15946,O008564,P0059,2,0.4
15947,O008564,P0044,1,0.0
15948,O008565,P0045,1,0.1
15949,O008566,P0014,1,0.0
15950,O008566,P0030,4,0.0
15951,O008567,P0032,2,0.0
15952,O008568,P0057,2,0.2
15953,O008568,P0031,3,0.1
15954,O008568,P0037,2,0.2
15955,O008569,P0013,1,0.0
15956,O008570,P0005,1,0.1
15957,O008570,P0009,1,0.05
15958,O008571,P0058,1,0.0
15959,O008571,P0022,1,0.3
15960,O008571,P0060,1,0.05
15961,O008571,P0046,5,0.0
15962,O008572,P0050,1,0.05
15963,O008573,P0003,2,0.2
15964,O008574,P0020,1,0.4
15965,O008574,P0031,4,0.1
15966,O008574,P0019,1,0.4
15967,O008574,P0019,3,0.1
15968,O008575,P0002,1,0.0
15969,O008576,P0038,1,0.05
15970,O008577,P0057,2,0.0
15971,O008577,P0004,4,0.0
15972,O008578,P0030,4,0.3
15973,O008579,P0009,5,0.0
15974,O008579,P0054,1,0.05
15975,O008580,P0010,1,0.0
15976,O008580,P0049,1,0.2
15977,O008581,P0019,2,0.1
15978,O008581,P0004,1,0.2
15979,O008582,P0035,1,0.05
15980,O008583,P0046,2,0.05
15981,O008583,P0048,2,0.2
15982,O008583,P0035,3,0.2
15983,O008583,P0006,1,0.0
15984,O008584,P0021,3,0.05
15985,O008584,P0003,2,0.0
15986,O008585,P0023,2,0.05
15987,O008585,P0028,2,0.05
15988,O008586,P0052,5,0.1
15989,O008586,P0002,1,0.0
15990,O008587,P0012,3,0.0
15991,O008588,P0048,1,0.0
15992,O008589,P0030,1,0.0
15993,O008589,P0026,4,0.0
15994,O008590,P0045,1,0.0
15995,O008590,P0029,3,0.0
15996,O008591,P0024,2,0.2
15997,O008592,P0004,1,0.4
15998,O008593,P0027,3,0.0
15999,O008593,P0032,1,0.0
16000,O008593,P0019,1,0.0
16001,O008593,P0043,2,0.0
16002,O008594,P0058,4,0.2
16003,O008595,P0010,1,0.1
16004,O008596,P0052,2,0.0
16005,O008596,P0056,1,0.0
16006,O008597,P0032,2,0.0
16007,O008598,P0035,2,0.05
16008,O008599,P0007,1,0.0
16009,O008600,P0059,2,0.3
16010,O008600,P0021,1,0.1
16011,O008600,P0051,4,0.0
16012,O008601,P0001,1,0.4
16013,O008602,P0034,4,0.2
16014,O008603,P0055,2,0.0
16015,O008604,P0041,5,0.0
16016,O008604,P0010,3,0.0
16017,O008605,P0039,1,0.05
16018,O008605,P0048,1,0.0
16019,O008605,P0023,2,0.1
16020,O008606,P0038,2,0.0
16021,O008606,P0023,4,0.05
16022,O008606,P0059,5,0.4
16023,O008607,P0043,1,0.0
16024,O008607,P0049,1,0.0
16025,O008608,P0059,1,0.0
16026,O008608,P0013,1,0.2
16027,O008608,P0050,1,0.05
16028,O008609,P0051,2,0.0
16029,O008609,P0016,1,0.1
16030,O008610,P0011,2,0.05
16031,O008610,P0035,2,0.0
16032,O008611,P0040,1,0.0
16033,O008611,P0051,3,0.2
16034,O008612,P0050,3,0.0
16035,O008613,P0020,2,0.0
16036,O008614,P0022,1,0.05
16037,O008615,P0031,1,0.1
16038,O008616,P0044,1,0.0
16039,O008617,P0009,1,0.2
16040,O008618,P0052,1,0.0
16041,O008619,P0033,2,0.1
16042,O008620,P0052,1,0.1
16043,O008621,P0019,2,0.1
16044,O008621,P0003,1,0.0
16045,O008622,P0005,1,0.2
16046,O008622,P0023,5,0.0
16047,O008622,P0045,1,0.05
16048,O008623,P0023,3,0.3
16049,O008624,P0026,1,0.0
16050,O008625,P0052,1,0.0
16051,O008625,P0046,1,0.3
16052,O008625,P0004,1,0.0
16053,O008626,P0004,3,0.0
16054,O008626,P0025,2,0.3
16055,O008626,P0031,1,0.1
16056,O008626,P0058,1,0.0
16057,O008627,P0020,1,0.3
16058,O008628,P0031,1,0.1
16059,O008629,P0006,2,0.0
16060,O008629,P0023,1,0.4
16061,O008630,P0034,4,0.3
16062,O008630,P0021,1,0.3
16063,O008630,P0047,4,0.05
16064,O008631,P0030,1,0.05
16065,O008632,P0002,1,0.0
16066,O008633,P0047,2,0.0
16067,O008633,P0041,2,0.0
16068,O008634,P0011,5,0.0
16069,O008635,P0043,5,0.0
16070,O008635,P0025,2,0.4
16071,O008635,P0028,1,0.0
16072,O008636,P0017,2,0.2
16073,O008636,P0016,1,0.0
16074,O008636,P0017,1,0.0
16075,O008637,P0026,1,0.05
16076,O008638,P0015,4,0.0
16077,O008638,P0046,2,0.3
16078,O008639,P0040,1,0.0
16079,O008639,P0029,3,0.0
16080,O008640,P0038,1,0.3
16081,O008640,P0045,3,0.2
16082,O008641,P0058,1,0.05
16083,O008641,P0023,1,0.0
16084,O008641,P0009,2,0.0
16085,O008641,P0018,3,0.4
16086,O008642,P0052,3,0.0
16087,O008643,P0045,1,0.3
16088,O008644,P0046,2,0.0
16089,O008644,P0058,2,0.0
16090,O008644,P0054,1,0.0
16091,O008645,P0045,2,0.0
16092,O008645,P0053,2,0.05
16093,O008645,P0048,5,0.4
16094,O008646,P0026,4,0.0
16095,O008647,P0024,2,0.1
16096,O008648,P0040,1,0.1
16097,O008649,P0028,2,0.05
16098,O008649,P0018,2,0.05
16099,O008650,P0021,1,0.0
16100,O008651,P0020,3,0.2
16101,O008651,P0036,2,0.4
16102,O008652,P0033,5,0.0
16103,O008652,P0023,2,0.0
16104,O008652,P0039,1,0.0
16105,O008652,P0034,1,0.0
16106,O008653,P0024,1,0.3
16107,O008653,P0026,2,0.0
16108,O008654,P0011,1,0.4
16109,O008655,P0050,3,0.05
16110,O008655,P0003,1,0.05
16111,O008656,P0020,1,0.0
16112,O008657,P0034,1,0.2
16113,O008657,P0031,1,0.0
16114,O008658,P0055,1,0.2
16115,O008659,P0044,2,0.1
16116,O008660,P0011,1,0.0
16117,O008661,P0018,1,0.0
16118,O008662,P0026,1,0.2
16119,O008662,P0059,1,0.4
16120,O008662,P0023,2,0.0
16121,O008663,P0021,3,0.0
16122,O008663,P0034,1,0.3
16123,O008663,P0031,2,0.1
16124,O008664,P0026,3,0.0
16125,O008664,P0007,1,0.05
16126,O008665,P0056,2,0.05
16127,O008665,P0056,1,0.0
16128,O008665,P0058,4,0.1
16129,O008665,P0048,5,0.2
16130,O008666,P0023,2,0.0
16131,O008666,P0053,3,0.05
16132,O008666,P0059,1,0.3
16133,O008666,P0036,1,0.05
16134,O008667,P0039,2,0.1
16135,O008667,P0059,2,0.1
16136,O008667,P0040,1,0.0
16137,O008667,P0053,1,0.0
16138,O008668,P0054,4,0.0
16139,O008669,P0019,1,0.0
16140,O008669,P0024,5,0.0
16141,O008670,P0004,2,0.0
16142,O008671,P0012,2,0.1
16143,O008671,P0051,2,0.0
16144,O008672,P0001,3,0.0
16145,O008672,P0034,4,0.0
16146,O008672,P0034,1,0.0
16147,O008673,P0017,4,0.0
16148,O008674,P0047,1,0.3
16149,O008674,P0051,4,0.3
16150,O008674,P0020,1,0.0
16151,O008674,P0051,1,0.4
16152,O008675,P0019,2,0.1
16153,O008675,P0039,2,0.0
16154,O008676,P0024,2,0.1
16155,O008676,P0006,2,0.0
16156,O008676,P0010,1,0.2
16157,O008677,P0058,4,0.0
16158,O008678,P0003,1,0.0
16159,O008678,P0060,1,0.0
16160,O008679,P0001,1,0.2
16161,O008680,P0032,2,0.0
16162,O008681,P0020,1,0.2
16163,O008681,P0044,1,0.0
16164,O008682,P0007,1,0.1
16165,O008682,P0033,2,0.0
16166,O008683,P0048,1,0.2
16167,O008684,P0023,5,0.0
16168,O008685,P0052,3,0.1
16169,O008685,P0001,1,0.1
16170,O008685,P0051,1,0.4
16171,O008686,P0019,2,0.2
16172,O008686,P0015,3,0.0
16173,O008687,P0054,2,0.05
16174,O008687,P0032,1,0.0
16175,O008688,P0013,1,0.3
16176,O008689,P0040,1,0.3
16177,O008690,P0059,1,0.05
16178,O008691,P0004,3,0.05
16179,O008692,P0055,4,0.2
16180,O008693,P0036,3,0.0
16181,O008694,P0002,3,0.0
16182,O008695,P0031,1,0.0
16183,O008695,P0006,1,0.1
16184,O008696,P0057,1,0.0
16185,O008697,P0047,2,0.0
16186,O008697,P0004,1,0.1
16187,O008698,P0037,2,0.0
16188,O008698,P0054,1,0.1
16189,O008699,P0056,2,0.1
16190,O008700,P0010,2,0.0
16191,O008701,P0013,2,0.0
16192,O008701,P0007,1,0.0
16193,O008702,P0040,1,0.1
16194,O008702,P0053,3,0.0
16195,O008702,P0031,1,0.0
16196,O008703,P0031,4,0.1
16197,O008704,P0005,1,0.2
16198,O008704,P0039,2,0.0
16199,O008705,P0010,3,0.1
16200,O008706,P0006,1,0.2
16201,O008707,P0043,2,0.3
16202,O008708,P0047,2,0.2
16203,O008709,P0002,1,0.1
16204,O008710,P0045,4,0.4
16205,O008710,P0027,2,0.05
16206,O008711,P0060,2,0.2
16207,O008711,P0030,2,0.0
16208,O008712,P0018,3,0.05
16209,O008713,P0059,1,0.05
16210,O008713,P0024,1,0.1
16211,O008714,P0011,1,0.0
16212,O008714,P0038,1,0.05
16213,O008715,P0030,3,0.2
16214,O008715,P0044,1,0.05
16215,O008715,P0019,2,0.3
16216,O008716,P0045,2,0.0
16217,O008716,P0019,1,0.0
16218,O008717,P0005,1,0.0
16219,O008717,P0001,3,0.0
16220,O008718,P0037,1,0.3
16221,O008718,P0051,2,0.0
16222,O008719,P0026,1,0.3
16223,O008719,P0038,2,0.0
16224,O008719,P0022,1,0.05
16225,O008720,P0049,1,0.0
16226,O008721,P0004,1,0.3
16227,O008721,P0032,5,0.0
16228,O008722,P0018,2,0.0
16229,O008722,P0046,1,0.3
16230,O008723,P0027,1,0.0
16231,O008723,P0019,1,0.0
16232,O008723,P0019,2,0.2
16233,O008724,P0014,1,0.1
16234,O008725,P0031,1,0.0
16235,O008726,P0023,1,0.0
16236,O008727,P0041,2,0.0
16237,O008727,P0027,2,0.2
16238,O008728,P0052,2,0.0
16239,O008728,P0032,1,0.0
16240,O008728,P0041,1,0.0
16241,O008728,P0034,2,0.4
16242,O008729,P0028,1,0.2
16243,O008729,P0031,1,0.3
16244,O008730,P0060,1,0.0
16245,O008730,P0058,5,0.0
16246,O008731,P0042,1,0.05
16247,O008731,P0035,1,0.0
16248,O008731,P0034,1,0.0
16249,O008732,P0034,1,0.0
16250,O008733,P0041,2,0.3
16251,O008734,P0016,1,0.2
16252,O008734,P0025,2,0.0
16253,O008735,P0030,1,0.1
16254,O008735,P0014,1,0.0
16255,O008736,P0031,1,0.0
16256,O008736,P0019,2,0.4
16257,O008737,P0047,4,0.3
16258,O008737,P0059,1,0.05
16259,O008738,P0009,1,0.4
16260,O008738,P0001,1,0.2
16261,O008739,P0046,1,0.2
16262,O008740,P0016,3,0.2
16263,O008741,P0032,2,0.2
16264,O008742,P0018,2,0.1
16265,O008742,P0007,1,0.0
16266,O008742,P0057,1,0.0
16267,O008743,P0010,2,0.2
16268,O008744,P0053,1,0.2
16269,O008744,P0060,1,0.0
16270,O008744,P0045,1,0.2
16271,O008744,P0013,1,0.05
16272,O008745,P0059,3,
16273,O008746,P0045,1,0.05
16274,O008747,P0057,1,0.1
16275,O008748,P0035,1,0.2
16276,O008748,P0035,1,0.2
16277,O008748,P0015,3,0.1
16278,O008749,P0052,4,0.3
16279,O008749,P0010,1,0.4
16280,O008749,P0026,1,0.05
16281,O008749,P0057,1,0.0
16282,O008750,P0042,1,0.4
16283,O008751,P0018,1,0.0
16284,O008752,P0018,1,0.0
16285,O008752,P0039,2,0.0
16286,O008753,P0060,1,0.0
16287,O008753,P0021,2,0.0
16288,O008753,P0021,2,0.05
16289,O008754,P0023,1,0.4
16290,O008755,P0029,1,0.2
16291,O008755,P0029,1,0.0
16292,O008756,P0027,1,0.2
16293,O008756,P0049,1,0.05
16294,O008757,P0010,1,0.1
16295,O008757,P0050,1,0.0
16296,O008757,P0030,1,0.2
16297,O008757,P0046,1,0.05
16298,O008758,P0046,1,0.05
16299,O008759,P0050,1,0.0
16300,O008760,P0029,1,0.1
16301,O008761,P0025,3,0.0
16302,O008761,P0040,2,0.2
16303,O008762,P0029,2,0.0
16304,O008763,P0034,1,0.0
16305,O008763,P0022,3,0.2
16306,O008764,P0048,1,0.05
16307,O008764,P0047,4,0.2
16308,O008765,P0058,2,0.0
16309,O008765,P0005,1,0.0
16310,O008766,P0036,4,0.0
16311,O008766,P0040,1,0.1
16312,O008767,P0009,3,0.0
16313,O008767,P0011,1,0.05
16314,O008767,P0034,2,0.2
16315,O008768,P0014,1,0.0
16316,O008768,P0050,2,0.4
16317,O008769,P0053,2,0.4
16318,O008769,P0053,2,0.0
16319,O008769,P0011,2,0.1
16320,O008770,P0040,5,0.3
16321,O008771,P0046,1,0.3
16322,O008771,P0003,3,0.0
16323,O008771,P0038,1,0.2
16324,O008772,P0035,1,0.0
16325,O008772,P0027,4,0.1
16326,O008773,P0003,1,0.1
16327,O008774,P0004,2,0.4
16328,O008774,P0029,1,0.2
16329,O008774,P0050,1,0.2
16330,O008775,P0021,1,0.1
16331,O008775,P0030,3,0.1
16332,O008775,P0043,3,0.1
16333,O008775,P0027,1,0.3
16334,O008776,P0023,1,0.1
16335,O008776,P0050,2,0.0
16336,O008776,P0006,5,0.1
16337,O008776,P0037,1,0.0
16338,O008777,P0043,1,0.0
16339,O008777,P0028,1,0.0
16340,O008778,P0055,2,0.05
16341,O008778,P0034,1,0.0
16342,O008778,P0047,1,0.0
16343,O008779,P0008,1,0.3
16344,O008779,P0059,3,0.0
16345,O008779,P0052,1,0.0
16346,O008780,P0029,1,0.05
16347,O008781,P0001,1,0.05
16348,O008782,P0028,1,0.05
16349,O008783,P0043,1,0.4
16350,O008784,P0004,2,0.2
16351,O008784,P0023,1,0.2
16352,O008785,P0041,1,0.0
16353,O008786,P0012,1,0.05
16354,O008787,P0047,4,0.0
16355,O008787,P0025,2,0.0
16356,O008788,P0029,1,0.0
16357,O008789,P0016,1,0.05
16358,O008790,P0049,1,0.1
16359,O008790,P0035,2,0.2
16360,O008791,P0057,1,0.0
16361,O008792,P0040,2,0.2
16362,O008792,P0045,1,0.1
16363,O008793,P0055,1,0.1
16364,O008793,P0019,4,0.1
16365,O008794,P0022,2,0.0
16366,O008794,P0057,3,0.0
16367,O008795,P0006,1,0.2
16368,O008796,P0058,3,0.05
16369,O008796,P0004,4,0.1
16370,O008797,P0046,4,0.05
16371,O008798,P0042,1,0.0
16372,O008799,P0055,5,0.2
16373,O008799,P0040,2,0.0
16374,O008800,P0016,1,0.0
16375,O008800,P0011,1,0.1
16376,O008801,P0060,1,0.1
16377,O008802,P0009,1,0.05
16378,O008803,P0016,1,0.05
16379,O008803,P0054,2,0.2
16380,O008803,P0004,1,0.0
16381,O008804,P0035,2,0.0
16382,O008805,P0056,3,0.0
16383,O008805,P0029,1,0.0
16384,O008806,P0028,2,0.3
16385,O008806,P0016,3,0.0
16386,O008806,P0032,1,0.05
16387,O008807,P0046,2,0.0
16388,O008807,P0003,1,0.0
16389,O008808,P0021,1,0.1
16390,O008808,P0012,1,0.0
16391,O008808,P0005,5,0.0
16392,O008809,P0001,1,0.2
16393,O008809,P0049,5,0.3
16394,O008810,P0041,1,0.05
16395,O008810,P0037,1,0.0
16396,O008810,P0045,1,0.2
16397,O008810,P0015,3,0.0
16398,O008811,P0049,1,0.3
16399,O008811,P0021,2,0.4
16400,O008811,P0030,1,0.0
16401,O008812,P0022,2,0.4
16402,O008813,P0006,5,0.0
16403,O008813,P0044,1,0.1
16404,O008813,P0005,2,0.2
16405,O008814,P0045,1,0.0
16406,O008815,P0037,4,0.05
16407,O008815,P0055,1,0.3
16408,O008815,P0002,2,0.2
16409,O008816,P0028,2,0.2
16410,O008816,P0027,4,0.05
16411,O008817,P0009,3,0.3
16412,O008817,P0048,1,0.0
16413,O008817,P0037,2,0.2
16414,O008817,P0008,1,0.05
16415,O008818,P0042,1,0.0
16416,O008818,P0037,1,0.0
16417,O008819,P0040,2,0.1
16418,O008820,P0030,1,0.05
16419,O008820,P0001,2,0.2
16420,O008821,P0013,1,0.0
16421,O008821,P0039,4,0.1
16422,O008822,P0034,3,0.0
16423,O008823,P0005,2,0.2
16424,O008824,P0023,2,0.05
16425,O008825,P0049,2,0.3
16426,O008825,P0002,1,0.2
16427,O008826,P0040,1,0.2
16428,O008826,P0060,1,0.05
16429,O008827,P0056,1,0.0
16430,O008827,P0043,5,0.1
16431,O008828,P0004,5,0.2
16432,O008828,P0004,5,0.0
16433,O008829,P0034,2,0.3
16434,O008830,P0045,2,0.0
16435,O008831,P0055,2,0.0
16436,O008831,P0060,2,0.05
16437,O008832,P0022,2,0.1
16438,O008832,P0004,1,0.0
16439,O008833,P0030,1,0.2
16440,O008833,P0033,2,0.0
16441,O008834,P0006,1,0.2
16442,O008834,P0036,2,0.0
16443,O008834,P0006,3,0.0
16444,O008835,P0001,3,0.0
16445,O008836,P0058,1,0.1
16446,O008836,P0020,1,0.0
16447,O008836,P0015,1,0.4
16448,O008836,P0010,1,0.3
16449,O008837,P0007,3,0.0
16450,O008837,P0041,5,0.2
16451,O008838,P0012,2,0.05
16452,O008838,P0026,1,0.0
16453,O008838,P0010,1,0.0
16454,O008839,P0047,1,0.3
16455,O008839,P0045,3,0.05
16456,O008839,P0046,2,0.0
16457,O008840,P0035,2,0.0
16458,O008840,P0024,1,0.2
16459,O008840,P0043,1,0.0
16460,O008840,P0027,4,0.1
16461,O008841,P0028,2,0.3
16462,O008841,P0058,1,0.0
16463,O008842,P0058,2,0.1
16464,O008842,P0011,1,0.0
16465,O008843,P0037,2,0.2
16466,O008843,P0036,1,0.1
16467,O008843,P0048,4,0.0
16468,O008843,P0054,1,0.0
16469,O008844,P0005,2,0.0
16470,O008845,P0019,4,0.0
16471,O008845,P0007,1,0.4
16472,O008846,P0013,1,0.0
16473,O008846,P0057,3,0.0
16474,O008847,P0049,4,0.2
16475,O008848,P0048,1,0.05
16476,O008849,P0031,1,0.0
16477,O008849,P0025,1,0.0
16478,O008849,P0031,1,0.0
16479,O008849,P0015,5,0.4
16480,O008850,P0019,1,0.0
16481,O008850,P0045,2,0.0
16482,O008851,P0042,2,0.0
16483,O008851,P0014,2,0.3
16484,O008851,P0055,4,0.0
16485,O008852,P0029,1,0.0
16486,O008852,P0007,2,0.2
16487,O008853,P0012,3,0.05
16488,O008854,P0029,2,0.0
16489,O008855,P0028,1,0.0
16490,O008855,P0032,1,0.3
16491,O008856,P0043,4,0.05
16492,O008857,P0054,2,0.0
16493,O008857,P0005,5,0.2
16494,O008857,P0015,5,0.0
16495,O008858,P0017,3,0.0
16496,O008859,P0016,4,0.2
16497,O008859,P0013,1,0.05
16498,O008860,P0026,1,0.0
16499,O008861,P0036,1,0.3
16500,O008862,P0009,5,0.1
16501,O008862,P0006,1,0.1
16502,O008863,P0044,2,0.1
16503,O008864,P0036,3,0.0
16504,O008864,P0040,1,0.0
16505,O008865,P0043,3,0.1
16506,O008865,P0059,3,0.2
16507,O008865,P0033,1,0.3
16508,O008866,P0019,1,0.0
16509,O008866,P0015,2,0.2
16510,O008866,P0058,1,0.05
16511,O008867,P0032,1,0.2
16512,O008868,P0016,2,0.05
16513,O008869,P0040,3,0.1
16514,O008870,P0054,4,0.3
16515,O008871,P0040,5,0.0
16516,O008871,P0026,3,0.0
16517,O008872,P0032,1,0.0
16518,O008872,P0006,1,0.05
16519,O008873,P0017,1,0.0
16520,O008873,P0014,2,0.0
16521,O008873,P0027,2,0.0
16522,O008873,P0012,2,0.0
16523,O008874,P0024,2,0.0
16524,O008874,P0001,2,0.0
16525,O008875,P0024,2,0.0
16526,O008876,P0043,1,0.0
16527,O008876,P0036,5,0.05
16528,O008877,P0034,1,0.1
16529,O008878,P0037,1,0.1
16530,O008879,P0027,1,0.0
16531,O008879,P0028,1,0.05
16532,O008879,P0017,3,0.05
16533,O008879,P0008,1,0.0
16534,O008880,P0031,3,0.0
16535,O008880,P0007,5,0.1
16536,O008880,P0053,1,0.0
16537,O008881,P0024,1,0.05
16538,O008881,P0022,4,0.3
16539,O008881,P0021,1,0.2
16540,O008882,P0049,3,0.1
16541,O008882,P0016,3,0.05
16542,O008882,P0034,1,0.05
16543,O008883,P0016,1,0.2
16544,O008883,P0002,2,0.0
16545,O008883,P0046,2,0.05
16546,O008884,P0043,4,0.0
16547,O008885,P0003,1,0.0
16548,O008885,P0041,1,0.0
16549,O008886,P0017,4,0.4
16550,O008886,P0052,1,0.2
16551,O008886,P0006,1,0.05
16552,O008886,P0028,1,0.4
16553,O008887,P0020,1,0.0
16554,O008887,P0050,1,0.2
16555,O008887,P0009,2,0.0
16556,O008888,P0035,1,0.4
16557,O008888,P0020,1,0.05
16558,O008889,P0047,3,0.05
16559,O008889,P0058,1,0.0
16560,O008889,P0050,3,0.4
16561,O008890,P0027,1,0.0
16562,O008891,P0040,4,0.0
16563,O008891,P0045,1,0.05
16564,O008891,P0044,3,0.0
16565,O008892,P0012,1,0.0
16566,O008893,P0057,1,0.2
16567,O008894,P0003,3,0.0
16568,O008895,P0008,3,0.4
16569,O008896,P0018,1,0.2
16570,O008896,P0038,1,0.1
16571,O008896,P0046,4,0.05
16572,O008896,P0053,4,0.0
16573,O008897,P0016,5,0.0
16574,O008898,P0046,5,0.3
16575,O008899,P0017,1,0.0
16576,O008900,P0054,1,0.1
16577,O008900,P0026,2,0.2
16578,O008901,P0018,1,0.1
16579,O008901,P0005,2,
16580,O008901,P0054,2,0.2
16581,O008902,P0024,1,0.3
16582,O008903,P0055,1,0.1
16583,O008903,P0018,3,0.0
16584,O008904,P0035,1,0.05
16585,O008905,P0060,2,0.0
16586,O008906,P0040,2,0.05
16587,O008906,P0027,2,0.0
16588,O008906,P0044,2,0.0
16589,O008907,P0037,2,0.05
16590,O008907,P0040,1,0.1
16591,O008907,P0035,1,0.0
16592,O008908,P0048,3,0.0
16593,O008908,P0035,3,0.2
16594,O008908,P0017,1,0.05
16595,O008908,P0020,2,0.0
16596,O008909,P0012,1,0.3
16597,O008910,P0017,1,0.0
16598,O008911,P0032,1,0.05
16599,O008912,P0019,4,0.0
16600,O008912,P0016,3,0.05
16601,O008913,P0057,1,0.1
16602,O008914,P0010,1,0.4
16603,O008914,P0057,1,0.0
16604,O008915,P0055,5,0.0
16605,O008915,P0018,4,0.3
16606,O008915,P0051,2,0.0
16607,O008915,P0021,2,0.0
16608,O008916,P0031,2,0.05
16609,O008916,P0053,4,0.0
16610,O008917,P0051,2,0.0
16611,O008917,P0015,2,0.2
16612,O008917,P0039,1,0.2
16613,O008918,P0052,2,0.05
16614,O008919,P0028,1,0.0
16615,O008920,P0006,1,0.2
16616,O008920,P0059,2,0.0
16617,O008920,P0012,4,0.0
16618,O008920,P0047,1,0.4
16619,O008921,P0044,1,0.1
16620,O008921,P0013,2,0.0
16621,O008922,P0058,1,0.0
16622,O008922,P0010,3,0.0
16623,O008923,P0007,1,0.1
16624,O008924,P0046,1,0.05
16625,O008925,P0021,1,0.1
16626,O008925,P0010,4,0.05
16627,O008925,P0024,1,0.0
16628,O008925,P0030,1,0.0
16629,O008926,P0022,3,0.1
16630,O008926,P0030,1,0.05
16631,O008927,P0044,4,0.2
16632,O008927,P0009,4,0.05
16633,O008928,P0016,3,0.3
16634,O008928,P0011,1,
16635,O008928,P0025,2,0.3
16636,O008929,P0006,1,0.0
16637,O008930,P0049,5,0.0
16638,O008930,P0008,1,0.4
16639,O008931,P0041,3,0.2
16640,O008931,P0030,3,0.0
16641,O008932,P0042,2,0.0
16642,O008933,P0032,1,0.2
16643,O008934,P0029,1,0.1
16644,O008935,P0023,1,0.2
16645,O008935,P0038,5,0.0
16646,O008935,P0040,4,0.2
16647,O008935,P0042,3,0.0
16648,O008936,P0055,1,0.0
16649,O008937,P0026,1,0.05
16650,O008937,P0050,1,0.0
16651,O008937,P0052,5,0.0
16652,O008937,P0054,3,0.0
16653,O008938,P0048,1,0.05
16654,O008938,P0004,1,0.0
16655,O008938,P0015,1,0.0
16656,O008939,P0020,1,0.0
16657,O008940,P0023,2,0.0
16658,O008941,P0014,1,0.0
16659,O008942,P0020,1,0.1
16660,O008943,P0046,1,0.0
16661,O008944,P0002,2,0.0
16662,O008945,P0035,1,0.0
16663,O008946,P0059,2,0.0
16664,O008946,P0050,1,0.05
16665,O008947,P0053,1,0.05
16666,O008947,P0011,2,0.4
16667,O008947,P0045,1,0.1
16668,O008948,P0033,3,0.0
16669,O008949,P0029,2,0.1
16670,O008949,P0011,1,0.05
16671,O008949,P0056,2,0.0
16672,O008950,P0041,1,0.0
16673,O008951,P0045,1,0.0
16674,O008951,P0002,3,0.0
16675,O008952,P0055,2,0.0
16676,O008952,P0050,2,0.2
16677,O008953,P0060,2,0.1
16678,O008954,P0054,1,0.0
16679,O008954,P0050,3,0.0
16680,O008955,P0048,2,0.0
16681,O008955,P0020,1,0.0
16682,O008956,P0038,1,0.05
16683,O008957,P0048,4,0.2
16684,O008958,P0044,2,0.3
16685,O008958,P0046,1,0.0
16686,O008959,P0036,5,0.1
16687,O008960,P0053,5,0.2
16688,O008961,P0022,1,0.0
16689,O008962,P0045,1,0.0
16690,O008962,P0035,2,0.05
16691,O008962,P0015,2,0.0
16692,O008962,P0014,5,0.2
16693,O008963,P0052,1,0.0
16694,O008964,P0022,4,0.05
16695,O008964,P0023,4,0.05
16696,O008964,P0054,1,0.2
16697,O008965,P0032,1,0.0
16698,O008966,P0056,1,0.05
16699,O008967,P0005,1,0.05
16700,O008968,P0038,4,0.3
16701,O008968,P0059,1,0.0
16702,O008969,P0016,1,0.4
16703,O008970,P0054,1,0.2
16704,O008970,P0054,3,0.0
16705,O008970,P0055,2,0.0
16706,O008971,P0020,5,0.05
16707,O008972,P0003,2,0.1
16708,O008973,P0022,2,0.3
16709,O008973,P0025,1,0.2
16710,O008973,P0035,1,0.1
16711,O008974,P0017,1,0.1
16712,O008975,P0009,2,0.0
16713,O008975,P0049,1,0.0
16714,O008975,P0054,1,0.0
16715,O008975,P0016,1,0.0
16716,O008976,P0026,1,0.05
16717,O008977,P0037,2,0.1
16718,O008978,P0038,1,0.1
16719,O008978,P0029,1,0.05
16720,O008979,P0018,1,0.0
16721,O008979,P0007,1,0.3
16722,O008979,P0013,1,0.3
16723,O008980,P0018,1,0.0
16724,O008980,P0027,2,0.0
16725,O008980,P0042,1,0.0
16726,O008980,P0021,1,0.05
16727,O008981,P0023,1,0.1
16728,O008982,P0048,2,0.0
16729,O008983,P0024,2,0.0
16730,O008983,P0026,4,0.05
16731,O008984,P0033,2,0.3
16732,O008984,P0016,4,0.2
16733,O008985,P0039,1,0.2
16734,O008986,P0012,1,0.0
16735,O008987,P0041,2,0.0
16736,O008988,P0033,3,0.0
16737,O008989,P0043,1,0.3
16738,O008989,P0034,1,0.2
16739,O008990,P0058,1,0.0
16740,O008991,P0050,5,0.0
16741,O008991,P0020,2,0.2
16742,O008992,P0054,1,0.0
16743,O008992,P0049,3,0.0
16744,O008992,P0035,5,0.0
16745,O008993,P0007,2,0.0
16746,O008993,P0039,1,0.0
16747,O008994,P0041,3,0.0
16748,O008994,P0022,1,0.2
16749,O008995,P0004,3,0.0
16750,O008995,P0011,2,0.05
16751,O008996,P0034,2,0.1
16752,O008997,P0040,1,0.0
16753,O008997,P0047,1,0.0
16754,O008998,P0015,5,0.0
16755,O008999,P0036,2,0.0
16756,O008999,P0022,4,0.0
16757,O008999,P0056,5,0.0
16758,O009000,P0016,1,0.0
