order_id,order_date,customer_id,ship_mode
O000001,2022-01-01,C01360,Express
O000002,2022-01-01,C00407,Express
O000003,2022-01-01,C01014,Same Day
O000004,2022-01-01,C01139,Express
O000005,2022-01-01,C00572,Express
O000006,2022-01-01,C01494,Standard
O000007,2022-01-02,C00162,Standard
O000008,2022-01-02,C00185,Express
O000009,2022-01-02,C00109,Express
O000010,2022-01-02,C00025,Standard
O000011,2022-01-02,C01189,Standard
O000012,2022-01-03,C01392,Express
O000013,2022-01-03,C01204,Same Day
O000014,2022-01-03,C00541,Express
O000015,2022-01-03,C00187,Standard
O000016,2022-01-04,C00137,Standard
O000017,2022-01-04,C01088,Standard
O000018,2022-01-04,C00470,Standard
O000019,2022-01-04,C01268,Standard
O000020,2022-01-04,C01476,Same Day
O000021,2022-01-05,C00687,Same Day
O000022,2022-01-05,C00547,Standard
O000023,2022-01-05,C00952,Standard
O000024,2022-01-05,C00484,Standard
O000025,2022-01-05,C00096,Standard
O000026,2022-01-05,C00758,Standard
O000027,2022-01-05,C00736,Standard
O000028,2022-01-06,C01014,Standard
O000029,2022-01-06,C01441,Express
O000030,2022-01-06,C00903,Standard
O000031,2022-01-06,C01019,Same Day
O000032,2022-01-06,C00122,Standard
O000033,2022-01-06,C01364,Express
O000034,2022-01-07,C01070,Standard
O000035,2022-01-07,C01226,Standard
O000036,2022-01-07,C00766,Express
O000037,2022-01-07,C01241,Standard
O000038,2022-01-07,C01290,Same Day
O000039,2022-01-07,C01126,Standard
O000040,2022-01-07,C01046,Express
O000041,2022-01-07,C00796,Standard
O000042,2022-01-07,C01414,Standard
O000043,2022-01-08,C00637,Express
O000044,2022-01-08,C00336,Standard
O000045,2022-01-08,C00530,Express
O000046,2022-01-08,C00489,Standard
O000047,2022-01-08,C01308,Standard
O000048,2022-01-08,C01303,Express
O000049,2022-01-08,C00851,Same Day
O000050,2022-01-09,C00499,Same Day
O000051,2022-01-10,C00485,Standard
O000052,2022-01-10,C01355,Express
O000053,2022-01-10,C00396,Standard
O000054,2022-01-10,C01485,Standard
O000055,2022-01-10,C01001,Standard
O000056,2022-01-10,C00373,Same Day
O000057,2022-01-10,C00126,Standard
O000058,2022-01-10,C00591,Standard
O000059,2022-01-10,C00944,Express
O000060,2022-01-10,C01212,Standard
O000061,2022-01-11,C01467,Standard
O000062,2022-01-11,C00291,Express
O000063,2022-01-11,C00108,Standard
O000064,2022-01-11,C00935,Standard
O000065,2022-01-11,C01406,Express
O000066,2022-01-12,C00929,Express
O000067,2022-01-12,C01481,Express
O000068,2022-01-12,C00963,Standard
O000069,2022-01-13,C00134,Standard
O000070,2022-01-13,C00718,Standard
O000071,2022-01-13,C01035,Standard
O000072,2022-01-13,C01058,Standard
O000073,2022-01-14,C00845,Standard
O000074,2022-01-14,C01002,Standard
O000075,2022-01-14,C01321,Standard
O000076,2022-01-14,C00204,Same Day
O000077,2022-01-14,C00586,Standard
O000078,2022-01-14,C00711,Standard
O000079,2022-01-15,C00948,Standard
O000080,2022-01-15,C00021,Standard
O000081,2022-01-15,C01479,Standard
O000082,2022-01-15,C00401,Express
O000083,2022-01-16,C01209,Standard
O000084,2022-01-16,C00128,Standard
O000085,2022-01-16,C00820,Same Day
O000086,2022-01-16,C00361,Standard
O000087,2022-01-16,C01224,Standard
O000088,2022-01-16,C00154,Standard
O000089,2022-01-17,C01132,Express
O000090,2022-01-17,C00633,Express
O000091,2022-01-17,C01250,Standard
O000092,2022-01-17,C01091,Standard
O000093,2022-01-17,C00596,Standard
O000094,2022-01-17,C00114,Express
O000095,2022-01-18,C00752,Standard
O000096,2022-01-18,C00326,Express
O000097,2022-01-18,C01343,Express
O000098,2022-01-18,C00015,Standard
O000099,2022-01-18,C00674,Standard
O000100,2022-01-19,C01105,Express
O000101,2022-01-19,C00516,Express
O000102,2022-01-19,C01030,Standard
O000103,2022-01-19,C01261,Standard
O000104,2022-01-19,C01247,Same Day
O000105,2022-01-19,C01472,Express
O000106,2022-01-20,C00591,Standard
O000107,2022-01-20,C00430,Standard
O000108,2022-01-20,C01205,Standard
O000109,2022-01-21,C00745,Express
O000110,2022-01-21,C01295,Express
O000111,2022-01-21,C00924,Express
O000112,2022-01-22,C00150,Express
O000113,2022-01-22,C00326,Standard
O000114,2022-01-22,C00406,Same Day
O000115,2022-01-22,C00099,Standard
O000116,2022-01-22,C00198,Same Day
O000117,2022-01-22,C00997,Express
O000118,2022-01-22,C00857,Express
O000119,2022-01-23,C00160,Standard
O000120,2022-01-23,C00488,Standard
O000121,2022-01-23,C00159,Express
O000122,2022-01-24,C00837,Standard
O000123,2022-01-24,C00829,Standard
O000124,2022-01-25,C01169,Standard
O000125,2022-01-25,C00337,Standard
O000126,2022-01-25,C00711,Standard
O000127,2022-01-25,C01126,Standard
O000128,2022-01-25,C01156,Standard
O000129,2022-01-25,C00152,Same Day
O000130,2022-01-25,C00942,Express
O000131,2022-01-25,C00319,Standard
O000132,2022-01-26,C00877,Standard
O000133,2022-01-26,C00750,Standard
O000134,2022-01-26,C00241,Standard
O000135,2022-01-26,C00194,Same Day
O000136,2022-01-27,C00562,Standard
O000137,2022-01-27,C01339,Standard
O000138,2022-01-27,C00926,Same Day
O000139,2022-01-27,C00933,Express
O000140,2022-01-27,C01265,Express
O000141,2022-01-28,C01193,Standard
O000142,2022-01-28,C00157,Standard
O000143,2022-01-28,C00093,Express
O000144,2022-01-28,C00265,Standard
O000145,2022-01-28,C00976,Standard
O000146,2022-01-29,C00561,Express
O000147,2022-01-29,C00733,Same Day
O000148,2022-01-29,C00746,Standard
O000149,2022-01-30,C00391,Standard
O000150,2022-01-30,C01013,Standard
O000151,2022-01-31,C01031,Standard
O000152,2022-01-31,C00675,Standard
O000153,2022-01-31,C00775,Standard
O000154,2022-01-31,C00836,Standard
O000155,2022-01-31,C01489,Standard
O000156,2022-01-31,C01283,Standard
O000157,2022-01-31,C01085,Standard
O000158,2022-01-31,C00768,Express
O000159,2022-01-31,C00704,Standard
O000160,2022-02-01,C00522,Standard
O000161,2022-02-01,C00082,Express
O000162,2022-02-01,C00551,Express
O000163,2022-02-01,C01066,Standard
O000164,2022-02-01,C00011,Standard
O000165,2022-02-01,C00849,Standard
O000166,2022-02-02,C00040,Standard
O000167,2022-02-02,C00788,Same Day
O000168,2022-02-03,C01220,Express
O000169,2022-02-03,C00956,Standard
O000170,2022-02-03,C00074,Same Day
O000171,2022-02-03,C01258,Standard
O000172,2022-02-03,C00486,Standard
O000173,2022-02-03,C00444,Express
O000174,2022-02-03,C00192,Standard
O000175,2022-02-04,C01169,Standard
O000176,2022-02-04,C00606,Express
O000177,2022-02-04,C01354,Standard
O000178,2022-02-05,C00052,Express
O000179,2022-02-05,C00936,Standard
O000180,2022-02-05,C00647,Standard
O000181,2022-02-05,C00687,Standard
O000182,2022-02-05,C01180,Express
O000183,2022-02-05,C00044,Standard
O000184,2022-02-05,C01183,Express
O000185,2022-02-06,C00367,Standard
O000186,2022-02-06,C00882,Express
O000187,2022-02-06,C01368,Standard
O000188,2022-02-06,C00602,Express
O000189,2022-02-07,C01302,Standard
O000190,2022-02-07,C00930,Standard
O000191,2022-02-07,C00955,Standard
O000192,2022-02-08,C00268,Standard
O000193,2022-02-08,C00531,Express
O000194,2022-02-08,C00999,Same Day
O000195,2022-02-09,C00761,Standard
O000196,2022-02-09,C00194,Standard
O000197,2022-02-09,C00827,Same Day
O000198,2022-02-09,C00143,Express
O000199,2022-02-09,C00186,Standard
O000200,2022-02-09,C01497,Express
O000201,2022-02-09,C01238,Standard
O000202,2022-02-09,C00847,Standard
O000203,2022-02-09,C01371,Express
O000204,2022-02-10,C01399,Standard
O000205,2022-02-10,C00560,Standard
O000206,2022-02-10,C00236,Express
O000207,2022-02-10,C00090,Standard
O000208,2022-02-10,C01130,Express
O000209,2022-02-10,C00977,Standard
O000210,2022-02-10,C00788,Standard
O000211,2022-02-11,C00591,Standard
O000212,2022-02-11,C00284,Express
O000213,2022-02-11,C00543,Standard
O000214,2022-02-11,C01200,Standard
O000215,2022-02-12,C00818,Express
O000216,2022-02-12,C01412,Standard
O000217,2022-02-12,C00844,Standard
O000218,2022-02-12,C00168,Same Day
O000219,2022-02-12,C00746,Standard
O000220,2022-02-12,C00266,Express
O000221,2022-02-12,C00214,Standard
O000222,2022-02-12,C01430,Express
O000223,2022-02-13,C00053,Standard
O000224,2022-02-13,C00029,Standard
O000225,2022-02-13,C01199,Standard
O000226,2022-02-13,C01077,Standard
O000227,2022-02-14,C01303,Standard
O000228,2022-02-14,C01036,Express
O000229,2022-02-14,C00313,Standard
O000230,2022-02-14,C00621,Standard
O000231,2022-02-14,C00424,Express
O000232,2022-02-14,C01031,Express
O000233,2022-02-14,C00094,Standard
O000234,2022-02-14,C01007,Standard
O000235,2022-02-14,C00718,Standard
O000236,2022-02-14,C00784,Express
O000237,2022-02-15,C00953,Express
O000238,2022-02-15,C00972,Standard
O000239,2022-02-15,C01405,Standard
O000240,2022-02-15,C00517,Express
O000241,2022-02-15,C01401,Standard
O000242,2022-02-16,C00407,Express
O000243,2022-02-16,C00393,Standard
O000244,2022-02-16,C00435,Standard
O000245,2022-02-16,C00329,Same Day
O000246,2022-02-16,C00609,Express
O000247,2022-02-16,C01088,Express
O000248,2022-02-17,C00248,Standard
O000249,2022-02-17,C00625,Standard
O000250,2022-02-17,C00855,Same Day
O000251,2022-02-17,C00255,Same Day
O000252,2022-02-17,C00906,Standard
O000253,2022-02-18,C00019,Same Day
O000254,2022-02-18,C00919,Standard
O000255,2022-02-18,C00205,Standard
O000256,2022-02-18,C01072,Same Day
O000257,2022-02-18,C01271,Standard
O000258,2022-02-18,C01116,Standard
O000259,2022-02-20,C00935,Same Day
O000260,2022-02-20,C01104,Express
O000261,2022-02-20,C00132,Standard
O000262,2022-02-20,C01048,Standard
O000263,2022-02-20,C00558,Standard
O000264,2022-02-21,C00631,Same Day
O000265,2022-02-21,C00373,Express
O000266,2022-02-21,C00525,Express
O000267,2022-02-22,C00919,Express
O000268,2022-02-22,C00295,Standard
O000269,2022-02-22,C00188,Same Day
O000270,2022-02-22,C01227,Express
O000271,2022-02-22,C00074,Standard
O000272,2022-02-22,C00812,Standard
O000273,2022-02-22,C00152,Express
O000274,2022-02-23,C00407,Express
O000275,2022-02-23,C00672,Standard
O000276,2022-02-23,C00768,Standard
O000277,2022-02-23,C00457,Standard
O000278,2022-02-23,C00204,Express
O000279,2022-02-24,C00559,Standard
O000280,2022-02-24,C01360,Express
O000281,2022-02-24,C00335,Express
O000282,2022-02-24,C00754,Standard
O000283,2022-02-24,C01261,Same Day
O000284,2022-02-25,C00924,Express
O000285,2022-02-25,C00035,Express
O000286,2022-02-25,C00761,Standard
O000287,2022-02-25,C01077,Standard
O000288,2022-02-25,C00167,Standard
O000289,2022-02-26,C01129,Standard
O000290,2022-02-26,C00225,Standard
O000291,2022-02-27,C00079,Standard
O000292,2022-02-27,C00017,Standard
O000293,2022-02-27,C01228,Standard
O000294,2022-02-27,C01080,Same Day
O000295,2022-02-27,C01060,Standard
O000296,2022-02-27,C00651,Standard
O000297,2022-02-27,C00292,Standard
O000298,2022-02-27,C00749,Standard
O000299,2022-02-28,C00382,Express
O000300,2022-03-01,C00216,Standard
O000301,2022-03-01,C01003,Standard
O000302,2022-03-01,C01171,Express
O000303,2022-03-01,C01205,Express
O000304,2022-03-02,C00443,Standard
O000305,2022-03-02,C00193,Express
O000306,2022-03-02,C00900,Same Day
O000307,2022-03-02,C01131,Standard
O000308,2022-03-02,C00087,Express
O000309,2022-03-02,C00693,Standard
O000310,2022-03-02,C00186,Standard
O000311,2022-03-02,C00286,Standard
O000312,2022-03-02,C00250,Standard
O000313,2022-03-02,C00878,Express
O000314,2022-03-02,C00481,Express
O000315,2022-03-02,C00168,Express
O000316,2022-03-03,C00306,Standard
O000317,2022-03-03,C01302,Express
O000318,2022-03-03,C01481,Standard
O000319,2022-03-03,C00952,Express
O000320,2022-03-03,C00391,Standard
O000321,2022-03-03,C01088,Standard
O000322,2022-03-03,C01331,Standard
O000323,2022-03-04,C00263,Express
O000324,2022-03-04,C01482,Standard
O000325,2022-03-04,C00982,Standard
O000326,2022-03-04,C00498,Standard
O000327,2022-03-04,C01353,Standard
O000328,2022-03-04,C00627,Standard
O000329,2022-03-04,C01183,Standard
O000330,2022-03-04,C00251,Standard
O000331,2022-03-04,C01364,Standard
O000332,2022-03-04,C00473,Express
O000333,2022-03-05,C00840,Express
O000334,2022-03-05,C00811,Standard
O000335,2022-03-05,C01308,Standard
O000336,2022-03-05,C01488,Standard
O000337,2022-03-05,C00918,Standard
O000338,2022-03-06,C00148,Standard
O000339,2022-03-06,C01437,Express
O000340,2022-03-06,C01166,Express
O000341,2022-03-06,C00400,Standard
O000342,2022-03-06,C00457,Standard
O000343,2022-03-07,C01001,Express
O000344,2022-03-07,C01314,Standard
O000345,2022-03-07,C00390,Standard
O000346,2022-03-08,C01166,Express
O000347,2022-03-08,C00270,Standard
O000348,2022-03-08,C00698,Standard
O000349,2022-03-08,C00191,Express
O000350,2022-03-08,C01435,Standard
O000351,2022-03-08,C01442,Same Day
O000352,2022-03-08,C00101,Same Day
O000353,2022-03-09,C01344,Express
O000354,2022-03-09,C01351,Standard
O000355,2022-03-09,C00349,Express
O000356,2022-03-10,C01024,Express
O000357,2022-03-10,C01405,Same Day
O000358,2022-03-10,C00656,Standard
O000359,2022-03-10,C00032,Standard
O000360,2022-03-10,C00270,Standard
O000361,2022-03-10,C00246,Express
O000362,2022-03-10,C01430,Standard
O000363,2022-03-10,C00803,Standard
O000364,2022-03-11,C01064,Standard
O000365,2022-03-11,C00487,Standard
O000366,2022-03-11,C01128,Standard
O000367,2022-03-11,C00613,Standard
O000368,2022-03-12,C00031,Same Day
O000369,2022-03-12,C00829,Standard
O000370,2022-03-12,C00640,Standard
O000371,2022-03-12,C01370,Standard
O000372,2022-03-12,C00408,Express
O000373,2022-03-13,C00983,Standard
O000374,2022-03-13,C00287,Express
O000375,2022-03-14,C01400,Standard
O000376,2022-03-14,C01454,Express
O000377,2022-03-14,C01434,Standard
O000378,2022-03-14,C00829,Standard
O000379,2022-03-14,C00669,Standard
O000380,2022-03-14,C00217,Same Day
O000381,2022-03-14,C00701,Standard
O000382,2022-03-14,C00440,Express
O000383,2022-03-15,C00641,Express
O000384,2022-03-15,C01452,Standard
O000385,2022-03-15,C00536,Standard
O000386,2022-03-15,C01301,Express
O000387,2022-03-15,C00983,Same Day
O000388,2022-03-15,C00666,Express
O000389,2022-03-16,C00369,Express
O000390,2022-03-16,C01224,Standard
O000391,2022-03-16,C00491,Standard
O000392,2022-03-16,C01211,Express
O000393,2022-03-16,C00361,Express
O000394,2022-03-16,C00786,Standard
O000395,2022-03-16,C00315,Same Day
O000396,2022-03-16,C01268,Standard
O000397,2022-03-16,C00508,Standard
O000398,2022-03-17,C01333,Express
O000399,2022-03-17,C00414,Standard
O000400,2022-03-17,C00507,Standard
O000401,2022-03-17,C00120,Express
O000402,2022-03-17,C00925,Standard
O000403,2022-03-18,C01479,Standard
O000404,2022-03-18,C00985,Express
O000405,2022-03-18,C00021,Standard
O000406,2022-03-18,C00839,Same Day
O000407,2022-03-19,C01456,Standard
O000408,2022-03-19,C00287,Standard
O000409,2022-03-19,C01128,Standard
O000410,2022-03-19,C00545,Same Day
O000411,2022-03-19,C00837,Standard
O000412,2022-03-19,C00197,Standard
O000413,2022-03-19,C01107,Standard
O000414,2022-03-19,C00153,Express
O000415,2022-03-19,C01422,Standard
O000416,2022-03-20,C00776,Standard
O000417,2022-03-20,C01392,Same Day
O000418,2022-03-20,C01254,Express
O000419,2022-03-20,C01149,Standard
O000420,2022-03-20,C01484,Standard
O000421,2022-03-20,C01134,Express
O000422,2022-03-20,C00397,Express
O000423,2022-03-20,C00418,Express
O000424,2022-03-21,C00767,Standard
O000425,2022-03-21,C00119,Standard
O000426,2022-03-21,C00345,Standard
O000427,2022-03-21,C00799,Standard
O000428,2022-03-22,C01217,Standard
O000429,2022-03-22,C01499,Express
O000430,2022-03-22,C00813,Standard
O000431,2022-03-22,C00824,Express
O000432,2022-03-22,C00502,Standard
O000433,2022-03-22,C00712,Standard
O000434,2022-03-23,C01498,Standard
O000435,2022-03-23,C01314,Standard
O000436,2022-03-23,C01452,Same Day
O000437,2022-03-23,C00442,Standard
O000438,2022-03-23,C01203,Standard
O000439,2022-03-23,C01261,Standard
O000440,2022-03-24,C00963,Standard
O000441,2022-03-24,C01337,Express
O000442,2022-03-24,C00640,Standard
O000443,2022-03-24,C00216,Standard
O000444,2022-03-24,C00568,Standard
O000445,2022-03-24,C00862,Standard
O000446,2022-03-24,C00839,Standard
O000447,2022-03-25,C01374,Standard
O000448,2022-03-25,C01369,Standard
O000449,2022-03-25,C01230,Express
O000450,2022-03-25,C00612,Standard
O000451,2022-03-25,C01275,Standard
O000452,2022-03-25,C00100,Standard
O000453,2022-03-26,C00829,Standard
O000454,2022-03-26,C01094,Standard
O000455,2022-03-26,C01269,Express
O000456,2022-03-27,C00992,Standard
O000457,2022-03-27,C00715,Standard
O000458,2022-03-27,C00147,Standard
O000459,2022-03-27,C00610,Express
O000460,2022-03-27,C00784,Standard
O000461,2022-03-27,C01303,Express
O000462,2022-03-27,C00681,Same Day
O000463,2022-03-27,C00655,Same Day
O000464,2022-03-27,C00347,Standard
O000465,2022-03-27,C01115,Standard
O000466,2022-03-28,C00208,Standard
O000467,2022-03-28,C00200,Standard
O000468,2022-03-28,C00108,Express
O000469,2022-03-28,C01249,Standard
O000470,2022-03-28,C00171,Standard
O000471,2022-03-28,C01469,Same Day
O000472,2022-03-28,C01051,Express
O000473,2022-03-28,C01289,Standard
O000474,2022-03-29,C00775,Standard
O000475,2022-03-29,C00734,Standard
O000476,2022-03-29,C00767,Standard
O000477,2022-03-29,C00248,Standard
O000478,2022-03-29,C00610,Standard
O000479,2022-03-29,C00209,Standard
O000480,2022-03-30,C00335,Standard
O000481,2022-03-30,C00899,Express
O000482,2022-03-30,C01260,Standard
O000483,2022-03-30,C00381,Standard
O000484,2022-03-30,C01087,Standard
O000485,2022-03-30,C01287,Standard
O000486,2022-03-30,C00558,Standard
O000487,2022-03-31,C00246,Express
O000488,2022-03-31,C00345,Express
O000489,2022-03-31,C00967,Same Day
O000490,2022-03-31,C00757,Same Day
O000491,2022-03-31,C01016,Same Day
O000492,2022-03-31,C00286,Express
O000493,2022-03-31,C00548,Standard
O000494,2022-03-31,C00783,Express
O000495,2022-03-31,C00598,Standard
O000496,2022-03-31,C00796,Standard
O000497,2022-03-31,C00470,Standard
O000498,2022-03-31,C00217,Same Day
O000499,2022-04-01,C00786,Standard
O000500,2022-04-01,C00682,Standard
O000501,2022-04-01,C01386,Express
O000502,2022-04-01,C00698,Express
O000503,2022-04-01,C00210,Same Day
O000504,2022-04-01,C00641,Standard
O000505,2022-04-02,C00904,Standard
O000506,2022-04-02,C01017,Express
O000507,2022-04-02,C00983,Standard
O000508,2022-04-02,C01100,Express
O000509,2022-04-02,C01323,Standard
O000510,2022-04-03,C01423,Standard
O000511,2022-04-03,C00706,Standard
O000512,2022-04-03,C00301,Standard
O000513,2022-04-03,C00794,Same Day
O000514,2022-04-03,C00768,Standard
O000515,2022-04-04,C01496,Standard
O000516,2022-04-04,C00227,Express
O000517,2022-04-04,C01186,Standard
O000518,2022-04-04,C00039,Standard
O000519,2022-04-05,C00541,Express
O000520,2022-04-05,C00740,Same Day
O000521,2022-04-05,C01050,Standard
O000522,2022-04-05,C00447,Standard
O000523,2022-04-06,C00611,Standard
O000524,2022-04-06,C00881,Standard
O000525,2022-04-06,C00064,Standard
O000526,2022-04-06,C01224,Express
O000527,2022-04-06,C00772,Express
O000528,2022-04-07,C01107,Standard
O000529,2022-04-07,C00798,Standard
O000530,2022-04-07,C00087,Express
O000531,2022-04-07,C01048,Standard
O000532,2022-04-07,C01060,Standard
O000533,2022-04-07,C00676,Express
O000534,2022-04-07,C00447,Express
O000535,2022-04-08,C00677,Express
O000536,2022-04-08,C00980,Standard
O000537,2022-04-08,C00693,Standard
O000538,2022-04-08,C00174,Standard
O000539,2022-04-08,C00688,Standard
O000540,2022-04-08,C01033,Standard
O000541,2022-04-08,C00725,Express
O000542,2022-04-08,C00313,Standard
O000543,2022-04-09,C00617,Express
O000544,2022-04-09,C00886,Standard
O000545,2022-04-09,C00525,Standard
O000546,2022-04-09,C01109,Express
O000547,2022-04-10,C00756,Standard
O000548,2022-04-10,C00732,Same Day
O000549,2022-04-10,C00749,Same Day
O000550,2022-04-10,C01195,Standard
O000551,2022-04-10,C00472,Standard
O000552,2022-04-11,C00168,Standard
O000553,2022-04-11,C00248,Express
O000554,2022-04-11,C00145,Standard
O000555,2022-04-11,C00532,Standard
O000556,2022-04-11,C00846,Express
O000557,2022-04-12,C00253,Same Day
O000558,2022-04-12,C00196,Same Day
O000559,2022-04-12,C00034,Express
O000560,2022-04-12,C00068,Standard
O000561,2022-04-13,C00195,Express
O000562,2022-04-13,C00151,Standard
O000563,2022-04-13,C01314,Standard
O000564,2022-04-13,C00115,Same Day
O000565,2022-04-13,C01143,Standard
O000566,2022-04-13,C00836,Express
O000567,2022-04-13,C00800,Standard
O000568,2022-04-13,C00536,Express
O000569,2022-04-14,C00844,Standard
O000570,2022-04-14,C00907,Standard
O000571,2022-04-14,C00351,Standard
O000572,2022-04-14,C01143,Standard
O000573,2022-04-14,C01418,Standard
O000574,2022-04-14,C01174,Standard
O000575,2022-04-14,C01435,Standard
O000576,2022-04-15,C01213,Standard
O000577,2022-04-15,C00857,Standard
O000578,2022-04-15,C00303,Standard
O000579,2022-04-15,C00584,Standard
O000580,2022-04-15,C00955,Standard
O000581,2022-04-15,C00077,Express
O000582,2022-04-16,C01005,Standard
O000583,2022-04-16,C01078,Standard
O000584,2022-04-17,C00039,Standard
O000585,2022-04-17,C00470,Standard
O000586,2022-04-17,C00736,Standard
O000587,2022-04-17,C00181,Standard
O000588,2022-04-17,C01034,Express
O000589,2022-04-17,C00523,Standard
O000590,2022-04-17,C00657,Standard
O000591,2022-04-17,C00520,Express
O000592,2022-04-17,C00371,Standard
O000593,2022-04-18,C00559,Standard
O000594,2022-04-18,C01256,Standard
O000595,2022-04-18,C01190,Standard
O000596,2022-04-19,C01435,Standard
O000597,2022-04-19,C01168,Standard
O000598,2022-04-19,C00611,Standard
O000599,2022-04-19,C01326,Express
O000600,2022-04-19,C00672,Standard
O000601,2022-04-20,C01050,Express
O000602,2022-04-20,C01212,Standard
O000603,2022-04-20,C00997,Standard
O000604,2022-04-20,C00293,Same Day
O000605,2022-04-20,C01467,Same Day
O000606,2022-04-21,C00591,Standard
O000607,2022-04-21,C00111,Same Day
O000608,2022-04-21,C01134,Standard
O000609,2022-04-21,C00463,Standard
O000610,2022-04-21,C00337,Standard
O000611,2022-04-22,C00830,Standard
O000612,2022-04-22,C00241,Express
O000613,2022-04-22,C00380,Standard
O000614,2022-04-22,C00901,Standard
O000615,2022-04-22,C01329,Standard
O000616,2022-04-22,C00623,Express
O000617,2022-04-23,C00428,Standard
O000618,2022-04-23,C00853,Express
O000619,2022-04-23,C00717,Standard
O000620,2022-04-23,C00042,Express
O000621,2022-04-23,C01476,Standard
O000622,2022-04-23,C01454,Standard
O000623,2022-04-24,C01472,Standard
O000624,2022-04-24,C00451,Same Day
O000625,2022-04-24,C01202,Standard
O000626,2022-04-24,C01217,Standard
O000627,2022-04-24,C01151,Express
O000628,2022-04-24,C00917,Standard
O000629,2022-04-24,C01335,Express
O000630,2022-04-25,C00839,Standard
O000631,2022-04-25,C00510,Standard
O000632,2022-04-25,C00093,Same Day
O000633,2022-04-25,C00888,Express
O000634,2022-04-25,C01388,Same Day
O000635,2022-04-25,C00212,Standard
O000636,2022-04-25,C00618,Express
O000637,2022-04-26,C00786,Standard
O000638,2022-04-26,C00579,Express
O000639,2022-04-26,C00915,Standard
O000640,2022-04-26,C00392,Standard
O000641,2022-04-26,C01082,Standard
O000642,2022-04-26,C00187,Express
O000643,2022-04-27,C00480,Same Day
O000644,2022-04-27,C00091,Standard
O000645,2022-04-27,C01039,Express
O000646,2022-04-27,C01290,Express
O000647,2022-04-27,C01337,Standard
O000648,2022-04-27,C00851,Express
O000649,2022-04-27,C01203,Express
O000650,2022-04-28,C00468,Express
O000651,2022-04-28,C00691,Standard
O000652,2022-04-29,C01353,Express
O000653,2022-04-29,C00175,Standard
O000654,2022-04-29,C01329,Express
O000655,2022-04-29,C00179,Standard
O000656,2022-04-29,C01018,Standard
O000657,2022-04-29,C01461,Same Day
O000658,2022-04-29,C00003,Standard
O000659,2022-04-29,C01320,Express
O000660,2022-04-30,C01178,Standard
O000661,2022-04-30,C01399,Standard
O000662,2022-04-30,C00588,Standard
O000663,2022-04-30,C00381,Standard
O000664,2022-04-30,C01421,Standard
O000665,2022-05-01,C00160,Standard
O000666,2022-05-01,C01352,Standard
O000667,2022-05-01,C00419,Standard
O000668,2022-05-01,C01494,Standard
O000669,2022-05-02,C00170,Express
O000670,2022-05-02,C00611,Standard
O000671,2022-05-02,C00067,Express
O000672,2022-05-02,C01370,Standard
O000673,2022-05-02,C01427,Standard
O000674,2022-05-02,C00352,Standard
O000675,2022-05-02,C01168,Standard
O000676,2022-05-03,C00526,Standard
O000677,2022-05-03,C00921,Standard
O000678,2022-05-03,C01305,Express
O000679,2022-05-03,C01193,Express
O000680,2022-05-03,C00154,Same Day
O000681,2022-05-03,C01425,Standard
O000682,2022-05-03,C00647,Standard
O000683,2022-05-03,C00874,Same Day
O000684,2022-05-04,C00749,Standard
O000685,2022-05-04,C01472,Express
O000686,2022-05-04,C00738,Standard
O000687,2022-05-04,C00769,Standard
O000688,2022-05-05,C01301,Same Day
O000689,2022-05-05,C00078,Standard
O000690,2022-05-05,C00385,Express
O000691,2022-05-05,C00340,Express
O000692,2022-05-05,C00022,Standard
O000693,2022-05-05,C00108,Same Day
O000694,2022-05-05,C01082,Standard
O000695,2022-05-05,C00735,Standard
O000696,2022-05-06,C00970,Same Day
O000697,2022-05-06,C01394,Express
O000698,2022-05-06,C00174,Standard
O000699,2022-05-06,C00195,Standard
O000700,2022-05-06,C00333,Express
O000701,2022-05-06,C01126,Express
O000702,2022-05-07,C00815,Standard
O000703,2022-05-08,C00322,Standard
O000704,2022-05-08,C00143,Standard
O000705,2022-05-08,C01112,Standard
O000706,2022-05-08,C00399,Standard
O000707,2022-05-08,C00415,Express
O000708,2022-05-08,C01440,Standard
O000709,2022-05-08,C00781,Standard
O000710,2022-05-08,C00130,Standard
O000711,2022-05-09,C00985,Standard
O000712,2022-05-09,C00176,Standard
O000713,2022-05-09,C00750,Express
O000714,2022-05-09,C01447,Express
O000715,2022-05-09,C00487,Express
O000716,2022-05-09,C00693,Standard
O000717,2022-05-09,C01141,Express
O000718,2022-05-10,C00364,Express
O000719,2022-05-10,C00409,Standard
O000720,2022-05-10,C01193,Standard
O000721,2022-05-10,C00824,Same Day
O000722,2022-05-10,C01116,Express
O000723,2022-05-11,C00606,Standard
O000724,2022-05-11,C00597,Express
O000725,2022-05-12,C01367,Standard
O000726,2022-05-12,C01213,Standard
O000727,2022-05-12,C01214,Standard
O000728,2022-05-12,C00289,Express
O000729,2022-05-12,C00472,Standard
O000730,2022-05-12,C01342,Standard
O000731,2022-05-12,C00728,Standard
O000732,2022-05-13,C00806,Express
O000733,2022-05-13,C01476,Express
O000734,2022-05-14,C00322,Standard
O000735,2022-05-14,C00283,Standard
O000736,2022-05-14,C00095,Standard
O000737,2022-05-14,C00383,Express
O000738,2022-05-14,C01451,Express
O000739,2022-05-14,C00826,Standard
O000740,2022-05-14,C00930,Express
O000741,2022-05-15,C00898,Standard
O000742,2022-05-15,C00734,Standard
O000743,2022-05-15,C00950,Express
O000744,2022-05-15,C01404,Standard
O000745,2022-05-15,C01493,Standard
O000746,2022-05-15,C00392,Standard
O000747,2022-05-15,C01418,Standard
O000748,2022-05-15,C00969,Same Day
O000749,2022-05-16,C01363,Express
O000750,2022-05-16,C01337,Standard
O000751,2022-05-16,C00789,Express
O000752,2022-05-17,C01423,Express
O000753,2022-05-17,C01212,Express
O000754,2022-05-17,C00158,Standard
O000755,2022-05-17,C01392,Express
O000756,2022-05-17,C00487,Standard
O000757,2022-05-17,C00711,Standard
O000758,2022-05-18,C01136,Standard
O000759,2022-05-18,C00931,Express
O000760,2022-05-18,C01092,Same Day
O000761,2022-05-18,C00018,Same Day
O000762,2022-05-19,C00701,Standard
O000763,2022-05-19,C00284,Express
O000764,2022-05-19,C00841,Standard
O000765,2022-05-19,C01394,Standard
O000766,2022-05-19,C00146,Standard
O000767,2022-05-19,C00336,Standard
O000768,2022-05-19,C00278,Standard
O000769,2022-05-20,C00083,Standard
O000770,2022-05-20,C00407,Standard
O000771,2022-05-20,C01429,Express
O000772,2022-05-20,C00651,Standard
O000773,2022-05-20,C01233,Standard
O000774,2022-05-21,C00051,Express
O000775,2022-05-21,C00954,Express
O000776,2022-05-21,C01458,Express
O000777,2022-05-21,C00663,Standard
O000778,2022-05-22,C00143,Standard
O000779,2022-05-22,C00553,Express
O000780,2022-05-22,C00725,Express
O000781,2022-05-22,C00405,Standard
O000782,2022-05-23,C01499,Standard
O000783,2022-05-23,C00127,Express
O000784,2022-05-23,C01476,Express
O000785,2022-05-23,C00977,Standard
O000786,2022-05-23,C00946,Standard
O000787,2022-05-24,C01124,Standard
O000788,2022-05-24,C01269,Standard
O000789,2022-05-24,C00586,Express
O000790,2022-05-24,C00749,Express
O000791,2022-05-24,C00373,Express
O000792,2022-05-25,C00801,Standard
O000793,2022-05-25,C00611,Express
O000794,2022-05-25,C00114,Same Day
O000795,2022-05-26,C01296,Standard
O000796,2022-05-26,C01258,Standard
O000797,2022-05-26,C00962,Standard
O000798,2022-05-26,C01074,Standard
O000799,2022-05-27,C01068,Standard
O000800,2022-05-27,C00178,Standard
O000801,2022-05-27,C00565,Express
O000802,2022-05-27,C00470,Standard
O000803,2022-05-28,C00254,Express
O000804,2022-05-28,C00662,Standard
O000805,2022-05-28,C01024,Standard
O000806,2022-05-28,C01310,Standard
O000807,2022-05-28,C00514,Standard
O000808,2022-05-29,C00067,Same Day
O000809,2022-05-29,C00663,Express
O000810,2022-05-29,C00784,Standard
O000811,2022-05-30,C00222,Express
O000812,2022-05-30,C01202,Standard
O000813,2022-05-30,C00429,Standard
O000814,2022-05-30,C01158,Standard
O000815,2022-05-31,C01440,Express
O000816,2022-05-31,C00542,Same Day
O000817,2022-05-31,C00003,Standard
O000818,2022-05-31,C01316,Standard
O000819,2022-05-31,C01259,Standard
O000820,2022-05-31,C00285,Same Day
O000821,2022-06-01,C01350,Standard
O000822,2022-06-01,C01421,Standard
O000823,2022-06-02,C00159,Standard
O000824,2022-06-02,C01018,Same Day
O000825,2022-06-02,C00052,Standard
O000826,2022-06-02,C01160,Standard
O000827,2022-06-02,C00891,Standard
O000828,2022-06-02,C01202,Standard
O000829,2022-06-02,C00275,Standard
O000830,2022-06-02,C01417,Standard
O000831,2022-06-02,C00330,Express
O000832,2022-06-02,C00613,Standard
O000833,2022-06-03,C00965,Standard
O000834,2022-06-03,C00394,Standard
O000835,2022-06-03,C00743,Same Day
O000836,2022-06-03,C01128,Standard
O000837,2022-06-03,C00621,Standard
O000838,2022-06-03,C00688,Standard
O000839,2022-06-04,C00495,Express
O000840,2022-06-04,C00218,Standard
O000841,2022-06-04,C00404,Standard
O000842,2022-06-04,C01445,Standard
O000843,2022-06-04,C00560,Standard
O000844,2022-06-04,C01067,Standard
O000845,2022-06-05,C00010,Standard
O000846,2022-06-05,C01182,Express
O000847,2022-06-05,C01055,Standard
O000848,2022-06-05,C00626,Standard
O000849,2022-06-05,C01233,Standard
O000850,2022-06-05,C00251,Same Day
O000851,2022-06-06,C00439,Express
O000852,2022-06-07,C01482,Standard
O000853,2022-06-07,C00504,Standard
O000854,2022-06-07,C00432,Same Day
O000855,2022-06-07,C00216,Express
O000856,2022-06-08,C00397,Standard
O000857,2022-06-08,C01139,Standard
O000858,2022-06-09,C00687,Express
O000859,2022-06-09,C00374,Standard
O000860,2022-06-09,C00307,Express
O000861,2022-06-09,C01010,Standard
O000862,2022-06-09,C01213,Express
O000863,2022-06-10,C00901,Standard
O000864,2022-06-10,C00801,Express
O000865,2022-06-10,C00415,Standard
O000866,2022-06-11,C00275,Same Day
O000867,2022-06-11,C00815,Same Day
O000868,2022-06-11,C00198,Express
O000869,2022-06-11,C01336,Standard
O000870,2022-06-11,C01449,Express
O000871,2022-06-11,C01342,Standard
O000872,2022-06-11,C00178,Standard
O000873,2022-06-12,C00007,Standard
O000874,2022-06-12,C00908,Standard
O000875,2022-06-12,C00963,Same Day
O000876,2022-06-12,C01468,Express
O000877,2022-06-12,C01436,Express
O000878,2022-06-12,C00071,Express
O000879,2022-06-12,C01104,Express
O000880,2022-06-13,C01477,Express
O000881,2022-06-13,C01390,Standard
O000882,2022-06-13,C00271,Standard
O000883,2022-06-13,C00489,Standard
O000884,2022-06-13,C00388,Standard
O000885,2022-06-13,C01263,Standard
O000886,2022-06-13,C01454,Standard
O000887,2022-06-13,C00621,Express
O000888,2022-06-13,C00802,Standard
O000889,2022-06-14,C00922,Standard
O000890,2022-06-14,C00851,Same Day
O000891,2022-06-14,C00051,Express
O000892,2022-06-14,C00757,Standard
O000893,2022-06-14,C00377,Standard
O000894,2022-06-14,C00480,Standard
O000895,2022-06-14,C01196,Standard
O000896,2022-06-15,C00302,Standard
O000897,2022-06-15,C00061,Standard
O000898,2022-06-15,C00690,Express
O000899,2022-06-15,C00279,Same Day
O000900,2022-06-15,C01017,Standard
O000901,2022-06-15,C00433,Same Day
O000902,2022-06-15,C01460,Express
O000903,2022-06-16,C00896,Express
O000904,2022-06-16,C00057,Express
O000905,2022-06-16,C01379,Standard
O000906,2022-06-16,C00583,Express
O000907,2022-06-17,C00925,Standard
O000908,2022-06-17,C00199,Standard
O000909,2022-06-17,C00454,Standard
O000910,2022-06-17,C00890,Standard
O000911,2022-06-17,C00182,Express
O000912,2022-06-17,C01017,Express
O000913,2022-06-17,C00330,Standard
O000914,2022-06-17,C00600,Standard
O000915,2022-06-17,C00991,Standard
O000916,2022-06-17,C01405,Standard
O000917,2022-06-17,C00879,Standard
O000918,2022-06-17,C00536,Standard
O000919,2022-06-17,C01257,Standard
O000920,2022-06-18,C01011,Express
O000921,2022-06-18,C01125,Standard
O000922,2022-06-18,C01130,Standard
O000923,2022-06-18,C00576,Standard
O000924,2022-06-18,C00992,Express
O000925,2022-06-18,C01145,Express
O000926,2022-06-19,C01394,Standard
O000927,2022-06-19,C00190,Express
O000928,2022-06-19,C01146,Standard
O000929,2022-06-19,C00539,Standard
O000930,2022-06-20,C01478,Express
O000931,2022-06-20,C00509,Express
O000932,2022-06-20,C00776,Standard
O000933,2022-06-20,C01452,Express
O000934,2022-06-20,C00461,Express
O000935,2022-06-20,C00563,Standard
O000936,2022-06-20,C00232,Standard
O000937,2022-06-20,C01498,Express
O000938,2022-06-20,C01300,Standard
O000939,2022-06-20,C01335,Standard
O000940,2022-06-21,C01203,Express
O000941,2022-06-21,C01434,Express
O000942,2022-06-21,C01182,Express
O000943,2022-06-21,C00891,Standard
O000944,2022-06-21,C01403,Express
O000945,2022-06-21,C00747,Express
O000946,2022-06-22,C01013,Same Day
O000947,2022-06-22,C00079,Standard
O000948,2022-06-22,C00285,Same Day
O000949,2022-06-22,C00665,Standard
O000950,2022-06-22,C00209,Standard
O000951,2022-06-22,C00897,Standard
O000952,2022-06-22,C00254,Standard
O000953,2022-06-22,C00763,Standard
O000954,2022-06-23,C00898,Standard
O000955,2022-06-23,C00680,Express
O000956,2022-06-23,C00037,Express
O000957,2022-06-23,C01191,Express
O000958,2022-06-24,C00293,Standard
O000959,2022-06-24,C00131,Standard
O000960,2022-06-24,C00573,Standard
O000961,2022-06-24,C00213,Standard
O000962,2022-06-24,C00457,Standard
O000963,2022-06-24,C00776,Standard
O000964,2022-06-24,C00267,Express
O000965,2022-06-25,C01126,Standard
O000966,2022-06-25,C00763,Standard
O000967,2022-06-25,C01022,Same Day
O000968,2022-06-25,C01023,Standard
O000969,2022-06-25,C00464,Express
O000970,2022-06-25,C00914,Express
O000971,2022-06-25,C01004,Same Day
O000972,2022-06-25,C00477,Standard
O000973,2022-06-25,C00994,Standard
O000974,2022-06-26,C00294,Express
O000975,2022-06-26,C00737,Standard
O000976,2022-06-26,C00101,Standard
O000977,2022-06-26,C00352,Standard
O000978,2022-06-27,C00969,Standard
O000979,2022-06-27,C00950,Standard
O000980,2022-06-27,C01478,Standard
O000981,2022-06-27,C01481,Same Day
O000982,2022-06-27,C00389,Express
O000983,2022-06-27,C00490,Standard
O000984,2022-06-27,C00319,Express
O000985,2022-06-27,C00398,Standard
O000986,2022-06-28,C00999,Standard
O000987,2022-06-28,C00833,Standard
O000988,2022-06-28,C01406,Standard
O000989,2022-06-28,C00703,Standard
O000990,2022-06-28,C01232,Same Day
O000991,2022-06-28,C00232,Standard
O000992,2022-06-29,C01095,Standard
O000993,2022-06-29,C00064,Standard
O000994,2022-06-29,C01276,Express
O000995,2022-06-30,C01172,Standard
O000996,2022-06-30,C00669,Same Day
O000997,2022-06-30,C01395,Express
O000998,2022-07-01,C00453,Standard
O000999,2022-07-01,C01466,Same Day
O001000,2022-07-01,C01370,Standard
O001001,2022-07-01,C00022,Express
O001002,2022-07-01,C00211,Standard
O001003,2022-07-01,C00791,Same Day
O001004,2022-07-01,C01285,Standard
O001005,2022-07-01,C00020,Express
O001006,2022-07-02,C00977,Express
O001007,2022-07-02,C00642,Same Day
O001008,2022-07-02,C01099,Standard
O001009,2022-07-02,C00089,Express
O001010,2022-07-02,C01259,Same Day
O001011,2022-07-03,C00900,Same Day
O001012,2022-07-03,C00782,Standard
O001013,2022-07-03,C01422,Express
O001014,2022-07-03,C00125,Standard
O001015,2022-07-03,C01037,Standard
O001016,2022-07-03,C00700,Express
O001017,2022-07-03,C00156,Standard
O001018,2022-07-03,C00628,Standard
O001019,2022-07-04,C01342,Express
O001020,2022-07-04,C00210,Same Day
O001021,2022-07-04,C01395,Standard
O001022,2022-07-04,C00861,Standard
O001023,2022-07-04,C00568,Standard
O001024,2022-07-05,C00968,Express
O001025,2022-07-05,C00748,Standard
O001026,2022-07-05,C00839,Standard
O001027,2022-07-05,C00011,Express
O001028,2022-07-05,C00659,Standard
O001029,2022-07-05,C00326,Express
O001030,2022-07-05,C00254,Standard
O001031,2022-07-05,C00316,Express
O001032,2022-07-05,C01422,Standard
O001033,2022-07-06,C00213,Standard
O001034,2022-07-06,C00441,Standard
O001035,2022-07-06,C01377,Express
O001036,2022-07-06,C00277,Same Day
O001037,2022-07-06,C00623,Standard
O001038,2022-07-06,C00743,Standard
O001039,2022-07-06,C01253,Express
O001040,2022-07-07,C00714,Standard
O001041,2022-07-07,C01412,Express
O001042,2022-07-07,C01349,Standard
O001043,2022-07-07,C01155,Express
O001044,2022-07-07,C00177,Standard
O001045,2022-07-07,C00593,Express
O001046,2022-07-07,C01047,Express
O001047,2022-07-08,C00845,Standard
O001048,2022-07-08,C00943,Standard
O001049,2022-07-08,C01093,Express
O001050,2022-07-08,C00501,Standard
O001051,2022-07-08,C00247,Standard
O001052,2022-07-08,C00100,Express
O001053,2022-07-08,C00750,Express
O001054,2022-07-08,C01058,Standard
O001055,2022-07-08,C01379,Same Day
O001056,2022-07-08,C00881,Standard
O001057,2022-07-08,C00101,Standard
O001058,2022-07-09,C01082,Standard
O001059,2022-07-09,C01200,Express
O001060,2022-07-10,C00988,Express
O001061,2022-07-10,C00744,Standard
O001062,2022-07-11,C00836,Express
O001063,2022-07-11,C01468,Standard
O001064,2022-07-11,C00145,Standard
O001065,2022-07-11,C00837,Standard
O001066,2022-07-11,C00689,Express
O001067,2022-07-11,C00982,Express
O001068,2022-07-12,C00971,Standard
O001069,2022-07-12,C01194,Standard
O001070,2022-07-12,C00201,Express
O001071,2022-07-12,C00690,Standard
O001072,2022-07-12,C01047,Standard
O001073,2022-07-13,C01226,Same Day
O001074,2022-07-13,C01209,Standard
O001075,2022-07-13,C01062,Same Day
O001076,2022-07-13,C00781,Standard
O001077,2022-07-13,C00178,Express
O001078,2022-07-13,C00788,Standard
O001079,2022-07-13,C00642,Standard
O001080,2022-07-13,C00819,Standard
O001081,2022-07-13,C01304,Express
O001082,2022-07-13,C01368,Standard
O001083,2022-07-14,C00345,Express
O001084,2022-07-14,C00248,Standard
O001085,2022-07-14,C01453,Standard
O001086,2022-07-14,C01118,Standard
O001087,2022-07-14,C00278,Standard
O001088,2022-07-15,C00036,Standard
O001089,2022-07-15,C00894,Same Day
O001090,2022-07-15,C01230,Standard
O001091,2022-07-15,C01489,Standard
O001092,2022-07-15,C00598,Standard
O001093,2022-07-16,C00004,Same Day
O001094,2022-07-16,C00940,Standard
O001095,2022-07-16,C01111,Standard
O001096,2022-07-16,C01475,Standard
O001097,2022-07-16,C00446,Standard
O001098,2022-07-16,C00341,Standard
O001099,2022-07-16,C00197,Same Day
O001100,2022-07-16,C00932,Express
O001101,2022-07-16,C00237,Standard
O001102,2022-07-16,C00606,Express
O001103,2022-07-16,C00095,Standard
O001104,2022-07-17,C00064,Same Day
O001105,2022-07-17,C00194,Standard
O001106,2022-07-17,C00646,Standard
O001107,2022-07-17,C00984,Express
O001108,2022-07-17,C00318,Same Day
O001109,2022-07-17,C00766,Standard
O001110,2022-07-17,C01435,Standard
O001111,2022-07-17,C00226,Same Day
O001112,2022-07-18,C01192,Standard
O001113,2022-07-18,C00076,Standard
O001114,2022-07-18,C01416,Standard
O001115,2022-07-18,C00861,Express
O001116,2022-07-18,C01086,Standard
O001117,2022-07-18,C00802,Standard
O001118,2022-07-18,C00102,Standard
O001119,2022-07-18,C00754,Standard
O001120,2022-07-18,C00499,Standard
O001121,2022-07-19,C01023,Standard
O001122,2022-07-19,C01433,Standard
O001123,2022-07-19,C00319,Same Day
O001124,2022-07-19,C00313,Standard
O001125,2022-07-19,C00372,Standard
O001126,2022-07-19,C01153,Standard
O001127,2022-07-19,C01226,Express
O001128,2022-07-20,C01353,Express
O001129,2022-07-20,C01288,Same Day
O001130,2022-07-20,C00314,Express
O001131,2022-07-20,C01069,Standard
O001132,2022-07-20,C00163,Standard
O001133,2022-07-20,C00051,Express
O001134,2022-07-20,C01415,Standard
O001135,2022-07-21,C00423,Standard
O001136,2022-07-21,C00205,Express
O001137,2022-07-21,C01258,Same Day
O001138,2022-07-21,C00896,Standard
O001139,2022-07-21,C01402,Standard
O001140,2022-07-21,C00910,Standard
O001141,2022-07-21,C00738,Same Day
O001142,2022-07-22,C00994,Standard
O001143,2022-07-22,C01465,Standard
O001144,2022-07-22,C00779,Standard
O001145,2022-07-22,C00544,Express
O001146,2022-07-23,C01139,Express
O001147,2022-07-23,C00301,Standard
O001148,2022-07-23,C01060,Standard
O001149,2022-07-24,C01086,Express
O001150,2022-07-24,C00434,Standard
O001151,2022-07-24,C00290,Standard
O001152,2022-07-24,C01036,Express
O001153,2022-07-24,C00545,Standard
O001154,2022-07-25,C00548,Standard
O001155,2022-07-25,C01391,Standard
O001156,2022-07-25,C01186,Same Day
O001157,2022-07-25,C00333,Standard
O001158,2022-07-25,C00435,Same Day
O001159,2022-07-25,C01497,Standard
O001160,2022-07-25,C01451,Express
O001161,2022-07-25,C01022,Standard
O001162,2022-07-26,C00583,Same Day
O001163,2022-07-26,C00441,Standard
O001164,2022-07-26,C00973,Standard
O001165,2022-07-26,C00298,Express
O001166,2022-07-26,C01185,Standard
O001167,2022-07-26,C01077,Standard
O001168,2022-07-27,C01437,Standard
O001169,2022-07-27,C00296,Standard
O001170,2022-07-27,C00928,Standard
O001171,2022-07-27,C00367,Standard
O001172,2022-07-27,C00907,Express
O001173,2022-07-27,C00569,Standard
O001174,2022-07-27,C00231,Express
O001175,2022-07-27,C00526,Standard
O001176,2022-07-28,C00002,Standard
O001177,2022-07-28,C00965,Express
O001178,2022-07-28,C00682,Standard
O001179,2022-07-28,C00730,Standard
O001180,2022-07-28,C00164,Same Day
O001181,2022-07-28,C00561,Standard
O001182,2022-07-29,C01177,Standard
O001183,2022-07-29,C01452,Standard
O001184,2022-07-29,C00709,Standard
O001185,2022-07-29,C00181,Standard
O001186,2022-07-29,C01355,Standard
O001187,2022-07-29,C00636,Standard
O001188,2022-07-30,C01309,Same Day
O001189,2022-07-30,C00030,Standard
O001190,2022-07-30,C01182,Standard
O001191,2022-07-30,C00119,Standard
O001192,2022-07-30,C00754,Standard
O001193,2022-07-30,C00587,Same Day
O001194,2022-07-30,C01367,Standard
O001195,2022-07-30,C01469,Standard
O001196,2022-07-31,C00962,Express
O001197,2022-07-31,C00606,Standard
O001198,2022-07-31,C00510,Standard
O001199,2022-07-31,C00772,Standard
O001200,2022-07-31,C01202,Express
O001201,2022-07-31,C01119,Standard
O001202,2022-07-31,C00177,Express
O001203,2022-07-31,C01205,Same Day
O001204,2022-07-31,C01200,Standard
O001205,2022-08-01,C00784,Express
O001206,2022-08-01,C01324,Same Day
O001207,2022-08-01,C01490,Standard
O001208,2022-08-01,C00218,Express
O001209,2022-08-01,C01357,Standard
O001210,2022-08-01,C00508,Standard
O001211,2022-08-01,C01264,Standard
O001212,2022-08-01,C00602,Same Day
O001213,2022-08-01,C01327,Standard
O001214,2022-08-02,C00488,Standard
O001215,2022-08-02,C00660,Express
O001216,2022-08-02,C01147,Standard
O001217,2022-08-02,C00169,Express
O001218,2022-08-02,C00374,Standard
O001219,2022-08-02,C00852,Express
O001220,2022-08-02,C01183,Standard
O001221,2022-08-02,C00766,Same Day
O001222,2022-08-02,C00538,Standard
O001223,2022-08-03,C00565,Standard
O001224,2022-08-03,C01296,Express
O001225,2022-08-03,C00898,Standard
O001226,2022-08-03,C00439,Standard
O001227,2022-08-03,C00614,Standard
O001228,2022-08-04,C01423,Express
O001229,2022-08-04,C01319,Same Day
O001230,2022-08-04,C01466,Standard
O001231,2022-08-04,C00307,Standard
O001232,2022-08-04,C01025,Express
O001233,2022-08-04,C00490,Standard
O001234,2022-08-04,C00301,Standard
O001235,2022-08-05,C01374,Standard
O001236,2022-08-05,C00767,Standard
O001237,2022-08-05,C00746,Same Day
O001238,2022-08-05,C00316,Express
O001239,2022-08-05,C00379,Express
O001240,2022-08-05,C00453,Standard
O001241,2022-08-05,C01431,Standard
O001242,2022-08-06,C01495,Express
O001243,2022-08-06,C01418,Express
O001244,2022-08-06,C00697,Standard
O001245,2022-08-06,C00291,Express
O001246,2022-08-06,C00352,Express
O001247,2022-08-06,C00433,Standard
O001248,2022-08-06,C00206,Same Day
O001249,2022-08-07,C01370,Express
O001250,2022-08-07,C01405,Standard
O001251,2022-08-07,C00938,Standard
O001252,2022-08-07,C00774,Standard
O001253,2022-08-07,C01219,Express
O001254,2022-08-07,C01276,Standard
O001255,2022-08-07,C01321,Standard
O001256,2022-08-08,C01340,Standard
O001257,2022-08-08,C01421,Standard
O001258,2022-08-08,C01215,Standard
O001259,2022-08-08,C01223,Same Day
O001260,2022-08-08,C00543,Standard
O001261,2022-08-08,C01013,Same Day
O001262,2022-08-08,C00724,Standard
O001263,2022-08-09,C01074,Express
O001264,2022-08-09,C00806,Standard
O001265,2022-08-09,C00486,Standard
O001266,2022-08-09,C00951,Standard
O001267,2022-08-09,C00093,Express
O001268,2022-08-09,C00255,Standard
O001269,2022-08-10,C01291,Express
O001270,2022-08-10,C00407,Standard
O001271,2022-08-10,C01333,Express
O001272,2022-08-11,C01415,Express
O001273,2022-08-11,C00314,Standard
O001274,2022-08-11,C00835,Standard
O001275,2022-08-11,C01331,Standard
O001276,2022-08-11,C00402,Same Day
O001277,2022-08-11,C00485,Express
O001278,2022-08-11,C01338,Standard
O001279,2022-08-12,C00842,Standard
O001280,2022-08-12,C00497,Standard
O001281,2022-08-12,C00265,Express
O001282,2022-08-12,C01148,Standard
O001283,2022-08-12,C01173,Standard
O001284,2022-08-12,C01473,Standard
O001285,2022-08-12,C01468,Standard
O001286,2022-08-12,C00297,Standard
O001287,2022-08-12,C00856,Standard
O001288,2022-08-12,C00662,Standard
O001289,2022-08-12,C01442,Standard
O001290,2022-08-12,C00932,Standard
O001291,2022-08-13,C00144,Standard
O001292,2022-08-13,C00809,Express
O001293,2022-08-13,C00376,Standard
O001294,2022-08-13,C01490,Standard
O001295,2022-08-13,C00327,Same Day
O001296,2022-08-13,C00419,Express
O001297,2022-08-13,C00921,Standard
O001298,2022-08-13,C01347,Express
O001299,2022-08-13,C00994,Standard
O001300,2022-08-13,C01236,Standard
O001301,2022-08-13,C00399,Standard
O001302,2022-08-13,C00011,Express
O001303,2022-08-13,C00515,Standard
O001304,2022-08-13,C00371,Express
O001305,2022-08-13,C01004,Same Day
O001306,2022-08-14,C01383,Standard
O001307,2022-08-14,C01178,Standard
O001308,2022-08-14,C01497,Standard
O001309,2022-08-14,C01494,Standard
O001310,2022-08-14,C00140,Same Day
O001311,2022-08-14,C00554,Standard
O001312,2022-08-15,C00784,Standard
O001313,2022-08-15,C00564,Standard
O001314,2022-08-15,C00002,Standard
O001315,2022-08-15,C00298,Standard
O001316,2022-08-15,C00088,Standard
O001317,2022-08-15,C01331,Standard
O001318,2022-08-15,C00957,Standard
O001319,2022-08-16,C01313,Same Day
O001320,2022-08-16,C01103,Express
O001321,2022-08-16,C00717,Standard
O001322,2022-08-16,C00088,Express
O001323,2022-08-16,C00017,Standard
O001324,2022-08-16,C01205,Standard
O001325,2022-08-17,C00190,Standard
O001326,2022-08-17,C01484,Same Day
O001327,2022-08-17,C00973,Standard
O001328,2022-08-17,C00340,Standard
O001329,2022-08-17,C00511,Standard
O001330,2022-08-17,C00198,Express
O001331,2022-08-18,C00439,Express
O001332,2022-08-18,C00457,Standard
O001333,2022-08-18,C01261,Standard
O001334,2022-08-18,C00977,Standard
O001335,2022-08-18,C01147,Standard
O001336,2022-08-18,C00710,Express
O001337,2022-08-18,C01488,Standard
O001338,2022-08-19,C00758,Standard
O001339,2022-08-19,C01209,Standard
O001340,2022-08-19,C01210,Standard
O001341,2022-08-19,C00854,Express
O001342,2022-08-19,C00011,Same Day
O001343,2022-08-20,C00455,Express
O001344,2022-08-20,C01197,Standard
O001345,2022-08-20,C01326,Standard
O001346,2022-08-21,C00903,Standard
O001347,2022-08-21,C01145,Standard
O001348,2022-08-21,C00989,Same Day
O001349,2022-08-21,C01359,Express
O001350,2022-08-21,C00368,Standard
O001351,2022-08-21,C01053,Standard
O001352,2022-08-21,C00593,Same Day
O001353,2022-08-21,C00533,Express
O001354,2022-08-21,C00862,Standard
O001355,2022-08-21,C00813,Standard
O001356,2022-08-22,C01298,Standard
O001357,2022-08-22,C00244,Express
O001358,2022-08-22,C00324,Express
O001359,2022-08-22,C00937,Standard
O001360,2022-08-22,C00245,Standard
O001361,2022-08-22,C00383,Standard
O001362,2022-08-22,C01278,Express
O001363,2022-08-22,C01337,Same Day
O001364,2022-08-22,C01066,Standard
O001365,2022-08-22,C00055,Standard
O001366,2022-08-22,C01385,Express
O001367,2022-08-23,C01491,Express
O001368,2022-08-23,C01240,Express
O001369,2022-08-23,C00542,Standard
O001370,2022-08-23,C00785,Standard
O001371,2022-08-24,C00967,Standard
O001372,2022-08-24,C00628,Same Day
O001373,2022-08-24,C00539,Express
O001374,2022-08-24,C01491,Standard
O001375,2022-08-24,C00844,Express
O001376,2022-08-24,C01133,Same Day
O001377,2022-08-24,C00638,Express
O001378,2022-08-24,C01133,Standard
O001379,2022-08-24,C00799,Same Day
O001380,2022-08-25,C00943,Express
O001381,2022-08-25,C01325,Standard
O001382,2022-08-25,C00298,Standard
O001383,2022-08-25,C00855,Standard
O001384,2022-08-25,C00539,Express
O001385,2022-08-25,C00501,Same Day
O001386,2022-08-25,C01085,Standard
O001387,2022-08-25,C01156,Standard
O001388,2022-08-26,C00656,Express
O001389,2022-08-26,C00920,Express
O001390,2022-08-26,C01278,Same Day
O001391,2022-08-26,C00778,Standard
O001392,2022-08-26,C00530,Same Day
O001393,2022-08-26,C01173,Standard
O001394,2022-08-26,C01203,Standard
O001395,2022-08-26,C01207,Standard
O001396,2022-08-26,C00933,Standard
O001397,2022-08-26,C01273,Express
O001398,2022-08-27,C01250,Standard
O001399,2022-08-27,C00814,Express
O001400,2022-08-27,C00824,Same Day
O001401,2022-08-27,C00031,Standard
O001402,2022-08-27,C00529,Standard
O001403,2022-08-27,C00866,Express
O001404,2022-08-27,C01068,Standard
O001405,2022-08-27,C00927,Standard
O001406,2022-08-27,C00332,Standard
O001407,2022-08-27,C00272,Express
O001408,2022-08-27,C00473,Same Day
O001409,2022-08-27,C00470,Standard
O001410,2022-08-28,C00220,Express
O001411,2022-08-28,C01056,Express
O001412,2022-08-28,C01041,Standard
O001413,2022-08-28,C00559,Express
O001414,2022-08-28,C01142,Standard
O001415,2022-08-28,C00966,Express
O001416,2022-08-28,C00018,Express
O001417,2022-08-28,C00178,Express
O001418,2022-08-29,C01171,Standard
O001419,2022-08-29,C00558,Same Day
O001420,2022-08-29,C00426,Standard
O001421,2022-08-29,C01376,Standard
O001422,2022-08-29,C00632,Standard
O001423,2022-08-29,C01323,Standard
O001424,2022-08-29,C00313,Standard
O001425,2022-08-29,C00097,Standard
O001426,2022-08-30,C01435,Standard
O001427,2022-08-30,C01390,Standard
O001428,2022-08-30,C00059,Standard
O001429,2022-08-30,C00449,Standard
O001430,2022-08-30,C01254,Standard
O001431,2022-08-31,C00806,Express
O001432,2022-08-31,C01181,Standard
O001433,2022-08-31,C01418,Same Day
O001434,2022-08-31,C01167,Standard
O001435,2022-08-31,C00140,Standard
O001436,2022-08-31,C00686,Standard
O001437,2022-08-31,C00935,Express
O001438,2022-08-31,C00219,Standard
O001439,2022-08-31,C01483,Express
O001440,2022-09-01,C00914,Express
O001441,2022-09-01,C01291,Standard
O001442,2022-09-01,C01461,Express
O001443,2022-09-01,C01354,Standard
O001444,2022-09-01,C01345,Standard
O001445,2022-09-01,C00080,Standard
O001446,2022-09-01,C00051,Same Day
O001447,2022-09-01,C01257,Standard
O001448,2022-09-01,C01373,Standard
O001449,2022-09-01,C00231,Standard
O001450,2022-09-01,C00973,Standard
O001451,2022-09-01,C00043,Standard
O001452,2022-09-02,C01321,Express
O001453,2022-09-02,C01341,Standard
O001454,2022-09-02,C00012,Express
O001455,2022-09-02,C00859,Same Day
O001456,2022-09-02,C00968,Standard
O001457,2022-09-02,C00116,Express
O001458,2022-09-02,C01242,Express
O001459,2022-09-03,C00427,Express
O001460,2022-09-03,C00844,Standard
O001461,2022-09-03,C00739,Standard
O001462,2022-09-03,C01204,Standard
O001463,2022-09-03,C00371,Standard
O001464,2022-09-03,C00860,Express
O001465,2022-09-03,C00625,Standard
O001466,2022-09-03,C01174,Standard
O001467,2022-09-03,C01323,Standard
O001468,2022-09-04,C00966,Express
O001469,2022-09-04,C00990,Same Day
O001470,2022-09-04,C00419,Standard
O001471,2022-09-04,C01361,Standard
O001472,2022-09-04,C01319,Standard
O001473,2022-09-04,C01239,Same Day
O001474,2022-09-04,C01283,Standard
O001475,2022-09-04,C01377,Standard
O001476,2022-09-04,C00455,Standard
O001477,2022-09-04,C00905,Same Day
O001478,2022-09-05,C00171,Express
O001479,2022-09-05,C00927,Standard
O001480,2022-09-05,C00982,Express
O001481,2022-09-05,C01409,Standard
O001482,2022-09-05,C00376,Same Day
O001483,2022-09-06,C01371,Express
O001484,2022-09-06,C01226,Express
O001485,2022-09-06,C00155,Express
O001486,2022-09-07,C00215,Standard
O001487,2022-09-07,C00526,Standard
O001488,2022-09-07,C00696,Standard
O001489,2022-09-07,C00211,Standard
O001490,2022-09-07,C00811,Standard
O001491,2022-09-07,C01434,Standard
O001492,2022-09-07,C00121,Same Day
O001493,2022-09-07,C00829,Express
O001494,2022-09-07,C01130,Standard
O001495,2022-09-08,C00899,Standard
O001496,2022-09-08,C00164,Same Day
O001497,2022-09-08,C00652,Standard
O001498,2022-09-08,C00497,Standard
O001499,2022-09-08,C01105,Standard
O001500,2022-09-09,C00531,Standard
O001501,2022-09-09,C00478,Express
O001502,2022-09-09,C00273,Express
O001503,2022-09-09,C00688,Same Day
O001504,2022-09-09,C01244,Express
O001505,2022-09-09,C01303,Standard
O001506,2022-09-10,C00178,Standard
O001507,2022-09-10,C00964,Same Day
O001508,2022-09-10,C01135,Standard
O001509,2022-09-10,C01074,Express
O001510,2022-09-10,C00488,Standard
O001511,2022-09-10,C01228,Same Day
O001512,2022-09-11,C00296,Standard
O001513,2022-09-11,C00753,Standard
O001514,2022-09-11,C00487,Same Day
O001515,2022-09-11,C00860,Standard
O001516,2022-09-11,C00199,Express
O001517,2022-09-12,C00374,Standard
O001518,2022-09-12,C00824,Standard
O001519,2022-09-12,C00578,Standard
O001520,2022-09-12,C00129,Standard
O001521,2022-09-12,C00517,Standard
O001522,2022-09-12,C00847,Standard
O001523,2022-09-12,C00239,Express
O001524,2022-09-13,C00915,Standard
O001525,2022-09-13,C00234,Same Day
O001526,2022-09-13,C00669,Standard
O001527,2022-09-13,C00025,Standard
O001528,2022-09-13,C01400,Same Day
O001529,2022-09-13,C00782,Standard
O001530,2022-09-13,C00068,Standard
O001531,2022-09-13,C00831,Express
O001532,2022-09-13,C00604,Standard
O001533,2022-09-13,C00109,Standard
O001534,2022-09-13,C00118,Express
O001535,2022-09-14,C01460,Standard
O001536,2022-09-14,C01350,Standard
O001537,2022-09-14,C00785,Standard
O001538,2022-09-14,C01367,Same Day
O001539,2022-09-14,C00916,Standard
O001540,2022-09-15,C01159,Express
O001541,2022-09-15,C01484,Same Day
O001542,2022-09-15,C00900,Standard
O001543,2022-09-15,C00057,Standard
O001544,2022-09-15,C01087,Same Day
O001545,2022-09-15,C01311,Express
O001546,2022-09-15,C01096,Standard
O001547,2022-09-15,C00876,Express
O001548,2022-09-15,C01290,Standard
O001549,2022-09-15,C01312,Standard
O001550,2022-09-15,C00479,Standard
O001551,2022-09-15,C01430,Standard
O001552,2022-09-15,C00916,Standard
O001553,2022-09-15,C00414,Standard
O001554,2022-09-15,C00687,Express
O001555,2022-09-15,C01356,Standard
O001556,2022-09-15,C00218,Same Day
O001557,2022-09-16,C00816,Express
O001558,2022-09-16,C01162,Same Day
O001559,2022-09-16,C01472,Express
O001560,2022-09-16,C01476,Standard
O001561,2022-09-16,C01340,Standard
O001562,2022-09-16,C00935,Same Day
O001563,2022-09-16,C01016,Standard
O001564,2022-09-17,C00416,Express
O001565,2022-09-17,C01134,Standard
O001566,2022-09-17,C00669,Express
O001567,2022-09-17,C00064,Standard
O001568,2022-09-17,C01231,Same Day
O001569,2022-09-17,C00621,Standard
O001570,2022-09-17,C00375,Standard
O001571,2022-09-18,C01349,Same Day
O001572,2022-09-18,C00136,Standard
O001573,2022-09-18,C00874,Express
O001574,2022-09-18,C00904,Standard
O001575,2022-09-18,C01112,Standard
O001576,2022-09-18,C00212,Standard
O001577,2022-09-18,C00037,Same Day
O001578,2022-09-18,C00433,Standard
O001579,2022-09-18,C01143,Standard
O001580,2022-09-18,C00833,Standard
O001581,2022-09-18,C00963,Same Day
O001582,2022-09-18,C00644,Standard
O001583,2022-09-18,C01340,Standard
O001584,2022-09-19,C00684,Standard
O001585,2022-09-19,C00593,Express
O001586,2022-09-19,C00980,Express
O001587,2022-09-19,C01244,Express
O001588,2022-09-19,C00159,Standard
O001589,2022-09-19,C00787,Standard
O001590,2022-09-19,C01329,Standard
O001591,2022-09-19,C00390,Standard
O001592,2022-09-19,C00144,Standard
O001593,2022-09-20,C01404,Standard
O001594,2022-09-20,C00829,Standard
O001595,2022-09-20,C00901,Express
O001596,2022-09-20,C00849,Standard
O001597,2022-09-20,C00900,Standard
O001598,2022-09-20,C00428,Standard
O001599,2022-09-20,C01166,Standard
O001600,2022-09-20,C01034,Standard
O001601,2022-09-20,C01022,Standard
O001602,2022-09-20,C01492,Express
O001603,2022-09-20,C01062,Standard
O001604,2022-09-21,C01345,Same Day
O001605,2022-09-21,C01155,Standard
O001606,2022-09-21,C01066,Standard
O001607,2022-09-21,C01467,Same Day
O001608,2022-09-21,C00893,Express
O001609,2022-09-22,C00051,Standard
O001610,2022-09-22,C00943,Express
O001611,2022-09-22,C00589,Standard
O001612,2022-09-22,C00151,Same Day
O001613,2022-09-22,C01430,Express
O001614,2022-09-22,C00085,Express
O001615,2022-09-22,C01487,Standard
O001616,2022-09-23,C00022,Standard
O001617,2022-09-23,C00294,Standard
O001618,2022-09-23,C01053,Express
O001619,2022-09-23,C00431,Express
O001620,2022-09-23,C01043,Standard
O001621,2022-09-23,C00615,Express
O001622,2022-09-23,C01209,Standard
O001623,2022-09-23,C00716,Express
O001624,2022-09-23,C00648,Express
O001625,2022-09-23,C01053,Standard
O001626,2022-09-24,C00963,Standard
O001627,2022-09-24,C00228,Standard
O001628,2022-09-24,C01189,Express
O001629,2022-09-24,C01141,Standard
O001630,2022-09-24,C00333,Standard
O001631,2022-09-24,C01190,Standard
O001632,2022-09-25,C01427,Same Day
O001633,2022-09-25,C01238,Standard
O001634,2022-09-25,C00040,Same Day
O001635,2022-09-25,C00239,Express
O001636,2022-09-25,C00070,Standard
O001637,2022-09-25,C01489,Standard
O001638,2022-09-25,C00491,Same Day
O001639,2022-09-25,C00910,Standard
O001640,2022-09-25,C00932,Express
O001641,2022-09-25,C00171,Standard
O001642,2022-09-25,C01387,Standard
O001643,2022-09-25,C00103,Standard
O001644,2022-09-26,C00083,Standard
O001645,2022-09-26,C00691,Standard
O001646,2022-09-26,C01483,Express
O001647,2022-09-26,C00341,Standard
O001648,2022-09-26,C01028,Standard
O001649,2022-09-26,C00555,Express
O001650,2022-09-26,C00783,Standard
O001651,2022-09-26,C00737,Standard
O001652,2022-09-26,C01187,Standard
O001653,2022-09-26,C00408,Standard
O001654,2022-09-27,C00241,Express
O001655,2022-09-27,C00335,Standard
O001656,2022-09-27,C00780,Express
O001657,2022-09-27,C00276,Express
O001658,2022-09-27,C00656,Standard
O001659,2022-09-27,C01065,Standard
O001660,2022-09-27,C00980,Standard
O001661,2022-09-27,C00164,Standard
O001662,2022-09-27,C00685,Same Day
O001663,2022-09-27,C00789,Standard
O001664,2022-09-27,C00455,Standard
O001665,2022-09-28,C00875,Express
O001666,2022-09-28,C01358,Standard
O001667,2022-09-28,C01496,Standard
O001668,2022-09-28,C00631,Standard
O001669,2022-09-28,C01127,Standard
O001670,2022-09-29,C00107,Standard
O001671,2022-09-29,C00349,Standard
O001672,2022-09-29,C01126,Standard
O001673,2022-09-29,C01142,Express
O001674,2022-09-29,C00330,Express
O001675,2022-09-29,C00443,Standard
O001676,2022-09-30,C01004,Standard
O001677,2022-09-30,C00485,Express
O001678,2022-09-30,C00453,Standard
O001679,2022-09-30,C00814,Standard
O001680,2022-09-30,C00391,Standard
O001681,2022-09-30,C00919,Standard
O001682,2022-09-30,C00302,Express
O001683,2022-10-01,C00826,Standard
O001684,2022-10-01,C01367,Express
O001685,2022-10-01,C01490,Standard
O001686,2022-10-01,C00738,Express
O001687,2022-10-01,C01320,Standard
O001688,2022-10-01,C00523,Express
O001689,2022-10-02,C01334,Standard
O001690,2022-10-02,C00207,Standard
O001691,2022-10-02,C01368,Standard
O001692,2022-10-02,C00082,Standard
O001693,2022-10-02,C00383,Standard
O001694,2022-10-02,C00162,Express
O001695,2022-10-02,C00030,Standard
O001696,2022-10-03,C00850,Standard
O001697,2022-10-03,C01255,Same Day
O001698,2022-10-03,C01051,Standard
O001699,2022-10-03,C01384,Same Day
O001700,2022-10-03,C00118,Standard
O001701,2022-10-03,C00416,Standard
O001702,2022-10-04,C00328,Standard
O001703,2022-10-04,C00113,Standard
O001704,2022-10-04,C00445,Standard
O001705,2022-10-04,C00115,Standard
O001706,2022-10-04,C00982,Standard
O001707,2022-10-04,C00715,Standard
O001708,2022-10-04,C00661,Standard
O001709,2022-10-04,C00327,Express
O001710,2022-10-04,C01231,Standard
O001711,2022-10-04,C00626,Standard
O001712,2022-10-04,C01257,Express
O001713,2022-10-05,C01076,Standard
O001714,2022-10-05,C00218,Standard
O001715,2022-10-05,C00978,Express
O001716,2022-10-05,C01028,Standard
O001717,2022-10-05,C00106,Standard
O001718,2022-10-05,C00012,Standard
O001719,2022-10-05,C01109,Express
O001720,2022-10-05,C00420,Standard
O001721,2022-10-06,C00267,Standard
O001722,2022-10-06,C00497,Standard
O001723,2022-10-06,C00884,Standard
O001724,2022-10-06,C01110,Same Day
O001725,2022-10-06,C00996,Standard
O001726,2022-10-06,C00052,Same Day
O001727,2022-10-06,C00802,Express
O001728,2022-10-06,C01258,Standard
O001729,2022-10-06,C00796,Standard
O001730,2022-10-06,C01264,Standard
O001731,2022-10-06,C00580,Standard
O001732,2022-10-07,C00983,Express
O001733,2022-10-07,C01107,Standard
O001734,2022-10-07,C01340,Standard
O001735,2022-10-07,C00522,Standard
O001736,2022-10-07,C00404,Express
O001737,2022-10-07,C00363,Express
O001738,2022-10-08,C00999,Standard
O001739,2022-10-08,C01291,Standard
O001740,2022-10-08,C01480,Express
O001741,2022-10-08,C01197,Standard
O001742,2022-10-08,C00306,Standard
O001743,2022-10-08,C00820,Express
O001744,2022-10-08,C00649,Same Day
O001745,2022-10-09,C00366,Express
O001746,2022-10-09,C00624,Standard
O001747,2022-10-09,C00329,Standard
O001748,2022-10-09,C01487,Standard
O001749,2022-10-09,C00302,Standard
O001750,2022-10-09,C01048,Same Day
O001751,2022-10-09,C01379,Standard
O001752,2022-10-09,C00388,Standard
O001753,2022-10-09,C00649,Standard
O001754,2022-10-09,C01305,Same Day
O001755,2022-10-10,C00052,Express
O001756,2022-10-10,C00607,Standard
O001757,2022-10-10,C00167,Standard
O001758,2022-10-10,C00582,Express
O001759,2022-10-10,C00983,Express
O001760,2022-10-10,C00818,Express
O001761,2022-10-10,C00683,Standard
O001762,2022-10-10,C01003,Standard
O001763,2022-10-10,C00713,Standard
O001764,2022-10-11,C00708,Standard
O001765,2022-10-11,C00054,Express
O001766,2022-10-11,C00824,Standard
O001767,2022-10-11,C00074,Standard
O001768,2022-10-11,C00525,Express
O001769,2022-10-11,C00463,Standard
O001770,2022-10-11,C00215,Express
O001771,2022-10-12,C00337,Standard
O001772,2022-10-12,C00831,Same Day
O001773,2022-10-12,C01444,Standard
O001774,2022-10-12,C01198,Express
O001775,2022-10-12,C01234,Standard
O001776,2022-10-12,C00140,Express
O001777,2022-10-12,C01398,Same Day
O001778,2022-10-12,C01475,Same Day
O001779,2022-10-12,C00347,Express
O001780,2022-10-12,C00963,Standard
O001781,2022-10-12,C00888,Standard
O001782,2022-10-12,C01366,Express
O001783,2022-10-12,C00105,Standard
O001784,2022-10-12,C00098,Standard
O001785,2022-10-12,C01441,Standard
O001786,2022-10-12,C00242,Express
O001787,2022-10-12,C00871,Same Day
O001788,2022-10-13,C00320,Standard
O001789,2022-10-13,C00220,Standard
O001790,2022-10-13,C01387,Standard
O001791,2022-10-13,C01447,Express
O001792,2022-10-13,C00134,Same Day
O001793,2022-10-13,C01112,Express
O001794,2022-10-13,C00995,Standard
O001795,2022-10-13,C01414,Express
O001796,2022-10-13,C01128,Standard
O001797,2022-10-13,C00092,Express
O001798,2022-10-13,C01498,Express
O001799,2022-10-13,C00396,Standard
O001800,2022-10-14,C00566,Same Day
O001801,2022-10-14,C00369,Same Day
O001802,2022-10-14,C00732,Standard
O001803,2022-10-14,C00616,Express
O001804,2022-10-14,C00161,Standard
O001805,2022-10-14,C00326,Standard
O001806,2022-10-14,C01384,Standard
O001807,2022-10-15,C00394,Same Day
O001808,2022-10-15,C00556,Standard
O001809,2022-10-15,C00279,Express
O001810,2022-10-15,C00365,Standard
O001811,2022-10-15,C00832,Standard
O001812,2022-10-15,C01374,Standard
O001813,2022-10-16,C00551,Standard
O001814,2022-10-16,C01249,Standard
O001815,2022-10-16,C00389,Standard
O001816,2022-10-16,C01082,Standard
O001817,2022-10-16,C00270,Standard
O001818,2022-10-16,C01311,Express
O001819,2022-10-16,C00343,Express
O001820,2022-10-16,C00073,Standard
O001821,2022-10-16,C00914,Standard
O001822,2022-10-17,C01498,Standard
O001823,2022-10-17,C00359,Express
O001824,2022-10-17,C00107,Express
O001825,2022-10-17,C00818,Same Day
O001826,2022-10-17,C00567,Standard
O001827,2022-10-17,C01389,Express
O001828,2022-10-17,C00537,Express
O001829,2022-10-17,C01168,Express
O001830,2022-10-17,C00279,Standard
O001831,2022-10-17,C00138,Standard
O001832,2022-10-18,C00911,Standard
O001833,2022-10-18,C00520,Standard
O001834,2022-10-18,C00436,Standard
O001835,2022-10-18,C00452,Standard
O001836,2022-10-18,C00362,Standard
O001837,2022-10-18,C00757,Standard
O001838,2022-10-18,C00323,Standard
O001839,2022-10-18,C00998,Standard
O001840,2022-10-18,C00536,Standard
O001841,2022-10-18,C00061,Standard
O001842,2022-10-18,C01279,Standard
O001843,2022-10-18,C00324,Standard
O001844,2022-10-19,C01238,Standard
O001845,2022-10-19,C00922,Express
O001846,2022-10-19,C01485,Express
O001847,2022-10-19,C00154,Standard
O001848,2022-10-19,C00828,Standard
O001849,2022-10-19,C00445,Standard
O001850,2022-10-19,C00540,Standard
O001851,2022-10-19,C00236,Standard
O001852,2022-10-19,C01186,Express
O001853,2022-10-19,C00917,Standard
O001854,2022-10-19,C01215,Express
O001855,2022-10-19,C00499,Standard
O001856,2022-10-19,C01270,Standard
O001857,2022-10-19,C01076,Standard
O001858,2022-10-19,C00269,Express
O001859,2022-10-20,C01353,Standard
O001860,2022-10-20,C01189,Same Day
O001861,2022-10-20,C00449,Standard
O001862,2022-10-20,C00412,Express
O001863,2022-10-20,C01082,Standard
O001864,2022-10-20,C00752,Express
O001865,2022-10-21,C00606,Standard
O001866,2022-10-21,C00601,Express
O001867,2022-10-21,C00230,Express
O001868,2022-10-21,C00156,Standard
O001869,2022-10-21,C01211,Standard
O001870,2022-10-21,C00143,Standard
O001871,2022-10-21,C00216,Standard
O001872,2022-10-21,C00900,Standard
O001873,2022-10-21,C00311,Same Day
O001874,2022-10-21,C00368,Express
O001875,2022-10-21,C00573,Express
O001876,2022-10-22,C01446,Express
O001877,2022-10-22,C00779,Standard
O001878,2022-10-22,C01230,Express
O001879,2022-10-22,C01026,Standard
O001880,2022-10-22,C00967,Standard
O001881,2022-10-22,C00478,Standard
O001882,2022-10-23,C00193,Standard
O001883,2022-10-23,C00928,Express
O001884,2022-10-23,C00650,Express
O001885,2022-10-23,C00648,Standard
O001886,2022-10-23,C01213,Standard
O001887,2022-10-23,C01421,Standard
O001888,2022-10-23,C00743,Express
O001889,2022-10-24,C00889,Standard
O001890,2022-10-24,C01329,Standard
O001891,2022-10-24,C00661,Express
O001892,2022-10-24,C00722,Standard
O001893,2022-10-24,C00348,Standard
O001894,2022-10-24,C00479,Express
O001895,2022-10-24,C01025,Standard
O001896,2022-10-24,C00153,Express
O001897,2022-10-24,C00446,Standard
O001898,2022-10-25,C01389,Standard
O001899,2022-10-25,C00629,Standard
O001900,2022-10-25,C00730,Standard
O001901,2022-10-25,C00676,Standard
O001902,2022-10-25,C00790,Standard
O001903,2022-10-25,C01132,Same Day
O001904,2022-10-26,C00919,Standard
O001905,2022-10-26,C01224,Standard
O001906,2022-10-26,C00241,Standard
O001907,2022-10-26,C00482,Standard
O001908,2022-10-26,C01040,Standard
O001909,2022-10-26,C01273,Express
O001910,2022-10-26,C00571,Standard
O001911,2022-10-26,C00987,Standard
O001912,2022-10-26,C00377,Standard
O001913,2022-10-27,C00635,Standard
O001914,2022-10-27,C00045,Standard
O001915,2022-10-27,C00159,Express
O001916,2022-10-27,C00341,Express
O001917,2022-10-27,C01087,Same Day
O001918,2022-10-27,C00763,Express
O001919,2022-10-27,C00052,Standard
O001920,2022-10-27,C00722,Standard
O001921,2022-10-27,C00716,Same Day
O001922,2022-10-27,C01164,Standard
O001923,2022-10-27,C00635,Express
O001924,2022-10-27,C00236,Standard
O001925,2022-10-27,C00401,Standard
O001926,2022-10-28,C01110,Standard
O001927,2022-10-28,C01109,Express
O001928,2022-10-28,C01392,Standard
O001929,2022-10-28,C01322,Express
O001930,2022-10-28,C00787,Express
O001931,2022-10-29,C00930,Standard
O001932,2022-10-29,C01189,Standard
O001933,2022-10-29,C00189,Express
O001934,2022-10-29,C01352,Standard
O001935,2022-10-30,C00225,Same Day
O001936,2022-10-30,C01403,Standard
O001937,2022-10-30,C00741,Standard
O001938,2022-10-30,C00218,Express
O001939,2022-10-30,C00427,Standard
O001940,2022-10-30,C01446,Express
O001941,2022-10-30,C00322,Standard
O001942,2022-10-31,C00912,Standard
O001943,2022-10-31,C00921,Standard
O001944,2022-10-31,C00570,Standard
O001945,2022-10-31,C00375,Standard
O001946,2022-10-31,C00341,Standard
O001947,2022-10-31,C00143,Standard
O001948,2022-10-31,C00203,Standard
O001949,2022-10-31,C01494,Standard
O001950,2022-10-31,C01106,Same Day
O001951,2022-11-01,C01348,Standard
O001952,2022-11-01,C00071,Express
O001953,2022-11-01,C01037,Standard
O001954,2022-11-01,C00950,Standard
O001955,2022-11-01,C00653,Standard
O001956,2022-11-01,C00197,Standard
O001957,2022-11-01,C01338,Standard
O001958,2022-11-01,C00999,Standard
O001959,2022-11-01,C01222,Same Day
O001960,2022-11-01,C00967,Express
O001961,2022-11-01,C00946,Standard
O001962,2022-11-01,C01180,Standard
O001963,2022-11-01,C00983,Express
O001964,2022-11-01,C00045,Standard
O001965,2022-11-02,C01217,Standard
O001966,2022-11-02,C01492,Express
O001967,2022-11-02,C00749,Standard
O001968,2022-11-02,C01085,Standard
O001969,2022-11-02,C01216,Standard
O001970,2022-11-02,C01474,Standard
O001971,2022-11-02,C01444,Standard
O001972,2022-11-02,C00966,Same Day
O001973,2022-11-02,C00956,Standard
O001974,2022-11-02,C00155,Same Day
O001975,2022-11-02,C00415,Express
O001976,2022-11-03,C00894,Standard
O001977,2022-11-03,C01410,Standard
O001978,2022-11-03,C00761,Standard
O001979,2022-11-03,C00554,Standard
O001980,2022-11-03,C01315,Same Day
O001981,2022-11-03,C00490,Standard
O001982,2022-11-03,C00453,Express
O001983,2022-11-03,C00354,Standard
O001984,2022-11-03,C01284,Standard
O001985,2022-11-03,C00939,Standard
O001986,2022-11-04,C00245,Standard
O001987,2022-11-04,C00827,Standard
O001988,2022-11-04,C00237,Standard
O001989,2022-11-04,C01496,Express
O001990,2022-11-04,C00952,Express
O001991,2022-11-04,C00813,Same Day
O001992,2022-11-04,C00056,Standard
O001993,2022-11-05,C00723,Express
O001994,2022-11-05,C01247,Standard
O001995,2022-11-05,C00746,Standard
O001996,2022-11-05,C00286,Standard
O001997,2022-11-05,C01254,Express
O001998,2022-11-05,C00467,Standard
O001999,2022-11-05,C00446,Standard
O002000,2022-11-05,C01456,Standard
O002001,2022-11-05,C00832,Standard
O002002,2022-11-05,C00388,Same Day
O002003,2022-11-05,C00929,Express
O002004,2022-11-05,C00763,Standard
O002005,2022-11-05,C00149,Express
O002006,2022-11-06,C00645,Express
O002007,2022-11-06,C00903,Standard
O002008,2022-11-06,C01079,Standard
O002009,2022-11-06,C00736,Standard
O002010,2022-11-06,C00092,Express
O002011,2022-11-06,C00109,Standard
O002012,2022-11-06,C00532,Standard
O002013,2022-11-06,C00953,Express
O002014,2022-11-06,C01057,Standard
O002015,2022-11-06,C01059,Standard
O002016,2022-11-06,C01000,Standard
O002017,2022-11-07,C00859,Standard
O002018,2022-11-07,C00555,Standard
O002019,2022-11-07,C01147,Express
O002020,2022-11-07,C00878,Express
O002021,2022-11-07,C00188,Standard
O002022,2022-11-07,C00442,Standard
O002023,2022-11-07,C00177,Standard
O002024,2022-11-07,C00439,Standard
O002025,2022-11-07,C00571,Standard
O002026,2022-11-07,C01142,Express
O002027,2022-11-07,C01110,Standard
O002028,2022-11-07,C00567,Same Day
O002029,2022-11-08,C00971,Standard
O002030,2022-11-08,C01026,Standard
O002031,2022-11-08,C00579,Express
O002032,2022-11-08,C00523,Express
O002033,2022-11-08,C00043,Same Day
O002034,2022-11-08,C01479,Standard
O002035,2022-11-08,C01227,Standard
O002036,2022-11-08,C00993,Standard
O002037,2022-11-08,C00322,Express
O002038,2022-11-08,C01018,Standard
O002039,2022-11-08,C00416,Express
O002040,2022-11-08,C00902,Standard
O002041,2022-11-08,C01273,Standard
O002042,2022-11-08,C01297,Standard
O002043,2022-11-08,C01371,Standard
O002044,2022-11-08,C00405,Standard
O002045,2022-11-08,C00051,Standard
O002046,2022-11-08,C00078,Standard
O002047,2022-11-08,C00301,Standard
O002048,2022-11-09,C01212,Express
O002049,2022-11-09,C00010,Standard
O002050,2022-11-09,C00889,Same Day
O002051,2022-11-09,C00868,Standard
O002052,2022-11-09,C01148,Standard
O002053,2022-11-09,C00525,Same Day
O002054,2022-11-09,C00219,Standard
O002055,2022-11-09,C00652,Express
O002056,2022-11-09,C00515,Standard
O002057,2022-11-09,C01292,Standard
O002058,2022-11-09,C00702,Express
O002059,2022-11-09,C00421,Standard
O002060,2022-11-10,C00260,Standard
O002061,2022-11-10,C01255,Same Day
O002062,2022-11-10,C01284,Standard
O002063,2022-11-10,C00309,Standard
O002064,2022-11-10,C00934,Standard
O002065,2022-11-10,C00500,Standard
O002066,2022-11-10,C00964,Express
O002067,2022-11-10,C00308,Standard
O002068,2022-11-10,C01415,Same Day
O002069,2022-11-10,C00421,Express
O002070,2022-11-10,C00481,Standard
O002071,2022-11-10,C01023,Standard
O002072,2022-11-10,C00940,Standard
O002073,2022-11-11,C01402,Standard
O002074,2022-11-11,C01253,Express
O002075,2022-11-11,C00247,Standard
O002076,2022-11-11,C00824,Standard
O002077,2022-11-11,C00341,Standard
O002078,2022-11-11,C00945,Standard
O002079,2022-11-11,C00005,Express
O002080,2022-11-11,C00763,Standard
O002081,2022-11-12,C00639,Express
O002082,2022-11-12,C00745,Express
O002083,2022-11-12,C00387,Standard
O002084,2022-11-12,C01391,Standard
O002085,2022-11-12,C00202,Same Day
O002086,2022-11-12,C00081,Express
O002087,2022-11-12,C01203,Standard
O002088,2022-11-12,C00039,Standard
O002089,2022-11-12,C00632,Standard
O002090,2022-11-12,C00759,Standard
O002091,2022-11-12,C00880,Express
O002092,2022-11-12,C00650,Standard
O002093,2022-11-13,C00060,Express
O002094,2022-11-13,C00001,Standard
O002095,2022-11-13,C00511,Express
O002096,2022-11-13,C01446,Standard
O002097,2022-11-13,C00850,Standard
O002098,2022-11-13,C00561,Standard
O002099,2022-11-13,C01468,Express
O002100,2022-11-13,C01191,Standard
O002101,2022-11-14,C01044,Standard
O002102,2022-11-14,C00297,Standard
O002103,2022-11-14,C00487,Same Day
O002104,2022-11-14,C00452,Standard
O002105,2022-11-14,C00898,Standard
O002106,2022-11-14,C01115,Standard
O002107,2022-11-14,C01250,Standard
O002108,2022-11-14,C01306,Express
O002109,2022-11-14,C01453,Standard
O002110,2022-11-15,C00942,Standard
O002111,2022-11-15,C00958,Standard
O002112,2022-11-15,C00294,Express
O002113,2022-11-15,C00934,Same Day
O002114,2022-11-15,C00908,Express
O002115,2022-11-15,C01210,Express
O002116,2022-11-15,C00937,Standard
O002117,2022-11-15,C00874,Standard
O002118,2022-11-15,C00152,Standard
O002119,2022-11-15,C00654,Standard
O002120,2022-11-16,C01459,Standard
O002121,2022-11-16,C01196,Standard
O002122,2022-11-16,C01340,Standard
O002123,2022-11-16,C00394,Standard
O002124,2022-11-16,C00573,Express
O002125,2022-11-16,C00396,Express
O002126,2022-11-16,C00916,Express
O002127,2022-11-17,C01098,Express
O002128,2022-11-17,C00565,Standard
O002129,2022-11-17,C01452,Standard
O002130,2022-11-17,C01358,Express
O002131,2022-11-17,C01492,Standard
O002132,2022-11-17,C01095,Express
O002133,2022-11-17,C00016,Same Day
O002134,2022-11-17,C00877,Same Day
O002135,2022-11-18,C01288,Standard
O002136,2022-11-18,C00953,Standard
O002137,2022-11-18,C00805,Standard
O002138,2022-11-18,C01456,Standard
O002139,2022-11-18,C00463,Standard
O002140,2022-11-18,C01171,Standard
O002141,2022-11-18,C00215,Standard
O002142,2022-11-18,C00468,Standard
O002143,2022-11-18,C00350,Express
O002144,2022-11-18,C00186,Standard
O002145,2022-11-19,C01242,Express
O002146,2022-11-19,C01419,Express
O002147,2022-11-19,C00066,Standard
O002148,2022-11-19,C00343,Standard
O002149,2022-11-19,C01204,Standard
O002150,2022-11-19,C01452,Same Day
O002151,2022-11-19,C00466,Standard
O002152,2022-11-19,C01135,Express
O002153,2022-11-19,C01170,Standard
O002154,2022-11-19,C00419,Express
O002155,2022-11-19,C00793,Express
O002156,2022-11-19,C00846,Standard
O002157,2022-11-19,C00303,Standard
O002158,2022-11-19,C01467,Standard
O002159,2022-11-20,C00888,Standard
O002160,2022-11-20,C01389,Same Day
O002161,2022-11-20,C01341,Express
O002162,2022-11-20,C01179,Standard
O002163,2022-11-20,C00315,Standard
O002164,2022-11-20,C01264,Standard
O002165,2022-11-20,C00156,Standard
O002166,2022-11-20,C01106,Same Day
O002167,2022-11-20,C00986,Standard
O002168,2022-11-20,C00173,Express
O002169,2022-11-20,C00988,Express
O002170,2022-11-20,C01217,Standard
O002171,2022-11-20,C00829,Standard
O002172,2022-11-20,C00683,Express
O002173,2022-11-21,C01238,Standard
O002174,2022-11-21,C01119,Express
O002175,2022-11-21,C00275,Express
O002176,2022-11-21,C00862,Standard
O002177,2022-11-21,C00546,Standard
O002178,2022-11-21,C01179,Standard
O002179,2022-11-21,C00706,Same Day
O002180,2022-11-21,C01011,Standard
O002181,2022-11-21,C00737,Express
O002182,2022-11-21,C00547,Express
O002183,2022-11-21,C00469,Express
O002184,2022-11-22,C00113,Standard
O002185,2022-11-22,C01341,Standard
O002186,2022-11-22,C00940,Standard
O002187,2022-11-22,C00022,Express
O002188,2022-11-22,C00323,Express
O002189,2022-11-22,C00485,Same Day
O002190,2022-11-23,C00020,Express
O002191,2022-11-23,C01227,Standard
O002192,2022-11-23,C01191,Express
O002193,2022-11-23,C00822,Same Day
O002194,2022-11-23,C00746,Express
O002195,2022-11-23,C00844,Same Day
O002196,2022-11-23,C01223,Express
O002197,2022-11-23,C00147,Standard
O002198,2022-11-23,C00545,Express
O002199,2022-11-23,C00332,Same Day
O002200,2022-11-23,C00337,Standard
O002201,2022-11-23,C01198,Same Day
O002202,2022-11-23,C00816,Express
O002203,2022-11-23,C00855,Standard
O002204,2022-11-24,C01458,Standard
O002205,2022-11-24,C00831,Standard
O002206,2022-11-24,C01499,Standard
O002207,2022-11-24,C00564,Standard
O002208,2022-11-24,C00751,Express
O002209,2022-11-24,C01016,Standard
O002210,2022-11-24,C00921,Express
O002211,2022-11-24,C00152,Express
O002212,2022-11-24,C01362,Express
O002213,2022-11-24,C00974,Standard
O002214,2022-11-24,C00959,Standard
O002215,2022-11-24,C00395,Standard
O002216,2022-11-24,C00486,Standard
O002217,2022-11-24,C01234,Standard
O002218,2022-11-25,C00055,Express
O002219,2022-11-25,C00410,Standard
O002220,2022-11-25,C00112,Express
O002221,2022-11-25,C00228,Express
O002222,2022-11-25,C00282,Standard
O002223,2022-11-25,C00740,Express
O002224,2022-11-25,C01262,Express
O002225,2022-11-25,C01218,Standard
O002226,2022-11-26,C00139,Standard
O002227,2022-11-26,C00248,Standard
O002228,2022-11-26,C00566,Same Day
O002229,2022-11-26,C00100,Same Day
O002230,2022-11-26,C00678,Standard
O002231,2022-11-26,C01433,Same Day
O002232,2022-11-26,C01322,Standard
O002233,2022-11-26,C00178,Express
O002234,2022-11-26,C01000,Standard
O002235,2022-11-26,C01240,Standard
O002236,2022-11-26,C00394,Express
O002237,2022-11-26,C00634,Same Day
O002238,2022-11-27,C00063,Express
O002239,2022-11-27,C01050,Standard
O002240,2022-11-27,C00140,Standard
O002241,2022-11-27,C01404,Express
O002242,2022-11-27,C00164,Standard
O002243,2022-11-27,C00042,Standard
O002244,2022-11-27,C01429,Standard
O002245,2022-11-27,C00898,Express
O002246,2022-11-27,C00678,Express
O002247,2022-11-27,C00922,Standard
O002248,2022-11-27,C00868,Standard
O002249,2022-11-27,C00467,Standard
O002250,2022-11-27,C00563,Standard
O002251,2022-11-27,C01042,Standard
O002252,2022-11-27,C00414,Standard
O002253,2022-11-27,C01420,Standard
O002254,2022-11-27,C00656,Standard
O002255,2022-11-28,C01283,Standard
O002256,2022-11-28,C00107,Express
O002257,2022-11-28,C00432,Standard
O002258,2022-11-28,C00062,Express
O002259,2022-11-28,C01151,Express
O002260,2022-11-28,C00241,Same Day
O002261,2022-11-28,C00402,Same Day
O002262,2022-11-28,C00573,Standard
O002263,2022-11-28,C00061,Standard
O002264,2022-11-28,C00659,Standard
O002265,2022-11-29,C00654,Standard
O002266,2022-11-29,C01123,Standard
O002267,2022-11-29,C01016,Express
O002268,2022-11-29,C00883,Standard
O002269,2022-11-29,C01454,Express
O002270,2022-11-29,C00571,Standard
O002271,2022-11-29,C00717,Standard
O002272,2022-11-29,C00171,Standard
O002273,2022-11-29,C00278,Express
O002274,2022-11-29,C01033,Standard
O002275,2022-11-29,C00379,Express
O002276,2022-11-29,C00796,Standard
O002277,2022-11-30,C01098,Standard
O002278,2022-11-30,C01316,Standard
O002279,2022-11-30,C00297,Standard
O002280,2022-11-30,C00769,Same Day
O002281,2022-11-30,C00724,Standard
O002282,2022-11-30,C00501,Same Day
O002283,2022-12-01,C00498,Standard
O002284,2022-12-01,C00136,Same Day
O002285,2022-12-01,C00876,Standard
O002286,2022-12-01,C00674,Standard
O002287,2022-12-01,C01426,Standard
O002288,2022-12-01,C01472,Express
O002289,2022-12-01,C00265,Standard
O002290,2022-12-01,C01035,Standard
O002291,2022-12-01,C00364,Express
O002292,2022-12-01,C00469,Standard
O002293,2022-12-01,C00794,Express
O002294,2022-12-01,C00093,Standard
O002295,2022-12-01,C01384,Standard
O002296,2022-12-01,C00496,Standard
O002297,2022-12-02,C01234,Standard
O002298,2022-12-02,C01330,Express
O002299,2022-12-02,C00804,Standard
O002300,2022-12-02,C00795,Standard
O002301,2022-12-02,C01120,Standard
O002302,2022-12-02,C00008,Standard
O002303,2022-12-02,C01042,Standard
O002304,2022-12-02,C01452,Express
O002305,2022-12-02,C00064,Express
O002306,2022-12-02,C01109,Standard
O002307,2022-12-02,C00935,Standard
O002308,2022-12-02,C00042,Express
O002309,2022-12-02,C00118,Standard
O002310,2022-12-02,C00623,Standard
O002311,2022-12-02,C00700,Standard
O002312,2022-12-02,C00155,Express
O002313,2022-12-03,C01247,Standard
O002314,2022-12-03,C00933,Standard
O002315,2022-12-03,C00813,Standard
O002316,2022-12-03,C01207,Standard
O002317,2022-12-04,C00024,Express
O002318,2022-12-04,C00414,Express
O002319,2022-12-04,C00805,Standard
O002320,2022-12-04,C01301,Express
O002321,2022-12-04,C00236,Standard
O002322,2022-12-04,C00946,Standard
O002323,2022-12-04,C00315,Standard
O002324,2022-12-05,C01232,Express
O002325,2022-12-05,C01281,Standard
O002326,2022-12-05,C00507,Same Day
O002327,2022-12-05,C00010,Express
O002328,2022-12-05,C00854,Express
O002329,2022-12-05,C00972,Express
O002330,2022-12-05,C00794,Express
O002331,2022-12-05,C01331,Standard
O002332,2022-12-05,C00032,Express
O002333,2022-12-06,C00489,Standard
O002334,2022-12-06,C00355,Standard
O002335,2022-12-06,C00283,Express
O002336,2022-12-06,C01339,Express
O002337,2022-12-06,C00647,Standard
O002338,2022-12-06,C00436,Express
O002339,2022-12-06,C00804,Standard
O002340,2022-12-06,C00639,Standard
O002341,2022-12-06,C00968,Standard
O002342,2022-12-06,C01401,Standard
O002343,2022-12-06,C00471,Same Day
O002344,2022-12-07,C00090,Standard
O002345,2022-12-07,C00858,Standard
O002346,2022-12-07,C00389,Standard
O002347,2022-12-07,C00940,Standard
O002348,2022-12-07,C00813,Express
O002349,2022-12-07,C00110,Standard
O002350,2022-12-07,C01016,Same Day
O002351,2022-12-07,C00605,Same Day
O002352,2022-12-07,C00969,Express
O002353,2022-12-07,C00429,Express
O002354,2022-12-07,C00301,Standard
O002355,2022-12-08,C00489,Standard
O002356,2022-12-08,C00723,Standard
O002357,2022-12-08,C01344,Express
O002358,2022-12-08,C00327,Same Day
O002359,2022-12-08,C01309,Express
O002360,2022-12-08,C00011,Standard
O002361,2022-12-08,C01298,Standard
O002362,2022-12-08,C00085,Standard
O002363,2022-12-08,C01280,Standard
O002364,2022-12-09,C00509,Standard
O002365,2022-12-09,C00304,Express
O002366,2022-12-09,C00036,Express
O002367,2022-12-09,C01090,Express
O002368,2022-12-09,C00961,Same Day
O002369,2022-12-09,C01417,Standard
O002370,2022-12-09,C00163,Standard
O002371,2022-12-09,C00139,Standard
O002372,2022-12-09,C00931,Standard
O002373,2022-12-09,C01492,Standard
O002374,2022-12-09,C01343,Standard
O002375,2022-12-10,C01106,Standard
O002376,2022-12-10,C01125,Standard
O002377,2022-12-10,C00678,Standard
O002378,2022-12-10,C00772,Standard
O002379,2022-12-10,C00258,Standard
O002380,2022-12-10,C00798,Standard
O002381,2022-12-10,C00152,Express
O002382,2022-12-10,C00208,Standard
O002383,2022-12-10,C00334,Express
O002384,2022-12-11,C00429,Same Day
O002385,2022-12-11,C00243,Express
O002386,2022-12-11,C01366,Standard
O002387,2022-12-11,C01141,Express
O002388,2022-12-11,C00250,Standard
O002389,2022-12-11,C01332,Standard
O002390,2022-12-11,C00147,Same Day
O002391,2022-12-11,C00610,Standard
O002392,2022-12-11,C00752,Standard
O002393,2022-12-11,C01302,Same Day
O002394,2022-12-11,C01214,Standard
O002395,2022-12-11,C00136,Express
O002396,2022-12-12,C00121,Standard
O002397,2022-12-12,C00498,Standard
O002398,2022-12-12,C00957,Standard
O002399,2022-12-12,C00819,Standard
O002400,2022-12-12,C00795,Same Day
O002401,2022-12-12,C00191,Express
O002402,2022-12-12,C00258,Standard
O002403,2022-12-12,C00869,Express
O002404,2022-12-12,C01213,Standard
O002405,2022-12-12,C00964,Standard
O002406,2022-12-13,C00305,Standard
O002407,2022-12-13,C01097,Standard
O002408,2022-12-13,C01058,Same Day
O002409,2022-12-13,C01178,Express
O002410,2022-12-13,C00175,Standard
O002411,2022-12-13,C01422,Standard
O002412,2022-12-14,C01150,Standard
O002413,2022-12-14,C00663,Same Day
O002414,2022-12-14,C01063,Standard
O002415,2022-12-14,C01067,Standard
O002416,2022-12-14,C01179,Express
O002417,2022-12-14,C01290,Express
O002418,2022-12-14,C01280,Standard
O002419,2022-12-14,C00850,Express
O002420,2022-12-14,C00388,Express
O002421,2022-12-15,C01358,Standard
O002422,2022-12-15,C00885,Standard
O002423,2022-12-15,C01105,Standard
O002424,2022-12-15,C00997,Standard
O002425,2022-12-15,C00920,Standard
O002426,2022-12-15,C00675,Standard
O002427,2022-12-15,C01281,Express
O002428,2022-12-15,C00630,Standard
O002429,2022-12-15,C00137,Standard
O002430,2022-12-15,C00680,Standard
O002431,2022-12-15,C01472,Express
O002432,2022-12-15,C00194,Standard
O002433,2022-12-15,C00641,Standard
O002434,2022-12-16,C00001,Standard
O002435,2022-12-16,C00209,Standard
O002436,2022-12-16,C01113,Standard
O002437,2022-12-16,C00591,Standard
O002438,2022-12-16,C00182,Standard
O002439,2022-12-16,C01452,Express
O002440,2022-12-16,C01389,Standard
O002441,2022-12-16,C01058,Express
O002442,2022-12-16,C01129,Standard
O002443,2022-12-16,C00586,Express
O002444,2022-12-16,C01233,Standard
O002445,2022-12-16,C00563,Standard
O002446,2022-12-17,C01416,Express
O002447,2022-12-17,C01404,Standard
O002448,2022-12-17,C00267,Express
O002449,2022-12-17,C01393,Standard
O002450,2022-12-17,C00640,Express
O002451,2022-12-17,C01167,Standard
O002452,2022-12-17,C00829,Same Day
O002453,2022-12-17,C00494,Standard
O002454,2022-12-18,C01041,Standard
O002455,2022-12-18,C00841,Express
O002456,2022-12-18,C01200,Standard
O002457,2022-12-18,C00125,Standard
O002458,2022-12-18,C01390,Standard
O002459,2022-12-18,C00303,Standard
O002460,2022-12-18,C00061,Standard
O002461,2022-12-18,C00751,Standard
O002462,2022-12-18,C00299,Standard
O002463,2022-12-18,C01006,Standard
O002464,2022-12-18,C00387,Standard
O002465,2022-12-18,C01439,Standard
O002466,2022-12-18,C00585,Express
O002467,2022-12-19,C00776,Express
O002468,2022-12-19,C00360,Same Day
O002469,2022-12-19,C00593,Express
O002470,2022-12-19,C00677,Same Day
O002471,2022-12-19,C00495,Express
O002472,2022-12-19,C00614,Standard
O002473,2022-12-19,C00918,Standard
O002474,2022-12-20,C00702,Express
O002475,2022-12-20,C01466,Express
O002476,2022-12-20,C00030,Standard
O002477,2022-12-20,C00191,Standard
O002478,2022-12-20,C00613,Express
O002479,2022-12-21,C00578,Express
O002480,2022-12-21,C01346,Standard
O002481,2022-12-21,C00593,Standard
O002482,2022-12-21,C00318,Standard
O002483,2022-12-21,C00003,Standard
O002484,2022-12-21,C00209,Standard
O002485,2022-12-21,C01342,Standard
O002486,2022-12-21,C00020,Standard
O002487,2022-12-21,C01060,Standard
O002488,2022-12-21,C00725,Express
O002489,2022-12-21,C01395,Standard
O002490,2022-12-21,C00053,Same Day
O002491,2022-12-22,C00499,Express
O002492,2022-12-22,C00072,Standard
O002493,2022-12-22,C00191,Standard
O002494,2022-12-22,C00813,Standard
O002495,2022-12-23,C00681,Express
O002496,2022-12-23,C00725,Standard
O002497,2022-12-23,C00070,Express
O002498,2022-12-23,C01423,Standard
O002499,2022-12-23,C00915,Standard
O002500,2022-12-23,C01339,Standard
O002501,2022-12-23,C00374,Standard
O002502,2022-12-23,C00937,Same Day
O002503,2022-12-23,C01329,Standard
O002504,2022-12-23,C00165,Standard
O002505,2022-12-23,C00731,Standard
O002506,2022-12-23,C00756,Standard
O002507,2022-12-24,C01323,Same Day
O002508,2022-12-24,C01330,Express
O002509,2022-12-24,C01173,Express
O002510,2022-12-24,C00418,Standard
O002511,2022-12-24,C00851,Express
O002512,2022-12-24,C00756,Standard
O002513,2022-12-24,C01062,Standard
O002514,2022-12-24,C00857,Standard
O002515,2022-12-24,C00981,Express
O002516,2022-12-24,C00692,Standard
O002517,2022-12-24,C00105,Same Day
O002518,2022-12-24,C01272,Standard
O002519,2022-12-24,C01180,Standard
O002520,2022-12-24,C00846,Express
O002521,2022-12-24,C00314,Standard
O002522,2022-12-24,C01215,Standard
O002523,2022-12-24,C00537,Standard
O002524,2022-12-25,C00046,Express
O002525,2022-12-25,C01402,Express
O002526,2022-12-25,C00143,Express
O002527,2022-12-25,C00187,Express
O002528,2022-12-25,C00508,Standard
O002529,2022-12-25,C00330,Standard
O002530,2022-12-25,C00229,Same Day
O002531,2022-12-25,C00510,Standard
O002532,2022-12-25,C01465,Same Day
O002533,2022-12-25,C01338,Standard
O002534,2022-12-25,C01440,Standard
O002535,2022-12-25,C00670,Standard
O002536,2022-12-26,C00789,Express
O002537,2022-12-26,C00657,Standard
O002538,2022-12-26,C00834,Express
O002539,2022-12-26,C00707,Standard
O002540,2022-12-26,C01096,Express
O002541,2022-12-26,C01276,Express
O002542,2022-12-26,C00103,Same Day
O002543,2022-12-26,C00889,Standard
O002544,2022-12-26,C01228,Standard
O002545,2022-12-26,C00320,Standard
O002546,2022-12-27,C00415,Standard
O002547,2022-12-27,C01141,Express
O002548,2022-12-27,C00300,Standard
O002549,2022-12-28,C00091,Standard
O002550,2022-12-28,C01182,Standard
O002551,2022-12-28,C01281,Standard
O002552,2022-12-28,C00019,Standard
O002553,2022-12-28,C00029,Standard
O002554,2022-12-28,C00123,Express
O002555,2022-12-28,C00569,Standard
O002556,2022-12-28,C01489,Express
O002557,2022-12-28,C01020,Standard
O002558,2022-12-28,C00526,Standard
O002559,2022-12-28,C00961,Standard
O002560,2022-12-29,C01247,Same Day
O002561,2022-12-29,C01500,Standard
O002562,2022-12-29,C00277,Standard
O002563,2022-12-29,C00024,Standard
O002564,2022-12-29,C00913,Standard
O002565,2022-12-29,C01079,Standard
O002566,2022-12-29,C01390,Same Day
O002567,2022-12-29,C00639,Express
O002568,2022-12-29,C01231,Standard
O002569,2022-12-29,C00391,Same Day
O002570,2022-12-29,C01118,Express
O002571,2022-12-29,C01230,Standard
O002572,2022-12-29,C00335,Express
O002573,2022-12-30,C01030,Express
O002574,2022-12-30,C00390,Standard
O002575,2022-12-30,C01309,Standard
O002576,2022-12-30,C01009,Standard
O002577,2022-12-30,C00507,Standard
O002578,2022-12-30,C01042,Express
O002579,2022-12-30,C00788,Express
O002580,2022-12-30,C00531,Standard
O002581,2022-12-30,C00776,Standard
O002582,2022-12-30,C00065,Standard
O002583,2022-12-30,C01138,Standard
O002584,2022-12-30,C00266,Standard
O002585,2022-12-31,C00998,Express
O002586,2022-12-31,C00534,Standard
O002587,2022-12-31,C00778,Standard
O002588,2022-12-31,C01048,Standard
O002589,2022-12-31,C00741,Standard
O002590,2022-12-31,C00066,Standard
O002591,2022-12-31,C00534,Standard
O002592,2022-12-31,C00935,Same Day
O002593,2022-12-31,C00439,Express
O002594,2023-01-01,C00053,Express
O002595,2023-01-01,C00114,Standard
O002596,2023-01-01,C01307,Express
O002597,2023-01-01,C01172,Standard
O002598,2023-01-01,C01263,Express
O002599,2023-01-01,C00786,Express
O002600,2023-01-02,C01052,Express
O002601,2023-01-02,C00007,Same Day
O002602,2023-01-02,C01353,Standard
O002603,2023-01-02,C00673,Same Day
O002604,2023-01-03,C00397,Standard
O002605,2023-01-03,C00770,Same Day
O002606,2023-01-03,C01356,Standard
O002607,2023-01-03,C01103,Same Day
O002608,2023-01-04,C00125,Express
O002609,2023-01-04,C00869,Standard
O002610,2023-01-04,C00046,Standard
O002611,2023-01-04,C00295,Standard
O002612,2023-01-04,C01274,Standard
O002613,2023-01-04,C01251,Standard
O002614,2023-01-04,C00748,Standard
O002615,2023-01-04,C00314,Standard
O002616,2023-01-05,C00157,Express
O002617,2023-01-05,C01190,Standard
O002618,2023-01-05,C00042,Standard
O002619,2023-01-06,C00364,Same Day
O002620,2023-01-06,C01416,Standard
O002621,2023-01-06,C00901,Standard
O002622,2023-01-07,C00318,Standard
O002623,2023-01-07,C01338,Express
O002624,2023-01-07,C01488,Standard
O002625,2023-01-07,C00239,Express
O002626,2023-01-07,C00959,Express
O002627,2023-01-07,C00497,Same Day
O002628,2023-01-07,C01113,Standard
O002629,2023-01-07,C00906,Standard
O002630,2023-01-08,C00011,Standard
O002631,2023-01-08,C00406,Express
O002632,2023-01-09,C00363,Standard
O002633,2023-01-09,C01473,Express
O002634,2023-01-09,C00648,Standard
O002635,2023-01-09,C01410,Same Day
O002636,2023-01-09,C00160,Express
O002637,2023-01-09,C00784,Express
O002638,2023-01-09,C01122,Standard
O002639,2023-01-09,C00522,Standard
O002640,2023-01-09,C00197,Standard
O002641,2023-01-10,C01110,Standard
O002642,2023-01-10,C01330,Standard
O002643,2023-01-10,C00341,Standard
O002644,2023-01-10,C01356,Express
O002645,2023-01-10,C01414,Same Day
O002646,2023-01-10,C00788,Express
O002647,2023-01-10,C00358,Same Day
O002648,2023-01-11,C00539,Same Day
O002649,2023-01-11,C01110,Standard
O002650,2023-01-12,C00938,Standard
O002651,2023-01-12,C01300,Standard
O002652,2023-01-12,C01268,Express
O002653,2023-01-12,C01011,Same Day
O002654,2023-01-12,C00108,Express
O002655,2023-01-12,C00697,Express
O002656,2023-01-12,C01425,Standard
O002657,2023-01-13,C00819,Standard
O002658,2023-01-13,C01083,Standard
O002659,2023-01-13,C00201,Standard
O002660,2023-01-13,C00287,Standard
O002661,2023-01-14,C00453,Standard
O002662,2023-01-14,C01398,Standard
O002663,2023-01-14,C01261,Standard
O002664,2023-01-14,C00598,Express
O002665,2023-01-14,C00550,Same Day
O002666,2023-01-14,C00423,Standard
O002667,2023-01-14,C00334,Express
O002668,2023-01-14,C00485,Standard
O002669,2023-01-15,C00035,Standard
O002670,2023-01-15,C01431,Express
O002671,2023-01-15,C01353,Express
O002672,2023-01-15,C01191,Express
O002673,2023-01-15,C00722,Standard
O002674,2023-01-16,C00752,Same Day
O002675,2023-01-16,C00315,Standard
O002676,2023-01-16,C00224,Express
O002677,2023-01-16,C01029,Standard
O002678,2023-01-16,C00342,Standard
O002679,2023-01-16,C00257,Express
O002680,2023-01-16,C00069,Standard
O002681,2023-01-16,C00263,Express
O002682,2023-01-16,C00178,Standard
O002683,2023-01-17,C00451,Standard
O002684,2023-01-17,C01319,Standard
O002685,2023-01-17,C00150,Standard
O002686,2023-01-17,C00015,Same Day
O002687,2023-01-17,C00709,Standard
O002688,2023-01-17,C01343,Standard
O002689,2023-01-18,C01309,Standard
O002690,2023-01-18,C01149,Standard
O002691,2023-01-18,C00988,Standard
O002692,2023-01-18,C00028,Standard
O002693,2023-01-18,C00890,Standard
O002694,2023-01-18,C01015,Express
O002695,2023-01-18,C01418,Express
O002696,2023-01-19,C00499,Standard
O002697,2023-01-19,C00222,Express
O002698,2023-01-19,C01464,Same Day
O002699,2023-01-19,C01267,Standard
O002700,2023-01-19,C00310,Express
O002701,2023-01-19,C00665,Standard
O002702,2023-01-19,C00034,Standard
O002703,2023-01-19,C00079,Standard
O002704,2023-01-20,C00612,Standard
O002705,2023-01-20,C00405,Standard
O002706,2023-01-20,C00914,Express
O002707,2023-01-20,C00984,Standard
O002708,2023-01-20,C00479,Standard
O002709,2023-01-20,C00704,Standard
O002710,2023-01-20,C01455,Standard
O002711,2023-01-20,C00003,Express
O002712,2023-01-21,C00507,Standard
O002713,2023-01-21,C00806,Standard
O002714,2023-01-21,C00519,Same Day
O002715,2023-01-21,C00427,Standard
O002716,2023-01-22,C01451,Standard
O002717,2023-01-23,C00902,Standard
O002718,2023-01-23,C00313,Standard
O002719,2023-01-23,C00887,Express
O002720,2023-01-23,C01456,Standard
O002721,2023-01-23,C00260,Standard
O002722,2023-01-23,C01363,Standard
O002723,2023-01-23,C01404,Standard
O002724,2023-01-23,C01009,Standard
O002725,2023-01-23,C00280,Express
O002726,2023-01-24,C00532,Standard
O002727,2023-01-24,C00339,Standard
O002728,2023-01-24,C00272,Standard
O002729,2023-01-24,C00738,Express
O002730,2023-01-24,C00909,Standard
O002731,2023-01-24,C00940,Standard
O002732,2023-01-24,C01308,Express
O002733,2023-01-25,C01413,Express
O002734,2023-01-25,C01061,Express
O002735,2023-01-25,C01172,Same Day
O002736,2023-01-25,C00922,Same Day
O002737,2023-01-25,C01399,Express
O002738,2023-01-25,C00086,Standard
O002739,2023-01-25,C01108,Express
O002740,2023-01-26,C00553,Express
O002741,2023-01-26,C01494,Express
O002742,2023-01-26,C00906,Standard
O002743,2023-01-26,C00459,Express
O002744,2023-01-26,C01379,Standard
O002745,2023-01-27,C01075,Standard
O002746,2023-01-27,C00996,Standard
O002747,2023-01-27,C00404,Standard
O002748,2023-01-27,C00001,Standard
O002749,2023-01-27,C00275,Standard
O002750,2023-01-27,C00339,Standard
O002751,2023-01-28,C00976,Standard
O002752,2023-01-28,C00947,Standard
O002753,2023-01-28,C00127,Standard
O002754,2023-01-28,C01424,Standard
O002755,2023-01-28,C00249,Standard
O002756,2023-01-28,C00133,Express
O002757,2023-01-29,C01364,Express
O002758,2023-01-29,C00512,Express
O002759,2023-01-29,C00182,Standard
O002760,2023-01-29,C00406,Standard
O002761,2023-01-29,C00302,Standard
O002762,2023-01-29,C01207,Standard
O002763,2023-01-29,C01281,Standard
O002764,2023-01-29,C01421,Standard
O002765,2023-01-30,C01244,Same Day
O002766,2023-01-30,C00583,Same Day
O002767,2023-01-30,C00772,Standard
O002768,2023-01-30,C01246,Express
O002769,2023-01-30,C00452,Standard
O002770,2023-01-30,C01204,Express
O002771,2023-01-30,C00233,Standard
O002772,2023-01-31,C00197,Same Day
O002773,2023-01-31,C00983,Express
O002774,2023-01-31,C01387,Standard
O002775,2023-01-31,C00865,Express
O002776,2023-01-31,C00188,Express
O002777,2023-01-31,C01384,Standard
O002778,2023-01-31,C01127,Standard
O002779,2023-02-01,C01076,Standard
O002780,2023-02-01,C00259,Same Day
O002781,2023-02-01,C01413,Express
O002782,2023-02-01,C01351,Standard
O002783,2023-02-01,C00110,Standard
O002784,2023-02-02,C00417,Standard
O002785,2023-02-02,C00637,Standard
O002786,2023-02-02,C00569,Standard
O002787,2023-02-02,C01366,Same Day
O002788,2023-02-02,C01173,Standard
O002789,2023-02-02,C00990,Standard
O002790,2023-02-02,C01466,Standard
O002791,2023-02-02,C00554,Same Day
O002792,2023-02-03,C01357,Express
O002793,2023-02-03,C00899,Standard
O002794,2023-02-03,C00517,Express
O002795,2023-02-03,C00137,Express
O002796,2023-02-03,C01030,Express
O002797,2023-02-03,C00513,Standard
O002798,2023-02-04,C01084,Standard
O002799,2023-02-04,C01368,Standard
O002800,2023-02-04,C01361,Standard
O002801,2023-02-04,C00946,Express
O002802,2023-02-04,C01087,Express
O002803,2023-02-04,C01169,Express
O002804,2023-02-04,C00602,Standard
O002805,2023-02-04,C00791,Standard
O002806,2023-02-04,C00836,Standard
O002807,2023-02-05,C00504,Express
O002808,2023-02-05,C00649,Express
O002809,2023-02-05,C00894,Express
O002810,2023-02-05,C00949,Express
O002811,2023-02-05,C00452,Express
O002812,2023-02-05,C00999,Same Day
O002813,2023-02-05,C00716,Same Day
O002814,2023-02-06,C00720,Express
O002815,2023-02-06,C00216,Express
O002816,2023-02-06,C01198,Standard
O002817,2023-02-06,C00743,Standard
O002818,2023-02-06,C00837,Standard
O002819,2023-02-07,C00957,Express
O002820,2023-02-07,C00257,Standard
O002821,2023-02-07,C00451,Standard
O002822,2023-02-08,C00202,Standard
O002823,2023-02-08,C01500,Standard
O002824,2023-02-08,C00331,Standard
O002825,2023-02-08,C00614,Standard
O002826,2023-02-08,C00056,Standard
O002827,2023-02-09,C01302,Standard
O002828,2023-02-09,C01129,Standard
O002829,2023-02-09,C01005,Standard
O002830,2023-02-09,C01436,Standard
O002831,2023-02-09,C00004,Standard
O002832,2023-02-09,C00110,Standard
O002833,2023-02-09,C00267,Express
O002834,2023-02-10,C00252,Express
O002835,2023-02-10,C00308,Standard
O002836,2023-02-10,C00766,Standard
O002837,2023-02-10,C00100,Standard
O002838,2023-02-10,C01010,Express
O002839,2023-02-10,C00711,Standard
O002840,2023-02-11,C00046,Standard
O002841,2023-02-11,C00318,Express
O002842,2023-02-11,C01195,Standard
O002843,2023-02-11,C01386,Standard
O002844,2023-02-11,C00694,Standard
O002845,2023-02-12,C00912,Standard
O002846,2023-02-12,C01263,Same Day
O002847,2023-02-12,C01314,Standard
O002848,2023-02-12,C00738,Standard
O002849,2023-02-12,C00836,Standard
O002850,2023-02-12,C01044,Standard
O002851,2023-02-12,C00646,Standard
O002852,2023-02-12,C00368,Standard
O002853,2023-02-12,C00160,Standard
O002854,2023-02-13,C00751,Standard
O002855,2023-02-13,C00528,Standard
O002856,2023-02-13,C00167,Standard
O002857,2023-02-13,C00723,Express
O002858,2023-02-13,C01262,Express
O002859,2023-02-13,C01287,Express
O002860,2023-02-14,C01230,Express
O002861,2023-02-14,C00820,Standard
O002862,2023-02-14,C01270,Standard
O002863,2023-02-14,C01386,Same Day
O002864,2023-02-15,C00942,Standard
O002865,2023-02-15,C00396,Standard
O002866,2023-02-15,C00677,Standard
O002867,2023-02-15,C00439,Standard
O002868,2023-02-15,C00760,Standard
O002869,2023-02-15,C00100,Standard
O002870,2023-02-15,C00097,Express
O002871,2023-02-16,C00819,Express
O002872,2023-02-16,C01223,Standard
O002873,2023-02-16,C00346,Express
O002874,2023-02-16,C00970,Same Day
O002875,2023-02-16,C00077,Standard
O002876,2023-02-17,C00322,Standard
O002877,2023-02-17,C01191,Standard
O002878,2023-02-17,C00309,Express
O002879,2023-02-17,C00672,Express
O002880,2023-02-18,C00628,Same Day
O002881,2023-02-18,C00288,Standard
O002882,2023-02-18,C01270,Standard
O002883,2023-02-18,C01063,Standard
O002884,2023-02-18,C00711,Express
O002885,2023-02-18,C00481,Standard
O002886,2023-02-18,C00933,Standard
O002887,2023-02-19,C01204,Standard
O002888,2023-02-19,C00720,Express
O002889,2023-02-20,C00090,Standard
O002890,2023-02-20,C01200,Express
O002891,2023-02-20,C00506,Express
O002892,2023-02-20,C01257,Same Day
O002893,2023-02-20,C01242,Same Day
O002894,2023-02-20,C00752,Standard
O002895,2023-02-20,C00803,Standard
O002896,2023-02-20,C01166,Express
O002897,2023-02-21,C01102,Standard
O002898,2023-02-21,C00366,Standard
O002899,2023-02-21,C00272,Standard
O002900,2023-02-21,C00683,Standard
O002901,2023-02-21,C00252,Same Day
O002902,2023-02-21,C00073,Standard
O002903,2023-02-22,C00220,Express
O002904,2023-02-22,C01325,Standard
O002905,2023-02-22,C00229,Express
O002906,2023-02-22,C01477,Standard
O002907,2023-02-22,C00169,Express
O002908,2023-02-22,C01223,Standard
O002909,2023-02-22,C00503,Express
O002910,2023-02-23,C01059,Standard
O002911,2023-02-23,C00135,Same Day
O002912,2023-02-23,C00940,Same Day
O002913,2023-02-23,C01223,Standard
O002914,2023-02-23,C01269,Express
O002915,2023-02-23,C00986,Standard
O002916,2023-02-23,C00496,Standard
O002917,2023-02-23,C01068,Standard
O002918,2023-02-23,C00131,Standard
O002919,2023-02-24,C00119,Express
O002920,2023-02-24,C00957,Standard
O002921,2023-02-24,C01244,Standard
O002922,2023-02-24,C00607,Standard
O002923,2023-02-24,C00298,Standard
O002924,2023-02-25,C01372,Same Day
O002925,2023-02-25,C00063,Standard
O002926,2023-02-26,C00131,Express
O002927,2023-02-26,C00091,Standard
O002928,2023-02-26,C01227,Same Day
O002929,2023-02-26,C00856,Standard
O002930,2023-02-26,C01026,Express
O002931,2023-02-26,C01179,Express
O002932,2023-02-26,C00278,Standard
O002933,2023-02-26,C01130,Standard
O002934,2023-02-26,C00831,Express
O002935,2023-02-26,C00358,Standard
O002936,2023-02-26,C01415,Standard
O002937,2023-02-26,C01004,Express
O002938,2023-02-26,C01035,Standard
O002939,2023-02-26,C00299,Same Day
O002940,2023-02-26,C01121,Standard
O002941,2023-02-26,C00335,Standard
O002942,2023-02-27,C00418,Express
O002943,2023-02-27,C01328,Standard
O002944,2023-02-27,C01144,Express
O002945,2023-02-27,C00197,Standard
O002946,2023-02-27,C00260,Standard
O002947,2023-02-28,C00930,Standard
O002948,2023-02-28,C01452,Standard
O002949,2023-02-28,C00496,Express
O002950,2023-02-28,C00980,Standard
O002951,2023-02-28,C00848,Standard
O002952,2023-02-28,C01125,Standard
O002953,2023-03-01,C00793,Standard
O002954,2023-03-01,C00741,Standard
O002955,2023-03-01,C00224,Express
O002956,2023-03-01,C00091,Standard
O002957,2023-03-01,C01488,Standard
O002958,2023-03-01,C00860,Standard
O002959,2023-03-02,C00859,Standard
O002960,2023-03-02,C01313,Standard
O002961,2023-03-02,C00514,Standard
O002962,2023-03-02,C01308,Express
O002963,2023-03-02,C00492,Express
O002964,2023-03-03,C01447,Standard
O002965,2023-03-03,C01011,Standard
O002966,2023-03-03,C00327,Standard
O002967,2023-03-03,C00247,Same Day
O002968,2023-03-03,C00838,Standard
O002969,2023-03-03,C00729,Express
O002970,2023-03-04,C00282,Standard
O002971,2023-03-04,C00298,Standard
O002972,2023-03-04,C00859,Standard
O002973,2023-03-04,C00150,Express
O002974,2023-03-04,C01440,Standard
O002975,2023-03-04,C00578,Standard
O002976,2023-03-04,C01080,Express
O002977,2023-03-04,C00843,Standard
O002978,2023-03-04,C00250,Same Day
O002979,2023-03-05,C01460,Express
O002980,2023-03-05,C01213,Standard
O002981,2023-03-05,C01408,Standard
O002982,2023-03-05,C01390,Standard
O002983,2023-03-05,C01174,Standard
O002984,2023-03-05,C00205,Express
O002985,2023-03-05,C01033,Express
O002986,2023-03-05,C00350,Express
O002987,2023-03-05,C01106,Standard
O002988,2023-03-05,C00234,Same Day
O002989,2023-03-05,C00090,Same Day
O002990,2023-03-06,C00649,Standard
O002991,2023-03-06,C00403,Standard
O002992,2023-03-06,C01282,Standard
O002993,2023-03-06,C00323,Express
O002994,2023-03-06,C00457,Standard
O002995,2023-03-06,C00134,Standard
O002996,2023-03-06,C00218,Standard
O002997,2023-03-07,C00184,Express
O002998,2023-03-07,C00680,Express
O002999,2023-03-07,C01074,Standard
O003000,2023-03-07,C01452,Standard
O003001,2023-03-07,C00705,Standard
O003002,2023-03-07,C01194,Express
O003003,2023-03-07,C00859,Same Day
O003004,2023-03-08,C00819,Standard
O003005,2023-03-08,C00468,Express
O003006,2023-03-08,C00411,Standard
O003007,2023-03-09,C00990,Express
O003008,2023-03-09,C01017,Standard
O003009,2023-03-10,C01081,Express
O003010,2023-03-10,C00709,Standard
O003011,2023-03-10,C00379,Standard
O003012,2023-03-10,C01321,Standard
O003013,2023-03-11,C01397,Standard
O003014,2023-03-11,C01167,Standard
O003015,2023-03-11,C00471,Same Day
O003016,2023-03-11,C00478,Express
O003017,2023-03-11,C00861,Standard
O003018,2023-03-11,C00596,Standard
O003019,2023-03-12,C00170,Express
O003020,2023-03-12,C01382,Standard
O003021,2023-03-12,C00236,Express
O003022,2023-03-12,C00702,Same Day
O003023,2023-03-12,C00732,Standard
O003024,2023-03-12,C01037,Standard
O003025,2023-03-12,C00069,Standard
O003026,2023-03-12,C01242,Express
O003027,2023-03-12,C00262,Standard
O003028,2023-03-12,C01109,Standard
O003029,2023-03-13,C00579,Standard
O003030,2023-03-13,C00521,Standard
O003031,2023-03-13,C00725,Standard
O003032,2023-03-13,C00875,Express
O003033,2023-03-13,C00856,Standard
O003034,2023-03-13,C00973,Standard
O003035,2023-03-14,C00769,Express
O003036,2023-03-14,C01043,Express
O003037,2023-03-14,C00610,Standard
O003038,2023-03-14,C01075,Express
O003039,2023-03-14,C01242,Standard
O003040,2023-03-14,C00422,Standard
O003041,2023-03-14,C00709,Standard
O003042,2023-03-15,C00496,Express
O003043,2023-03-15,C00250,Standard
O003044,2023-03-15,C00560,Standard
O003045,2023-03-15,C00588,Express
O003046,2023-03-15,C01073,Standard
O003047,2023-03-15,C00577,Express
O003048,2023-03-15,C00066,Standard
O003049,2023-03-15,C00679,Express
O003050,2023-03-15,C00461,Standard
O003051,2023-03-15,C00850,Standard
O003052,2023-03-16,C01326,Standard
O003053,2023-03-16,C00617,Standard
O003054,2023-03-16,C00709,Standard
O003055,2023-03-16,C00398,Same Day
O003056,2023-03-16,C00302,Express
O003057,2023-03-16,C01428,Same Day
O003058,2023-03-16,C00411,Standard
O003059,2023-03-16,C00787,Express
O003060,2023-03-16,C00371,Standard
O003061,2023-03-17,C00491,Express
O003062,2023-03-17,C00760,Standard
O003063,2023-03-17,C00597,Express
O003064,2023-03-17,C01179,Standard
O003065,2023-03-17,C00343,Express
O003066,2023-03-18,C01053,Express
O003067,2023-03-18,C00952,Standard
O003068,2023-03-18,C00725,Standard
O003069,2023-03-18,C01488,Standard
O003070,2023-03-18,C01452,Standard
O003071,2023-03-18,C01112,Same Day
O003072,2023-03-18,C00999,Standard
O003073,2023-03-18,C01075,Standard
O003074,2023-03-19,C01085,Standard
O003075,2023-03-19,C00469,Standard
O003076,2023-03-19,C00786,Same Day
O003077,2023-03-19,C01344,Standard
O003078,2023-03-19,C01028,Express
O003079,2023-03-19,C01194,Standard
O003080,2023-03-20,C01353,Same Day
O003081,2023-03-20,C00004,Express
O003082,2023-03-20,C00871,Express
O003083,2023-03-21,C01171,Express
O003084,2023-03-21,C00320,Express
O003085,2023-03-21,C00631,Express
O003086,2023-03-21,C00231,Standard
O003087,2023-03-21,C00654,Standard
O003088,2023-03-21,C00758,Standard
O003089,2023-03-21,C01246,Standard
O003090,2023-03-21,C00433,Standard
O003091,2023-03-21,C00218,Standard
O003092,2023-03-21,C00515,Express
O003093,2023-03-21,C00960,Express
O003094,2023-03-21,C00791,Standard
O003095,2023-03-22,C00309,Standard
O003096,2023-03-22,C00406,Standard
O003097,2023-03-22,C01078,Standard
O003098,2023-03-22,C00641,Express
O003099,2023-03-22,C00660,Express
O003100,2023-03-22,C00001,Standard
O003101,2023-03-22,C01392,Standard
O003102,2023-03-22,C01237,Standard
O003103,2023-03-23,C01371,Standard
O003104,2023-03-23,C01433,Standard
O003105,2023-03-23,C00267,Standard
O003106,2023-03-23,C01286,Standard
O003107,2023-03-23,C00587,Standard
O003108,2023-03-24,C00413,Standard
O003109,2023-03-24,C00591,Express
O003110,2023-03-24,C01123,Express
O003111,2023-03-25,C00594,Standard
O003112,2023-03-25,C00092,Express
O003113,2023-03-25,C00351,Express
O003114,2023-03-25,C00202,Standard
O003115,2023-03-25,C00285,Standard
O003116,2023-03-25,C00406,Standard
O003117,2023-03-25,C00848,Standard
O003118,2023-03-25,C00309,Standard
O003119,2023-03-25,C01002,Standard
O003120,2023-03-25,C00459,Standard
O003121,2023-03-26,C00060,Standard
O003122,2023-03-26,C01316,Standard
O003123,2023-03-26,C00977,Standard
O003124,2023-03-26,C01298,Standard
O003125,2023-03-26,C00823,Standard
O003126,2023-03-26,C00080,Express
O003127,2023-03-26,C00133,Standard
O003128,2023-03-26,C00702,Express
O003129,2023-03-26,C01405,Standard
O003130,2023-03-27,C01294,Express
O003131,2023-03-27,C00315,Standard
O003132,2023-03-27,C00933,Standard
O003133,2023-03-27,C01365,Express
O003134,2023-03-27,C01310,Standard
O003135,2023-03-27,C01235,Standard
O003136,2023-03-27,C00336,Express
O003137,2023-03-27,C00477,Standard
O003138,2023-03-27,C00921,Same Day
O003139,2023-03-28,C00806,Standard
O003140,2023-03-28,C00401,Express
O003141,2023-03-28,C00208,Standard
O003142,2023-03-28,C01494,Standard
O003143,2023-03-28,C01481,Standard
O003144,2023-03-28,C00194,Standard
O003145,2023-03-28,C00895,Express
O003146,2023-03-28,C00654,Express
O003147,2023-03-28,C00854,Express
O003148,2023-03-28,C00078,Standard
O003149,2023-03-29,C00669,Standard
O003150,2023-03-29,C00388,Express
O003151,2023-03-29,C01473,Express
O003152,2023-03-29,C00874,Express
O003153,2023-03-29,C01349,Standard
O003154,2023-03-29,C01363,Express
O003155,2023-03-29,C01041,Standard
O003156,2023-03-30,C00459,Express
O003157,2023-03-30,C01500,Standard
O003158,2023-03-30,C00954,Standard
O003159,2023-03-30,C00852,Standard
O003160,2023-03-30,C01362,Express
O003161,2023-03-30,C00886,Same Day
O003162,2023-03-31,C00341,Standard
O003163,2023-03-31,C00271,Standard
O003164,2023-03-31,C01051,Standard
O003165,2023-03-31,C00978,Standard
O003166,2023-03-31,C00966,Standard
O003167,2023-03-31,C00572,Express
O003168,2023-04-01,C00139,Standard
O003169,2023-04-01,C00293,Standard
O003170,2023-04-01,C01160,Express
O003171,2023-04-01,C00463,Standard
O003172,2023-04-01,C01466,Standard
O003173,2023-04-01,C00280,Express
O003174,2023-04-01,C00939,Standard
O003175,2023-04-02,C01302,Standard
O003176,2023-04-02,C01194,Standard
O003177,2023-04-02,C01496,Standard
O003178,2023-04-02,C00416,Standard
O003179,2023-04-02,C00469,Standard
O003180,2023-04-02,C01077,Standard
O003181,2023-04-03,C00381,Same Day
O003182,2023-04-03,C01053,Express
O003183,2023-04-03,C00478,Standard
O003184,2023-04-03,C00891,Express
O003185,2023-04-03,C00693,Standard
O003186,2023-04-03,C00681,Standard
O003187,2023-04-03,C00440,Standard
O003188,2023-04-03,C01061,Standard
O003189,2023-04-04,C01480,Standard
O003190,2023-04-04,C01018,Standard
O003191,2023-04-04,C00402,Express
O003192,2023-04-04,C00535,Express
O003193,2023-04-04,C00608,Express
O003194,2023-04-04,C00514,Standard
O003195,2023-04-04,C01257,Standard
O003196,2023-04-04,C00762,Standard
O003197,2023-04-04,C00069,Standard
O003198,2023-04-04,C00129,Standard
O003199,2023-04-05,C01023,Standard
O003200,2023-04-05,C00587,Express
O003201,2023-04-05,C00904,Express
O003202,2023-04-05,C00632,Same Day
O003203,2023-04-05,C00839,Standard
O003204,2023-04-05,C00617,Standard
O003205,2023-04-06,C00015,Standard
O003206,2023-04-06,C00125,Express
O003207,2023-04-06,C01052,Same Day
O003208,2023-04-06,C00913,Standard
O003209,2023-04-06,C00722,Express
O003210,2023-04-06,C00779,Express
O003211,2023-04-07,C01057,Standard
O003212,2023-04-07,C00262,Express
O003213,2023-04-07,C01051,Express
O003214,2023-04-07,C00482,Standard
O003215,2023-04-08,C00969,Standard
O003216,2023-04-08,C01449,Express
O003217,2023-04-08,C00764,Standard
O003218,2023-04-08,C00346,Standard
O003219,2023-04-08,C00894,Express
O003220,2023-04-08,C00056,Express
O003221,2023-04-08,C00885,Same Day
O003222,2023-04-08,C00875,Express
O003223,2023-04-09,C00644,Standard
O003224,2023-04-09,C01377,Express
O003225,2023-04-09,C00208,Standard
O003226,2023-04-09,C00044,Standard
O003227,2023-04-10,C00455,Standard
O003228,2023-04-10,C01455,Standard
O003229,2023-04-10,C00933,Standard
O003230,2023-04-10,C00584,Express
O003231,2023-04-10,C00691,Express
O003232,2023-04-10,C00453,Standard
O003233,2023-04-11,C01301,Express
O003234,2023-04-11,C00841,Express
O003235,2023-04-11,C00713,Standard
O003236,2023-04-11,C00654,Same Day
O003237,2023-04-12,C01419,Express
O003238,2023-04-12,C00054,Standard
O003239,2023-04-12,C01464,Standard
O003240,2023-04-12,C00259,Same Day
O003241,2023-04-12,C00175,Standard
O003242,2023-04-12,C01497,Express
O003243,2023-04-12,C00170,Standard
O003244,2023-04-13,C00221,Standard
O003245,2023-04-13,C00815,Express
O003246,2023-04-13,C00414,Same Day
O003247,2023-04-13,C00309,Same Day
O003248,2023-04-13,C00246,Standard
O003249,2023-04-14,C01477,Express
O003250,2023-04-14,C00672,Express
O003251,2023-04-14,C00248,Express
O003252,2023-04-14,C00647,Express
O003253,2023-04-14,C01452,Standard
O003254,2023-04-14,C00741,Same Day
O003255,2023-04-14,C00918,Same Day
O003256,2023-04-14,C00150,Standard
O003257,2023-04-15,C00612,Standard
O003258,2023-04-15,C00036,Standard
O003259,2023-04-15,C01223,Standard
O003260,2023-04-15,C00863,Standard
O003261,2023-04-15,C00211,Standard
O003262,2023-04-15,C01310,Same Day
O003263,2023-04-15,C00478,Standard
O003264,2023-04-15,C00115,Express
O003265,2023-04-16,C00191,Standard
O003266,2023-04-16,C00118,Express
O003267,2023-04-16,C00570,Standard
O003268,2023-04-16,C01109,Standard
O003269,2023-04-16,C00691,Express
O003270,2023-04-16,C00893,Standard
O003271,2023-04-16,C00339,Express
O003272,2023-04-16,C01462,Standard
O003273,2023-04-16,C00735,Standard
O003274,2023-04-17,C00546,Express
O003275,2023-04-17,C00397,Standard
O003276,2023-04-17,C00799,Express
O003277,2023-04-17,C01003,Express
O003278,2023-04-17,C00780,Express
O003279,2023-04-17,C00536,Standard
O003280,2023-04-17,C01182,Standard
O003281,2023-04-17,C00852,Express
O003282,2023-04-18,C00113,Standard
O003283,2023-04-18,C01159,Standard
O003284,2023-04-18,C01170,Express
O003285,2023-04-18,C00772,Standard
O003286,2023-04-18,C01462,Standard
O003287,2023-04-18,C01334,Standard
O003288,2023-04-18,C01361,Standard
O003289,2023-04-18,C01266,Standard
O003290,2023-04-18,C01002,Standard
O003291,2023-04-18,C00960,Express
O003292,2023-04-19,C01118,Standard
O003293,2023-04-19,C00473,Standard
O003294,2023-04-19,C00564,Standard
O003295,2023-04-19,C00708,Standard
O003296,2023-04-19,C01392,Same Day
O003297,2023-04-19,C01375,Standard
O003298,2023-04-19,C01364,Standard
O003299,2023-04-19,C01384,Same Day
O003300,2023-04-20,C00966,Express
O003301,2023-04-20,C01296,Standard
O003302,2023-04-20,C00687,Standard
O003303,2023-04-20,C01126,Standard
O003304,2023-04-20,C00154,Standard
O003305,2023-04-20,C00470,Express
O003306,2023-04-20,C00486,Express
O003307,2023-04-21,C00183,Standard
O003308,2023-04-21,C00977,Standard
O003309,2023-04-21,C01428,Standard
O003310,2023-04-21,C01404,Same Day
O003311,2023-04-21,C00534,Standard
O003312,2023-04-21,C01471,Same Day
O003313,2023-04-21,C01000,Express
O003314,2023-04-22,C01473,Standard
O003315,2023-04-22,C00738,Standard
O003316,2023-04-22,C00367,Express
O003317,2023-04-22,C00229,Express
O003318,2023-04-22,C01002,Standard
O003319,2023-04-22,C00180,Standard
O003320,2023-04-22,C00748,Standard
O003321,2023-04-22,C00245,Standard
O003322,2023-04-23,C01204,Express
O003323,2023-04-23,C00382,Standard
O003324,2023-04-23,C00084,Standard
O003325,2023-04-23,C01183,Express
O003326,2023-04-23,C01062,Standard
O003327,2023-04-23,C01285,Same Day
O003328,2023-04-23,C01039,Standard
O003329,2023-04-23,C01485,Express
O003330,2023-04-23,C01138,Standard
O003331,2023-04-24,C00996,Standard
O003332,2023-04-24,C00627,Standard
O003333,2023-04-24,C00545,Express
O003334,2023-04-24,C01325,Standard
O003335,2023-04-24,C01128,Standard
O003336,2023-04-25,C01431,Same Day
O003337,2023-04-25,C00736,Standard
O003338,2023-04-25,C00305,Standard
O003339,2023-04-25,C00487,Express
O003340,2023-04-25,C00069,Standard
O003341,2023-04-25,C01121,Standard
O003342,2023-04-25,C00741,Standard
O003343,2023-04-25,C00364,Standard
O003344,2023-04-25,C00620,Standard
O003345,2023-04-26,C01079,Standard
O003346,2023-04-26,C01120,Standard
O003347,2023-04-26,C00246,Standard
O003348,2023-04-27,C01161,Standard
O003349,2023-04-27,C01020,Express
O003350,2023-04-27,C00960,Express
O003351,2023-04-27,C00288,Express
O003352,2023-04-27,C00966,Standard
O003353,2023-04-27,C00792,Standard
O003354,2023-04-28,C01171,Standard
O003355,2023-04-28,C01140,Same Day
O003356,2023-04-28,C00155,Standard
O003357,2023-04-28,C00938,Express
O003358,2023-04-28,C00984,Standard
O003359,2023-04-28,C00626,Express
O003360,2023-04-28,C00323,Standard
O003361,2023-04-28,C00009,Express
O003362,2023-04-28,C01286,Express
O003363,2023-04-29,C00525,Express
O003364,2023-04-29,C01188,Standard
O003365,2023-04-29,C01144,Express
O003366,2023-04-29,C00826,Standard
O003367,2023-04-29,C01299,Standard
O003368,2023-04-29,C01161,Standard
O003369,2023-04-30,C00078,Standard
O003370,2023-04-30,C01315,Standard
O003371,2023-04-30,C01361,Standard
O003372,2023-05-01,C00489,Standard
O003373,2023-05-01,C00084,Standard
O003374,2023-05-01,C00533,Express
O003375,2023-05-01,C00344,Express
O003376,2023-05-01,C00238,Standard
O003377,2023-05-01,C00460,Express
O003378,2023-05-01,C00068,Express
O003379,2023-05-01,C00804,Standard
O003380,2023-05-01,C00239,Standard
O003381,2023-05-02,C01166,Same Day
O003382,2023-05-02,C00659,Standard
O003383,2023-05-02,C00496,Express
O003384,2023-05-02,C00857,Same Day
O003385,2023-05-02,C00243,Express
O003386,2023-05-02,C00261,Standard
O003387,2023-05-03,C01195,Express
O003388,2023-05-03,C00221,Standard
O003389,2023-05-04,C01288,Same Day
O003390,2023-05-04,C01309,Standard
O003391,2023-05-04,C00635,Express
O003392,2023-05-04,C00368,Standard
O003393,2023-05-04,C00554,Standard
O003394,2023-05-04,C01356,Standard
O003395,2023-05-04,C01392,Same Day
O003396,2023-05-04,C00214,Standard
O003397,2023-05-04,C00099,Standard
O003398,2023-05-04,C01424,Same Day
O003399,2023-05-05,C00640,Standard
O003400,2023-05-05,C00725,Same Day
O003401,2023-05-05,C00238,Express
O003402,2023-05-05,C00384,Same Day
O003403,2023-05-05,C01287,Standard
O003404,2023-05-05,C00185,Same Day
O003405,2023-05-05,C00208,Standard
O003406,2023-05-05,C00081,Express
O003407,2023-05-05,C00338,Express
O003408,2023-05-06,C01068,Express
O003409,2023-05-06,C00229,Standard
O003410,2023-05-06,C00155,Same Day
O003411,2023-05-06,C01236,Same Day
O003412,2023-05-06,C00675,Express
O003413,2023-05-06,C01211,Express
O003414,2023-05-07,C01053,Standard
O003415,2023-05-07,C01078,Standard
O003416,2023-05-07,C00211,Express
O003417,2023-05-07,C00448,Express
O003418,2023-05-07,C01410,Express
O003419,2023-05-07,C00400,Express
O003420,2023-05-08,C01418,Same Day
O003421,2023-05-08,C00874,Standard
O003422,2023-05-08,C00430,Standard
O003423,2023-05-08,C00059,Express
O003424,2023-05-09,C01341,Standard
O003425,2023-05-09,C00679,Standard
O003426,2023-05-09,C00169,Standard
O003427,2023-05-09,C00697,Standard
O003428,2023-05-09,C00025,Standard
O003429,2023-05-09,C00916,Same Day
O003430,2023-05-09,C00229,Express
O003431,2023-05-09,C00304,Express
O003432,2023-05-09,C01078,Express
O003433,2023-05-09,C00966,Express
O003434,2023-05-09,C01164,Standard
O003435,2023-05-09,C00017,Express
O003436,2023-05-10,C00452,Standard
O003437,2023-05-10,C01059,Express
O003438,2023-05-10,C00782,Standard
O003439,2023-05-11,C00280,Standard
O003440,2023-05-11,C01304,Express
O003441,2023-05-11,C00333,Standard
O003442,2023-05-11,C00572,Standard
O003443,2023-05-11,C00159,Express
O003444,2023-05-11,C00937,Standard
O003445,2023-05-11,C00600,Standard
O003446,2023-05-11,C00128,Express
O003447,2023-05-11,C00617,Standard
O003448,2023-05-11,C01313,Standard
O003449,2023-05-11,C01050,Express
O003450,2023-05-12,C01326,Express
O003451,2023-05-12,C00643,Express
O003452,2023-05-12,C00644,Same Day
O003453,2023-05-12,C01360,Express
O003454,2023-05-12,C00227,Standard
O003455,2023-05-12,C00280,Standard
O003456,2023-05-13,C01488,Standard
O003457,2023-05-14,C00130,Standard
O003458,2023-05-14,C01101,Standard
O003459,2023-05-14,C01244,Express
O003460,2023-05-14,C00187,Standard
O003461,2023-05-14,C00553,Same Day
O003462,2023-05-14,C00891,Express
O003463,2023-05-14,C00156,Standard
O003464,2023-05-15,C01359,Standard
O003465,2023-05-15,C00769,Standard
O003466,2023-05-15,C00451,Standard
O003467,2023-05-15,C00719,Standard
O003468,2023-05-15,C01345,Standard
O003469,2023-05-15,C00800,Express
O003470,2023-05-15,C00563,Standard
O003471,2023-05-15,C00006,Same Day
O003472,2023-05-15,C01057,Standard
O003473,2023-05-15,C01242,Standard
O003474,2023-05-15,C00046,Standard
O003475,2023-05-16,C00360,Standard
O003476,2023-05-16,C00070,Express
O003477,2023-05-16,C00986,Express
O003478,2023-05-16,C00137,Standard
O003479,2023-05-16,C01373,Express
O003480,2023-05-16,C00743,Standard
O003481,2023-05-16,C01089,Express
O003482,2023-05-16,C01237,Standard
O003483,2023-05-16,C00953,Express
O003484,2023-05-16,C01152,Express
O003485,2023-05-17,C00878,Express
O003486,2023-05-17,C00040,Standard
O003487,2023-05-17,C00216,Express
O003488,2023-05-17,C00672,Standard
O003489,2023-05-17,C00871,Standard
O003490,2023-05-17,C00713,Standard
O003491,2023-05-17,C00299,Same Day
O003492,2023-05-18,C00954,Standard
O003493,2023-05-18,C00775,Express
O003494,2023-05-18,C00514,Standard
O003495,2023-05-18,C00068,Standard
O003496,2023-05-18,C00048,Standard
O003497,2023-05-18,C01211,Standard
O003498,2023-05-18,C00787,Standard
O003499,2023-05-19,C00152,Express
O003500,2023-05-19,C01489,Standard
O003501,2023-05-19,C00228,Same Day
O003502,2023-05-19,C00050,Standard
O003503,2023-05-19,C00553,Standard
O003504,2023-05-20,C00278,Standard
O003505,2023-05-20,C00661,Standard
O003506,2023-05-20,C01331,Express
O003507,2023-05-20,C00922,Standard
O003508,2023-05-20,C01295,Standard
O003509,2023-05-20,C00175,Standard
O003510,2023-05-21,C01363,Standard
O003511,2023-05-21,C01185,Express
O003512,2023-05-21,C00414,Express
O003513,2023-05-21,C01241,Standard
O003514,2023-05-22,C01012,Express
O003515,2023-05-22,C01346,Express
O003516,2023-05-22,C00997,Express
O003517,2023-05-22,C01261,Express
O003518,2023-05-22,C00596,Same Day
O003519,2023-05-22,C00275,Same Day
O003520,2023-05-22,C00521,Standard
O003521,2023-05-23,C01128,Standard
O003522,2023-05-23,C00191,Standard
O003523,2023-05-23,C00247,Standard
O003524,2023-05-23,C01463,Standard
O003525,2023-05-23,C01341,Standard
O003526,2023-05-23,C00189,Same Day
O003527,2023-05-23,C00553,Same Day
O003528,2023-05-24,C00585,Express
O003529,2023-05-24,C01365,Same Day
O003530,2023-05-24,C01151,Standard
O003531,2023-05-24,C00354,Express
O003532,2023-05-24,C01095,Standard
O003533,2023-05-25,C00707,Express
O003534,2023-05-25,C01492,Standard
O003535,2023-05-25,C01378,Standard
O003536,2023-05-25,C00539,Standard
O003537,2023-05-25,C00965,Same Day
O003538,2023-05-25,C00548,Express
O003539,2023-05-26,C01259,Express
O003540,2023-05-26,C00232,Standard
O003541,2023-05-26,C00724,Standard
O003542,2023-05-26,C01054,Same Day
O003543,2023-05-26,C00621,Same Day
O003544,2023-05-26,C00991,Standard
O003545,2023-05-26,C01468,Standard
O003546,2023-05-26,C01032,Standard
O003547,2023-05-26,C00399,Standard
O003548,2023-05-26,C01054,Express
O003549,2023-05-27,C00114,Standard
O003550,2023-05-27,C01374,Express
O003551,2023-05-27,C00937,Express
O003552,2023-05-27,C00811,Standard
O003553,2023-05-27,C01093,Standard
O003554,2023-05-27,C01342,Standard
O003555,2023-05-27,C00169,Standard
O003556,2023-05-28,C01372,Standard
O003557,2023-05-28,C00400,Standard
O003558,2023-05-28,C00189,Standard
O003559,2023-05-28,C00795,Standard
O003560,2023-05-28,C00308,Standard
O003561,2023-05-28,C01317,Express
O003562,2023-05-28,C00519,Express
O003563,2023-05-28,C01224,Standard
O003564,2023-05-28,C01442,Standard
O003565,2023-05-28,C00247,Express
O003566,2023-05-28,C00770,Standard
O003567,2023-05-29,C00478,Standard
O003568,2023-05-29,C01471,Express
O003569,2023-05-29,C00125,Same Day
O003570,2023-05-29,C01042,Standard
O003571,2023-05-29,C00360,Express
O003572,2023-05-29,C00521,Standard
O003573,2023-05-29,C00776,Standard
O003574,2023-05-29,C00207,Express
O003575,2023-05-29,C00541,Standard
O003576,2023-05-29,C01068,Standard
O003577,2023-05-29,C00361,Standard
O003578,2023-05-29,C00273,Standard
O003579,2023-05-30,C00177,Standard
O003580,2023-05-30,C01244,Express
O003581,2023-05-30,C00353,Express
O003582,2023-05-30,C00943,Express
O003583,2023-05-30,C00705,Standard
O003584,2023-05-30,C00096,Standard
O003585,2023-05-30,C01270,Same Day
O003586,2023-05-30,C00014,Standard
O003587,2023-05-30,C00126,Standard
O003588,2023-05-31,C00764,Standard
O003589,2023-05-31,C00615,Express
O003590,2023-05-31,C00953,Standard
O003591,2023-05-31,C00296,Standard
O003592,2023-05-31,C00644,Express
O003593,2023-05-31,C00690,Standard
O003594,2023-05-31,C01193,Standard
O003595,2023-05-31,C01312,Standard
O003596,2023-06-01,C00677,Standard
O003597,2023-06-01,C00582,Standard
O003598,2023-06-01,C00973,Standard
O003599,2023-06-01,C00423,Express
O003600,2023-06-01,C00494,Same Day
O003601,2023-06-01,C01325,Standard
O003602,2023-06-02,C01324,Express
O003603,2023-06-02,C00255,Express
O003604,2023-06-02,C00580,Standard
O003605,2023-06-02,C00230,Standard
O003606,2023-06-02,C01287,Standard
O003607,2023-06-02,C00290,Express
O003608,2023-06-03,C00334,Standard
O003609,2023-06-03,C00988,Standard
O003610,2023-06-03,C00425,Standard
O003611,2023-06-03,C00555,Standard
O003612,2023-06-03,C00299,Same Day
O003613,2023-06-03,C00953,Standard
O003614,2023-06-03,C01107,Express
O003615,2023-06-03,C00964,Same Day
O003616,2023-06-03,C01035,Express
O003617,2023-06-04,C00143,Express
O003618,2023-06-04,C00854,Express
O003619,2023-06-04,C00316,Express
O003620,2023-06-04,C00586,Standard
O003621,2023-06-04,C01124,Standard
O003622,2023-06-04,C00438,Standard
O003623,2023-06-04,C00295,Same Day
O003624,2023-06-04,C00135,Standard
O003625,2023-06-04,C00859,Express
O003626,2023-06-05,C00969,Express
O003627,2023-06-05,C00007,Express
O003628,2023-06-05,C01080,Same Day
O003629,2023-06-05,C00833,Express
O003630,2023-06-05,C01242,Standard
O003631,2023-06-05,C00090,Standard
O003632,2023-06-05,C00202,Standard
O003633,2023-06-06,C00433,Express
O003634,2023-06-06,C01010,Standard
O003635,2023-06-06,C00649,Standard
O003636,2023-06-06,C00725,Same Day
O003637,2023-06-06,C00360,Standard
O003638,2023-06-07,C01081,Standard
O003639,2023-06-07,C01416,Express
O003640,2023-06-07,C00894,Standard
O003641,2023-06-07,C00590,Standard
O003642,2023-06-07,C01300,Express
O003643,2023-06-07,C00675,Standard
O003644,2023-06-07,C01440,Standard
O003645,2023-06-08,C00779,Express
O003646,2023-06-08,C00444,Standard
O003647,2023-06-08,C01031,Standard
O003648,2023-06-08,C00971,Express
O003649,2023-06-08,C00469,Standard
O003650,2023-06-08,C00888,Standard
O003651,2023-06-08,C00403,Express
O003652,2023-06-09,C01154,Standard
O003653,2023-06-09,C00634,Standard
O003654,2023-06-09,C00614,Same Day
O003655,2023-06-09,C01063,Express
O003656,2023-06-09,C00636,Standard
O003657,2023-06-09,C00342,Same Day
O003658,2023-06-09,C01254,Standard
O003659,2023-06-09,C00086,Express
O003660,2023-06-10,C00361,Standard
O003661,2023-06-10,C00657,Standard
O003662,2023-06-10,C01477,Express
O003663,2023-06-10,C01352,Express
O003664,2023-06-10,C01175,Express
O003665,2023-06-11,C00423,Standard
O003666,2023-06-11,C01438,Express
O003667,2023-06-11,C00772,Standard
O003668,2023-06-11,C01277,Standard
O003669,2023-06-11,C00020,Standard
O003670,2023-06-11,C00178,Same Day
O003671,2023-06-11,C01326,Standard
O003672,2023-06-12,C01070,Standard
O003673,2023-06-12,C00686,Same Day
O003674,2023-06-12,C01206,Same Day
O003675,2023-06-12,C00583,Standard
O003676,2023-06-12,C00793,Standard
O003677,2023-06-12,C00230,Express
O003678,2023-06-12,C00042,Same Day
O003679,2023-06-12,C01242,Express
O003680,2023-06-13,C00207,Express
O003681,2023-06-13,C00796,Same Day
O003682,2023-06-13,C01239,Same Day
O003683,2023-06-13,C00734,Standard
O003684,2023-06-13,C01417,Standard
O003685,2023-06-13,C00393,Express
O003686,2023-06-13,C00405,Express
O003687,2023-06-13,C01182,Same Day
O003688,2023-06-13,C00101,Standard
O003689,2023-06-13,C00244,Express
O003690,2023-06-14,C00843,Express
O003691,2023-06-14,C01426,Standard
O003692,2023-06-14,C00761,Standard
O003693,2023-06-14,C00854,Express
O003694,2023-06-14,C00384,Express
O003695,2023-06-15,C00972,Standard
O003696,2023-06-15,C00476,Express
O003697,2023-06-15,C00687,Express
O003698,2023-06-15,C01152,Standard
O003699,2023-06-15,C01244,Standard
O003700,2023-06-15,C00446,Standard
O003701,2023-06-16,C00869,Express
O003702,2023-06-16,C00120,Standard
O003703,2023-06-16,C00245,Express
O003704,2023-06-16,C00654,Same Day
O003705,2023-06-16,C00857,Standard
O003706,2023-06-16,C00082,Standard
O003707,2023-06-17,C01267,Standard
O003708,2023-06-17,C00098,Standard
O003709,2023-06-17,C00226,Standard
O003710,2023-06-17,C01015,Standard
O003711,2023-06-17,C01208,Express
O003712,2023-06-18,C00651,Standard
O003713,2023-06-18,C00860,Express
O003714,2023-06-18,C00537,Standard
O003715,2023-06-18,C00034,Standard
O003716,2023-06-18,C00042,Express
O003717,2023-06-18,C00348,Standard
O003718,2023-06-19,C00729,Standard
O003719,2023-06-19,C00761,Standard
O003720,2023-06-20,C00554,Standard
O003721,2023-06-20,C00059,Standard
O003722,2023-06-20,C01119,Standard
O003723,2023-06-20,C00555,Standard
O003724,2023-06-20,C00987,Express
O003725,2023-06-20,C00462,Standard
O003726,2023-06-21,C00684,Express
O003727,2023-06-21,C00842,Same Day
O003728,2023-06-21,C00920,Same Day
O003729,2023-06-21,C01415,Standard
O003730,2023-06-21,C00448,Standard
O003731,2023-06-21,C00034,Standard
O003732,2023-06-21,C01084,Standard
O003733,2023-06-21,C01015,Standard
O003734,2023-06-21,C01499,Same Day
O003735,2023-06-22,C01411,Standard
O003736,2023-06-22,C00848,Standard
O003737,2023-06-22,C00589,Standard
O003738,2023-06-22,C01242,Standard
O003739,2023-06-22,C01486,Standard
O003740,2023-06-22,C00037,Express
O003741,2023-06-23,C00479,Standard
O003742,2023-06-23,C01199,Express
O003743,2023-06-23,C00852,Standard
O003744,2023-06-23,C00992,Express
O003745,2023-06-23,C01024,Standard
O003746,2023-06-23,C00020,Same Day
O003747,2023-06-23,C01258,Same Day
O003748,2023-06-23,C01117,Express
O003749,2023-06-23,C00880,Standard
O003750,2023-06-24,C01494,Standard
O003751,2023-06-24,C00751,Express
O003752,2023-06-24,C00971,Standard
O003753,2023-06-24,C00631,Standard
O003754,2023-06-24,C00923,Standard
O003755,2023-06-24,C00502,Express
O003756,2023-06-24,C00897,Express
O003757,2023-06-24,C01381,Standard
O003758,2023-06-24,C01137,Standard
O003759,2023-06-25,C00114,Standard
O003760,2023-06-25,C01142,Standard
O003761,2023-06-25,C00944,Same Day
O003762,2023-06-25,C00355,Express
O003763,2023-06-25,C01116,Standard
O003764,2023-06-26,C00600,Express
O003765,2023-06-26,C00511,Express
O003766,2023-06-26,C01407,Same Day
O003767,2023-06-26,C00894,Standard
O003768,2023-06-26,C00359,Standard
O003769,2023-06-26,C00655,Same Day
O003770,2023-06-26,C00357,Standard
O003771,2023-06-26,C00720,Standard
O003772,2023-06-26,C00488,Standard
O003773,2023-06-26,C00761,Express
O003774,2023-06-26,C00446,Express
O003775,2023-06-27,C00551,Express
O003776,2023-06-27,C01116,Standard
O003777,2023-06-27,C01134,Standard
O003778,2023-06-27,C00884,Standard
O003779,2023-06-27,C01214,Express
O003780,2023-06-28,C01489,Express
O003781,2023-06-28,C00566,Same Day
O003782,2023-06-28,C01290,Standard
O003783,2023-06-28,C00428,Express
O003784,2023-06-28,C00064,Express
O003785,2023-06-28,C01225,Standard
O003786,2023-06-28,C00080,Standard
O003787,2023-06-28,C01044,Same Day
O003788,2023-06-28,C00335,Express
O003789,2023-06-28,C01425,Express
O003790,2023-06-28,C01442,Standard
O003791,2023-06-29,C00190,Same Day
O003792,2023-06-29,C01500,Standard
O003793,2023-06-29,C00657,Standard
O003794,2023-06-29,C00674,Standard
O003795,2023-06-29,C00673,Express
O003796,2023-06-30,C00707,Standard
O003797,2023-06-30,C00544,Standard
O003798,2023-06-30,C00562,Standard
O003799,2023-06-30,C00824,Same Day
O003800,2023-06-30,C00552,Standard
O003801,2023-06-30,C00935,Express
O003802,2023-06-30,C01345,Standard
O003803,2023-06-30,C00543,Same Day
O003804,2023-07-01,C01391,Standard
O003805,2023-07-01,C00483,Standard
O003806,2023-07-01,C00454,Standard
O003807,2023-07-01,C00459,Standard
O003808,2023-07-01,C00005,Standard
O003809,2023-07-02,C00820,Express
O003810,2023-07-02,C01500,Same Day
O003811,2023-07-02,C01424,Standard
O003812,2023-07-02,C00882,Express
O003813,2023-07-02,C00301,Standard
O003814,2023-07-02,C00863,Express
O003815,2023-07-02,C00234,Express
O003816,2023-07-02,C00789,Express
O003817,2023-07-02,C01393,Standard
O003818,2023-07-03,C00135,Standard
O003819,2023-07-03,C01038,Standard
O003820,2023-07-03,C01236,Standard
O003821,2023-07-03,C00683,Standard
O003822,2023-07-03,C01333,Standard
O003823,2023-07-03,C00091,Same Day
O003824,2023-07-04,C01423,Standard
O003825,2023-07-04,C00485,Express
O003826,2023-07-04,C00655,Standard
O003827,2023-07-04,C00083,Standard
O003828,2023-07-04,C01118,Standard
O003829,2023-07-04,C01118,Standard
O003830,2023-07-04,C01254,Express
O003831,2023-07-04,C01393,Same Day
O003832,2023-07-05,C01265,Standard
O003833,2023-07-05,C01494,Standard
O003834,2023-07-05,C00336,Standard
O003835,2023-07-05,C00737,Express
O003836,2023-07-05,C00828,Express
O003837,2023-07-05,C00892,Standard
O003838,2023-07-05,C00565,Standard
O003839,2023-07-05,C01359,Standard
O003840,2023-07-05,C00210,Standard
O003841,2023-07-06,C00835,Express
O003842,2023-07-06,C01293,Standard
O003843,2023-07-06,C00075,Express
O003844,2023-07-06,C01476,Standard
O003845,2023-07-06,C00836,Standard
O003846,2023-07-06,C00173,Standard
O003847,2023-07-06,C00731,Standard
O003848,2023-07-06,C00392,Same Day
O003849,2023-07-06,C00476,Standard
O003850,2023-07-06,C00258,Express
O003851,2023-07-07,C00886,Standard
O003852,2023-07-07,C01245,Express
O003853,2023-07-07,C00930,Standard
O003854,2023-07-07,C00323,Standard
O003855,2023-07-07,C00306,Standard
O003856,2023-07-07,C01039,Express
O003857,2023-07-07,C01364,Express
O003858,2023-07-07,C00316,Standard
O003859,2023-07-07,C01053,Standard
O003860,2023-07-07,C01385,Same Day
O003861,2023-07-07,C00452,Standard
O003862,2023-07-08,C01192,Express
O003863,2023-07-08,C00468,Standard
O003864,2023-07-08,C00328,Express
O003865,2023-07-08,C01438,Standard
O003866,2023-07-08,C00069,Standard
O003867,2023-07-08,C00693,Standard
O003868,2023-07-08,C00305,Same Day
O003869,2023-07-08,C00835,Express
O003870,2023-07-08,C00209,Same Day
O003871,2023-07-08,C00256,Express
O003872,2023-07-09,C01113,Same Day
O003873,2023-07-09,C01347,Express
O003874,2023-07-09,C00951,Express
O003875,2023-07-09,C01461,Standard
O003876,2023-07-09,C00202,Standard
O003877,2023-07-10,C00042,Standard
O003878,2023-07-10,C01299,Express
O003879,2023-07-10,C01109,Express
O003880,2023-07-10,C01173,Express
O003881,2023-07-10,C01015,Same Day
O003882,2023-07-10,C00399,Express
O003883,2023-07-10,C01353,Same Day
O003884,2023-07-10,C00357,Standard
O003885,2023-07-10,C01358,Same Day
O003886,2023-07-10,C00436,Standard
O003887,2023-07-11,C00673,Standard
O003888,2023-07-11,C00375,Standard
O003889,2023-07-11,C00571,Express
O003890,2023-07-11,C00876,Express
O003891,2023-07-11,C00526,Express
O003892,2023-07-11,C00050,Same Day
O003893,2023-07-11,C00044,Standard
O003894,2023-07-11,C00213,Standard
O003895,2023-07-11,C00410,Express
O003896,2023-07-11,C00238,Express
O003897,2023-07-11,C00624,Same Day
O003898,2023-07-11,C00852,Same Day
O003899,2023-07-11,C00895,Same Day
O003900,2023-07-11,C00481,Standard
O003901,2023-07-11,C01479,Same Day
O003902,2023-07-12,C00423,Express
O003903,2023-07-12,C00099,Standard
O003904,2023-07-12,C00861,Same Day
O003905,2023-07-12,C01281,Standard
O003906,2023-07-12,C01199,Express
O003907,2023-07-12,C00404,Standard
O003908,2023-07-12,C00885,Standard
O003909,2023-07-12,C00700,Standard
O003910,2023-07-12,C00785,Express
O003911,2023-07-13,C00076,Standard
O003912,2023-07-13,C00041,Express
O003913,2023-07-13,C01395,Standard
O003914,2023-07-13,C00620,Standard
O003915,2023-07-13,C01112,Standard
O003916,2023-07-13,C00916,Standard
O003917,2023-07-13,C00622,Standard
O003918,2023-07-13,C00206,Standard
O003919,2023-07-13,C00320,Standard
O003920,2023-07-13,C00848,Standard
O003921,2023-07-13,C00118,Standard
O003922,2023-07-13,C00606,Express
O003923,2023-07-13,C00498,Express
O003924,2023-07-14,C00650,Standard
O003925,2023-07-14,C00260,Standard
O003926,2023-07-14,C00938,Standard
O003927,2023-07-14,C00657,Express
O003928,2023-07-14,C00935,Standard
O003929,2023-07-14,C00225,Standard
O003930,2023-07-15,C00059,Standard
O003931,2023-07-15,C00691,Same Day
O003932,2023-07-15,C00613,Standard
O003933,2023-07-15,C00553,Standard
O003934,2023-07-15,C00678,Standard
O003935,2023-07-15,C00574,Standard
O003936,2023-07-15,C00837,Standard
O003937,2023-07-15,C00044,Same Day
O003938,2023-07-16,C00357,Standard
O003939,2023-07-16,C00664,Express
O003940,2023-07-16,C00449,Standard
O003941,2023-07-16,C00540,Express
O003942,2023-07-16,C00754,Express
O003943,2023-07-16,C00488,Express
O003944,2023-07-16,C00944,Express
O003945,2023-07-16,C00476,Standard
O003946,2023-07-16,C00414,Standard
O003947,2023-07-17,C01456,Standard
O003948,2023-07-17,C00380,Standard
O003949,2023-07-17,C01261,Express
O003950,2023-07-17,C00659,Express
O003951,2023-07-18,C00103,Standard
O003952,2023-07-18,C00369,Same Day
O003953,2023-07-18,C00041,Standard
O003954,2023-07-18,C00556,Standard
O003955,2023-07-18,C00373,Express
O003956,2023-07-18,C00427,Same Day
O003957,2023-07-18,C00978,Express
O003958,2023-07-18,C00382,Standard
O003959,2023-07-18,C00071,Express
O003960,2023-07-19,C01045,Express
O003961,2023-07-19,C00655,Express
O003962,2023-07-19,C00684,Standard
O003963,2023-07-19,C00064,Express
O003964,2023-07-19,C00906,Standard
O003965,2023-07-19,C00538,Standard
O003966,2023-07-19,C00296,Standard
O003967,2023-07-19,C00082,Standard
O003968,2023-07-20,C01395,Standard
O003969,2023-07-20,C00511,Express
O003970,2023-07-20,C00160,Express
O003971,2023-07-20,C00919,Standard
O003972,2023-07-20,C01180,Express
O003973,2023-07-20,C01202,Standard
O003974,2023-07-20,C01422,Express
O003975,2023-07-21,C01223,Standard
O003976,2023-07-21,C00129,Standard
O003977,2023-07-21,C00314,Standard
O003978,2023-07-21,C00591,Standard
O003979,2023-07-21,C00942,Express
O003980,2023-07-21,C01142,Standard
O003981,2023-07-21,C00162,Express
O003982,2023-07-22,C00713,Express
O003983,2023-07-22,C00406,Standard
O003984,2023-07-22,C01451,Express
O003985,2023-07-23,C01293,Same Day
O003986,2023-07-23,C01137,Same Day
O003987,2023-07-23,C00834,Express
O003988,2023-07-23,C00148,Standard
O003989,2023-07-23,C01430,Standard
O003990,2023-07-23,C00607,Standard
O003991,2023-07-23,C00169,Standard
O003992,2023-07-23,C01260,Standard
O003993,2023-07-23,C01085,Standard
O003994,2023-07-23,C00198,Standard
O003995,2023-07-23,C00088,Standard
O003996,2023-07-23,C01338,Standard
O003997,2023-07-23,C00622,Standard
O003998,2023-07-24,C00716,Express
O003999,2023-07-24,C01110,Standard
O004000,2023-07-24,C00488,Express
O004001,2023-07-24,C00363,Standard
O004002,2023-07-24,C01026,Standard
O004003,2023-07-24,C01435,Standard
O004004,2023-07-25,C00738,Standard
O004005,2023-07-25,C00453,Express
O004006,2023-07-25,C01302,Express
O004007,2023-07-25,C00518,Same Day
O004008,2023-07-25,C00595,Same Day
O004009,2023-07-25,C00687,Standard
O004010,2023-07-26,C00061,Express
O004011,2023-07-26,C01356,Express
O004012,2023-07-26,C00910,Same Day
O004013,2023-07-26,C00104,Standard
O004014,2023-07-26,C00457,Express
O004015,2023-07-26,C00506,Standard
O004016,2023-07-26,C00797,Standard
O004017,2023-07-26,C00907,Express
O004018,2023-07-26,C01286,Standard
O004019,2023-07-26,C00507,Standard
O004020,2023-07-27,C00171,Same Day
O004021,2023-07-27,C00813,Standard
O004022,2023-07-27,C00147,Standard
O004023,2023-07-27,C01303,Standard
O004024,2023-07-27,C00113,Express
O004025,2023-07-27,C01038,Standard
O004026,2023-07-28,C00219,Same Day
O004027,2023-07-28,C00579,Standard
O004028,2023-07-28,C01224,Same Day
O004029,2023-07-28,C01219,Standard
O004030,2023-07-28,C00522,Standard
O004031,2023-07-28,C00410,Standard
O004032,2023-07-28,C00446,Express
O004033,2023-07-29,C00648,Standard
O004034,2023-07-29,C01196,Standard
O004035,2023-07-29,C00902,Express
O004036,2023-07-29,C01480,Standard
O004037,2023-07-29,C00694,Standard
O004038,2023-07-29,C00866,Standard
O004039,2023-07-29,C01161,Standard
O004040,2023-07-29,C00255,Standard
O004041,2023-07-30,C00339,Express
O004042,2023-07-30,C00158,Standard
O004043,2023-07-30,C00349,Standard
O004044,2023-07-30,C00197,Express
O004045,2023-07-31,C00522,Standard
O004046,2023-07-31,C00685,Express
O004047,2023-07-31,C00121,Standard
O004048,2023-07-31,C00980,Standard
O004049,2023-07-31,C00424,Same Day
O004050,2023-07-31,C01129,Same Day
O004051,2023-08-01,C00030,Express
O004052,2023-08-01,C00182,Express
O004053,2023-08-01,C00059,Express
O004054,2023-08-02,C01099,Standard
O004055,2023-08-02,C00429,Standard
O004056,2023-08-02,C00034,Standard
O004057,2023-08-03,C00888,Standard
O004058,2023-08-03,C01126,Same Day
O004059,2023-08-03,C00117,Standard
O004060,2023-08-03,C01401,Express
O004061,2023-08-03,C01143,Standard
O004062,2023-08-04,C00428,Standard
O004063,2023-08-04,C01301,Standard
O004064,2023-08-04,C00557,Same Day
O004065,2023-08-04,C01122,Express
O004066,2023-08-04,C00468,Standard
O004067,2023-08-04,C00029,Express
O004068,2023-08-04,C00828,Standard
O004069,2023-08-04,C01043,Standard
O004070,2023-08-05,C01276,Standard
O004071,2023-08-05,C01167,Express
O004072,2023-08-05,C00529,Same Day
O004073,2023-08-05,C00470,Standard
O004074,2023-08-05,C01270,Standard
O004075,2023-08-05,C00494,Standard
O004076,2023-08-05,C01068,Standard
O004077,2023-08-05,C00760,Same Day
O004078,2023-08-05,C00968,Express
O004079,2023-08-05,C01452,Express
O004080,2023-08-05,C00248,Express
O004081,2023-08-05,C01329,Standard
O004082,2023-08-05,C00921,Standard
O004083,2023-08-05,C00733,Express
O004084,2023-08-05,C00912,Standard
O004085,2023-08-05,C00182,Express
O004086,2023-08-06,C00639,Same Day
O004087,2023-08-06,C00755,Standard
O004088,2023-08-06,C00058,Standard
O004089,2023-08-06,C01385,Express
O004090,2023-08-06,C01269,Express
O004091,2023-08-06,C00876,Standard
O004092,2023-08-07,C01254,Standard
O004093,2023-08-07,C00294,Express
O004094,2023-08-07,C00361,Standard
O004095,2023-08-07,C01429,Standard
O004096,2023-08-07,C00740,Standard
O004097,2023-08-07,C00994,Standard
O004098,2023-08-07,C00224,Standard
O004099,2023-08-07,C00052,Standard
O004100,2023-08-07,C00946,Standard
O004101,2023-08-07,C00089,Same Day
O004102,2023-08-08,C01344,Standard
O004103,2023-08-08,C00377,Express
O004104,2023-08-08,C01154,Standard
O004105,2023-08-08,C00881,Standard
O004106,2023-08-08,C00164,Standard
O004107,2023-08-08,C00144,Standard
O004108,2023-08-08,C01098,Express
O004109,2023-08-09,C00430,Same Day
O004110,2023-08-09,C01244,Standard
O004111,2023-08-09,C01245,Standard
O004112,2023-08-09,C01210,Standard
O004113,2023-08-09,C00818,Express
O004114,2023-08-09,C00218,Standard
O004115,2023-08-09,C00440,Express
O004116,2023-08-09,C00493,Standard
O004117,2023-08-10,C00254,Standard
O004118,2023-08-10,C00466,Standard
O004119,2023-08-10,C00695,Standard
O004120,2023-08-10,C01222,Standard
O004121,2023-08-10,C01114,Express
O004122,2023-08-10,C01181,Standard
O004123,2023-08-10,C01169,Express
O004124,2023-08-10,C00541,Standard
O004125,2023-08-11,C00565,Express
O004126,2023-08-11,C00023,Express
O004127,2023-08-11,C00563,Express
O004128,2023-08-11,C00457,Standard
O004129,2023-08-11,C01048,Express
O004130,2023-08-11,C01137,Standard
O004131,2023-08-12,C01298,Same Day
O004132,2023-08-12,C01261,Express
O004133,2023-08-12,C00405,Express
O004134,2023-08-12,C00997,Standard
O004135,2023-08-12,C00002,Express
O004136,2023-08-12,C00571,Standard
O004137,2023-08-12,C00299,Standard
O004138,2023-08-12,C01420,Standard
O004139,2023-08-12,C00275,Same Day
O004140,2023-08-12,C00239,Standard
O004141,2023-08-12,C00738,Standard
O004142,2023-08-12,C00659,Same Day
O004143,2023-08-12,C00799,Express
O004144,2023-08-13,C00715,Standard
O004145,2023-08-13,C00245,Standard
O004146,2023-08-13,C01048,Standard
O004147,2023-08-13,C01012,Standard
O004148,2023-08-13,C00057,Same Day
O004149,2023-08-13,C00859,Standard
O004150,2023-08-13,C01358,Express
O004151,2023-08-13,C00700,Standard
O004152,2023-08-13,C00855,Standard
O004153,2023-08-14,C01327,Standard
O004154,2023-08-14,C01499,Express
O004155,2023-08-14,C00127,Standard
O004156,2023-08-14,C00886,Standard
O004157,2023-08-14,C00606,Express
O004158,2023-08-15,C00256,Standard
O004159,2023-08-15,C00408,Standard
O004160,2023-08-15,C00599,Express
O004161,2023-08-15,C00176,Standard
O004162,2023-08-15,C00663,Express
O004163,2023-08-15,C01099,Standard
O004164,2023-08-16,C00389,Express
O004165,2023-08-16,C00538,Standard
O004166,2023-08-16,C00998,Express
O004167,2023-08-16,C00550,Standard
O004168,2023-08-16,C00710,Same Day
O004169,2023-08-17,C00307,Express
O004170,2023-08-17,C01113,Standard
O004171,2023-08-17,C00064,Same Day
O004172,2023-08-17,C00822,Express
O004173,2023-08-17,C00354,Standard
O004174,2023-08-17,C01122,Standard
O004175,2023-08-18,C01250,Standard
O004176,2023-08-18,C00293,Standard
O004177,2023-08-18,C00250,Standard
O004178,2023-08-18,C01235,Standard
O004179,2023-08-18,C00278,Standard
O004180,2023-08-18,C00551,Standard
O004181,2023-08-19,C00312,Express
O004182,2023-08-19,C01455,Standard
O004183,2023-08-19,C00327,Standard
O004184,2023-08-19,C01306,Standard
O004185,2023-08-19,C00693,Standard
O004186,2023-08-20,C00205,Express
O004187,2023-08-20,C00202,Express
O004188,2023-08-20,C00213,Standard
O004189,2023-08-20,C00575,Same Day
O004190,2023-08-20,C00362,Standard
O004191,2023-08-20,C00360,Same Day
O004192,2023-08-20,C00277,Standard
O004193,2023-08-20,C00170,Standard
O004194,2023-08-20,C01439,Express
O004195,2023-08-21,C00748,Express
O004196,2023-08-21,C00163,Express
O004197,2023-08-21,C00558,Standard
O004198,2023-08-21,C00612,Standard
O004199,2023-08-21,C00014,Standard
O004200,2023-08-21,C00668,Express
O004201,2023-08-21,C00962,Express
O004202,2023-08-21,C00798,Express
O004203,2023-08-21,C00655,Standard
O004204,2023-08-22,C01081,Express
O004205,2023-08-22,C00494,Same Day
O004206,2023-08-22,C00005,Express
O004207,2023-08-22,C00651,Express
O004208,2023-08-22,C01282,Standard
O004209,2023-08-22,C01347,Express
O004210,2023-08-22,C01205,Express
O004211,2023-08-22,C00253,Express
O004212,2023-08-22,C00221,Standard
O004213,2023-08-22,C01200,Express
O004214,2023-08-23,C00960,Standard
O004215,2023-08-23,C00906,Standard
O004216,2023-08-23,C00766,Standard
O004217,2023-08-23,C00239,Same Day
O004218,2023-08-23,C01398,Standard
O004219,2023-08-23,C00192,Express
O004220,2023-08-23,C00075,Standard
O004221,2023-08-23,C01442,Express
O004222,2023-08-23,C00735,Standard
O004223,2023-08-24,C00431,Standard
O004224,2023-08-24,C00644,Standard
O004225,2023-08-24,C01191,Express
O004226,2023-08-24,C00434,Express
O004227,2023-08-24,C01349,Standard
O004228,2023-08-25,C00088,Express
O004229,2023-08-25,C00458,Express
O004230,2023-08-25,C00592,Standard
O004231,2023-08-25,C00116,Standard
O004232,2023-08-25,C01400,Express
O004233,2023-08-25,C00470,Standard
O004234,2023-08-26,C01370,Express
O004235,2023-08-26,C00200,Standard
O004236,2023-08-26,C00679,Standard
O004237,2023-08-27,C00439,Standard
O004238,2023-08-27,C01106,Standard
O004239,2023-08-27,C00563,Express
O004240,2023-08-27,C00610,Standard
O004241,2023-08-27,C00859,Standard
O004242,2023-08-27,C01110,Standard
O004243,2023-08-28,C01071,Standard
O004244,2023-08-28,C01081,Standard
O004245,2023-08-28,C01219,Express
O004246,2023-08-28,C00363,Standard
O004247,2023-08-28,C01391,Express
O004248,2023-08-28,C00481,Express
O004249,2023-08-28,C01114,Express
O004250,2023-08-28,C00976,Standard
O004251,2023-08-28,C01477,Standard
O004252,2023-08-28,C01075,Express
O004253,2023-08-28,C00398,Express
O004254,2023-08-29,C01319,Express
O004255,2023-08-29,C01412,Standard
O004256,2023-08-29,C01283,Express
O004257,2023-08-29,C01162,Standard
O004258,2023-08-29,C00740,Standard
O004259,2023-08-30,C00977,Express
O004260,2023-08-30,C01137,Standard
O004261,2023-08-30,C00634,Standard
O004262,2023-08-30,C00104,Express
O004263,2023-08-30,C00303,Standard
O004264,2023-08-30,C00931,Standard
O004265,2023-08-30,C01247,Standard
O004266,2023-08-30,C01021,Express
O004267,2023-08-31,C01417,Standard
O004268,2023-08-31,C00799,Standard
O004269,2023-08-31,C00605,Standard
O004270,2023-08-31,C00443,Same Day
O004271,2023-08-31,C00479,Express
O004272,2023-08-31,C00293,Standard
O004273,2023-08-31,C00178,Standard
O004274,2023-09-01,C00498,Standard
O004275,2023-09-01,C00799,Standard
O004276,2023-09-01,C00851,Standard
O004277,2023-09-01,C00715,Standard
O004278,2023-09-01,C00786,Express
O004279,2023-09-01,C01226,Standard
O004280,2023-09-01,C00639,Standard
O004281,2023-09-01,C00560,Same Day
O004282,2023-09-02,C00252,Standard
O004283,2023-09-02,C01161,Express
O004284,2023-09-02,C00762,Standard
O004285,2023-09-02,C00519,Same Day
O004286,2023-09-02,C00908,Express
O004287,2023-09-02,C00975,Standard
O004288,2023-09-03,C00090,Express
O004289,2023-09-03,C01251,Standard
O004290,2023-09-03,C01062,Same Day
O004291,2023-09-03,C00896,Standard
O004292,2023-09-03,C00100,Standard
O004293,2023-09-03,C00729,Express
O004294,2023-09-03,C00883,Standard
O004295,2023-09-03,C00336,Standard
O004296,2023-09-04,C00330,Standard
O004297,2023-09-04,C00643,Standard
O004298,2023-09-04,C00744,Standard
O004299,2023-09-04,C01052,Standard
O004300,2023-09-04,C00932,Express
O004301,2023-09-04,C00990,Standard
O004302,2023-09-04,C00564,Standard
O004303,2023-09-05,C01097,Express
O004304,2023-09-05,C00915,Express
O004305,2023-09-05,C01105,Standard
O004306,2023-09-05,C00984,Standard
O004307,2023-09-05,C00303,Express
O004308,2023-09-05,C00860,Same Day
O004309,2023-09-05,C00947,Standard
O004310,2023-09-05,C00402,Standard
O004311,2023-09-05,C00342,Standard
O004312,2023-09-05,C01201,Standard
O004313,2023-09-06,C00425,Express
O004314,2023-09-06,C00602,Standard
O004315,2023-09-06,C01342,Standard
O004316,2023-09-06,C00236,Standard
O004317,2023-09-06,C00462,Standard
O004318,2023-09-06,C00141,Express
O004319,2023-09-06,C01426,Express
O004320,2023-09-06,C00169,Express
O004321,2023-09-07,C01123,Same Day
O004322,2023-09-07,C00896,Standard
O004323,2023-09-07,C00992,Standard
O004324,2023-09-07,C01018,Express
O004325,2023-09-07,C01301,Standard
O004326,2023-09-07,C01052,Same Day
O004327,2023-09-07,C00551,Standard
O004328,2023-09-07,C01166,Standard
O004329,2023-09-07,C00795,Express
O004330,2023-09-07,C00361,Standard
O004331,2023-09-08,C00159,Standard
O004332,2023-09-08,C01175,Standard
O004333,2023-09-08,C01260,Express
O004334,2023-09-08,C00479,Standard
O004335,2023-09-08,C00143,Standard
O004336,2023-09-09,C00465,Standard
O004337,2023-09-09,C00472,Express
O004338,2023-09-09,C00206,Same Day
O004339,2023-09-09,C00333,Express
O004340,2023-09-09,C00476,Standard
O004341,2023-09-09,C00124,Standard
O004342,2023-09-09,C00844,Standard
O004343,2023-09-09,C00658,Standard
O004344,2023-09-09,C00006,Express
O004345,2023-09-09,C00302,Standard
O004346,2023-09-09,C01482,Standard
O004347,2023-09-09,C00461,Standard
O004348,2023-09-09,C00566,Express
O004349,2023-09-10,C00001,Same Day
O004350,2023-09-11,C00846,Express
O004351,2023-09-11,C00817,Express
O004352,2023-09-11,C01023,Standard
O004353,2023-09-11,C00750,Standard
O004354,2023-09-11,C00968,Standard
O004355,2023-09-11,C01146,Standard
O004356,2023-09-11,C01056,Standard
O004357,2023-09-12,C00882,Same Day
O004358,2023-09-12,C01033,Express
O004359,2023-09-12,C01380,Express
O004360,2023-09-12,C00408,Express
O004361,2023-09-12,C00214,Express
O004362,2023-09-12,C01204,Standard
O004363,2023-09-12,C00890,Same Day
O004364,2023-09-12,C01371,Same Day
O004365,2023-09-13,C00552,Express
O004366,2023-09-13,C00389,Express
O004367,2023-09-13,C00067,Standard
O004368,2023-09-13,C01202,Express
O004369,2023-09-13,C00256,Express
O004370,2023-09-14,C00212,Standard
O004371,2023-09-14,C01447,Express
O004372,2023-09-14,C00775,Standard
O004373,2023-09-14,C00605,Standard
O004374,2023-09-14,C00915,Same Day
O004375,2023-09-14,C01182,Express
O004376,2023-09-14,C00672,Standard
O004377,2023-09-15,C01133,Standard
O004378,2023-09-15,C00759,Standard
O004379,2023-09-15,C01036,Standard
O004380,2023-09-15,C00025,Express
O004381,2023-09-15,C00545,Standard
O004382,2023-09-15,C00951,Express
O004383,2023-09-15,C00299,Standard
O004384,2023-09-15,C00145,Standard
O004385,2023-09-15,C01150,Express
O004386,2023-09-16,C00106,Same Day
O004387,2023-09-16,C00950,Same Day
O004388,2023-09-16,C00619,Standard
O004389,2023-09-16,C00470,Express
O004390,2023-09-16,C01253,Same Day
O004391,2023-09-16,C00731,Express
O004392,2023-09-16,C00170,Express
O004393,2023-09-16,C00690,Standard
O004394,2023-09-17,C01390,Standard
O004395,2023-09-17,C00299,Express
O004396,2023-09-17,C01408,Express
O004397,2023-09-17,C01412,Express
O004398,2023-09-17,C00329,Standard
O004399,2023-09-17,C00143,Standard
O004400,2023-09-17,C00508,Standard
O004401,2023-09-18,C00833,Express
O004402,2023-09-18,C01401,Standard
O004403,2023-09-18,C00350,Standard
O004404,2023-09-18,C00376,Express
O004405,2023-09-18,C01291,Express
O004406,2023-09-18,C01192,Standard
O004407,2023-09-18,C00600,Standard
O004408,2023-09-18,C00713,Standard
O004409,2023-09-18,C00649,Standard
O004410,2023-09-18,C01241,Standard
O004411,2023-09-18,C00951,Express
O004412,2023-09-18,C00378,Standard
O004413,2023-09-18,C01331,Standard
O004414,2023-09-18,C00541,Same Day
O004415,2023-09-19,C01421,Same Day
O004416,2023-09-19,C00045,Standard
O004417,2023-09-19,C00456,Standard
O004418,2023-09-19,C00126,Standard
O004419,2023-09-19,C01307,Express
O004420,2023-09-19,C00940,Express
O004421,2023-09-19,C01043,Express
O004422,2023-09-20,C00989,Standard
O004423,2023-09-20,C00387,Standard
O004424,2023-09-20,C00392,Standard
O004425,2023-09-20,C00766,Standard
O004426,2023-09-20,C00191,Standard
O004427,2023-09-20,C01109,Standard
O004428,2023-09-20,C01032,Standard
O004429,2023-09-21,C00746,Express
O004430,2023-09-21,C01263,Standard
O004431,2023-09-21,C01178,Standard
O004432,2023-09-21,C00485,Standard
O004433,2023-09-22,C01005,Standard
O004434,2023-09-22,C01441,Standard
O004435,2023-09-22,C00145,Express
O004436,2023-09-22,C00283,Express
O004437,2023-09-22,C00525,Standard
O004438,2023-09-22,C00315,Standard
O004439,2023-09-22,C00477,Standard
O004440,2023-09-22,C00619,Standard
O004441,2023-09-23,C01403,Standard
O004442,2023-09-23,C00863,Standard
O004443,2023-09-23,C00276,Standard
O004444,2023-09-23,C00402,Standard
O004445,2023-09-23,C01323,Express
O004446,2023-09-23,C00588,Standard
O004447,2023-09-23,C00619,Standard
O004448,2023-09-23,C00151,Express
O004449,2023-09-23,C01082,Standard
O004450,2023-09-23,C00002,Standard
O004451,2023-09-24,C01200,Same Day
O004452,2023-09-24,C00231,Express
O004453,2023-09-24,C00176,Express
O004454,2023-09-24,C00823,Standard
O004455,2023-09-25,C00975,Express
O004456,2023-09-25,C00648,Standard
O004457,2023-09-25,C00655,Express
O004458,2023-09-25,C00364,Standard
O004459,2023-09-25,C00435,Same Day
O004460,2023-09-25,C01417,Express
O004461,2023-09-25,C00191,Standard
O004462,2023-09-25,C00032,Standard
O004463,2023-09-26,C01443,Express
O004464,2023-09-26,C00686,Express
O004465,2023-09-26,C00429,Standard
O004466,2023-09-26,C01385,Standard
O004467,2023-09-26,C00983,Standard
O004468,2023-09-26,C01489,Standard
O004469,2023-09-26,C01133,Standard
O004470,2023-09-26,C01470,Standard
O004471,2023-09-26,C00888,Express
O004472,2023-09-27,C01133,Standard
O004473,2023-09-27,C00777,Standard
O004474,2023-09-27,C01343,Standard
O004475,2023-09-27,C00096,Standard
O004476,2023-09-27,C01114,Standard
O004477,2023-09-27,C01089,Standard
O004478,2023-09-27,C00735,Standard
O004479,2023-09-27,C00423,Express
O004480,2023-09-27,C00949,Express
O004481,2023-09-27,C01176,Standard
O004482,2023-09-28,C01030,Express
O004483,2023-09-28,C00140,Standard
O004484,2023-09-28,C00398,Express
O004485,2023-09-28,C00274,Standard
O004486,2023-09-28,C01384,Standard
O004487,2023-09-28,C00585,Same Day
O004488,2023-09-28,C00491,Standard
O004489,2023-09-28,C00824,Standard
O004490,2023-09-29,C00500,Standard
O004491,2023-09-29,C00996,Standard
O004492,2023-09-29,C00918,Same Day
O004493,2023-09-29,C01015,Same Day
O004494,2023-09-29,C00744,Standard
O004495,2023-09-29,C01164,Same Day
O004496,2023-09-29,C01333,Standard
O004497,2023-09-30,C00433,Express
O004498,2023-09-30,C00636,Standard
O004499,2023-09-30,C00841,Express
O004500,2023-09-30,C01256,Express
O004501,2023-09-30,C01062,Express
O004502,2023-09-30,C00850,Express
O004503,2023-09-30,C00088,Standard
O004504,2023-09-30,C00660,Express
O004505,2023-09-30,C00637,Standard
O004506,2023-09-30,C01184,Standard
O004507,2023-09-30,C00981,Standard
O004508,2023-09-30,C00089,Same Day
O004509,2023-09-30,C00705,Express
O004510,2023-09-30,C01389,Standard
O004511,2023-09-30,C00145,Same Day
O004512,2023-09-30,C01058,Express
O004513,2023-10-01,C01103,Express
O004514,2023-10-01,C00885,Same Day
O004515,2023-10-01,C01358,Standard
O004516,2023-10-01,C00043,Same Day
O004517,2023-10-01,C00113,Standard
O004518,2023-10-01,C00564,Standard
O004519,2023-10-01,C01420,Standard
O004520,2023-10-01,C00019,Express
O004521,2023-10-01,C01398,Same Day
O004522,2023-10-01,C00012,Express
O004523,2023-10-01,C00440,Standard
O004524,2023-10-02,C00466,Same Day
O004525,2023-10-02,C01081,Express
O004526,2023-10-02,C00464,Standard
O004527,2023-10-02,C00236,Standard
O004528,2023-10-03,C01120,Standard
O004529,2023-10-03,C00790,Standard
O004530,2023-10-03,C00163,Standard
O004531,2023-10-03,C00445,Express
O004532,2023-10-03,C00048,Standard
O004533,2023-10-03,C00976,Standard
O004534,2023-10-03,C00347,Standard
O004535,2023-10-03,C00846,Express
O004536,2023-10-03,C00369,Standard
O004537,2023-10-03,C00516,Express
O004538,2023-10-03,C01463,Express
O004539,2023-10-03,C01322,Express
O004540,2023-10-03,C00944,Standard
O004541,2023-10-03,C00794,Standard
O004542,2023-10-04,C00705,Standard
O004543,2023-10-04,C00269,Standard
O004544,2023-10-04,C01069,Standard
O004545,2023-10-04,C01266,Express
O004546,2023-10-04,C01290,Standard
O004547,2023-10-04,C00417,Standard
O004548,2023-10-04,C00558,Standard
O004549,2023-10-04,C01209,Same Day
O004550,2023-10-05,C01188,Standard
O004551,2023-10-05,C01342,Express
O004552,2023-10-05,C00930,Express
O004553,2023-10-05,C00064,Standard
O004554,2023-10-05,C00037,Standard
O004555,2023-10-05,C00251,Express
O004556,2023-10-05,C00763,Standard
O004557,2023-10-05,C01094,Express
O004558,2023-10-05,C01385,Standard
O004559,2023-10-05,C01257,Standard
O004560,2023-10-05,C00279,Standard
O004561,2023-10-05,C01401,Standard
O004562,2023-10-05,C00930,Standard
O004563,2023-10-05,C00110,Standard
O004564,2023-10-06,C00161,Standard
O004565,2023-10-06,C00050,Express
O004566,2023-10-06,C00140,Standard
O004567,2023-10-06,C00224,Standard
O004568,2023-10-06,C01012,Express
O004569,2023-10-06,C00544,Standard
O004570,2023-10-06,C00414,Standard
O004571,2023-10-06,C01480,Standard
O004572,2023-10-06,C00253,Same Day
O004573,2023-10-06,C00771,Standard
O004574,2023-10-06,C00484,Standard
O004575,2023-10-06,C00455,Standard
O004576,2023-10-06,C01377,Standard
O004577,2023-10-06,C01354,Same Day
O004578,2023-10-06,C01206,Standard
O004579,2023-10-06,C01168,Standard
O004580,2023-10-07,C01147,Standard
O004581,2023-10-07,C00449,Standard
O004582,2023-10-07,C01222,Standard
O004583,2023-10-07,C00737,Standard
O004584,2023-10-07,C00221,Express
O004585,2023-10-07,C01304,Standard
O004586,2023-10-07,C00986,Standard
O004587,2023-10-07,C01092,Same Day
O004588,2023-10-07,C00500,Standard
O004589,2023-10-07,C00168,Same Day
O004590,2023-10-07,C00356,Same Day
O004591,2023-10-08,C00243,Standard
O004592,2023-10-08,C00912,Express
O004593,2023-10-08,C00722,Express
O004594,2023-10-08,C01498,Standard
O004595,2023-10-08,C00578,Standard
O004596,2023-10-08,C00039,Express
O004597,2023-10-08,C01334,Standard
O004598,2023-10-08,C00607,Express
O004599,2023-10-08,C00049,Standard
O004600,2023-10-08,C01099,Standard
O004601,2023-10-08,C01379,Same Day
O004602,2023-10-08,C00446,Standard
O004603,2023-10-08,C00845,Standard
O004604,2023-10-08,C01005,Standard
O004605,2023-10-08,C00905,Standard
O004606,2023-10-08,C00519,Standard
O004607,2023-10-08,C00898,Standard
O004608,2023-10-08,C00306,Standard
O004609,2023-10-08,C00579,Standard
O004610,2023-10-09,C00477,Express
O004611,2023-10-09,C00514,Standard
O004612,2023-10-09,C00619,Express
O004613,2023-10-09,C00038,Same Day
O004614,2023-10-09,C01416,Express
O004615,2023-10-09,C01465,Express
O004616,2023-10-09,C00318,Standard
O004617,2023-10-09,C01220,Same Day
O004618,2023-10-09,C00021,Standard
O004619,2023-10-09,C01350,Standard
O004620,2023-10-09,C01477,Standard
O004621,2023-10-09,C01121,Standard
O004622,2023-10-09,C01057,Same Day
O004623,2023-10-09,C00357,Express
O004624,2023-10-09,C01443,Express
O004625,2023-10-09,C00606,Standard
O004626,2023-10-10,C00691,Standard
O004627,2023-10-10,C01105,Standard
O004628,2023-10-10,C00275,Standard
O004629,2023-10-10,C00221,Standard
O004630,2023-10-10,C01242,Standard
O004631,2023-10-10,C01143,Express
O004632,2023-10-10,C00448,Express
O004633,2023-10-10,C00899,Express
O004634,2023-10-10,C00480,Standard
O004635,2023-10-11,C01009,Standard
O004636,2023-10-11,C00543,Same Day
O004637,2023-10-11,C00130,Standard
O004638,2023-10-11,C01435,Standard
O004639,2023-10-11,C00291,Standard
O004640,2023-10-11,C01107,Standard
O004641,2023-10-11,C00836,Standard
O004642,2023-10-11,C00036,Same Day
O004643,2023-10-11,C01320,Standard
O004644,2023-10-11,C00353,Standard
O004645,2023-10-11,C01090,Standard
O004646,2023-10-11,C00107,Express
O004647,2023-10-11,C01188,Express
O004648,2023-10-11,C00320,Express
O004649,2023-10-12,C01186,Express
O004650,2023-10-12,C00541,Standard
O004651,2023-10-12,C00776,Same Day
O004652,2023-10-12,C00297,Same Day
O004653,2023-10-12,C00979,Express
O004654,2023-10-12,C00661,Standard
O004655,2023-10-12,C01304,Standard
O004656,2023-10-13,C00359,Standard
O004657,2023-10-13,C01107,Express
O004658,2023-10-13,C01414,Express
O004659,2023-10-13,C00438,Same Day
O004660,2023-10-13,C00143,Standard
O004661,2023-10-13,C00938,Standard
O004662,2023-10-13,C01483,Standard
O004663,2023-10-13,C00406,Express
O004664,2023-10-14,C00703,Express
O004665,2023-10-14,C00135,Standard
O004666,2023-10-14,C00424,Express
O004667,2023-10-14,C00684,Standard
O004668,2023-10-14,C01493,Express
O004669,2023-10-14,C01129,Express
O004670,2023-10-14,C00419,Standard
O004671,2023-10-14,C00477,Express
O004672,2023-10-14,C00700,Standard
O004673,2023-10-15,C01132,Standard
O004674,2023-10-15,C00568,Same Day
O004675,2023-10-15,C01292,Standard
O004676,2023-10-15,C01435,Standard
O004677,2023-10-15,C01444,Standard
O004678,2023-10-15,C01265,Standard
O004679,2023-10-15,C00924,Standard
O004680,2023-10-15,C01406,Express
O004681,2023-10-15,C01469,Standard
O004682,2023-10-16,C00618,Standard
O004683,2023-10-16,C00027,Standard
O004684,2023-10-16,C01080,Express
O004685,2023-10-16,C01137,Standard
O004686,2023-10-16,C00397,Express
O004687,2023-10-16,C00328,Standard
O004688,2023-10-16,C00066,Standard
O004689,2023-10-16,C01423,Standard
O004690,2023-10-16,C00911,Express
O004691,2023-10-16,C00549,Standard
O004692,2023-10-16,C00486,Standard
O004693,2023-10-16,C01296,Same Day
O004694,2023-10-16,C00519,Express
O004695,2023-10-16,C00718,Standard
O004696,2023-10-16,C01375,Standard
O004697,2023-10-16,C00697,Same Day
O004698,2023-10-16,C00995,Express
O004699,2023-10-16,C00440,Standard
O004700,2023-10-16,C01405,Standard
O004701,2023-10-16,C01035,Same Day
O004702,2023-10-16,C00863,Same Day
O004703,2023-10-17,C01422,Standard
O004704,2023-10-17,C01044,Standard
O004705,2023-10-17,C00847,Standard
O004706,2023-10-17,C01194,Same Day
O004707,2023-10-17,C00691,Express
O004708,2023-10-17,C00998,Standard
O004709,2023-10-17,C00267,Express
O004710,2023-10-17,C01210,Standard
O004711,2023-10-17,C00094,Standard
O004712,2023-10-17,C00787,Express
O004713,2023-10-17,C00179,Same Day
O004714,2023-10-17,C00276,Standard
O004715,2023-10-17,C01038,Standard
O004716,2023-10-17,C00580,Standard
O004717,2023-10-17,C00288,Express
O004718,2023-10-18,C00230,Standard
O004719,2023-10-18,C01034,Standard
O004720,2023-10-18,C00750,Express
O004721,2023-10-18,C00180,Express
O004722,2023-10-18,C01239,Express
O004723,2023-10-18,C00525,Standard
O004724,2023-10-18,C00829,Express
O004725,2023-10-18,C00096,Standard
O004726,2023-10-19,C00274,Express
O004727,2023-10-19,C00183,Express
O004728,2023-10-19,C00133,Standard
O004729,2023-10-19,C00809,Express
O004730,2023-10-19,C01498,Standard
O004731,2023-10-19,C01028,Express
O004732,2023-10-19,C01124,Standard
O004733,2023-10-19,C01145,Express
O004734,2023-10-19,C01449,Standard
O004735,2023-10-20,C00570,Standard
O004736,2023-10-20,C01089,Standard
O004737,2023-10-20,C00497,Standard
O004738,2023-10-20,C01201,Standard
O004739,2023-10-20,C00986,Standard
O004740,2023-10-20,C00310,Express
O004741,2023-10-20,C01001,Express
O004742,2023-10-20,C01032,Standard
O004743,2023-10-20,C00037,Standard
O004744,2023-10-21,C00248,Standard
O004745,2023-10-21,C01021,Standard
O004746,2023-10-21,C00071,Standard
O004747,2023-10-21,C00905,Express
O004748,2023-10-21,C01129,Standard
O004749,2023-10-21,C01084,Standard
O004750,2023-10-21,C00644,Express
O004751,2023-10-21,C00719,Standard
O004752,2023-10-21,C01460,Express
O004753,2023-10-21,C00896,Standard
O004754,2023-10-22,C00948,Express
O004755,2023-10-22,C00359,Express
O004756,2023-10-22,C00340,Standard
O004757,2023-10-22,C00084,Standard
O004758,2023-10-22,C00918,Express
O004759,2023-10-22,C00296,Standard
O004760,2023-10-22,C00470,Standard
O004761,2023-10-22,C00756,Same Day
O004762,2023-10-22,C00973,Standard
O004763,2023-10-22,C01366,Standard
O004764,2023-10-22,C01329,Same Day
O004765,2023-10-22,C00397,Express
O004766,2023-10-23,C01495,Standard
O004767,2023-10-23,C00460,Standard
O004768,2023-10-23,C01188,Standard
O004769,2023-10-23,C01020,Standard
O004770,2023-10-23,C00973,Standard
O004771,2023-10-23,C00167,Same Day
O004772,2023-10-23,C00635,Standard
O004773,2023-10-23,C01499,Express
O004774,2023-10-24,C01344,Standard
O004775,2023-10-24,C01257,Express
O004776,2023-10-24,C00556,Express
O004777,2023-10-24,C00718,Standard
O004778,2023-10-24,C00222,Standard
O004779,2023-10-24,C01322,Standard
O004780,2023-10-24,C00181,Standard
O004781,2023-10-24,C01342,Standard
O004782,2023-10-24,C00423,Standard
O004783,2023-10-24,C00362,Express
O004784,2023-10-24,C00963,Standard
O004785,2023-10-24,C01366,Standard
O004786,2023-10-24,C00578,Same Day
O004787,2023-10-24,C01389,Express
O004788,2023-10-25,C00964,Standard
O004789,2023-10-25,C00867,Same Day
O004790,2023-10-25,C00022,Standard
O004791,2023-10-25,C00393,Express
O004792,2023-10-25,C00339,Standard
O004793,2023-10-25,C00624,Standard
O004794,2023-10-25,C00785,Express
O004795,2023-10-25,C00106,Standard
O004796,2023-10-25,C00277,Standard
O004797,2023-10-25,C00685,Same Day
O004798,2023-10-25,C01327,Express
O004799,2023-10-25,C01061,Standard
O004800,2023-10-25,C00221,Same Day
O004801,2023-10-25,C00030,Standard
O004802,2023-10-25,C01062,Standard
O004803,2023-10-25,C00835,Standard
O004804,2023-10-26,C00861,Standard
O004805,2023-10-26,C01398,Express
O004806,2023-10-26,C00002,Standard
O004807,2023-10-26,C00484,Standard
O004808,2023-10-26,C01383,Standard
O004809,2023-10-26,C00829,Same Day
O004810,2023-10-26,C00525,Express
O004811,2023-10-26,C00030,Express
O004812,2023-10-27,C00084,Standard
O004813,2023-10-27,C00240,Express
O004814,2023-10-27,C01094,Same Day
O004815,2023-10-27,C01237,Express
O004816,2023-10-27,C00486,Express
O004817,2023-10-27,C00185,Standard
O004818,2023-10-27,C00211,Standard
O004819,2023-10-27,C01413,Standard
O004820,2023-10-27,C01489,Standard
O004821,2023-10-27,C01240,Express
O004822,2023-10-27,C00909,Express
O004823,2023-10-27,C01058,Standard
O004824,2023-10-27,C00040,Standard
O004825,2023-10-27,C00629,Standard
O004826,2023-10-27,C00753,Express
O004827,2023-10-27,C01405,Standard
O004828,2023-10-28,C01198,Express
O004829,2023-10-28,C01273,Standard
O004830,2023-10-28,C00512,Standard
O004831,2023-10-28,C01168,Standard
O004832,2023-10-28,C01310,Standard
O004833,2023-10-28,C00642,Same Day
O004834,2023-10-28,C00628,Standard
O004835,2023-10-28,C00510,Standard
O004836,2023-10-28,C01299,Express
O004837,2023-10-28,C00136,Standard
O004838,2023-10-29,C00146,Express
O004839,2023-10-29,C00394,Express
O004840,2023-10-29,C01113,Standard
O004841,2023-10-29,C01439,Express
O004842,2023-10-29,C00001,Standard
O004843,2023-10-29,C00808,Express
O004844,2023-10-29,C00093,Standard
O004845,2023-10-29,C01005,Standard
O004846,2023-10-29,C01349,Standard
O004847,2023-10-29,C00017,Standard
O004848,2023-10-30,C00768,Standard
O004849,2023-10-30,C00599,Standard
O004850,2023-10-30,C01417,Standard
O004851,2023-10-30,C00368,Standard
O004852,2023-10-30,C00386,Standard
O004853,2023-10-30,C00492,Standard
O004854,2023-10-30,C00005,Standard
O004855,2023-10-30,C01036,Express
O004856,2023-10-30,C00015,Standard
O004857,2023-10-30,C01243,Standard
O004858,2023-10-30,C01028,Standard
O004859,2023-10-30,C00529,Standard
O004860,2023-10-31,C01263,Express
O004861,2023-10-31,C00792,Express
O004862,2023-10-31,C00400,Standard
O004863,2023-10-31,C00656,Standard
O004864,2023-10-31,C00878,Express
O004865,2023-11-01,C00817,Standard
O004866,2023-11-01,C00006,Express
O004867,2023-11-01,C01299,Standard
O004868,2023-11-01,C00867,Standard
O004869,2023-11-01,C00477,Standard
O004870,2023-11-01,C00212,Standard
O004871,2023-11-01,C01026,Express
O004872,2023-11-01,C00639,Express
O004873,2023-11-01,C00798,Express
O004874,2023-11-01,C00906,Standard
O004875,2023-11-01,C00588,Express
O004876,2023-11-01,C00597,Standard
O004877,2023-11-01,C00599,Standard
O004878,2023-11-01,C00368,Express
O004879,2023-11-01,C00214,Standard
O004880,2023-11-01,C01004,Express
O004881,2023-11-02,C01041,Standard
O004882,2023-11-02,C00528,Standard
O004883,2023-11-02,C01186,Same Day
O004884,2023-11-02,C00972,Express
O004885,2023-11-02,C01053,Standard
O004886,2023-11-02,C00680,Express
O004887,2023-11-03,C00771,Standard
O004888,2023-11-03,C01230,Standard
O004889,2023-11-03,C01352,Standard
O004890,2023-11-03,C00496,Standard
O004891,2023-11-03,C00661,Standard
O004892,2023-11-03,C01221,Standard
O004893,2023-11-03,C01469,Standard
O004894,2023-11-03,C01193,Express
O004895,2023-11-03,C00241,Express
O004896,2023-11-03,C01303,Standard
O004897,2023-11-03,C00023,Standard
O004898,2023-11-03,C01352,Standard
O004899,2023-11-03,C00005,Standard
O004900,2023-11-04,C01139,Standard
O004901,2023-11-04,C01257,Standard
O004902,2023-11-04,C00095,Standard
O004903,2023-11-04,C00619,Standard
O004904,2023-11-04,C01194,Same Day
O004905,2023-11-05,C01315,Standard
O004906,2023-11-05,C01254,Express
O004907,2023-11-05,C00898,Express
O004908,2023-11-05,C00892,Standard
O004909,2023-11-05,C00593,Same Day
O004910,2023-11-05,C00230,Standard
O004911,2023-11-05,C00146,Standard
O004912,2023-11-05,C00608,Standard
O004913,2023-11-05,C01436,Express
O004914,2023-11-05,C00902,Standard
O004915,2023-11-05,C00447,Standard
O004916,2023-11-06,C01311,Standard
O004917,2023-11-06,C00136,Standard
O004918,2023-11-06,C00386,Express
O004919,2023-11-06,C00231,Same Day
O004920,2023-11-06,C00859,Standard
O004921,2023-11-06,C00656,Standard
O004922,2023-11-06,C01467,Standard
O004923,2023-11-06,C00875,Express
O004924,2023-11-06,C00631,Standard
O004925,2023-11-07,C00472,Standard
O004926,2023-11-07,C01395,Standard
O004927,2023-11-07,C00127,Standard
O004928,2023-11-07,C00179,Express
O004929,2023-11-07,C00433,Express
O004930,2023-11-07,C00020,Standard
O004931,2023-11-07,C01436,Standard
O004932,2023-11-07,C00479,Express
O004933,2023-11-07,C01375,Same Day
O004934,2023-11-07,C00704,Express
O004935,2023-11-07,C00879,Standard
O004936,2023-11-08,C00045,Standard
O004937,2023-11-08,C00162,Standard
O004938,2023-11-08,C01131,Standard
O004939,2023-11-08,C00551,Standard
O004940,2023-11-08,C01343,Same Day
O004941,2023-11-08,C00194,Standard
O004942,2023-11-08,C00349,Same Day
O004943,2023-11-08,C01006,Standard
O004944,2023-11-09,C01114,Standard
O004945,2023-11-09,C00563,Standard
O004946,2023-11-09,C01363,Standard
O004947,2023-11-09,C00419,Standard
O004948,2023-11-09,C00857,Same Day
O004949,2023-11-09,C01070,Same Day
O004950,2023-11-09,C01100,Standard
O004951,2023-11-09,C01383,Express
O004952,2023-11-09,C01105,Express
O004953,2023-11-09,C00931,Standard
O004954,2023-11-09,C00320,Express
O004955,2023-11-09,C00859,Standard
O004956,2023-11-09,C01431,Express
O004957,2023-11-09,C00505,Standard
O004958,2023-11-09,C00053,Standard
O004959,2023-11-10,C00236,Standard
O004960,2023-11-10,C00905,Express
O004961,2023-11-10,C00593,Standard
O004962,2023-11-10,C01270,Standard
O004963,2023-11-10,C00642,Standard
O004964,2023-11-10,C00238,Standard
O004965,2023-11-10,C00171,Standard
O004966,2023-11-10,C00410,Same Day
O004967,2023-11-10,C01180,Standard
O004968,2023-11-10,C00912,Standard
O004969,2023-11-10,C00041,Standard
O004970,2023-11-10,C01041,Express
O004971,2023-11-10,C00234,Same Day
O004972,2023-11-10,C00469,Standard
O004973,2023-11-10,C00091,Standard
O004974,2023-11-11,C00451,Standard
O004975,2023-11-11,C01160,Standard
O004976,2023-11-11,C00065,Express
O004977,2023-11-11,C00403,Express
O004978,2023-11-11,C00835,Standard
O004979,2023-11-11,C00384,Standard
O004980,2023-11-11,C00787,Express
O004981,2023-11-11,C01448,Standard
O004982,2023-11-11,C01009,Standard
O004983,2023-11-11,C00022,Standard
O004984,2023-11-11,C00248,Same Day
O004985,2023-11-11,C01303,Express
O004986,2023-11-11,C00614,Express
O004987,2023-11-11,C00399,Standard
O004988,2023-11-11,C00660,Standard
O004989,2023-11-11,C01157,Express
O004990,2023-11-11,C00308,Standard
O004991,2023-11-11,C00677,Express
O004992,2023-11-12,C01302,Standard
O004993,2023-11-12,C00307,Standard
O004994,2023-11-12,C00762,Express
O004995,2023-11-12,C00625,Standard
O004996,2023-11-12,C00804,Standard
O004997,2023-11-12,C00471,Standard
O004998,2023-11-12,C00263,Express
O004999,2023-11-12,C01299,Express
O005000,2023-11-12,C01443,Standard
O005001,2023-11-13,C00451,Same Day
O005002,2023-11-13,C00858,Standard
O005003,2023-11-13,C00135,Express
O005004,2023-11-13,C00711,Express
O005005,2023-11-13,C00268,Standard
O005006,2023-11-13,C01071,Standard
O005007,2023-11-13,C00922,Express
O005008,2023-11-13,C00783,Standard
O005009,2023-11-13,C01341,Same Day
O005010,2023-11-13,C01161,Standard
O005011,2023-11-13,C01297,Standard
O005012,2023-11-13,C01255,Standard
O005013,2023-11-13,C00972,Express
O005014,2023-11-13,C00455,Same Day
O005015,2023-11-13,C00236,Standard
O005016,2023-11-14,C00905,Standard
O005017,2023-11-14,C00914,Same Day
O005018,2023-11-14,C01055,Standard
O005019,2023-11-14,C00407,Standard
O005020,2023-11-14,C00642,Express
O005021,2023-11-14,C00055,Standard
O005022,2023-11-14,C00394,Standard
O005023,2023-11-14,C01147,Standard
O005024,2023-11-14,C01421,Standard
O005025,2023-11-14,C01320,Express
O005026,2023-11-14,C00277,Express
O005027,2023-11-14,C00415,Standard
O005028,2023-11-14,C01085,Express
O005029,2023-11-15,C01283,Standard
O005030,2023-11-15,C01214,Standard
O005031,2023-11-15,C00905,Standard
O005032,2023-11-15,C01290,Same Day
O005033,2023-11-15,C00912,Standard
O005034,2023-11-15,C00544,Standard
O005035,2023-11-15,C00054,Same Day
O005036,2023-11-15,C01424,Express
O005037,2023-11-15,C00397,Standard
O005038,2023-11-15,C01287,Standard
O005039,2023-11-15,C00117,Standard
O005040,2023-11-15,C00887,Standard
O005041,2023-11-15,C00243,Standard
O005042,2023-11-15,C01265,Same Day
O005043,2023-11-16,C00557,Standard
O005044,2023-11-16,C00126,Express
O005045,2023-11-16,C01354,Standard
O005046,2023-11-16,C00543,Standard
O005047,2023-11-16,C00645,Express
O005048,2023-11-16,C01132,Standard
O005049,2023-11-16,C01248,Express
O005050,2023-11-16,C00799,Express
O005051,2023-11-16,C01242,Standard
O005052,2023-11-16,C00520,Same Day
O005053,2023-11-16,C00414,Standard
O005054,2023-11-16,C01358,Standard
O005055,2023-11-16,C00641,Standard
O005056,2023-11-16,C00079,Standard
O005057,2023-11-16,C00307,Standard
O005058,2023-11-17,C00214,Standard
O005059,2023-11-17,C01003,Express
O005060,2023-11-17,C01281,Standard
O005061,2023-11-17,C01002,Express
O005062,2023-11-17,C00844,Standard
O005063,2023-11-17,C01330,Express
O005064,2023-11-17,C00157,Standard
O005065,2023-11-17,C00507,Standard
O005066,2023-11-17,C00469,Standard
O005067,2023-11-17,C01253,Same Day
O005068,2023-11-18,C00878,Same Day
O005069,2023-11-18,C01331,Standard
O005070,2023-11-18,C00792,Standard
O005071,2023-11-18,C01398,Standard
O005072,2023-11-18,C00628,Standard
O005073,2023-11-18,C00074,Standard
O005074,2023-11-18,C00203,Standard
O005075,2023-11-19,C00519,Standard
O005076,2023-11-19,C00664,Standard
O005077,2023-11-19,C01296,Standard
O005078,2023-11-19,C00316,Express
O005079,2023-11-19,C01389,Express
O005080,2023-11-19,C00769,Same Day
O005081,2023-11-19,C01255,Standard
O005082,2023-11-19,C01206,Express
O005083,2023-11-19,C00874,Standard
O005084,2023-11-19,C00254,Standard
O005085,2023-11-19,C01453,Express
O005086,2023-11-19,C00701,Standard
O005087,2023-11-19,C01102,Same Day
O005088,2023-11-19,C01042,Express
O005089,2023-11-19,C00838,Standard
O005090,2023-11-19,C00533,Standard
O005091,2023-11-19,C00800,Express
O005092,2023-11-19,C00173,Standard
O005093,2023-11-20,C00624,Express
O005094,2023-11-20,C01470,Standard
O005095,2023-11-20,C00286,Standard
O005096,2023-11-20,C00432,Express
O005097,2023-11-20,C00490,Standard
O005098,2023-11-20,C00325,Standard
O005099,2023-11-21,C00644,Express
O005100,2023-11-21,C01359,Standard
O005101,2023-11-21,C00502,Standard
O005102,2023-11-21,C00912,Same Day
O005103,2023-11-21,C00707,Standard
O005104,2023-11-21,C01337,Standard
O005105,2023-11-21,C00996,Standard
O005106,2023-11-21,C01108,Express
O005107,2023-11-21,C01139,Standard
O005108,2023-11-21,C00617,Standard
O005109,2023-11-22,C01355,Standard
O005110,2023-11-22,C00489,Standard
O005111,2023-11-22,C00836,Express
O005112,2023-11-22,C00331,Standard
O005113,2023-11-22,C00167,Standard
O005114,2023-11-22,C01112,Express
O005115,2023-11-22,C00146,Standard
O005116,2023-11-22,C00912,Standard
O005117,2023-11-22,C01305,Standard
O005118,2023-11-22,C00737,Same Day
O005119,2023-11-22,C01454,Express
O005120,2023-11-22,C00642,Standard
O005121,2023-11-22,C01211,Same Day
O005122,2023-11-22,C01391,Standard
O005123,2023-11-22,C01264,Express
O005124,2023-11-22,C00002,Standard
O005125,2023-11-22,C01336,Express
O005126,2023-11-23,C00850,Standard
O005127,2023-11-23,C00632,Express
O005128,2023-11-23,C00981,Express
O005129,2023-11-23,C00978,Same Day
O005130,2023-11-23,C01166,Express
O005131,2023-11-23,C00596,Standard
O005132,2023-11-24,C01244,Standard
O005133,2023-11-24,C00755,Express
O005134,2023-11-24,C01159,Express
O005135,2023-11-24,C00313,Standard
O005136,2023-11-24,C00094,Express
O005137,2023-11-24,C01405,Standard
O005138,2023-11-24,C01370,Express
O005139,2023-11-24,C00621,Standard
O005140,2023-11-24,C01296,Standard
O005141,2023-11-24,C00503,Express
O005142,2023-11-24,C00451,Express
O005143,2023-11-24,C00869,Standard
O005144,2023-11-24,C00596,Standard
O005145,2023-11-24,C00959,Standard
O005146,2023-11-24,C00468,Standard
O005147,2023-11-25,C01213,Standard
O005148,2023-11-25,C01161,Standard
O005149,2023-11-25,C00398,Express
O005150,2023-11-25,C00457,Express
O005151,2023-11-25,C00629,Express
O005152,2023-11-25,C00724,Standard
O005153,2023-11-25,C01050,Express
O005154,2023-11-25,C01173,Standard
O005155,2023-11-25,C00591,Standard
O005156,2023-11-25,C01171,Express
O005157,2023-11-25,C00388,Standard
O005158,2023-11-25,C01034,Standard
O005159,2023-11-26,C00437,Standard
O005160,2023-11-26,C01141,Standard
O005161,2023-11-26,C00567,Standard
O005162,2023-11-26,C01314,Express
O005163,2023-11-26,C00286,Standard
O005164,2023-11-26,C00590,Standard
O005165,2023-11-26,C01303,Express
O005166,2023-11-26,C00726,Express
O005167,2023-11-26,C00152,Same Day
O005168,2023-11-27,C00211,Express
O005169,2023-11-27,C00610,Standard
O005170,2023-11-27,C00532,Standard
O005171,2023-11-27,C00340,Standard
O005172,2023-11-27,C01271,Express
O005173,2023-11-27,C01005,Standard
O005174,2023-11-27,C00005,Express
O005175,2023-11-27,C00076,Same Day
O005176,2023-11-28,C00725,Standard
O005177,2023-11-28,C01188,Standard
O005178,2023-11-28,C00453,Standard
O005179,2023-11-28,C00402,Standard
O005180,2023-11-28,C00853,Standard
O005181,2023-11-28,C01223,Express
O005182,2023-11-28,C01366,Standard
O005183,2023-11-28,C01397,Standard
O005184,2023-11-28,C00804,Standard
O005185,2023-11-28,C00238,Standard
O005186,2023-11-28,C00502,Standard
O005187,2023-11-28,C00188,Express
O005188,2023-11-28,C00601,Standard
O005189,2023-11-28,C00896,Standard
O005190,2023-11-29,C01120,Standard
O005191,2023-11-29,C01014,Express
O005192,2023-11-29,C00768,Standard
O005193,2023-11-29,C01002,Same Day
O005194,2023-11-29,C00916,Standard
O005195,2023-11-29,C00576,Standard
O005196,2023-11-29,C00361,Standard
O005197,2023-11-29,C01487,Same Day
O005198,2023-11-29,C00114,Standard
O005199,2023-11-29,C00026,Standard
O005200,2023-11-29,C01202,Standard
O005201,2023-11-29,C00470,Same Day
O005202,2023-11-29,C01181,Standard
O005203,2023-11-29,C00445,Standard
O005204,2023-11-29,C01267,Standard
O005205,2023-11-29,C00262,Standard
O005206,2023-11-30,C00087,Express
O005207,2023-11-30,C00776,Standard
O005208,2023-11-30,C00491,Express
O005209,2023-11-30,C00606,Standard
O005210,2023-11-30,C00476,Express
O005211,2023-11-30,C00666,Standard
O005212,2023-11-30,C01254,Standard
O005213,2023-11-30,C01291,Standard
O005214,2023-11-30,C00092,Express
O005215,2023-11-30,C01002,Express
O005216,2023-12-01,C00543,Standard
O005217,2023-12-01,C00298,Express
O005218,2023-12-01,C00781,Express
O005219,2023-12-01,C01089,Express
O005220,2023-12-01,C00412,Standard
O005221,2023-12-01,C00913,Standard
O005222,2023-12-01,C00278,Standard
O005223,2023-12-01,C00218,Same Day
O005224,2023-12-01,C01141,Standard
O005225,2023-12-01,C00811,Standard
O005226,2023-12-01,C01192,Express
O005227,2023-12-01,C01492,Standard
O005228,2023-12-01,C01211,Standard
O005229,2023-12-02,C00785,Standard
O005230,2023-12-02,C00803,Same Day
O005231,2023-12-02,C00949,Express
O005232,2023-12-02,C00842,Standard
O005233,2023-12-02,C00252,Standard
O005234,2023-12-02,C00867,Standard
O005235,2023-12-02,C00169,Express
O005236,2023-12-02,C00857,Standard
O005237,2023-12-02,C00879,Standard
O005238,2023-12-02,C01499,Same Day
O005239,2023-12-02,C01195,Express
O005240,2023-12-02,C01453,Express
O005241,2023-12-02,C01068,Standard
O005242,2023-12-02,C01313,Standard
O005243,2023-12-03,C00378,Standard
O005244,2023-12-03,C01236,Standard
O005245,2023-12-03,C00062,Standard
O005246,2023-12-03,C01146,Same Day
O005247,2023-12-03,C01343,Express
O005248,2023-12-03,C01134,Standard
O005249,2023-12-03,C00860,Express
O005250,2023-12-03,C01388,Standard
O005251,2023-12-03,C00353,Standard
O005252,2023-12-04,C00476,Express
O005253,2023-12-04,C00928,Same Day
O005254,2023-12-04,C01011,Standard
O005255,2023-12-04,C01168,Express
O005256,2023-12-04,C01379,Standard
O005257,2023-12-04,C01333,Standard
O005258,2023-12-04,C01327,Standard
O005259,2023-12-04,C00466,Standard
O005260,2023-12-04,C00591,Standard
O005261,2023-12-04,C00353,Standard
O005262,2023-12-04,C01329,Standard
O005263,2023-12-05,C00929,Standard
O005264,2023-12-05,C01251,Standard
O005265,2023-12-05,C00782,Standard
O005266,2023-12-05,C00182,Express
O005267,2023-12-05,C00187,Standard
O005268,2023-12-05,C00890,Express
O005269,2023-12-05,C00018,Standard
O005270,2023-12-06,C01127,Standard
O005271,2023-12-06,C00007,Standard
O005272,2023-12-06,C01412,Standard
O005273,2023-12-06,C00990,Same Day
O005274,2023-12-06,C00009,Express
O005275,2023-12-06,C00465,Standard
O005276,2023-12-06,C00868,Express
O005277,2023-12-06,C01309,Express
O005278,2023-12-06,C00263,Express
O005279,2023-12-06,C01431,Standard
O005280,2023-12-07,C00866,Standard
O005281,2023-12-07,C00469,Standard
O005282,2023-12-07,C00894,Standard
O005283,2023-12-07,C00586,Standard
O005284,2023-12-07,C01017,Express
O005285,2023-12-07,C01307,Express
O005286,2023-12-07,C00123,Standard
O005287,2023-12-07,C00276,Express
O005288,2023-12-07,C00652,Standard
O005289,2023-12-07,C00494,Express
O005290,2023-12-07,C00717,Standard
O005291,2023-12-07,C00070,Express
O005292,2023-12-07,C01149,Express
O005293,2023-12-07,C00840,Standard
O005294,2023-12-07,C01338,Standard
O005295,2023-12-07,C00210,Standard
O005296,2023-12-07,C00230,Same Day
O005297,2023-12-07,C00173,Standard
O005298,2023-12-07,C00767,Standard
O005299,2023-12-08,C00573,Standard
O005300,2023-12-08,C00982,Standard
O005301,2023-12-08,C00803,Same Day
O005302,2023-12-08,C00364,Standard
O005303,2023-12-08,C01363,Standard
O005304,2023-12-08,C01328,Standard
O005305,2023-12-08,C00876,Standard
O005306,2023-12-08,C00313,Express
O005307,2023-12-08,C01109,Standard
O005308,2023-12-09,C00198,Standard
O005309,2023-12-09,C01382,Standard
O005310,2023-12-09,C00235,Standard
O005311,2023-12-09,C01092,Standard
O005312,2023-12-09,C01436,Standard
O005313,2023-12-09,C01125,Same Day
O005314,2023-12-09,C00110,Express
O005315,2023-12-10,C00318,Express
O005316,2023-12-10,C00083,Express
O005317,2023-12-10,C00098,Express
O005318,2023-12-10,C01013,Express
O005319,2023-12-10,C00808,Standard
O005320,2023-12-10,C00362,Standard
O005321,2023-12-10,C01376,Express
O005322,2023-12-10,C01042,Standard
O005323,2023-12-10,C00760,Standard
O005324,2023-12-10,C00808,Standard
O005325,2023-12-11,C00642,Standard
O005326,2023-12-11,C00650,Standard
O005327,2023-12-11,C00644,Standard
O005328,2023-12-11,C00548,Standard
O005329,2023-12-11,C00938,Standard
O005330,2023-12-11,C00236,Same Day
O005331,2023-12-11,C00766,Standard
O005332,2023-12-11,C01193,Express
O005333,2023-12-11,C00718,Standard
O005334,2023-12-12,C00255,Standard
O005335,2023-12-12,C00264,Standard
O005336,2023-12-12,C00292,Standard
O005337,2023-12-12,C00126,Standard
O005338,2023-12-12,C00615,Standard
O005339,2023-12-12,C01113,Standard
O005340,2023-12-12,C01012,Standard
O005341,2023-12-12,C01339,Standard
O005342,2023-12-12,C00317,Standard
O005343,2023-12-12,C00271,Same Day
O005344,2023-12-12,C01312,Same Day
O005345,2023-12-12,C01201,Standard
O005346,2023-12-13,C00234,Standard
O005347,2023-12-13,C00238,Same Day
O005348,2023-12-13,C01421,Express
O005349,2023-12-13,C00854,Standard
O005350,2023-12-13,C01140,Standard
O005351,2023-12-13,C00401,Standard
O005352,2023-12-13,C00623,Express
O005353,2023-12-13,C00811,Same Day
O005354,2023-12-13,C00645,Standard
O005355,2023-12-13,C01404,Standard
O005356,2023-12-13,C00271,Same Day
O005357,2023-12-13,C01005,Same Day
O005358,2023-12-13,C00157,Standard
O005359,2023-12-13,C00474,Express
O005360,2023-12-14,C00405,Standard
O005361,2023-12-14,C01304,Standard
O005362,2023-12-14,C00435,Same Day
O005363,2023-12-14,C00006,Standard
O005364,2023-12-14,C00167,Standard
O005365,2023-12-14,C00088,Standard
O005366,2023-12-14,C00939,Standard
O005367,2023-12-14,C00560,Standard
O005368,2023-12-14,C00374,Standard
O005369,2023-12-14,C01275,Express
O005370,2023-12-15,C01331,Express
O005371,2023-12-15,C01285,Standard
O005372,2023-12-15,C00895,Standard
O005373,2023-12-15,C01405,Standard
O005374,2023-12-15,C00190,Express
O005375,2023-12-15,C00421,Express
O005376,2023-12-15,C01081,Express
O005377,2023-12-15,C01052,Standard
O005378,2023-12-15,C01107,Same Day
O005379,2023-12-16,C01267,Standard
O005380,2023-12-16,C01180,Standard
O005381,2023-12-16,C00440,Standard
O005382,2023-12-16,C00201,Standard
O005383,2023-12-16,C01213,Express
O005384,2023-12-16,C00837,Standard
O005385,2023-12-16,C00079,Express
O005386,2023-12-16,C00313,Standard
O005387,2023-12-16,C00888,Standard
O005388,2023-12-16,C01306,Express
O005389,2023-12-16,C00192,Standard
O005390,2023-12-16,C01147,Same Day
O005391,2023-12-16,C01352,Standard
O005392,2023-12-16,C00707,Standard
O005393,2023-12-17,C00717,Express
O005394,2023-12-17,C00461,Express
O005395,2023-12-17,C00064,Standard
O005396,2023-12-17,C00220,Same Day
O005397,2023-12-17,C00757,Standard
O005398,2023-12-17,C00829,Standard
O005399,2023-12-17,C00469,Standard
O005400,2023-12-17,C00738,Same Day
O005401,2023-12-17,C00522,Same Day
O005402,2023-12-17,C00418,Same Day
O005403,2023-12-17,C01362,Standard
O005404,2023-12-17,C00462,Express
O005405,2023-12-17,C00621,Express
O005406,2023-12-17,C01009,Standard
O005407,2023-12-18,C00556,Express
O005408,2023-12-18,C00530,Express
O005409,2023-12-18,C00808,Express
O005410,2023-12-18,C01419,Standard
O005411,2023-12-18,C01341,Standard
O005412,2023-12-18,C00108,Express
O005413,2023-12-18,C01234,Standard
O005414,2023-12-18,C01225,Standard
O005415,2023-12-18,C01243,Standard
O005416,2023-12-18,C00060,Standard
O005417,2023-12-18,C00326,Standard
O005418,2023-12-18,C01222,Same Day
O005419,2023-12-19,C00093,Standard
O005420,2023-12-19,C01484,Standard
O005421,2023-12-19,C00480,Standard
O005422,2023-12-19,C00445,Express
O005423,2023-12-19,C00008,Express
O005424,2023-12-19,C01087,Standard
O005425,2023-12-19,C01483,Standard
O005426,2023-12-19,C00342,Express
O005427,2023-12-19,C00739,Standard
O005428,2023-12-19,C00923,Standard
O005429,2023-12-19,C01484,Standard
O005430,2023-12-19,C01011,Express
O005431,2023-12-19,C00880,Standard
O005432,2023-12-19,C00724,Same Day
O005433,2023-12-20,C00047,Same Day
O005434,2023-12-20,C00351,Express
O005435,2023-12-20,C01000,Standard
O005436,2023-12-20,C00164,Express
O005437,2023-12-20,C00688,Standard
O005438,2023-12-20,C00333,Standard
O005439,2023-12-20,C00454,Express
O005440,2023-12-20,C00784,Express
O005441,2023-12-20,C00177,Express
O005442,2023-12-20,C01314,Standard
O005443,2023-12-20,C00023,Standard
O005444,2023-12-20,C01445,Express
O005445,2023-12-20,C01386,Standard
O005446,2023-12-20,C00849,Express
O005447,2023-12-21,C00724,Same Day
O005448,2023-12-21,C01273,Standard
O005449,2023-12-21,C00587,Standard
O005450,2023-12-21,C00430,Standard
O005451,2023-12-21,C01404,Standard
O005452,2023-12-21,C01457,Standard
O005453,2023-12-21,C00747,Standard
O005454,2023-12-21,C01460,Express
O005455,2023-12-21,C00908,Express
O005456,2023-12-21,C01452,Standard
O005457,2023-12-21,C00659,Standard
O005458,2023-12-21,C01233,Standard
O005459,2023-12-21,C01466,Express
O005460,2023-12-22,C01069,Standard
O005461,2023-12-22,C01021,Standard
O005462,2023-12-22,C01019,Standard
O005463,2023-12-22,C00710,Standard
O005464,2023-12-22,C00682,Standard
O005465,2023-12-22,C00065,Standard
O005466,2023-12-22,C01331,Express
O005467,2023-12-22,C01149,Express
O005468,2023-12-22,C01254,Standard
O005469,2023-12-22,C00602,Standard
O005470,2023-12-23,C00707,Express
O005471,2023-12-23,C01003,Same Day
O005472,2023-12-23,C00009,Standard
O005473,2023-12-23,C00675,Standard
O005474,2023-12-23,C00016,Standard
O005475,2023-12-23,C00421,Standard
O005476,2023-12-23,C01491,Standard
O005477,2023-12-23,C00414,Standard
O005478,2023-12-23,C01099,Standard
O005479,2023-12-23,C00484,Standard
O005480,2023-12-23,C00386,Standard
O005481,2023-12-24,C00111,Standard
O005482,2023-12-24,C00477,Standard
O005483,2023-12-24,C00805,Same Day
O005484,2023-12-24,C00306,Standard
O005485,2023-12-24,C01381,Express
O005486,2023-12-24,C01455,Standard
O005487,2023-12-24,C01184,Same Day
O005488,2023-12-24,C01275,Express
O005489,2023-12-24,C00050,Standard
O005490,2023-12-25,C00706,Express
O005491,2023-12-25,C01180,Same Day
O005492,2023-12-25,C01234,Standard
O005493,2023-12-25,C01410,Standard
O005494,2023-12-25,C01222,Standard
O005495,2023-12-25,C00971,Standard
O005496,2023-12-25,C00977,Standard
O005497,2023-12-25,C00608,Express
O005498,2023-12-25,C00783,Standard
O005499,2023-12-25,C00900,Express
O005500,2023-12-25,C00402,Standard
O005501,2023-12-25,C01257,Express
O005502,2023-12-25,C00664,Express
O005503,2023-12-25,C00330,Same Day
O005504,2023-12-25,C01102,Same Day
O005505,2023-12-25,C01411,Standard
O005506,2023-12-25,C01166,Standard
O005507,2023-12-26,C00776,Standard
O005508,2023-12-26,C00559,Express
O005509,2023-12-26,C01270,Standard
O005510,2023-12-26,C00764,Same Day
O005511,2023-12-26,C00380,Standard
O005512,2023-12-26,C00421,Express
O005513,2023-12-26,C01418,Standard
O005514,2023-12-26,C01323,Standard
O005515,2023-12-26,C01112,Standard
O005516,2023-12-26,C01404,Express
O005517,2023-12-26,C01295,Express
O005518,2023-12-26,C01148,Express
O005519,2023-12-26,C00122,Standard
O005520,2023-12-26,C00152,Standard
O005521,2023-12-26,C01483,Standard
O005522,2023-12-27,C00873,Express
O005523,2023-12-27,C00528,Standard
O005524,2023-12-27,C01040,Standard
O005525,2023-12-27,C00190,Standard
O005526,2023-12-27,C01492,Standard
O005527,2023-12-27,C00026,Express
O005528,2023-12-27,C00443,Standard
O005529,2023-12-27,C01424,Standard
O005530,2023-12-28,C01395,Express
O005531,2023-12-28,C01114,Standard
O005532,2023-12-28,C00972,Express
O005533,2023-12-28,C01205,Standard
O005534,2023-12-28,C00966,Standard
O005535,2023-12-28,C01214,Standard
O005536,2023-12-28,C00368,Standard
O005537,2023-12-28,C00264,Standard
O005538,2023-12-28,C00167,Standard
O005539,2023-12-28,C00887,Standard
O005540,2023-12-28,C00502,Standard
O005541,2023-12-28,C01130,Standard
O005542,2023-12-29,C01457,Standard
O005543,2023-12-29,C00930,Standard
O005544,2023-12-29,C00538,Standard
O005545,2023-12-29,C00523,Standard
O005546,2023-12-29,C00899,Express
O005547,2023-12-29,C00336,Standard
O005548,2023-12-29,C00978,Standard
O005549,2023-12-29,C00219,Standard
O005550,2023-12-29,C00006,Standard
O005551,2023-12-29,C00653,Express
O005552,2023-12-29,C00886,Standard
O005553,2023-12-29,C00061,Standard
O005554,2023-12-29,C00040,Express
O005555,2023-12-29,C00283,Express
O005556,2023-12-29,C01178,Express
O005557,2023-12-29,C00602,Standard
O005558,2023-12-30,C00574,Standard
O005559,2023-12-30,C00025,Standard
O005560,2023-12-30,C00671,Same Day
O005561,2023-12-30,C01449,Standard
O005562,2023-12-30,C01358,Standard
O005563,2023-12-30,C01432,Standard
O005564,2023-12-30,C00389,Standard
O005565,2023-12-30,C00325,Standard
O005566,2023-12-30,C01061,Standard
O005567,2023-12-31,C01354,Express
O005568,2023-12-31,C01244,Standard
O005569,2023-12-31,C00889,Standard
O005570,2023-12-31,C01190,Standard
O005571,2023-12-31,C01290,Standard
O005572,2023-12-31,C01425,Standard
O005573,2023-12-31,C00612,Standard
O005574,2023-12-31,C00972,Standard
O005575,2023-12-31,C00521,Express
O005576,2023-12-31,C01125,Express
O005577,2023-12-31,C00230,Standard
O005578,2023-12-31,C01397,Standard
O005579,2024-01-01,C00466,Express
O005580,2024-01-01,C00029,Standard
O005581,2024-01-01,C00943,Same Day
O005582,2024-01-02,C01245,Express
O005583,2024-01-02,C00021,Standard
O005584,2024-01-02,C01481,Express
O005585,2024-01-02,C00394,Standard
O005586,2024-01-02,C01471,Standard
O005587,2024-01-02,C01371,Standard
O005588,2024-01-02,C00232,Standard
O005589,2024-01-02,C00894,Standard
O005590,2024-01-02,C01429,Standard
O005591,2024-01-03,C01244,Standard
O005592,2024-01-03,C00921,Express
O005593,2024-01-03,C00838,Standard
O005594,2024-01-03,C01320,Standard
O005595,2024-01-03,C01473,Standard
O005596,2024-01-03,C00186,Express
O005597,2024-01-03,C00225,Standard
O005598,2024-01-03,C00228,Standard
O005599,2024-01-03,C00389,Express
O005600,2024-01-04,C01488,Express
O005601,2024-01-04,C00965,Same Day
O005602,2024-01-04,C00009,Standard
O005603,2024-01-04,C01474,Standard
O005604,2024-01-04,C00068,Same Day
O005605,2024-01-04,C00365,Same Day
O005606,2024-01-05,C01404,Standard
O005607,2024-01-05,C00211,Standard
O005608,2024-01-05,C00235,Standard
O005609,2024-01-05,C00381,Standard
O005610,2024-01-05,C00734,Standard
O005611,2024-01-06,C00086,Express
O005612,2024-01-06,C00478,Same Day
O005613,2024-01-06,C01100,Express
O005614,2024-01-06,C00739,Standard
O005615,2024-01-07,C00107,Standard
O005616,2024-01-07,C00366,Standard
O005617,2024-01-07,C01033,Standard
O005618,2024-01-07,C00230,Express
O005619,2024-01-07,C00003,Express
O005620,2024-01-07,C00398,Express
O005621,2024-01-08,C01416,Standard
O005622,2024-01-08,C00244,Standard
O005623,2024-01-08,C00805,Standard
O005624,2024-01-08,C00263,Standard
O005625,2024-01-08,C00091,Express
O005626,2024-01-08,C00630,Standard
O005627,2024-01-08,C00645,Same Day
O005628,2024-01-08,C01428,Standard
O005629,2024-01-09,C01424,Standard
O005630,2024-01-09,C00746,Standard
O005631,2024-01-09,C00913,Same Day
O005632,2024-01-09,C01349,Express
O005633,2024-01-09,C00339,Standard
O005634,2024-01-10,C00236,Standard
O005635,2024-01-10,C00350,Standard
O005636,2024-01-10,C00523,Standard
O005637,2024-01-10,C00263,Standard
O005638,2024-01-10,C00591,Express
O005639,2024-01-10,C01371,Standard
O005640,2024-01-10,C00023,Standard
O005641,2024-01-10,C00344,Standard
O005642,2024-01-10,C00953,Standard
O005643,2024-01-11,C01380,Standard
O005644,2024-01-11,C00388,Standard
O005645,2024-01-11,C01035,Standard
O005646,2024-01-11,C01013,Standard
O005647,2024-01-11,C00564,Express
O005648,2024-01-11,C00402,Express
O005649,2024-01-11,C00483,Same Day
O005650,2024-01-11,C00050,Standard
O005651,2024-01-11,C00798,Express
O005652,2024-01-11,C00724,Standard
O005653,2024-01-11,C01168,Express
O005654,2024-01-11,C01044,Standard
O005655,2024-01-12,C01497,Standard
O005656,2024-01-12,C01278,Same Day
O005657,2024-01-13,C00453,Same Day
O005658,2024-01-13,C01196,Express
O005659,2024-01-13,C00413,Same Day
O005660,2024-01-13,C00915,Express
O005661,2024-01-13,C00150,Express
O005662,2024-01-13,C00641,Standard
O005663,2024-01-13,C01311,Standard
O005664,2024-01-13,C00629,Express
O005665,2024-01-13,C01495,Standard
O005666,2024-01-13,C00764,Standard
O005667,2024-01-13,C00414,Express
O005668,2024-01-14,C00769,Standard
O005669,2024-01-14,C00387,Express
O005670,2024-01-14,C00116,Standard
O005671,2024-01-14,C00345,Standard
O005672,2024-01-14,C00121,Standard
O005673,2024-01-14,C00129,Standard
O005674,2024-01-14,C01298,Express
O005675,2024-01-14,C00514,Express
O005676,2024-01-14,C01220,Standard
O005677,2024-01-15,C01328,Standard
O005678,2024-01-15,C00901,Standard
O005679,2024-01-15,C00759,Standard
O005680,2024-01-15,C00579,Express
O005681,2024-01-15,C00584,Express
O005682,2024-01-15,C00092,Standard
O005683,2024-01-16,C00862,Standard
O005684,2024-01-16,C01107,Standard
O005685,2024-01-16,C01134,Standard
O005686,2024-01-16,C01243,Express
O005687,2024-01-17,C00246,Express
O005688,2024-01-17,C00164,Express
O005689,2024-01-17,C00080,Standard
O005690,2024-01-17,C01417,Express
O005691,2024-01-17,C01066,Express
O005692,2024-01-17,C00033,Express
O005693,2024-01-17,C00404,Standard
O005694,2024-01-17,C01209,Standard
O005695,2024-01-17,C00737,Standard
O005696,2024-01-18,C00543,Standard
O005697,2024-01-18,C00874,Standard
O005698,2024-01-18,C00515,Standard
O005699,2024-01-18,C01170,Express
O005700,2024-01-18,C01162,Standard
O005701,2024-01-18,C00055,Express
O005702,2024-01-18,C00188,Same Day
O005703,2024-01-18,C01423,Standard
O005704,2024-01-19,C00338,Standard
O005705,2024-01-19,C01455,Standard
O005706,2024-01-19,C01282,Express
O005707,2024-01-19,C00624,Same Day
O005708,2024-01-19,C00157,Standard
O005709,2024-01-20,C01266,Express
O005710,2024-01-20,C00395,Same Day
O005711,2024-01-20,C01470,Standard
O005712,2024-01-20,C00308,Standard
O005713,2024-01-20,C01369,Standard
O005714,2024-01-20,C00764,Standard
O005715,2024-01-20,C00161,Express
O005716,2024-01-21,C00002,Standard
O005717,2024-01-21,C01050,Same Day
O005718,2024-01-21,C00664,Express
O005719,2024-01-21,C01290,Standard
O005720,2024-01-21,C00249,Express
O005721,2024-01-21,C01341,Express
O005722,2024-01-21,C00330,Express
O005723,2024-01-21,C00704,Standard
O005724,2024-01-21,C00197,Standard
O005725,2024-01-22,C01153,Express
O005726,2024-01-22,C00821,Standard
O005727,2024-01-22,C00709,Express
O005728,2024-01-22,C01009,Express
O005729,2024-01-22,C01176,Standard
O005730,2024-01-22,C00385,Express
O005731,2024-01-23,C00652,Standard
O005732,2024-01-23,C01345,Express
O005733,2024-01-23,C00221,Same Day
O005734,2024-01-23,C00325,Express
O005735,2024-01-24,C00218,Express
O005736,2024-01-24,C00313,Standard
O005737,2024-01-24,C00521,Standard
O005738,2024-01-24,C00136,Standard
O005739,2024-01-24,C01482,Standard
O005740,2024-01-24,C00701,Express
O005741,2024-01-24,C01052,Standard
O005742,2024-01-24,C00052,Standard
O005743,2024-01-25,C00986,Express
O005744,2024-01-25,C01025,Standard
O005745,2024-01-25,C01117,Standard
O005746,2024-01-25,C00847,Standard
O005747,2024-01-25,C00169,Standard
O005748,2024-01-25,C00003,Standard
O005749,2024-01-25,C01122,Same Day
O005750,2024-01-25,C00952,Standard
O005751,2024-01-25,C00607,Standard
O005752,2024-01-25,C01407,Standard
O005753,2024-01-25,C01081,Standard
O005754,2024-01-26,C00444,Standard
O005755,2024-01-26,C00328,Standard
O005756,2024-01-26,C01059,Express
O005757,2024-01-26,C00524,Express
O005758,2024-01-26,C00938,Same Day
O005759,2024-01-26,C00017,Express
O005760,2024-01-26,C00142,Standard
O005761,2024-01-26,C00178,Standard
O005762,2024-01-27,C00338,Express
O005763,2024-01-27,C00306,Standard
O005764,2024-01-27,C01275,Standard
O005765,2024-01-27,C00422,Standard
O005766,2024-01-27,C00931,Standard
O005767,2024-01-27,C00041,Standard
O005768,2024-01-27,C00034,Same Day
O005769,2024-01-27,C01401,Express
O005770,2024-01-27,C00517,Standard
O005771,2024-01-28,C00809,Standard
O005772,2024-01-28,C00231,Standard
O005773,2024-01-28,C01158,Express
O005774,2024-01-28,C00304,Standard
O005775,2024-01-28,C01218,Express
O005776,2024-01-28,C01374,Standard
O005777,2024-01-29,C01216,Express
O005778,2024-01-29,C00931,Standard
O005779,2024-01-29,C00987,Standard
O005780,2024-01-29,C01498,Express
O005781,2024-01-29,C00401,Standard
O005782,2024-01-29,C00334,Standard
O005783,2024-01-29,C00245,Standard
O005784,2024-01-29,C01498,Standard
O005785,2024-01-29,C01318,Standard
O005786,2024-01-30,C00095,Standard
O005787,2024-01-30,C00146,Express
O005788,2024-01-30,C01366,Express
O005789,2024-01-30,C00782,Standard
O005790,2024-01-30,C00771,Standard
O005791,2024-01-31,C00275,Standard
O005792,2024-01-31,C00422,Express
O005793,2024-01-31,C00144,Express
O005794,2024-01-31,C00950,Same Day
O005795,2024-01-31,C01069,Standard
O005796,2024-01-31,C01309,Standard
O005797,2024-01-31,C01140,Express
O005798,2024-01-31,C00334,Standard
O005799,2024-02-01,C00586,Standard
O005800,2024-02-01,C00034,Express
O005801,2024-02-01,C00593,Standard
O005802,2024-02-01,C00043,Express
O005803,2024-02-02,C00318,Same Day
O005804,2024-02-02,C01311,Express
O005805,2024-02-02,C00429,Standard
O005806,2024-02-02,C01247,Standard
O005807,2024-02-02,C00867,Same Day
O005808,2024-02-03,C01472,Standard
O005809,2024-02-03,C00415,Express
O005810,2024-02-03,C00329,Standard
O005811,2024-02-03,C01296,Standard
O005812,2024-02-03,C00288,Standard
O005813,2024-02-03,C01136,Standard
O005814,2024-02-03,C01197,Standard
O005815,2024-02-03,C00985,Standard
O005816,2024-02-03,C00397,Standard
O005817,2024-02-03,C00298,Express
O005818,2024-02-03,C00764,Express
O005819,2024-02-04,C01239,Express
O005820,2024-02-04,C01183,Standard
O005821,2024-02-04,C00223,Standard
O005822,2024-02-04,C01261,Standard
O005823,2024-02-04,C00080,Standard
O005824,2024-02-04,C00644,Standard
O005825,2024-02-04,C00798,Same Day
O005826,2024-02-04,C01080,Same Day
O005827,2024-02-05,C01240,Standard
O005828,2024-02-05,C00139,Standard
O005829,2024-02-05,C00115,Standard
O005830,2024-02-05,C00706,Standard
O005831,2024-02-06,C00565,Standard
O005832,2024-02-06,C00880,Standard
O005833,2024-02-06,C00255,Express
O005834,2024-02-06,C00318,Standard
O005835,2024-02-06,C00183,Standard
O005836,2024-02-06,C00274,Express
O005837,2024-02-06,C00866,Standard
O005838,2024-02-07,C01030,Same Day
O005839,2024-02-07,C00543,Standard
O005840,2024-02-07,C00600,Standard
O005841,2024-02-07,C01472,Standard
O005842,2024-02-07,C00698,Standard
O005843,2024-02-07,C00804,Standard
O005844,2024-02-08,C00533,Standard
O005845,2024-02-08,C00619,Standard
O005846,2024-02-08,C00476,Standard
O005847,2024-02-08,C00539,Standard
O005848,2024-02-08,C00581,Standard
O005849,2024-02-08,C01142,Standard
O005850,2024-02-08,C00111,Standard
O005851,2024-02-08,C01229,Standard
O005852,2024-02-08,C00531,Standard
O005853,2024-02-09,C00093,Standard
O005854,2024-02-09,C00466,Standard
O005855,2024-02-09,C00727,Standard
O005856,2024-02-10,C01383,Express
O005857,2024-02-10,C00085,Standard
O005858,2024-02-10,C00126,Express
O005859,2024-02-10,C00898,Express
O005860,2024-02-10,C00242,Standard
O005861,2024-02-10,C01462,Same Day
O005862,2024-02-10,C01129,Standard
O005863,2024-02-11,C00885,Standard
O005864,2024-02-11,C00746,Standard
O005865,2024-02-11,C00753,Same Day
O005866,2024-02-11,C01202,Express
O005867,2024-02-11,C01432,Standard
O005868,2024-02-11,C00872,Standard
O005869,2024-02-11,C00977,Same Day
O005870,2024-02-11,C00039,Express
O005871,2024-02-11,C00448,Express
O005872,2024-02-11,C01238,Express
O005873,2024-02-11,C01497,Standard
O005874,2024-02-11,C01277,Same Day
O005875,2024-02-11,C01498,Standard
O005876,2024-02-11,C00807,Standard
O005877,2024-02-11,C00048,Express
O005878,2024-02-12,C00235,Standard
O005879,2024-02-12,C00453,Standard
O005880,2024-02-12,C00348,Standard
O005881,2024-02-12,C00760,Same Day
O005882,2024-02-12,C00897,Express
O005883,2024-02-12,C01128,Standard
O005884,2024-02-13,C00447,Express
O005885,2024-02-13,C01123,Standard
O005886,2024-02-13,C01147,Standard
O005887,2024-02-13,C00950,Standard
O005888,2024-02-13,C00687,Express
O005889,2024-02-13,C01442,Standard
O005890,2024-02-13,C00402,Express
O005891,2024-02-13,C00831,Express
O005892,2024-02-13,C01469,Express
O005893,2024-02-14,C00917,Standard
O005894,2024-02-14,C00490,Standard
O005895,2024-02-14,C01342,Standard
O005896,2024-02-14,C00731,Express
O005897,2024-02-14,C00856,Standard
O005898,2024-02-14,C01432,Standard
O005899,2024-02-14,C00825,Standard
O005900,2024-02-15,C00438,Standard
O005901,2024-02-15,C00418,Standard
O005902,2024-02-15,C00651,Express
O005903,2024-02-15,C00360,Standard
O005904,2024-02-15,C00548,Same Day
O005905,2024-02-15,C00039,Standard
O005906,2024-02-15,C00365,Standard
O005907,2024-02-15,C00324,Same Day
O005908,2024-02-15,C00898,Standard
O005909,2024-02-15,C00586,Same Day
O005910,2024-02-15,C00166,Standard
O005911,2024-02-15,C00129,Standard
O005912,2024-02-15,C00463,Standard
O005913,2024-02-15,C01358,Express
O005914,2024-02-15,C01424,Standard
O005915,2024-02-15,C00752,Same Day
O005916,2024-02-16,C00697,Express
O005917,2024-02-16,C00812,Express
O005918,2024-02-16,C00415,Same Day
O005919,2024-02-16,C00279,Standard
O005920,2024-02-16,C00024,Express
O005921,2024-02-16,C01490,Same Day
O005922,2024-02-17,C00084,Standard
O005923,2024-02-17,C00499,Standard
O005924,2024-02-17,C00426,Standard
O005925,2024-02-17,C01037,Standard
O005926,2024-02-17,C00336,Same Day
O005927,2024-02-17,C00165,Standard
O005928,2024-02-17,C00808,Express
O005929,2024-02-17,C01116,Same Day
O005930,2024-02-17,C01172,Standard
O005931,2024-02-17,C01199,Standard
O005932,2024-02-17,C00731,Standard
O005933,2024-02-17,C01341,Same Day
O005934,2024-02-17,C00220,Standard
O005935,2024-02-18,C01174,Standard
O005936,2024-02-18,C01291,Same Day
O005937,2024-02-18,C00383,Standard
O005938,2024-02-18,C01275,Express
O005939,2024-02-18,C01481,Standard
O005940,2024-02-19,C00541,Standard
O005941,2024-02-19,C01245,Standard
O005942,2024-02-19,C01423,Standard
O005943,2024-02-19,C00990,Standard
O005944,2024-02-19,C01012,Standard
O005945,2024-02-19,C01470,Standard
O005946,2024-02-19,C00841,Standard
O005947,2024-02-19,C00058,Standard
O005948,2024-02-19,C00490,Express
O005949,2024-02-19,C01029,Standard
O005950,2024-02-19,C00916,Same Day
O005951,2024-02-19,C00423,Standard
O005952,2024-02-19,C00517,Standard
O005953,2024-02-19,C00896,Express
O005954,2024-02-19,C00294,Same Day
O005955,2024-02-19,C00979,Standard
O005956,2024-02-19,C00587,Standard
O005957,2024-02-20,C01227,Standard
O005958,2024-02-20,C00218,Express
O005959,2024-02-20,C00035,Standard
O005960,2024-02-20,C00491,Standard
O005961,2024-02-20,C00629,Express
O005962,2024-02-20,C00058,Standard
O005963,2024-02-20,C00851,Standard
O005964,2024-02-20,C00128,Standard
O005965,2024-02-20,C00018,Standard
O005966,2024-02-20,C00524,Standard
O005967,2024-02-20,C00527,Standard
O005968,2024-02-21,C00345,Express
O005969,2024-02-21,C00722,Express
O005970,2024-02-21,C00739,Standard
O005971,2024-02-21,C00166,Standard
O005972,2024-02-21,C00613,Same Day
O005973,2024-02-21,C01219,Same Day
O005974,2024-02-21,C00060,Express
O005975,2024-02-21,C01038,Express
O005976,2024-02-21,C01048,Express
O005977,2024-02-22,C01305,Standard
O005978,2024-02-22,C01251,Same Day
O005979,2024-02-22,C00335,Express
O005980,2024-02-22,C00741,Standard
O005981,2024-02-22,C00910,Express
O005982,2024-02-22,C01317,Express
O005983,2024-02-23,C01040,Standard
O005984,2024-02-23,C01079,Express
O005985,2024-02-23,C00353,Standard
O005986,2024-02-23,C01373,Standard
O005987,2024-02-23,C01243,Standard
O005988,2024-02-23,C00689,Standard
O005989,2024-02-23,C00383,Standard
O005990,2024-02-23,C00231,Standard
O005991,2024-02-23,C00650,Express
O005992,2024-02-23,C00642,Standard
O005993,2024-02-23,C00701,Standard
O005994,2024-02-24,C00867,Standard
O005995,2024-02-24,C00528,Standard
O005996,2024-02-24,C00924,Standard
O005997,2024-02-24,C00692,Express
O005998,2024-02-24,C00886,Standard
O005999,2024-02-24,C01390,Standard
O006000,2024-02-24,C00777,Standard
O006001,2024-02-24,C01150,Standard
O006002,2024-02-24,C00068,Standard
O006003,2024-02-24,C01301,Express
O006004,2024-02-24,C01105,Express
O006005,2024-02-24,C00429,Express
O006006,2024-02-24,C00461,Same Day
O006007,2024-02-25,C00299,Standard
O006008,2024-02-25,C01362,Standard
O006009,2024-02-25,C01417,Standard
O006010,2024-02-25,C01063,Standard
O006011,2024-02-25,C00309,Standard
O006012,2024-02-25,C00982,Standard
O006013,2024-02-25,C01009,Standard
O006014,2024-02-25,C00662,Express
O006015,2024-02-25,C00816,Standard
O006016,2024-02-25,C00707,Standard
O006017,2024-02-26,C00783,Standard
O006018,2024-02-26,C01036,Standard
O006019,2024-02-26,C01445,Standard
O006020,2024-02-26,C00871,Express
O006021,2024-02-26,C00756,Express
O006022,2024-02-26,C01462,Standard
O006023,2024-02-26,C00534,Standard
O006024,2024-02-27,C00746,Express
O006025,2024-02-27,C00111,Standard
O006026,2024-02-27,C00532,Standard
O006027,2024-02-27,C00495,Standard
O006028,2024-02-27,C01126,Same Day
O006029,2024-02-28,C00748,Express
O006030,2024-02-28,C00375,Standard
O006031,2024-02-28,C00394,Express
O006032,2024-02-28,C00843,Standard
O006033,2024-02-28,C00327,Standard
O006034,2024-02-28,C01383,Standard
O006035,2024-02-28,C00470,Standard
O006036,2024-02-29,C01365,Standard
O006037,2024-02-29,C00157,Standard
O006038,2024-02-29,C00853,Standard
O006039,2024-02-29,C00414,Standard
O006040,2024-02-29,C01481,Express
O006041,2024-02-29,C00266,Standard
O006042,2024-03-01,C00116,Standard
O006043,2024-03-01,C00823,Standard
O006044,2024-03-01,C00185,Express
O006045,2024-03-01,C01016,Express
O006046,2024-03-01,C00302,Express
O006047,2024-03-01,C00418,Standard
O006048,2024-03-01,C00317,Same Day
O006049,2024-03-02,C00478,Express
O006050,2024-03-02,C01106,Standard
O006051,2024-03-02,C00945,Express
O006052,2024-03-02,C00352,Standard
O006053,2024-03-02,C01101,Express
O006054,2024-03-02,C00731,Standard
O006055,2024-03-02,C00155,Standard
O006056,2024-03-02,C00667,Express
O006057,2024-03-03,C01265,Express
O006058,2024-03-03,C00975,Standard
O006059,2024-03-03,C00837,Standard
O006060,2024-03-03,C00901,Same Day
O006061,2024-03-03,C01104,Standard
O006062,2024-03-03,C00767,Standard
O006063,2024-03-03,C01045,Express
O006064,2024-03-03,C00335,Standard
O006065,2024-03-03,C01002,Standard
O006066,2024-03-04,C00276,Standard
O006067,2024-03-04,C00536,Standard
O006068,2024-03-04,C00971,Express
O006069,2024-03-04,C01492,Standard
O006070,2024-03-04,C00230,Standard
O006071,2024-03-04,C00877,Express
O006072,2024-03-04,C00780,Express
O006073,2024-03-04,C00825,Standard
O006074,2024-03-04,C00685,Standard
O006075,2024-03-04,C00686,Standard
O006076,2024-03-04,C01014,Standard
O006077,2024-03-05,C00218,Standard
O006078,2024-03-05,C01263,Standard
O006079,2024-03-05,C00159,Express
O006080,2024-03-05,C00310,Standard
O006081,2024-03-05,C01132,Standard
O006082,2024-03-05,C00835,Standard
O006083,2024-03-05,C01409,Express
O006084,2024-03-05,C00484,Standard
O006085,2024-03-05,C00414,Same Day
O006086,2024-03-06,C00110,Standard
O006087,2024-03-06,C00543,Standard
O006088,2024-03-06,C00225,Standard
O006089,2024-03-06,C00590,Standard
O006090,2024-03-06,C01336,Express
O006091,2024-03-06,C01496,Standard
O006092,2024-03-06,C00165,Standard
O006093,2024-03-06,C01225,Standard
O006094,2024-03-06,C00355,Standard
O006095,2024-03-06,C00192,Standard
O006096,2024-03-06,C01248,Same Day
O006097,2024-03-06,C00757,Express
O006098,2024-03-07,C00205,Express
O006099,2024-03-07,C00223,Standard
O006100,2024-03-07,C00843,Standard
O006101,2024-03-07,C00201,Standard
O006102,2024-03-07,C01117,Express
O006103,2024-03-07,C00129,Standard
O006104,2024-03-07,C00695,Standard
O006105,2024-03-07,C00419,Express
O006106,2024-03-08,C00809,Standard
O006107,2024-03-08,C00834,Express
O006108,2024-03-08,C00284,Standard
O006109,2024-03-08,C00322,Standard
O006110,2024-03-08,C00798,Standard
O006111,2024-03-08,C01248,Express
O006112,2024-03-08,C01269,Standard
O006113,2024-03-09,C00406,Standard
O006114,2024-03-09,C01465,Express
O006115,2024-03-09,C01303,Same Day
O006116,2024-03-09,C00259,Express
O006117,2024-03-09,C01297,Standard
O006118,2024-03-09,C00017,Standard
O006119,2024-03-09,C00270,Standard
O006120,2024-03-10,C00328,Express
O006121,2024-03-10,C01019,Standard
O006122,2024-03-10,C00307,Express
O006123,2024-03-11,C00570,Standard
O006124,2024-03-11,C00547,Standard
O006125,2024-03-11,C00577,Express
O006126,2024-03-11,C01491,Express
O006127,2024-03-11,C00604,Express
O006128,2024-03-11,C00241,Standard
O006129,2024-03-11,C01378,Express
O006130,2024-03-12,C00469,Express
O006131,2024-03-12,C00356,Standard
O006132,2024-03-12,C00918,Same Day
O006133,2024-03-12,C00191,Standard
O006134,2024-03-12,C00858,Standard
O006135,2024-03-12,C00203,Standard
O006136,2024-03-12,C00907,Express
O006137,2024-03-12,C00524,Standard
O006138,2024-03-12,C01500,Standard
O006139,2024-03-12,C01104,Standard
O006140,2024-03-12,C00155,Same Day
O006141,2024-03-13,C01065,Standard
O006142,2024-03-13,C01376,Same Day
O006143,2024-03-13,C00307,Same Day
O006144,2024-03-13,C00112,Standard
O006145,2024-03-13,C00500,Express
O006146,2024-03-14,C00697,Standard
O006147,2024-03-14,C00527,Standard
O006148,2024-03-14,C00562,Standard
O006149,2024-03-14,C00307,Standard
O006150,2024-03-14,C00318,Standard
O006151,2024-03-14,C01393,Same Day
O006152,2024-03-14,C01072,Standard
O006153,2024-03-15,C00022,Express
O006154,2024-03-15,C00772,Express
O006155,2024-03-15,C00603,Standard
O006156,2024-03-15,C00733,Express
O006157,2024-03-15,C00133,Standard
O006158,2024-03-15,C00458,Standard
O006159,2024-03-15,C00263,Express
O006160,2024-03-15,C00186,Standard
O006161,2024-03-15,C01122,Express
O006162,2024-03-15,C00151,Standard
O006163,2024-03-16,C00921,Express
O006164,2024-03-16,C00053,Same Day
O006165,2024-03-16,C00820,Standard
O006166,2024-03-16,C00081,Express
O006167,2024-03-16,C00054,Same Day
O006168,2024-03-16,C00924,Express
O006169,2024-03-16,C00322,Standard
O006170,2024-03-16,C00132,Standard
O006171,2024-03-16,C00751,Standard
O006172,2024-03-17,C01315,Standard
O006173,2024-03-17,C00412,Standard
O006174,2024-03-17,C00062,Standard
O006175,2024-03-17,C00062,Standard
O006176,2024-03-17,C01141,Express
O006177,2024-03-17,C00376,Express
O006178,2024-03-17,C01352,Express
O006179,2024-03-18,C01184,Standard
O006180,2024-03-18,C00944,Standard
O006181,2024-03-18,C01213,Standard
O006182,2024-03-18,C00307,Express
O006183,2024-03-18,C00030,Express
O006184,2024-03-18,C00694,Standard
O006185,2024-03-19,C01297,Standard
O006186,2024-03-19,C00619,Standard
O006187,2024-03-19,C01290,Express
O006188,2024-03-19,C00207,Standard
O006189,2024-03-19,C00573,Standard
O006190,2024-03-19,C00174,Standard
O006191,2024-03-19,C01434,Express
O006192,2024-03-19,C01017,Standard
O006193,2024-03-19,C01079,Standard
O006194,2024-03-20,C00137,Express
O006195,2024-03-20,C01179,Standard
O006196,2024-03-20,C00015,Standard
O006197,2024-03-20,C01199,Standard
O006198,2024-03-20,C00126,Express
O006199,2024-03-20,C01179,Standard
O006200,2024-03-20,C00735,Express
O006201,2024-03-20,C00904,Standard
O006202,2024-03-21,C00455,Express
O006203,2024-03-21,C00320,Same Day
O006204,2024-03-21,C00516,Standard
O006205,2024-03-21,C01128,Same Day
O006206,2024-03-21,C01325,Standard
O006207,2024-03-21,C00864,Standard
O006208,2024-03-21,C00220,Standard
O006209,2024-03-21,C00205,Express
O006210,2024-03-21,C00108,Standard
O006211,2024-03-22,C00977,Standard
O006212,2024-03-22,C01337,Express
O006213,2024-03-22,C01469,Standard
O006214,2024-03-22,C01373,Standard
O006215,2024-03-22,C00465,Standard
O006216,2024-03-22,C00678,Standard
O006217,2024-03-22,C01342,Express
O006218,2024-03-22,C00839,Standard
O006219,2024-03-22,C01353,Same Day
O006220,2024-03-22,C00313,Standard
O006221,2024-03-22,C01091,Standard
O006222,2024-03-23,C01443,Standard
O006223,2024-03-23,C00740,Standard
O006224,2024-03-23,C00855,Standard
O006225,2024-03-23,C00470,Same Day
O006226,2024-03-23,C00416,Express
O006227,2024-03-23,C00765,Express
O006228,2024-03-23,C00818,Standard
O006229,2024-03-24,C00841,Standard
O006230,2024-03-24,C00937,Express
O006231,2024-03-24,C01116,Standard
O006232,2024-03-25,C01175,Standard
O006233,2024-03-25,C01110,Standard
O006234,2024-03-25,C01497,Express
O006235,2024-03-25,C01293,Standard
O006236,2024-03-25,C00227,Standard
O006237,2024-03-25,C00528,Same Day
O006238,2024-03-25,C01422,Express
O006239,2024-03-25,C00148,Express
O006240,2024-03-25,C00292,Express
O006241,2024-03-25,C00897,Standard
O006242,2024-03-25,C00693,Standard
O006243,2024-03-25,C01439,Same Day
O006244,2024-03-25,C00493,Standard
O006245,2024-03-26,C00664,Express
O006246,2024-03-26,C00831,Standard
O006247,2024-03-26,C01494,Standard
O006248,2024-03-26,C00911,Express
O006249,2024-03-27,C01029,Express
O006250,2024-03-27,C01339,Express
O006251,2024-03-27,C00730,Express
O006252,2024-03-27,C01273,Express
O006253,2024-03-27,C01057,Standard
O006254,2024-03-27,C01071,Standard
O006255,2024-03-27,C00663,Standard
O006256,2024-03-27,C00687,Same Day
O006257,2024-03-27,C01465,Standard
O006258,2024-03-27,C00291,Standard
O006259,2024-03-28,C01392,Standard
O006260,2024-03-28,C00859,Standard
O006261,2024-03-28,C00835,Standard
O006262,2024-03-28,C00719,Standard
O006263,2024-03-28,C00041,Same Day
O006264,2024-03-28,C01046,Express
O006265,2024-03-28,C00531,Standard
O006266,2024-03-29,C00926,Standard
O006267,2024-03-29,C00994,Express
O006268,2024-03-29,C00519,Standard
O006269,2024-03-29,C00491,Express
O006270,2024-03-29,C01147,Standard
O006271,2024-03-29,C00869,Standard
O006272,2024-03-29,C01165,Express
O006273,2024-03-29,C00636,Express
O006274,2024-03-29,C01339,Same Day
O006275,2024-03-29,C01283,Standard
O006276,2024-03-29,C00372,Same Day
O006277,2024-03-29,C01137,Standard
O006278,2024-03-29,C00413,Same Day
O006279,2024-03-30,C00014,Express
O006280,2024-03-30,C00889,Express
O006281,2024-03-30,C00173,Same Day
O006282,2024-03-30,C00897,Standard
O006283,2024-03-30,C00297,Standard
O006284,2024-03-30,C00854,Same Day
O006285,2024-03-30,C00347,Express
O006286,2024-03-30,C00362,Standard
O006287,2024-03-30,C01019,Standard
O006288,2024-03-30,C01067,Standard
O006289,2024-03-30,C01047,Express
O006290,2024-03-31,C01094,Express
O006291,2024-03-31,C00574,Express
O006292,2024-03-31,C00079,Standard
O006293,2024-03-31,C00584,Standard
O006294,2024-03-31,C01304,Same Day
O006295,2024-03-31,C00426,Standard
O006296,2024-03-31,C00178,Standard
O006297,2024-03-31,C00534,Standard
O006298,2024-03-31,C00558,Standard
O006299,2024-03-31,C00947,Standard
O006300,2024-04-01,C00904,Standard
O006301,2024-04-01,C00646,Express
O006302,2024-04-01,C00435,Express
O006303,2024-04-01,C00789,Standard
O006304,2024-04-01,C00564,Express
O006305,2024-04-01,C01382,Express
O006306,2024-04-01,C01370,Express
O006307,2024-04-01,C00622,Standard
O006308,2024-04-01,C00519,Standard
O006309,2024-04-01,C00139,Standard
O006310,2024-04-02,C01200,Standard
O006311,2024-04-02,C00002,Express
O006312,2024-04-02,C00048,Standard
O006313,2024-04-02,C00944,Express
O006314,2024-04-02,C00931,Standard
O006315,2024-04-02,C01116,Same Day
O006316,2024-04-03,C00446,Standard
O006317,2024-04-03,C00949,Standard
O006318,2024-04-03,C00003,Same Day
O006319,2024-04-03,C00991,Standard
O006320,2024-04-03,C00448,Same Day
O006321,2024-04-03,C01397,Express
O006322,2024-04-03,C00145,Standard
O006323,2024-04-03,C00226,Standard
O006324,2024-04-04,C00589,Express
O006325,2024-04-04,C00085,Standard
O006326,2024-04-04,C00303,Standard
O006327,2024-04-04,C00350,Standard
O006328,2024-04-04,C00027,Same Day
O006329,2024-04-04,C00256,Standard
O006330,2024-04-04,C01295,Same Day
O006331,2024-04-04,C00698,Standard
O006332,2024-04-04,C01190,Standard
O006333,2024-04-04,C00625,Standard
O006334,2024-04-04,C00832,Standard
O006335,2024-04-04,C00778,Standard
O006336,2024-04-05,C01317,Same Day
O006337,2024-04-05,C00699,Same Day
O006338,2024-04-05,C00565,Standard
O006339,2024-04-05,C01432,Express
O006340,2024-04-05,C00566,Standard
O006341,2024-04-05,C01154,Standard
O006342,2024-04-05,C00071,Express
O006343,2024-04-05,C00841,Standard
O006344,2024-04-06,C00421,Express
O006345,2024-04-06,C00885,Express
O006346,2024-04-06,C01168,Standard
O006347,2024-04-06,C00307,Same Day
O006348,2024-04-06,C00922,Express
O006349,2024-04-06,C00501,Standard
O006350,2024-04-07,C00162,Express
O006351,2024-04-07,C01432,Standard
O006352,2024-04-07,C00560,Standard
O006353,2024-04-07,C01431,Express
O006354,2024-04-07,C00128,Standard
O006355,2024-04-07,C00893,Express
O006356,2024-04-07,C00391,Express
O006357,2024-04-07,C00314,Standard
O006358,2024-04-07,C00792,Express
O006359,2024-04-07,C00393,Express
O006360,2024-04-07,C00606,Same Day
O006361,2024-04-08,C01069,Standard
O006362,2024-04-08,C01225,Standard
O006363,2024-04-08,C00566,Same Day
O006364,2024-04-08,C00156,Standard
O006365,2024-04-08,C00456,Express
O006366,2024-04-08,C01231,Standard
O006367,2024-04-08,C00463,Standard
O006368,2024-04-08,C01153,Express
O006369,2024-04-08,C01198,Standard
O006370,2024-04-09,C00675,Standard
O006371,2024-04-09,C00772,Standard
O006372,2024-04-09,C00992,Standard
O006373,2024-04-09,C00025,Standard
O006374,2024-04-09,C00567,Standard
O006375,2024-04-09,C00544,Standard
O006376,2024-04-10,C00635,Standard
O006377,2024-04-10,C00549,Standard
O006378,2024-04-10,C00225,Express
O006379,2024-04-10,C01042,Standard
O006380,2024-04-10,C00178,Standard
O006381,2024-04-11,C00420,Standard
O006382,2024-04-11,C00644,Express
O006383,2024-04-11,C00006,Express
O006384,2024-04-11,C01015,Standard
O006385,2024-04-11,C00093,Express
O006386,2024-04-11,C00444,Standard
O006387,2024-04-11,C00088,Standard
O006388,2024-04-12,C01425,Express
O006389,2024-04-12,C00910,Standard
O006390,2024-04-12,C01014,Standard
O006391,2024-04-12,C00711,Express
O006392,2024-04-12,C00410,Standard
O006393,2024-04-12,C00023,Standard
O006394,2024-04-12,C00073,Express
O006395,2024-04-12,C00088,Standard
O006396,2024-04-12,C00212,Standard
O006397,2024-04-12,C01405,Express
O006398,2024-04-12,C00909,Express
O006399,2024-04-12,C00246,Express
O006400,2024-04-12,C00287,Standard
O006401,2024-04-12,C00772,Same Day
O006402,2024-04-13,C00713,Standard
O006403,2024-04-13,C01112,Standard
O006404,2024-04-13,C00262,Standard
O006405,2024-04-13,C00260,Standard
O006406,2024-04-13,C00039,Standard
O006407,2024-04-13,C01098,Express
O006408,2024-04-13,C01459,Standard
O006409,2024-04-13,C01154,Standard
O006410,2024-04-13,C00201,Standard
O006411,2024-04-14,C01241,Standard
O006412,2024-04-14,C01112,Standard
O006413,2024-04-14,C01271,Standard
O006414,2024-04-14,C01243,Standard
O006415,2024-04-14,C01243,Express
O006416,2024-04-14,C01441,Express
O006417,2024-04-14,C00683,Same Day
O006418,2024-04-14,C01142,Standard
O006419,2024-04-14,C00423,Standard
O006420,2024-04-15,C00323,Express
O006421,2024-04-15,C00066,Standard
O006422,2024-04-15,C00910,Express
O006423,2024-04-15,C00517,Standard
O006424,2024-04-15,C00942,Express
O006425,2024-04-15,C01437,Express
O006426,2024-04-15,C00548,Standard
O006427,2024-04-15,C00414,Standard
O006428,2024-04-15,C00164,Standard
O006429,2024-04-15,C01395,Same Day
O006430,2024-04-16,C00167,Express
O006431,2024-04-16,C01234,Standard
O006432,2024-04-16,C00740,Standard
O006433,2024-04-16,C00187,Standard
O006434,2024-04-16,C01220,Express
O006435,2024-04-16,C01009,Express
O006436,2024-04-16,C00774,Express
O006437,2024-04-16,C00758,Express
O006438,2024-04-16,C00803,Standard
O006439,2024-04-17,C00462,Express
O006440,2024-04-17,C00984,Standard
O006441,2024-04-17,C01337,Standard
O006442,2024-04-17,C00953,Standard
O006443,2024-04-17,C00412,Express
O006444,2024-04-17,C00721,Express
O006445,2024-04-17,C01348,Standard
O006446,2024-04-17,C01339,Standard
O006447,2024-04-17,C01245,Standard
O006448,2024-04-18,C00697,Standard
O006449,2024-04-18,C01405,Same Day
O006450,2024-04-18,C01135,Standard
O006451,2024-04-18,C00053,Standard
O006452,2024-04-19,C00337,Standard
O006453,2024-04-19,C01468,Standard
O006454,2024-04-19,C00134,Standard
O006455,2024-04-19,C01278,Express
O006456,2024-04-19,C01385,Standard
O006457,2024-04-19,C01241,Express
O006458,2024-04-19,C00369,Express
O006459,2024-04-20,C00503,Express
O006460,2024-04-20,C01437,Same Day
O006461,2024-04-20,C00105,Standard
O006462,2024-04-20,C00952,Standard
O006463,2024-04-20,C00422,Standard
O006464,2024-04-20,C00642,Standard
O006465,2024-04-20,C01014,Express
O006466,2024-04-20,C00036,Same Day
O006467,2024-04-20,C00062,Express
O006468,2024-04-20,C01401,Standard
O006469,2024-04-20,C01410,Express
O006470,2024-04-20,C00283,Standard
O006471,2024-04-21,C01414,Express
O006472,2024-04-21,C00758,Standard
O006473,2024-04-21,C01414,Express
O006474,2024-04-21,C01411,Express
O006475,2024-04-21,C01219,Standard
O006476,2024-04-21,C00268,Express
O006477,2024-04-21,C00359,Standard
O006478,2024-04-21,C01165,Same Day
O006479,2024-04-21,C01447,Standard
O006480,2024-04-21,C00231,Standard
O006481,2024-04-22,C00816,Standard
O006482,2024-04-22,C00004,Standard
O006483,2024-04-22,C00257,Standard
O006484,2024-04-22,C00539,Standard
O006485,2024-04-22,C00618,Standard
O006486,2024-04-22,C00391,Standard
O006487,2024-04-22,C00300,Express
O006488,2024-04-22,C00140,Express
O006489,2024-04-22,C01340,Standard
O006490,2024-04-23,C00626,Standard
O006491,2024-04-23,C00051,Standard
O006492,2024-04-23,C00087,Same Day
O006493,2024-04-23,C00281,Express
O006494,2024-04-24,C00731,Standard
O006495,2024-04-24,C01133,Standard
O006496,2024-04-24,C00200,Same Day
O006497,2024-04-24,C01260,Same Day
O006498,2024-04-24,C00414,Standard
O006499,2024-04-24,C01008,Same Day
O006500,2024-04-24,C00154,Express
O006501,2024-04-24,C01346,Express
O006502,2024-04-24,C00526,Express
O006503,2024-04-25,C01094,Express
O006504,2024-04-25,C00805,Standard
O006505,2024-04-25,C01394,Standard
O006506,2024-04-25,C01295,Standard
O006507,2024-04-25,C01312,Same Day
O006508,2024-04-25,C00623,Standard
O006509,2024-04-26,C00094,Standard
O006510,2024-04-26,C01373,Express
O006511,2024-04-26,C00895,Same Day
O006512,2024-04-26,C01344,Standard
O006513,2024-04-26,C00429,Standard
O006514,2024-04-26,C00788,Express
O006515,2024-04-26,C01359,Same Day
O006516,2024-04-26,C01319,Standard
O006517,2024-04-26,C01134,Standard
O006518,2024-04-26,C00353,Standard
O006519,2024-04-26,C00569,Standard
O006520,2024-04-27,C00030,Express
O006521,2024-04-27,C01321,Express
O006522,2024-04-27,C00204,Express
O006523,2024-04-27,C01004,Express
O006524,2024-04-27,C00138,Express
O006525,2024-04-27,C01268,Express
O006526,2024-04-27,C00157,Standard
O006527,2024-04-27,C00936,Standard
O006528,2024-04-27,C00352,Express
O006529,2024-04-27,C00716,Same Day
O006530,2024-04-27,C00525,Same Day
O006531,2024-04-28,C00146,Standard
O006532,2024-04-28,C00662,Standard
O006533,2024-04-28,C00868,Same Day
O006534,2024-04-28,C01198,Express
O006535,2024-04-28,C01338,Standard
O006536,2024-04-28,C00704,Standard
O006537,2024-04-28,C00917,Standard
O006538,2024-04-28,C01359,Standard
O006539,2024-04-28,C01151,Express
O006540,2024-04-28,C00199,Same Day
O006541,2024-04-28,C00178,Express
O006542,2024-04-28,C01179,Express
O006543,2024-04-28,C00898,Express
O006544,2024-04-29,C01268,Standard
O006545,2024-04-29,C00420,Standard
O006546,2024-04-29,C00529,Standard
O006547,2024-04-29,C00690,Standard
O006548,2024-04-29,C00581,Same Day
O006549,2024-04-29,C00837,Standard
O006550,2024-04-29,C00012,Standard
O006551,2024-04-29,C00329,Express
O006552,2024-04-29,C00952,Same Day
O006553,2024-04-29,C01444,Standard
O006554,2024-04-29,C00670,Standard
O006555,2024-04-30,C00027,Standard
O006556,2024-04-30,C00743,Standard
O006557,2024-04-30,C00957,Same Day
O006558,2024-04-30,C00968,Standard
O006559,2024-04-30,C00302,Standard
O006560,2024-04-30,C01033,Same Day
O006561,2024-04-30,C00211,Express
O006562,2024-05-01,C01081,Standard
O006563,2024-05-01,C01149,Express
O006564,2024-05-01,C01450,Express
O006565,2024-05-01,C00778,Standard
O006566,2024-05-01,C00261,Standard
O006567,2024-05-01,C01027,Same Day
O006568,2024-05-01,C00886,Standard
O006569,2024-05-01,C00415,Standard
O006570,2024-05-01,C00918,Express
O006571,2024-05-01,C00254,Standard
O006572,2024-05-01,C01446,Standard
O006573,2024-05-02,C00364,Standard
O006574,2024-05-02,C01449,Standard
O006575,2024-05-02,C00849,Standard
O006576,2024-05-02,C00934,Standard
O006577,2024-05-02,C00608,Express
O006578,2024-05-02,C01022,Standard
O006579,2024-05-02,C01141,Express
O006580,2024-05-02,C00858,Standard
O006581,2024-05-03,C01144,Express
O006582,2024-05-03,C00772,Express
O006583,2024-05-03,C01342,Standard
O006584,2024-05-03,C00821,Same Day
O006585,2024-05-03,C00946,Standard
O006586,2024-05-03,C01042,Standard
O006587,2024-05-03,C00581,Standard
O006588,2024-05-04,C01489,Standard
O006589,2024-05-04,C00612,Standard
O006590,2024-05-04,C00424,Express
O006591,2024-05-04,C00783,Express
O006592,2024-05-04,C01434,Standard
O006593,2024-05-04,C00401,Express
O006594,2024-05-04,C00574,Standard
O006595,2024-05-04,C01137,Express
O006596,2024-05-04,C00965,Express
O006597,2024-05-04,C01497,Standard
O006598,2024-05-04,C00428,Standard
O006599,2024-05-05,C00630,Standard
O006600,2024-05-05,C00690,Express
O006601,2024-05-05,C00143,Express
O006602,2024-05-05,C00087,Standard
O006603,2024-05-05,C00360,Express
O006604,2024-05-05,C00788,Express
O006605,2024-05-05,C00189,Express
O006606,2024-05-05,C00456,Standard
O006607,2024-05-05,C00482,Standard
O006608,2024-05-05,C01101,Express
O006609,2024-05-06,C00414,Express
O006610,2024-05-06,C00101,Standard
O006611,2024-05-06,C01179,Express
O006612,2024-05-06,C01005,Standard
O006613,2024-05-06,C00180,Standard
O006614,2024-05-06,C00010,Standard
O006615,2024-05-06,C01385,Express
O006616,2024-05-06,C01053,Standard
O006617,2024-05-06,C00538,Express
O006618,2024-05-06,C00402,Standard
O006619,2024-05-06,C01248,Standard
O006620,2024-05-07,C00599,Standard
O006621,2024-05-07,C00116,Standard
O006622,2024-05-07,C01015,Same Day
O006623,2024-05-07,C01158,Express
O006624,2024-05-07,C00470,Standard
O006625,2024-05-07,C00673,Standard
O006626,2024-05-07,C00585,Standard
O006627,2024-05-07,C01068,Standard
O006628,2024-05-07,C01462,Same Day
O006629,2024-05-07,C00417,Express
O006630,2024-05-07,C00450,Standard
O006631,2024-05-07,C00498,Standard
O006632,2024-05-07,C00430,Standard
O006633,2024-05-08,C01079,Standard
O006634,2024-05-08,C01292,Standard
O006635,2024-05-08,C01446,Standard
O006636,2024-05-08,C01422,Standard
O006637,2024-05-08,C01026,Same Day
O006638,2024-05-08,C01156,Standard
O006639,2024-05-08,C01077,Express
O006640,2024-05-08,C01063,Express
O006641,2024-05-08,C00351,Standard
O006642,2024-05-09,C00930,Standard
O006643,2024-05-09,C01237,Standard
O006644,2024-05-09,C00691,Standard
O006645,2024-05-09,C01333,Standard
O006646,2024-05-09,C00086,Standard
O006647,2024-05-09,C00649,Standard
O006648,2024-05-09,C00158,Standard
O006649,2024-05-09,C01338,Standard
O006650,2024-05-09,C01438,Standard
O006651,2024-05-09,C00285,Standard
O006652,2024-05-10,C00119,Standard
O006653,2024-05-10,C00558,Standard
O006654,2024-05-10,C00745,Standard
O006655,2024-05-10,C00609,Standard
O006656,2024-05-10,C01445,Standard
O006657,2024-05-10,C00577,Express
O006658,2024-05-10,C00075,Express
O006659,2024-05-10,C00014,Standard
O006660,2024-05-10,C00037,Standard
O006661,2024-05-11,C00942,Standard
O006662,2024-05-11,C01095,Standard
O006663,2024-05-11,C00362,Standard
O006664,2024-05-11,C00783,Standard
O006665,2024-05-11,C00138,Standard
O006666,2024-05-11,C00396,Express
O006667,2024-05-11,C01278,Standard
O006668,2024-05-11,C00221,Standard
O006669,2024-05-12,C00847,Express
O006670,2024-05-12,C01364,Standard
O006671,2024-05-12,C00101,Standard
O006672,2024-05-12,C00906,Express
O006673,2024-05-12,C01307,Standard
O006674,2024-05-12,C00913,Standard
O006675,2024-05-12,C00952,Same Day
O006676,2024-05-12,C00164,Standard
O006677,2024-05-13,C01219,Express
O006678,2024-05-13,C01087,Standard
O006679,2024-05-13,C00391,Express
O006680,2024-05-13,C01301,Express
O006681,2024-05-13,C00723,Express
O006682,2024-05-13,C01224,Standard
O006683,2024-05-14,C00144,Standard
O006684,2024-05-14,C00771,Express
O006685,2024-05-14,C01319,Standard
O006686,2024-05-14,C00868,Same Day
O006687,2024-05-14,C00906,Standard
O006688,2024-05-15,C00687,Standard
O006689,2024-05-15,C01104,Standard
O006690,2024-05-15,C00353,Standard
O006691,2024-05-15,C00030,Standard
O006692,2024-05-15,C00197,Standard
O006693,2024-05-15,C00254,Express
O006694,2024-05-15,C00812,Standard
O006695,2024-05-15,C00029,Express
O006696,2024-05-15,C00285,Standard
O006697,2024-05-15,C01448,Same Day
O006698,2024-05-16,C00978,Express
O006699,2024-05-16,C00967,Standard
O006700,2024-05-16,C01381,Express
O006701,2024-05-16,C00576,Standard
O006702,2024-05-16,C00270,Standard
O006703,2024-05-16,C00019,Standard
O006704,2024-05-16,C00450,Express
O006705,2024-05-17,C00155,Standard
O006706,2024-05-17,C00944,Standard
O006707,2024-05-17,C00306,Express
O006708,2024-05-17,C00642,Same Day
O006709,2024-05-17,C00824,Standard
O006710,2024-05-17,C00951,Standard
O006711,2024-05-17,C00707,Express
O006712,2024-05-18,C00891,Express
O006713,2024-05-18,C00973,Express
O006714,2024-05-18,C00918,Standard
O006715,2024-05-18,C01206,Express
O006716,2024-05-19,C00770,Standard
O006717,2024-05-19,C01406,Standard
O006718,2024-05-19,C00073,Standard
O006719,2024-05-19,C00448,Same Day
O006720,2024-05-19,C00192,Express
O006721,2024-05-19,C00821,Standard
O006722,2024-05-19,C00823,Standard
O006723,2024-05-19,C00609,Standard
O006724,2024-05-19,C01310,Express
O006725,2024-05-19,C01435,Standard
O006726,2024-05-19,C01162,Standard
O006727,2024-05-20,C00876,Standard
O006728,2024-05-20,C00816,Standard
O006729,2024-05-20,C00416,Express
O006730,2024-05-20,C00362,Standard
O006731,2024-05-20,C00947,Standard
O006732,2024-05-20,C00259,Standard
O006733,2024-05-21,C00795,Express
O006734,2024-05-21,C00006,Standard
O006735,2024-05-21,C00197,Standard
O006736,2024-05-21,C00568,Standard
O006737,2024-05-21,C01221,Standard
O006738,2024-05-21,C00665,Standard
O006739,2024-05-21,C01013,Express
O006740,2024-05-21,C00964,Express
O006741,2024-05-22,C00312,Standard
O006742,2024-05-22,C01100,Standard
O006743,2024-05-22,C00637,Standard
O006744,2024-05-22,C00989,Express
O006745,2024-05-22,C00213,Standard
O006746,2024-05-22,C00903,Standard
O006747,2024-05-23,C01431,Standard
O006748,2024-05-23,C00551,Standard
O006749,2024-05-23,C00069,Express
O006750,2024-05-23,C00284,Standard
O006751,2024-05-23,C00858,Standard
O006752,2024-05-23,C00375,Standard
O006753,2024-05-24,C00060,Standard
O006754,2024-05-24,C00414,Same Day
O006755,2024-05-24,C00869,Standard
O006756,2024-05-24,C00728,Express
O006757,2024-05-24,C00633,Same Day
O006758,2024-05-24,C00357,Standard
O006759,2024-05-24,C00361,Same Day
O006760,2024-05-24,C01259,Standard
O006761,2024-05-24,C00220,Express
O006762,2024-05-25,C00762,Standard
O006763,2024-05-25,C01334,Same Day
O006764,2024-05-25,C01283,Standard
O006765,2024-05-25,C01165,Standard
O006766,2024-05-25,C00418,Standard
O006767,2024-05-26,C00228,Standard
O006768,2024-05-26,C00649,Express
O006769,2024-05-26,C00158,Express
O006770,2024-05-26,C01173,Standard
O006771,2024-05-26,C00515,Standard
O006772,2024-05-26,C00221,Standard
O006773,2024-05-26,C00982,Express
O006774,2024-05-27,C00530,Standard
O006775,2024-05-27,C00927,Express
O006776,2024-05-27,C01235,Standard
O006777,2024-05-27,C00068,Standard
O006778,2024-05-27,C01228,Standard
O006779,2024-05-27,C01206,Same Day
O006780,2024-05-27,C00926,Standard
O006781,2024-05-27,C00796,Standard
O006782,2024-05-28,C01324,Standard
O006783,2024-05-28,C00799,Express
O006784,2024-05-28,C01485,Same Day
O006785,2024-05-28,C01036,Express
O006786,2024-05-28,C01288,Express
O006787,2024-05-28,C01197,Standard
O006788,2024-05-29,C01158,Express
O006789,2024-05-29,C01025,Standard
O006790,2024-05-29,C00157,Express
O006791,2024-05-29,C00790,Standard
O006792,2024-05-29,C01403,Express
O006793,2024-05-29,C00264,Standard
O006794,2024-05-29,C00023,Same Day
O006795,2024-05-29,C00342,Standard
O006796,2024-05-29,C00297,Same Day
O006797,2024-05-29,C00969,Standard
O006798,2024-05-30,C01464,Standard
O006799,2024-05-30,C01417,Standard
O006800,2024-05-30,C00179,Same Day
O006801,2024-05-30,C00838,Standard
O006802,2024-05-30,C01400,Standard
O006803,2024-05-30,C01294,Express
O006804,2024-05-30,C01133,Express
O006805,2024-05-30,C01100,Standard
O006806,2024-05-31,C01052,Express
O006807,2024-05-31,C00097,Standard
O006808,2024-05-31,C00741,Standard
O006809,2024-05-31,C00716,Express
O006810,2024-05-31,C00531,Standard
O006811,2024-05-31,C01210,Standard
O006812,2024-05-31,C01016,Standard
O006813,2024-05-31,C01251,Express
O006814,2024-05-31,C00763,Standard
O006815,2024-05-31,C01450,Express
O006816,2024-05-31,C01269,Standard
O006817,2024-06-01,C00990,Standard
O006818,2024-06-01,C00703,Same Day
O006819,2024-06-01,C00625,Express
O006820,2024-06-01,C00918,Standard
O006821,2024-06-01,C00984,Standard
O006822,2024-06-01,C00718,Standard
O006823,2024-06-01,C01272,Same Day
O006824,2024-06-01,C01397,Standard
O006825,2024-06-01,C01038,Express
O006826,2024-06-02,C00323,Standard
O006827,2024-06-02,C01390,Standard
O006828,2024-06-02,C00938,Standard
O006829,2024-06-02,C01268,Standard
O006830,2024-06-02,C01402,Standard
O006831,2024-06-02,C00086,Same Day
O006832,2024-06-02,C00397,Express
O006833,2024-06-03,C01215,Express
O006834,2024-06-03,C01432,Express
O006835,2024-06-03,C01083,Standard
O006836,2024-06-03,C01238,Standard
O006837,2024-06-03,C01070,Express
O006838,2024-06-03,C00741,Express
O006839,2024-06-03,C00594,Express
O006840,2024-06-03,C00514,Express
O006841,2024-06-03,C00730,Same Day
O006842,2024-06-04,C00828,Standard
O006843,2024-06-04,C00416,Standard
O006844,2024-06-04,C00769,Same Day
O006845,2024-06-04,C01325,Standard
O006846,2024-06-04,C00744,Standard
O006847,2024-06-04,C01037,Standard
O006848,2024-06-04,C01172,Standard
O006849,2024-06-04,C00864,Standard
O006850,2024-06-04,C01147,Express
O006851,2024-06-04,C00100,Express
O006852,2024-06-05,C00854,Standard
O006853,2024-06-05,C00165,Standard
O006854,2024-06-05,C01436,Standard
O006855,2024-06-05,C00250,Standard
O006856,2024-06-05,C00987,Express
O006857,2024-06-06,C00181,Standard
O006858,2024-06-06,C00933,Standard
O006859,2024-06-06,C00353,Express
O006860,2024-06-06,C01131,Standard
O006861,2024-06-06,C00009,Standard
O006862,2024-06-06,C00605,Standard
O006863,2024-06-06,C01454,Standard
O006864,2024-06-06,C00415,Standard
O006865,2024-06-06,C00855,Express
O006866,2024-06-06,C01191,Standard
O006867,2024-06-07,C00600,Standard
O006868,2024-06-07,C00912,Standard
O006869,2024-06-07,C01189,Standard
O006870,2024-06-07,C01273,Standard
O006871,2024-06-07,C00143,Express
O006872,2024-06-07,C01055,Standard
O006873,2024-06-07,C00164,Standard
O006874,2024-06-08,C00084,Standard
O006875,2024-06-08,C00128,Express
O006876,2024-06-08,C00071,Standard
O006877,2024-06-08,C00769,Express
O006878,2024-06-08,C00499,Standard
O006879,2024-06-08,C01380,Standard
O006880,2024-06-08,C00451,Standard
O006881,2024-06-08,C00260,Standard
O006882,2024-06-08,C00160,Standard
O006883,2024-06-09,C00313,Standard
O006884,2024-06-09,C00675,Standard
O006885,2024-06-09,C00804,Standard
O006886,2024-06-09,C01357,Express
O006887,2024-06-09,C01108,Express
O006888,2024-06-09,C00478,Standard
O006889,2024-06-10,C01007,Express
O006890,2024-06-10,C00763,Express
O006891,2024-06-10,C01107,Standard
O006892,2024-06-10,C01062,Express
O006893,2024-06-10,C00778,Express
O006894,2024-06-10,C00542,Standard
O006895,2024-06-10,C01293,Express
O006896,2024-06-11,C01098,Standard
O006897,2024-06-11,C00772,Standard
O006898,2024-06-11,C01198,Standard
O006899,2024-06-11,C01160,Standard
O006900,2024-06-11,C01439,Standard
O006901,2024-06-11,C00092,Express
O006902,2024-06-12,C01431,Express
O006903,2024-06-12,C00939,Standard
O006904,2024-06-12,C01489,Standard
O006905,2024-06-12,C00793,Standard
O006906,2024-06-12,C00663,Express
O006907,2024-06-12,C00449,Standard
O006908,2024-06-12,C00362,Express
O006909,2024-06-12,C01140,Standard
O006910,2024-06-12,C01455,Standard
O006911,2024-06-12,C00377,Standard
O006912,2024-06-12,C01259,Standard
O006913,2024-06-12,C00752,Same Day
O006914,2024-06-13,C00730,Standard
O006915,2024-06-13,C00526,Express
O006916,2024-06-13,C01450,Express
O006917,2024-06-13,C00005,Express
O006918,2024-06-13,C00125,Standard
O006919,2024-06-13,C00760,Standard
O006920,2024-06-14,C00525,Standard
O006921,2024-06-14,C00543,Same Day
O006922,2024-06-14,C00842,Express
O006923,2024-06-14,C00991,Standard
O006924,2024-06-14,C00436,Standard
O006925,2024-06-14,C01272,Express
O006926,2024-06-14,C00066,Standard
O006927,2024-06-15,C01175,Standard
O006928,2024-06-15,C00146,Standard
O006929,2024-06-15,C01439,Express
O006930,2024-06-15,C01058,Standard
O006931,2024-06-15,C00132,Standard
O006932,2024-06-15,C00982,Standard
O006933,2024-06-15,C00915,Standard
O006934,2024-06-15,C01182,Standard
O006935,2024-06-16,C00932,Standard
O006936,2024-06-16,C01421,Same Day
O006937,2024-06-16,C00594,Express
O006938,2024-06-16,C00129,Standard
O006939,2024-06-17,C00841,Standard
O006940,2024-06-17,C00457,Standard
O006941,2024-06-17,C00056,Express
O006942,2024-06-18,C00547,Standard
O006943,2024-06-18,C00354,Standard
O006944,2024-06-18,C01186,Standard
O006945,2024-06-18,C01078,Standard
O006946,2024-06-18,C00232,Standard
O006947,2024-06-18,C00837,Standard
O006948,2024-06-18,C00885,Standard
O006949,2024-06-18,C01322,Same Day
O006950,2024-06-18,C01426,Standard
O006951,2024-06-18,C00998,Express
O006952,2024-06-18,C00307,Standard
O006953,2024-06-19,C01357,Standard
O006954,2024-06-19,C01191,Standard
O006955,2024-06-19,C00763,Express
O006956,2024-06-19,C01091,Same Day
O006957,2024-06-19,C00635,Express
O006958,2024-06-19,C00193,Express
O006959,2024-06-19,C00888,Standard
O006960,2024-06-19,C00648,Standard
O006961,2024-06-19,C01181,Express
O006962,2024-06-19,C00942,Express
O006963,2024-06-19,C00965,Express
O006964,2024-06-19,C00310,Same Day
O006965,2024-06-20,C01314,Express
O006966,2024-06-20,C00325,Standard
O006967,2024-06-20,C01293,Standard
O006968,2024-06-20,C00763,Standard
O006969,2024-06-20,C00362,Express
O006970,2024-06-21,C01455,Express
O006971,2024-06-21,C00986,Express
O006972,2024-06-21,C00506,Same Day
O006973,2024-06-21,C00723,Standard
O006974,2024-06-21,C01351,Standard
O006975,2024-06-22,C00998,Express
O006976,2024-06-22,C01208,Express
O006977,2024-06-22,C01124,Same Day
O006978,2024-06-22,C00408,Standard
O006979,2024-06-22,C00974,Standard
O006980,2024-06-22,C00163,Standard
O006981,2024-06-22,C00603,Standard
O006982,2024-06-23,C00677,Same Day
O006983,2024-06-23,C00803,Standard
O006984,2024-06-23,C01026,Standard
O006985,2024-06-23,C01429,Standard
O006986,2024-06-23,C00682,Standard
O006987,2024-06-23,C01167,Standard
O006988,2024-06-23,C01043,Standard
O006989,2024-06-24,C00866,Standard
O006990,2024-06-24,C01056,Same Day
O006991,2024-06-24,C01392,Standard
O006992,2024-06-24,C01147,Standard
O006993,2024-06-24,C00647,Standard
O006994,2024-06-24,C00253,Standard
O006995,2024-06-24,C00167,Express
O006996,2024-06-24,C01013,Same Day
O006997,2024-06-25,C00844,Express
O006998,2024-06-25,C00244,Standard
O006999,2024-06-25,C00822,Standard
O007000,2024-06-25,C01283,Standard
O007001,2024-06-25,C00474,Express
O007002,2024-06-25,C00142,Express
O007003,2024-06-25,C00762,Standard
O007004,2024-06-25,C00773,Same Day
O007005,2024-06-25,C00988,Standard
O007006,2024-06-25,C00679,Express
O007007,2024-06-26,C00458,Express
O007008,2024-06-26,C01465,Standard
O007009,2024-06-26,C00568,Standard
O007010,2024-06-26,C01192,Standard
O007011,2024-06-26,C01239,Standard
O007012,2024-06-26,C00077,Standard
O007013,2024-06-26,C01013,Standard
O007014,2024-06-26,C00895,Standard
O007015,2024-06-26,C00068,Express
O007016,2024-06-27,C00231,Express
O007017,2024-06-27,C01485,Standard
O007018,2024-06-27,C01100,Standard
O007019,2024-06-27,C00043,Standard
O007020,2024-06-27,C00693,Standard
O007021,2024-06-28,C01244,Standard
O007022,2024-06-28,C00158,Same Day
O007023,2024-06-28,C01273,Express
O007024,2024-06-28,C00391,Standard
O007025,2024-06-28,C00533,Express
O007026,2024-06-28,C01041,Standard
O007027,2024-06-28,C01393,Express
O007028,2024-06-28,C00825,Standard
O007029,2024-06-28,C00963,Standard
O007030,2024-06-28,C00865,Standard
O007031,2024-06-28,C00024,Express
O007032,2024-06-28,C00931,Standard
O007033,2024-06-28,C00958,Standard
O007034,2024-06-29,C01427,Standard
O007035,2024-06-29,C01152,Express
O007036,2024-06-29,C00300,Express
O007037,2024-06-29,C01487,Standard
O007038,2024-06-29,C00752,Standard
O007039,2024-06-29,C00963,Standard
O007040,2024-06-29,C01247,Standard
O007041,2024-06-29,C00278,Express
O007042,2024-06-29,C00302,Standard
O007043,2024-06-29,C01384,Express
O007044,2024-06-29,C00498,Standard
O007045,2024-06-29,C00250,Express
O007046,2024-06-30,C01478,Same Day
O007047,2024-06-30,C00081,Standard
O007048,2024-06-30,C00949,Standard
O007049,2024-06-30,C00452,Express
O007050,2024-06-30,C00171,Express
O007051,2024-06-30,C00197,Standard
O007052,2024-07-01,C01293,Standard
O007053,2024-07-01,C00964,Standard
O007054,2024-07-01,C00606,Standard
O007055,2024-07-01,C01094,Express
O007056,2024-07-01,C01173,Standard
O007057,2024-07-01,C01460,Standard
O007058,2024-07-01,C00801,Same Day
O007059,2024-07-01,C00095,Standard
O007060,2024-07-01,C00635,Express
O007061,2024-07-01,C00138,Standard
O007062,2024-07-01,C00276,Standard
O007063,2024-07-01,C01122,Same Day
O007064,2024-07-02,C01483,Standard
O007065,2024-07-02,C01468,Standard
O007066,2024-07-02,C00386,Standard
O007067,2024-07-02,C00555,Standard
O007068,2024-07-02,C00339,Same Day
O007069,2024-07-02,C00828,Standard
O007070,2024-07-02,C01024,Express
O007071,2024-07-02,C01400,Same Day
O007072,2024-07-02,C01318,Standard
O007073,2024-07-02,C00716,Standard
O007074,2024-07-02,C00044,Express
O007075,2024-07-03,C01433,Standard
O007076,2024-07-03,C00719,Standard
O007077,2024-07-03,C01047,Standard
O007078,2024-07-03,C00398,Express
O007079,2024-07-03,C00274,Express
O007080,2024-07-03,C00415,Express
O007081,2024-07-03,C00865,Standard
O007082,2024-07-03,C00718,Express
O007083,2024-07-03,C00970,Express
O007084,2024-07-03,C00804,Standard
O007085,2024-07-03,C00696,Standard
O007086,2024-07-04,C00407,Express
O007087,2024-07-04,C00998,Standard
O007088,2024-07-04,C00175,Standard
O007089,2024-07-04,C00684,Standard
O007090,2024-07-04,C01164,Same Day
O007091,2024-07-04,C00478,Standard
O007092,2024-07-04,C01355,Standard
O007093,2024-07-05,C00970,Standard
O007094,2024-07-05,C00754,Standard
O007095,2024-07-05,C01146,Standard
O007096,2024-07-05,C00156,Same Day
O007097,2024-07-05,C00346,Express
O007098,2024-07-05,C01226,Express
O007099,2024-07-05,C00013,Standard
O007100,2024-07-05,C00459,Express
O007101,2024-07-06,C01133,Standard
O007102,2024-07-06,C00936,Standard
O007103,2024-07-06,C00090,Standard
O007104,2024-07-06,C00259,Standard
O007105,2024-07-06,C00355,Standard
O007106,2024-07-06,C01379,Express
O007107,2024-07-07,C00978,Standard
O007108,2024-07-07,C01178,Standard
O007109,2024-07-07,C00022,Standard
O007110,2024-07-07,C01494,Express
O007111,2024-07-07,C01486,Standard
O007112,2024-07-07,C00842,Express
O007113,2024-07-07,C01005,Standard
O007114,2024-07-07,C01312,Standard
O007115,2024-07-07,C00053,Standard
O007116,2024-07-08,C00635,Express
O007117,2024-07-08,C00951,Standard
O007118,2024-07-08,C00264,Express
O007119,2024-07-08,C00845,Express
O007120,2024-07-08,C00424,Express
O007121,2024-07-09,C00549,Standard
O007122,2024-07-09,C00523,Express
O007123,2024-07-09,C00250,Express
O007124,2024-07-09,C00414,Standard
O007125,2024-07-09,C00744,Standard
O007126,2024-07-09,C00175,Standard
O007127,2024-07-09,C01370,Standard
O007128,2024-07-10,C01254,Express
O007129,2024-07-10,C00611,Standard
O007130,2024-07-10,C01277,Standard
O007131,2024-07-10,C01287,Standard
O007132,2024-07-10,C00006,Express
O007133,2024-07-10,C00088,Express
O007134,2024-07-10,C00014,Express
O007135,2024-07-10,C01318,Standard
O007136,2024-07-10,C01273,Standard
O007137,2024-07-10,C00780,Standard
O007138,2024-07-10,C01076,Standard
O007139,2024-07-10,C01337,Standard
O007140,2024-07-11,C00124,Express
O007141,2024-07-11,C01491,Express
O007142,2024-07-11,C00876,Standard
O007143,2024-07-11,C01007,Express
O007144,2024-07-11,C00356,Standard
O007145,2024-07-11,C00193,Standard
O007146,2024-07-11,C00372,Same Day
O007147,2024-07-12,C01376,Same Day
O007148,2024-07-12,C00192,Standard
O007149,2024-07-12,C00802,Express
O007150,2024-07-12,C01485,Standard
O007151,2024-07-12,C01030,Express
O007152,2024-07-12,C01069,Standard
O007153,2024-07-12,C00593,Standard
O007154,2024-07-12,C01293,Express
O007155,2024-07-12,C01110,Express
O007156,2024-07-13,C01380,Standard
O007157,2024-07-13,C00842,Express
O007158,2024-07-13,C00430,Express
O007159,2024-07-13,C00998,Express
O007160,2024-07-13,C00967,Same Day
O007161,2024-07-13,C01188,Standard
O007162,2024-07-13,C01328,Same Day
O007163,2024-07-13,C00467,Standard
O007164,2024-07-13,C00304,Standard
O007165,2024-07-13,C01379,Standard
O007166,2024-07-13,C00394,Standard
O007167,2024-07-13,C00126,Standard
O007168,2024-07-13,C01363,Standard
O007169,2024-07-14,C01142,Standard
O007170,2024-07-14,C00605,Standard
O007171,2024-07-14,C00340,Express
O007172,2024-07-14,C01482,Standard
O007173,2024-07-14,C00045,Standard
O007174,2024-07-14,C00996,Standard
O007175,2024-07-14,C01431,Standard
O007176,2024-07-14,C00642,Standard
O007177,2024-07-14,C00277,Standard
O007178,2024-07-14,C01322,Standard
O007179,2024-07-15,C01320,Standard
O007180,2024-07-15,C01345,Standard
O007181,2024-07-15,C00303,Standard
O007182,2024-07-15,C01248,Express
O007183,2024-07-15,C01181,Express
O007184,2024-07-15,C00203,Standard
O007185,2024-07-15,C00591,Express
O007186,2024-07-15,C01350,Same Day
O007187,2024-07-15,C01327,Express
O007188,2024-07-16,C00054,Standard
O007189,2024-07-16,C00380,Standard
O007190,2024-07-16,C01140,Standard
O007191,2024-07-16,C00828,Standard
O007192,2024-07-16,C01379,Standard
O007193,2024-07-16,C00503,Standard
O007194,2024-07-16,C00587,Same Day
O007195,2024-07-17,C01081,Express
O007196,2024-07-17,C00330,Standard
O007197,2024-07-17,C00342,Standard
O007198,2024-07-17,C01401,Standard
O007199,2024-07-17,C00799,Express
O007200,2024-07-17,C00532,Standard
O007201,2024-07-17,C00814,Express
O007202,2024-07-17,C00085,Same Day
O007203,2024-07-17,C00731,Standard
O007204,2024-07-17,C01052,Same Day
O007205,2024-07-18,C01260,Standard
O007206,2024-07-18,C00294,Standard
O007207,2024-07-18,C01240,Same Day
O007208,2024-07-18,C00368,Same Day
O007209,2024-07-18,C00924,Standard
O007210,2024-07-18,C00777,Standard
O007211,2024-07-18,C01382,Standard
O007212,2024-07-19,C00557,Express
O007213,2024-07-19,C01053,Standard
O007214,2024-07-19,C00736,Standard
O007215,2024-07-19,C00989,Standard
O007216,2024-07-19,C01272,Express
O007217,2024-07-19,C00463,Standard
O007218,2024-07-19,C01118,Standard
O007219,2024-07-19,C00221,Express
O007220,2024-07-19,C00249,Express
O007221,2024-07-19,C00652,Standard
O007222,2024-07-19,C01479,Express
O007223,2024-07-19,C01049,Express
O007224,2024-07-19,C00033,Same Day
O007225,2024-07-20,C00726,Standard
O007226,2024-07-20,C00871,Standard
O007227,2024-07-20,C01081,Standard
O007228,2024-07-20,C00547,Standard
O007229,2024-07-20,C00256,Standard
O007230,2024-07-20,C00066,Standard
O007231,2024-07-20,C00817,Express
O007232,2024-07-21,C00579,Standard
O007233,2024-07-21,C00752,Standard
O007234,2024-07-21,C00430,Standard
O007235,2024-07-21,C01029,Standard
O007236,2024-07-21,C01008,Standard
O007237,2024-07-21,C00868,Standard
O007238,2024-07-21,C00169,Standard
O007239,2024-07-22,C00639,Express
O007240,2024-07-22,C00843,Express
O007241,2024-07-22,C01468,Standard
O007242,2024-07-22,C00153,Standard
O007243,2024-07-23,C00510,Standard
O007244,2024-07-23,C01159,Express
O007245,2024-07-23,C00986,Standard
O007246,2024-07-23,C01486,Express
O007247,2024-07-23,C00775,Standard
O007248,2024-07-23,C00026,Express
O007249,2024-07-23,C00505,Standard
O007250,2024-07-23,C00645,Same Day
O007251,2024-07-23,C01150,Standard
O007252,2024-07-23,C01237,Express
O007253,2024-07-23,C00566,Express
O007254,2024-07-23,C01094,Express
O007255,2024-07-24,C01158,Express
O007256,2024-07-24,C00735,Standard
O007257,2024-07-24,C00934,Standard
O007258,2024-07-24,C00947,Standard
O007259,2024-07-24,C01299,Same Day
O007260,2024-07-25,C00919,Standard
O007261,2024-07-25,C01487,Standard
O007262,2024-07-25,C00309,Express
O007263,2024-07-25,C00944,Standard
O007264,2024-07-25,C00322,Standard
O007265,2024-07-25,C00570,Standard
O007266,2024-07-25,C01333,Standard
O007267,2024-07-25,C00058,Standard
O007268,2024-07-25,C01437,Express
O007269,2024-07-25,C00115,Express
O007270,2024-07-25,C01183,Express
O007271,2024-07-25,C01008,Same Day
O007272,2024-07-25,C00527,Express
O007273,2024-07-25,C00293,Standard
O007274,2024-07-25,C00890,Standard
O007275,2024-07-26,C00469,Express
O007276,2024-07-26,C00310,Standard
O007277,2024-07-26,C01430,Standard
O007278,2024-07-26,C01452,Standard
O007279,2024-07-26,C00352,Standard
O007280,2024-07-27,C00911,Standard
O007281,2024-07-27,C00875,Express
O007282,2024-07-27,C01044,Express
O007283,2024-07-27,C01292,Express
O007284,2024-07-27,C01388,Express
O007285,2024-07-27,C01153,Standard
O007286,2024-07-27,C01416,Standard
O007287,2024-07-27,C00828,Standard
O007288,2024-07-27,C00826,Express
O007289,2024-07-27,C00734,Express
O007290,2024-07-28,C00882,Standard
O007291,2024-07-28,C00188,Express
O007292,2024-07-28,C00130,Standard
O007293,2024-07-28,C00448,Same Day
O007294,2024-07-28,C00934,Standard
O007295,2024-07-28,C00969,Standard
O007296,2024-07-28,C00355,Standard
O007297,2024-07-28,C00189,Express
O007298,2024-07-28,C00058,Express
O007299,2024-07-29,C00542,Standard
O007300,2024-07-29,C00972,Standard
O007301,2024-07-29,C00718,Express
O007302,2024-07-29,C00426,Express
O007303,2024-07-29,C00602,Standard
O007304,2024-07-29,C01022,Standard
O007305,2024-07-30,C00328,Standard
O007306,2024-07-30,C00034,Standard
O007307,2024-07-30,C00215,Express
O007308,2024-07-30,C00110,Standard
O007309,2024-07-30,C01228,Standard
O007310,2024-07-31,C00214,Express
O007311,2024-07-31,C00636,Standard
O007312,2024-07-31,C00103,Standard
O007313,2024-07-31,C00920,Express
O007314,2024-07-31,C01232,Standard
O007315,2024-07-31,C00596,Standard
O007316,2024-08-01,C01076,Standard
O007317,2024-08-01,C01341,Express
O007318,2024-08-01,C00752,Standard
O007319,2024-08-01,C00511,Standard
O007320,2024-08-01,C00614,Standard
O007321,2024-08-01,C00251,Standard
O007322,2024-08-01,C01144,Same Day
O007323,2024-08-01,C01284,Standard
O007324,2024-08-01,C00589,Standard
O007325,2024-08-01,C00694,Express
O007326,2024-08-02,C01045,Same Day
O007327,2024-08-02,C00749,Standard
O007328,2024-08-02,C00505,Standard
O007329,2024-08-02,C00742,Standard
O007330,2024-08-02,C01138,Standard
O007331,2024-08-03,C01187,Standard
O007332,2024-08-03,C01498,Express
O007333,2024-08-03,C00710,Standard
O007334,2024-08-03,C01464,Standard
O007335,2024-08-03,C00242,Express
O007336,2024-08-03,C00557,Standard
O007337,2024-08-03,C00883,Standard
O007338,2024-08-03,C00769,Standard
O007339,2024-08-03,C01334,Express
O007340,2024-08-03,C01086,Standard
O007341,2024-08-04,C00921,Express
O007342,2024-08-04,C00501,Express
O007343,2024-08-04,C00474,Express
O007344,2024-08-04,C00207,Express
O007345,2024-08-04,C01343,Standard
O007346,2024-08-05,C01088,Standard
O007347,2024-08-05,C00094,Standard
O007348,2024-08-05,C00809,Standard
O007349,2024-08-05,C01160,Standard
O007350,2024-08-05,C01317,Standard
O007351,2024-08-05,C01209,Standard
O007352,2024-08-05,C00921,Express
O007353,2024-08-05,C00021,Standard
O007354,2024-08-05,C00091,Standard
O007355,2024-08-05,C01479,Express
O007356,2024-08-05,C00206,Standard
O007357,2024-08-05,C00391,Standard
O007358,2024-08-05,C01427,Express
O007359,2024-08-06,C00092,Express
O007360,2024-08-06,C00780,Standard
O007361,2024-08-06,C00301,Standard
O007362,2024-08-06,C01274,Express
O007363,2024-08-06,C00232,Standard
O007364,2024-08-06,C00911,Standard
O007365,2024-08-06,C01391,Same Day
O007366,2024-08-07,C00726,Standard
O007367,2024-08-07,C00358,Standard
O007368,2024-08-07,C00211,Same Day
O007369,2024-08-07,C00084,Standard
O007370,2024-08-07,C00546,Express
O007371,2024-08-07,C00469,Express
O007372,2024-08-07,C00418,Standard
O007373,2024-08-07,C01355,Standard
O007374,2024-08-07,C00327,Express
O007375,2024-08-08,C00010,Express
O007376,2024-08-08,C00635,Express
O007377,2024-08-08,C00874,Standard
O007378,2024-08-08,C00120,Standard
O007379,2024-08-08,C00523,Standard
O007380,2024-08-08,C00279,Standard
O007381,2024-08-09,C01484,Standard
O007382,2024-08-09,C00047,Standard
O007383,2024-08-09,C00633,Standard
O007384,2024-08-09,C00304,Standard
O007385,2024-08-09,C00777,Standard
O007386,2024-08-09,C01084,Standard
O007387,2024-08-09,C00130,Same Day
O007388,2024-08-09,C01405,Standard
O007389,2024-08-09,C00924,Express
O007390,2024-08-09,C01116,Standard
O007391,2024-08-09,C01169,Standard
O007392,2024-08-10,C00373,Standard
O007393,2024-08-10,C00571,Express
O007394,2024-08-10,C00690,Standard
O007395,2024-08-10,C00264,Standard
O007396,2024-08-10,C00619,Standard
O007397,2024-08-10,C00552,Standard
O007398,2024-08-10,C01019,Standard
O007399,2024-08-11,C00089,Standard
O007400,2024-08-11,C00152,Standard
O007401,2024-08-11,C01160,Standard
O007402,2024-08-11,C01366,Express
O007403,2024-08-11,C01170,Express
O007404,2024-08-11,C01378,Express
O007405,2024-08-12,C00975,Same Day
O007406,2024-08-12,C00537,Express
O007407,2024-08-12,C00314,Express
O007408,2024-08-12,C00389,Standard
O007409,2024-08-12,C01070,Express
O007410,2024-08-12,C00717,Express
O007411,2024-08-12,C00165,Express
O007412,2024-08-12,C01235,Standard
O007413,2024-08-12,C01360,Standard
O007414,2024-08-12,C00850,Express
O007415,2024-08-12,C00618,Standard
O007416,2024-08-12,C01268,Standard
O007417,2024-08-13,C01326,Standard
O007418,2024-08-13,C00147,Standard
O007419,2024-08-13,C01097,Standard
O007420,2024-08-13,C01172,Standard
O007421,2024-08-13,C00612,Same Day
O007422,2024-08-13,C00587,Express
O007423,2024-08-13,C00641,Express
O007424,2024-08-13,C00574,Standard
O007425,2024-08-14,C00780,Standard
O007426,2024-08-14,C00890,Standard
O007427,2024-08-14,C00849,Standard
O007428,2024-08-14,C00569,Standard
O007429,2024-08-14,C00271,Standard
O007430,2024-08-14,C00399,Express
O007431,2024-08-14,C01144,Express
O007432,2024-08-14,C00886,Standard
O007433,2024-08-14,C00411,Standard
O007434,2024-08-14,C01426,Standard
O007435,2024-08-14,C00969,Standard
O007436,2024-08-14,C00212,Standard
O007437,2024-08-15,C01308,Express
O007438,2024-08-15,C01211,Express
O007439,2024-08-15,C00168,Standard
O007440,2024-08-15,C01146,Same Day
O007441,2024-08-15,C00996,Standard
O007442,2024-08-15,C01133,Standard
O007443,2024-08-15,C01348,Standard
O007444,2024-08-15,C00310,Standard
O007445,2024-08-15,C01036,Standard
O007446,2024-08-15,C00579,Express
O007447,2024-08-15,C00081,Standard
O007448,2024-08-15,C00938,Standard
O007449,2024-08-15,C00052,Standard
O007450,2024-08-15,C01393,Standard
O007451,2024-08-16,C00349,Standard
O007452,2024-08-16,C00166,Standard
O007453,2024-08-16,C00375,Same Day
O007454,2024-08-16,C00680,Express
O007455,2024-08-16,C01308,Standard
O007456,2024-08-16,C00048,Standard
O007457,2024-08-16,C01452,Standard
O007458,2024-08-16,C00674,Standard
O007459,2024-08-16,C00838,Same Day
O007460,2024-08-16,C00915,Express
O007461,2024-08-16,C00670,Standard
O007462,2024-08-17,C00208,Standard
O007463,2024-08-17,C01146,Standard
O007464,2024-08-17,C00472,Express
O007465,2024-08-17,C01375,Express
O007466,2024-08-17,C00346,Standard
O007467,2024-08-17,C01073,Standard
O007468,2024-08-18,C00784,Standard
O007469,2024-08-18,C00026,Express
O007470,2024-08-18,C01252,Express
O007471,2024-08-18,C01243,Standard
O007472,2024-08-18,C00351,Express
O007473,2024-08-19,C01055,Standard
O007474,2024-08-19,C00963,Standard
O007475,2024-08-19,C00087,Express
O007476,2024-08-19,C01195,Standard
O007477,2024-08-19,C00311,Standard
O007478,2024-08-19,C00767,Express
O007479,2024-08-19,C00540,Standard
O007480,2024-08-20,C00690,Express
O007481,2024-08-20,C01033,Same Day
O007482,2024-08-20,C00428,Standard
O007483,2024-08-20,C00155,Standard
O007484,2024-08-20,C00484,Standard
O007485,2024-08-21,C01423,Standard
O007486,2024-08-21,C00085,Standard
O007487,2024-08-21,C00433,Standard
O007488,2024-08-21,C01440,Same Day
O007489,2024-08-21,C01465,Express
O007490,2024-08-21,C00414,Express
O007491,2024-08-21,C00078,Standard
O007492,2024-08-21,C00375,Standard
O007493,2024-08-21,C00934,Standard
O007494,2024-08-21,C00532,Standard
O007495,2024-08-22,C01321,Express
O007496,2024-08-22,C01386,Standard
O007497,2024-08-22,C01099,Standard
O007498,2024-08-22,C00792,Express
O007499,2024-08-22,C00496,Standard
O007500,2024-08-22,C01414,Same Day
O007501,2024-08-22,C01061,Express
O007502,2024-08-22,C00422,Same Day
O007503,2024-08-22,C01204,Standard
O007504,2024-08-22,C01032,Standard
O007505,2024-08-22,C01445,Express
O007506,2024-08-22,C00189,Standard
O007507,2024-08-23,C01297,Standard
O007508,2024-08-23,C00712,Standard
O007509,2024-08-23,C01434,Same Day
O007510,2024-08-23,C00375,Express
O007511,2024-08-23,C00777,Standard
O007512,2024-08-23,C01261,Standard
O007513,2024-08-23,C00943,Same Day
O007514,2024-08-23,C01249,Express
O007515,2024-08-23,C00678,Standard
O007516,2024-08-23,C00070,Standard
O007517,2024-08-24,C01353,Standard
O007518,2024-08-24,C01018,Standard
O007519,2024-08-24,C01025,Standard
O007520,2024-08-24,C00354,Standard
O007521,2024-08-24,C01186,Standard
O007522,2024-08-24,C01300,Express
O007523,2024-08-24,C00071,Standard
O007524,2024-08-24,C01444,Standard
O007525,2024-08-24,C00807,Express
O007526,2024-08-24,C01031,Express
O007527,2024-08-24,C01463,Standard
O007528,2024-08-24,C00487,Express
O007529,2024-08-24,C00346,Standard
O007530,2024-08-24,C00366,Express
O007531,2024-08-24,C01278,Same Day
O007532,2024-08-25,C00114,Standard
O007533,2024-08-25,C00160,Standard
O007534,2024-08-25,C00127,Standard
O007535,2024-08-25,C00714,Standard
O007536,2024-08-26,C00760,Standard
O007537,2024-08-26,C00781,Standard
O007538,2024-08-26,C00876,Express
O007539,2024-08-26,C00189,Standard
O007540,2024-08-26,C01266,Express
O007541,2024-08-26,C01223,Express
O007542,2024-08-26,C00086,Standard
O007543,2024-08-27,C00645,Standard
O007544,2024-08-27,C01452,Express
O007545,2024-08-27,C01489,Standard
O007546,2024-08-27,C00537,Standard
O007547,2024-08-27,C00959,Standard
O007548,2024-08-28,C00528,Standard
O007549,2024-08-28,C00515,Express
O007550,2024-08-28,C00191,Standard
O007551,2024-08-28,C00471,Standard
O007552,2024-08-29,C00212,Same Day
O007553,2024-08-29,C00652,Standard
O007554,2024-08-29,C00142,Standard
O007555,2024-08-29,C00326,Express
O007556,2024-08-29,C01465,Standard
O007557,2024-08-29,C01277,Standard
O007558,2024-08-29,C00018,Express
O007559,2024-08-29,C00255,Standard
O007560,2024-08-29,C00578,Standard
O007561,2024-08-30,C01218,Standard
O007562,2024-08-30,C01173,Standard
O007563,2024-08-30,C00089,Standard
O007564,2024-08-30,C00117,Standard
O007565,2024-08-30,C00373,Standard
O007566,2024-08-30,C00774,Standard
O007567,2024-08-30,C00181,Standard
O007568,2024-08-30,C00085,Same Day
O007569,2024-08-30,C01229,Same Day
O007570,2024-08-30,C00494,Express
O007571,2024-08-30,C00009,Express
O007572,2024-08-31,C00188,Standard
O007573,2024-08-31,C01405,Express
O007574,2024-08-31,C01440,Express
O007575,2024-08-31,C01085,Standard
O007576,2024-08-31,C01131,Standard
O007577,2024-08-31,C00979,Standard
O007578,2024-08-31,C00081,Standard
O007579,2024-08-31,C01070,Standard
O007580,2024-08-31,C00527,Standard
O007581,2024-09-01,C01359,Standard
O007582,2024-09-01,C01292,Standard
O007583,2024-09-01,C00050,Standard
O007584,2024-09-01,C01063,Standard
O007585,2024-09-01,C01195,Express
O007586,2024-09-01,C01199,Standard
O007587,2024-09-01,C01090,Standard
O007588,2024-09-01,C01488,Same Day
O007589,2024-09-02,C00437,Standard
O007590,2024-09-02,C00189,Standard
O007591,2024-09-02,C01208,Express
O007592,2024-09-02,C00205,Same Day
O007593,2024-09-02,C00899,Standard
O007594,2024-09-02,C00064,Standard
O007595,2024-09-02,C00510,Standard
O007596,2024-09-02,C01045,Standard
O007597,2024-09-02,C01135,Express
O007598,2024-09-02,C00169,Standard
O007599,2024-09-02,C01343,Standard
O007600,2024-09-03,C00795,Standard
O007601,2024-09-03,C00038,Express
O007602,2024-09-03,C00224,Express
O007603,2024-09-03,C00683,Standard
O007604,2024-09-03,C00970,Express
O007605,2024-09-03,C00945,Standard
O007606,2024-09-03,C00898,Standard
O007607,2024-09-03,C01196,Standard
O007608,2024-09-03,C01064,Express
O007609,2024-09-04,C00869,Same Day
O007610,2024-09-04,C01067,Standard
O007611,2024-09-04,C00911,Express
O007612,2024-09-04,C00917,Standard
O007613,2024-09-04,C01313,Express
O007614,2024-09-04,C00147,Express
O007615,2024-09-04,C00357,Standard
O007616,2024-09-04,C00323,Standard
O007617,2024-09-04,C01307,Standard
O007618,2024-09-04,C01359,Express
O007619,2024-09-04,C00443,Standard
O007620,2024-09-04,C00927,Standard
O007621,2024-09-04,C00078,Express
O007622,2024-09-04,C00712,Same Day
O007623,2024-09-05,C00529,Standard
O007624,2024-09-05,C00652,Express
O007625,2024-09-05,C00867,Standard
O007626,2024-09-05,C01306,Express
O007627,2024-09-06,C00932,Same Day
O007628,2024-09-06,C00006,Express
O007629,2024-09-06,C00056,Standard
O007630,2024-09-06,C01344,Standard
O007631,2024-09-06,C00211,Express
O007632,2024-09-06,C00192,Same Day
O007633,2024-09-06,C00088,Same Day
O007634,2024-09-06,C01289,Standard
O007635,2024-09-06,C00136,Standard
O007636,2024-09-07,C01148,Express
O007637,2024-09-07,C00053,Same Day
O007638,2024-09-07,C01061,Same Day
O007639,2024-09-07,C01310,Same Day
O007640,2024-09-07,C00484,Standard
O007641,2024-09-07,C00773,Same Day
O007642,2024-09-07,C00292,Standard
O007643,2024-09-07,C00160,Standard
O007644,2024-09-07,C00633,Standard
O007645,2024-09-07,C01469,Standard
O007646,2024-09-08,C01408,Express
O007647,2024-09-08,C00252,Express
O007648,2024-09-08,C00729,Standard
O007649,2024-09-08,C00808,Standard
O007650,2024-09-08,C00549,Standard
O007651,2024-09-08,C01380,Express
O007652,2024-09-08,C00955,Standard
O007653,2024-09-08,C01051,Standard
O007654,2024-09-08,C00716,Same Day
O007655,2024-09-09,C01449,Standard
O007656,2024-09-09,C00875,Standard
O007657,2024-09-09,C00005,Standard
O007658,2024-09-09,C00179,Standard
O007659,2024-09-09,C00104,Standard
O007660,2024-09-09,C00776,Express
O007661,2024-09-09,C00710,Standard
O007662,2024-09-09,C00110,Standard
O007663,2024-09-09,C00742,Same Day
O007664,2024-09-09,C01114,Standard
O007665,2024-09-09,C00069,Standard
O007666,2024-09-09,C01042,Standard
O007667,2024-09-09,C01344,Express
O007668,2024-09-10,C00921,Standard
O007669,2024-09-10,C00467,Express
O007670,2024-09-10,C00293,Standard
O007671,2024-09-10,C01162,Same Day
O007672,2024-09-10,C00802,Standard
O007673,2024-09-10,C00506,Standard
O007674,2024-09-10,C01355,Same Day
O007675,2024-09-10,C00662,Standard
O007676,2024-09-10,C01113,Express
O007677,2024-09-10,C00389,Standard
O007678,2024-09-10,C00636,Express
O007679,2024-09-11,C01090,Standard
O007680,2024-09-11,C00613,Express
O007681,2024-09-11,C00015,Standard
O007682,2024-09-11,C01178,Express
O007683,2024-09-11,C00484,Standard
O007684,2024-09-11,C00293,Standard
O007685,2024-09-11,C00146,Express
O007686,2024-09-11,C00499,Standard
O007687,2024-09-12,C01149,Same Day
O007688,2024-09-12,C01088,Standard
O007689,2024-09-12,C00893,Standard
O007690,2024-09-12,C00922,Standard
O007691,2024-09-12,C01124,Express
O007692,2024-09-12,C00224,Express
O007693,2024-09-12,C00777,Express
O007694,2024-09-12,C00401,Standard
O007695,2024-09-12,C00262,Standard
O007696,2024-09-12,C00578,Standard
O007697,2024-09-12,C00746,Express
O007698,2024-09-12,C01124,Standard
O007699,2024-09-12,C01227,Express
O007700,2024-09-13,C00021,Express
O007701,2024-09-13,C01477,Same Day
O007702,2024-09-13,C00762,Standard
O007703,2024-09-13,C01188,Standard
O007704,2024-09-13,C00271,Standard
O007705,2024-09-13,C01082,Standard
O007706,2024-09-13,C01328,Standard
O007707,2024-09-13,C01249,Express
O007708,2024-09-13,C00976,Express
O007709,2024-09-13,C00132,Standard
O007710,2024-09-13,C00076,Express
O007711,2024-09-13,C00388,Standard
O007712,2024-09-14,C00883,Express
O007713,2024-09-14,C00076,Express
O007714,2024-09-14,C01150,Standard
O007715,2024-09-14,C00675,Standard
O007716,2024-09-14,C00696,Standard
O007717,2024-09-14,C00448,Standard
O007718,2024-09-14,C01306,Express
O007719,2024-09-14,C00149,Standard
O007720,2024-09-14,C00235,Same Day
O007721,2024-09-15,C00094,Standard
O007722,2024-09-15,C00680,Express
O007723,2024-09-15,C00621,Same Day
O007724,2024-09-15,C00521,Standard
O007725,2024-09-15,C00061,Standard
O007726,2024-09-15,C00356,Standard
O007727,2024-09-16,C00680,Express
O007728,2024-09-16,C01311,Standard
O007729,2024-09-16,C01045,Standard
O007730,2024-09-16,C00545,Same Day
O007731,2024-09-16,C00442,Express
O007732,2024-09-16,C01095,Standard
O007733,2024-09-17,C00263,Express
O007734,2024-09-17,C00788,Standard
O007735,2024-09-17,C00993,Standard
O007736,2024-09-17,C01039,Standard
O007737,2024-09-17,C01404,Standard
O007738,2024-09-17,C00451,Standard
O007739,2024-09-17,C00447,Standard
O007740,2024-09-17,C01264,Same Day
O007741,2024-09-17,C01389,Express
O007742,2024-09-17,C00396,Express
O007743,2024-09-17,C00006,Standard
O007744,2024-09-17,C01129,Express
O007745,2024-09-18,C01479,Express
O007746,2024-09-18,C01265,Express
O007747,2024-09-18,C01133,Express
O007748,2024-09-18,C00365,Standard
O007749,2024-09-18,C00055,Standard
O007750,2024-09-18,C01442,Express
O007751,2024-09-18,C01259,Standard
O007752,2024-09-19,C01326,Express
O007753,2024-09-19,C00163,Express
O007754,2024-09-19,C00501,Standard
O007755,2024-09-19,C00365,Standard
O007756,2024-09-19,C00601,Standard
O007757,2024-09-19,C00725,Standard
O007758,2024-09-19,C00256,Standard
O007759,2024-09-19,C01025,Express
O007760,2024-09-19,C01222,Standard
O007761,2024-09-19,C00977,Express
O007762,2024-09-19,C00675,Standard
O007763,2024-09-19,C00695,Express
O007764,2024-09-19,C00978,Express
O007765,2024-09-19,C00958,Standard
O007766,2024-09-20,C01226,Standard
O007767,2024-09-20,C00171,Standard
O007768,2024-09-20,C01340,Express
O007769,2024-09-20,C01424,Standard
O007770,2024-09-20,C00623,Same Day
O007771,2024-09-20,C00554,Standard
O007772,2024-09-20,C01229,Same Day
O007773,2024-09-20,C00585,Standard
O007774,2024-09-20,C00399,Express
O007775,2024-09-20,C00417,Standard
O007776,2024-09-20,C00591,Standard
O007777,2024-09-20,C00347,Same Day
O007778,2024-09-21,C00066,Same Day
O007779,2024-09-21,C00152,Same Day
O007780,2024-09-21,C01432,Same Day
O007781,2024-09-21,C01378,Express
O007782,2024-09-21,C01394,Standard
O007783,2024-09-21,C01304,Standard
O007784,2024-09-22,C00247,Same Day
O007785,2024-09-22,C00094,Standard
O007786,2024-09-22,C01495,Standard
O007787,2024-09-22,C01075,Express
O007788,2024-09-22,C00560,Standard
O007789,2024-09-22,C00221,Standard
O007790,2024-09-22,C00121,Standard
O007791,2024-09-22,C00879,Same Day
O007792,2024-09-22,C00571,Standard
O007793,2024-09-22,C01180,Express
O007794,2024-09-22,C01305,Standard
O007795,2024-09-22,C00495,Standard
O007796,2024-09-23,C01452,Express
O007797,2024-09-23,C00626,Express
O007798,2024-09-23,C00265,Express
O007799,2024-09-23,C00590,Same Day
O007800,2024-09-23,C01230,Express
O007801,2024-09-23,C00881,Express
O007802,2024-09-23,C00196,Standard
O007803,2024-09-23,C00080,Express
O007804,2024-09-23,C00620,Standard
O007805,2024-09-24,C00998,Standard
O007806,2024-09-24,C00592,Standard
O007807,2024-09-24,C00848,Standard
O007808,2024-09-24,C00414,Standard
O007809,2024-09-24,C00248,Standard
O007810,2024-09-24,C01467,Standard
O007811,2024-09-24,C01208,Express
O007812,2024-09-25,C00219,Standard
O007813,2024-09-25,C01500,Standard
O007814,2024-09-25,C01418,Express
O007815,2024-09-25,C00872,Express
O007816,2024-09-25,C00357,Same Day
O007817,2024-09-25,C01323,Standard
O007818,2024-09-25,C00502,Express
O007819,2024-09-25,C00813,Standard
O007820,2024-09-26,C01405,Express
O007821,2024-09-26,C01022,Express
O007822,2024-09-26,C01497,Express
O007823,2024-09-26,C00975,Standard
O007824,2024-09-26,C00300,Same Day
O007825,2024-09-26,C01411,Standard
O007826,2024-09-26,C00353,Standard
O007827,2024-09-26,C00764,Express
O007828,2024-09-26,C01193,Express
O007829,2024-09-26,C00939,Express
O007830,2024-09-26,C00679,Standard
O007831,2024-09-26,C00607,Standard
O007832,2024-09-26,C00288,Standard
O007833,2024-09-27,C00276,Standard
O007834,2024-09-27,C00286,Standard
O007835,2024-09-27,C00181,Express
O007836,2024-09-27,C00721,Standard
O007837,2024-09-27,C00297,Express
O007838,2024-09-27,C00435,Standard
O007839,2024-09-28,C01480,Standard
O007840,2024-09-28,C01167,Standard
O007841,2024-09-28,C00390,Express
O007842,2024-09-28,C00550,Standard
O007843,2024-09-28,C01485,Express
O007844,2024-09-28,C00159,Standard
O007845,2024-09-28,C01463,Standard
O007846,2024-09-28,C00403,Standard
O007847,2024-09-28,C00686,Standard
O007848,2024-09-28,C00115,Express
O007849,2024-09-28,C00643,Express
O007850,2024-09-28,C01487,Standard
O007851,2024-09-28,C00514,Standard
O007852,2024-09-29,C00886,Express
O007853,2024-09-29,C01129,Standard
O007854,2024-09-29,C01338,Standard
O007855,2024-09-29,C01355,Standard
O007856,2024-09-29,C00525,Standard
O007857,2024-09-29,C01481,Standard
O007858,2024-09-29,C00766,Standard
O007859,2024-09-29,C00510,Standard
O007860,2024-09-30,C00900,Standard
O007861,2024-09-30,C01472,Standard
O007862,2024-09-30,C01119,Express
O007863,2024-09-30,C00383,Standard
O007864,2024-09-30,C01269,Express
O007865,2024-09-30,C01427,Express
O007866,2024-09-30,C01316,Express
O007867,2024-09-30,C00359,Standard
O007868,2024-09-30,C01499,Express
O007869,2024-09-30,C00323,Standard
O007870,2024-09-30,C00361,Express
O007871,2024-09-30,C00704,Standard
O007872,2024-09-30,C00575,Express
O007873,2024-10-01,C01045,Standard
O007874,2024-10-01,C00973,Express
O007875,2024-10-01,C00339,Standard
O007876,2024-10-01,C00365,Express
O007877,2024-10-01,C00850,Same Day
O007878,2024-10-01,C00811,Express
O007879,2024-10-01,C00581,Express
O007880,2024-10-01,C00954,Standard
O007881,2024-10-01,C00394,Standard
O007882,2024-10-01,C00647,Standard
O007883,2024-10-01,C01030,Standard
O007884,2024-10-02,C01330,Express
O007885,2024-10-02,C01194,Express
O007886,2024-10-02,C00388,Same Day
O007887,2024-10-02,C01080,Express
O007888,2024-10-02,C00278,Express
O007889,2024-10-02,C00317,Standard
O007890,2024-10-02,C00256,Express
O007891,2024-10-02,C00454,Standard
O007892,2024-10-02,C00035,Express
O007893,2024-10-02,C00849,Express
O007894,2024-10-02,C00490,Standard
O007895,2024-10-03,C00005,Express
O007896,2024-10-03,C01403,Same Day
O007897,2024-10-03,C00085,Standard
O007898,2024-10-03,C01411,Standard
O007899,2024-10-03,C00114,Standard
O007900,2024-10-03,C00917,Express
O007901,2024-10-03,C00716,Same Day
O007902,2024-10-03,C00658,Standard
O007903,2024-10-03,C01103,Express
O007904,2024-10-04,C01364,Standard
O007905,2024-10-04,C01098,Express
O007906,2024-10-04,C00782,Express
O007907,2024-10-04,C00537,Standard
O007908,2024-10-04,C00856,Same Day
O007909,2024-10-04,C00255,Standard
O007910,2024-10-04,C00155,Standard
O007911,2024-10-04,C01186,Standard
O007912,2024-10-04,C01026,Express
O007913,2024-10-05,C01368,Standard
O007914,2024-10-05,C00513,Standard
O007915,2024-10-05,C00522,Same Day
O007916,2024-10-05,C01482,Express
O007917,2024-10-05,C01313,Standard
O007918,2024-10-05,C00981,Express
O007919,2024-10-05,C00497,Standard
O007920,2024-10-05,C00566,Express
O007921,2024-10-05,C01087,Standard
O007922,2024-10-05,C00965,Express
O007923,2024-10-05,C00930,Express
O007924,2024-10-05,C00412,Express
O007925,2024-10-06,C01149,Express
O007926,2024-10-06,C01351,Express
O007927,2024-10-06,C00833,Standard
O007928,2024-10-06,C01423,Express
O007929,2024-10-06,C00349,Standard
O007930,2024-10-06,C01495,Standard
O007931,2024-10-06,C01196,Standard
O007932,2024-10-06,C01216,Standard
O007933,2024-10-06,C00639,Same Day
O007934,2024-10-06,C00913,Express
O007935,2024-10-06,C00934,Express
O007936,2024-10-06,C01192,Express
O007937,2024-10-06,C00832,Same Day
O007938,2024-10-06,C00642,Same Day
O007939,2024-10-06,C00821,Express
O007940,2024-10-07,C01192,Standard
O007941,2024-10-07,C01082,Standard
O007942,2024-10-07,C00491,Standard
O007943,2024-10-07,C01137,Express
O007944,2024-10-07,C00878,Standard
O007945,2024-10-07,C00625,Standard
O007946,2024-10-07,C00355,Standard
O007947,2024-10-07,C00709,Standard
O007948,2024-10-07,C00705,Standard
O007949,2024-10-07,C00225,Standard
O007950,2024-10-07,C01201,Standard
O007951,2024-10-08,C01213,Standard
O007952,2024-10-08,C00270,Standard
O007953,2024-10-08,C00660,Standard
O007954,2024-10-08,C00491,Same Day
O007955,2024-10-08,C01470,Standard
O007956,2024-10-08,C01379,Express
O007957,2024-10-08,C01018,Same Day
O007958,2024-10-08,C00544,Express
O007959,2024-10-08,C00068,Same Day
O007960,2024-10-08,C00373,Standard
O007961,2024-10-08,C00606,Standard
O007962,2024-10-08,C01098,Standard
O007963,2024-10-08,C00133,Standard
O007964,2024-10-09,C01048,Standard
O007965,2024-10-09,C00133,Express
O007966,2024-10-09,C01457,Standard
O007967,2024-10-09,C00040,Express
O007968,2024-10-09,C00585,Express
O007969,2024-10-09,C00638,Express
O007970,2024-10-09,C01022,Express
O007971,2024-10-09,C00208,Standard
O007972,2024-10-09,C00861,Express
O007973,2024-10-09,C01311,Standard
O007974,2024-10-09,C00552,Standard
O007975,2024-10-09,C00064,Express
O007976,2024-10-09,C00368,Standard
O007977,2024-10-09,C00993,Standard
O007978,2024-10-09,C00069,Standard
O007979,2024-10-10,C01340,Standard
O007980,2024-10-10,C00411,Same Day
O007981,2024-10-10,C01350,Standard
O007982,2024-10-10,C00588,Standard
O007983,2024-10-10,C01350,Express
O007984,2024-10-10,C01053,Standard
O007985,2024-10-10,C00085,Express
O007986,2024-10-10,C01383,Standard
O007987,2024-10-11,C00031,Standard
O007988,2024-10-11,C01288,Standard
O007989,2024-10-11,C00674,Express
O007990,2024-10-11,C00799,Express
O007991,2024-10-11,C00806,Standard
O007992,2024-10-11,C00311,Express
O007993,2024-10-11,C00099,Express
O007994,2024-10-11,C00526,Express
O007995,2024-10-11,C00408,Express
O007996,2024-10-11,C00362,Express
O007997,2024-10-12,C00944,Standard
O007998,2024-10-12,C01394,Standard
O007999,2024-10-12,C01103,Standard
O008000,2024-10-12,C00932,Standard
O008001,2024-10-12,C00128,Standard
O008002,2024-10-12,C01113,Express
O008003,2024-10-12,C00427,Standard
O008004,2024-10-12,C01486,Standard
O008005,2024-10-12,C00727,Standard
O008006,2024-10-12,C00569,Standard
O008007,2024-10-12,C00920,Express
O008008,2024-10-12,C00424,Standard
O008009,2024-10-13,C00434,Express
O008010,2024-10-13,C00725,Standard
O008011,2024-10-13,C00634,Standard
O008012,2024-10-13,C00027,Standard
O008013,2024-10-13,C00093,Standard
O008014,2024-10-13,C00457,Express
O008015,2024-10-13,C00483,Express
O008016,2024-10-13,C01083,Standard
O008017,2024-10-13,C00649,Standard
O008018,2024-10-13,C00193,Express
O008019,2024-10-13,C00103,Express
O008020,2024-10-13,C00580,Express
O008021,2024-10-13,C00601,Express
O008022,2024-10-13,C01440,Same Day
O008023,2024-10-13,C00810,Express
O008024,2024-10-13,C00668,Express
O008025,2024-10-14,C00144,Express
O008026,2024-10-14,C00604,Standard
O008027,2024-10-14,C00362,Standard
O008028,2024-10-14,C01284,Express
O008029,2024-10-14,C00503,Standard
O008030,2024-10-14,C00460,Standard
O008031,2024-10-14,C00490,Express
O008032,2024-10-14,C01447,Standard
O008033,2024-10-14,C00730,Standard
O008034,2024-10-14,C01261,Standard
O008035,2024-10-14,C00315,Standard
O008036,2024-10-14,C01085,Standard
O008037,2024-10-14,C00955,Standard
O008038,2024-10-14,C01481,Express
O008039,2024-10-14,C00476,Express
O008040,2024-10-14,C00216,Standard
O008041,2024-10-14,C01137,Standard
O008042,2024-10-15,C00004,Standard
O008043,2024-10-15,C01204,Standard
O008044,2024-10-15,C00991,Standard
O008045,2024-10-15,C00610,Express
O008046,2024-10-15,C01076,Express
O008047,2024-10-15,C01384,Express
O008048,2024-10-15,C00678,Standard
O008049,2024-10-15,C00206,Standard
O008050,2024-10-16,C00073,Standard
O008051,2024-10-16,C01227,Standard
O008052,2024-10-16,C00155,Standard
O008053,2024-10-16,C00475,Standard
O008054,2024-10-16,C00497,Same Day
O008055,2024-10-16,C01459,Standard
O008056,2024-10-16,C01199,Express
O008057,2024-10-16,C00496,Same Day
O008058,2024-10-16,C00638,Standard
O008059,2024-10-16,C00356,Standard
O008060,2024-10-17,C01251,Express
O008061,2024-10-17,C01455,Standard
O008062,2024-10-17,C01046,Standard
O008063,2024-10-17,C00445,Standard
O008064,2024-10-17,C00870,Standard
O008065,2024-10-17,C01126,Express
O008066,2024-10-18,C00931,Standard
O008067,2024-10-18,C00294,Express
O008068,2024-10-18,C00983,Same Day
O008069,2024-10-18,C01164,Express
O008070,2024-10-18,C00892,Standard
O008071,2024-10-18,C00505,Standard
O008072,2024-10-18,C01494,Express
O008073,2024-10-18,C01114,Express
O008074,2024-10-18,C00153,Same Day
O008075,2024-10-19,C01188,Same Day
O008076,2024-10-19,C01332,Standard
O008077,2024-10-19,C00107,Express
O008078,2024-10-19,C01214,Standard
O008079,2024-10-19,C00286,Express
O008080,2024-10-19,C00538,Standard
O008081,2024-10-19,C01498,Express
O008082,2024-10-19,C01135,Express
O008083,2024-10-19,C00989,Standard
O008084,2024-10-19,C00550,Standard
O008085,2024-10-20,C00427,Standard
O008086,2024-10-20,C01294,Standard
O008087,2024-10-20,C00083,Express
O008088,2024-10-20,C00111,Express
O008089,2024-10-20,C01414,Express
O008090,2024-10-20,C00489,Standard
O008091,2024-10-20,C00677,Express
O008092,2024-10-20,C00837,Standard
O008093,2024-10-21,C00392,Standard
O008094,2024-10-21,C00033,Standard
O008095,2024-10-21,C00639,Express
O008096,2024-10-21,C01373,Express
O008097,2024-10-21,C00845,Standard
O008098,2024-10-21,C00637,Standard
O008099,2024-10-21,C00498,Same Day
O008100,2024-10-21,C00272,Standard
O008101,2024-10-21,C00535,Same Day
O008102,2024-10-21,C00204,Standard
O008103,2024-10-21,C00800,Standard
O008104,2024-10-21,C01158,Express
O008105,2024-10-21,C01400,Standard
O008106,2024-10-21,C01008,Express
O008107,2024-10-22,C00054,Express
O008108,2024-10-22,C01326,Standard
O008109,2024-10-22,C01015,Express
O008110,2024-10-22,C00529,Standard
O008111,2024-10-22,C01087,Standard
O008112,2024-10-22,C00918,Standard
O008113,2024-10-22,C00499,Standard
O008114,2024-10-22,C01181,Standard
O008115,2024-10-22,C00610,Express
O008116,2024-10-22,C01212,Express
O008117,2024-10-22,C00776,Express
O008118,2024-10-22,C01236,Standard
O008119,2024-10-22,C00065,Same Day
O008120,2024-10-23,C01258,Standard
O008121,2024-10-23,C00021,Standard
O008122,2024-10-23,C00162,Standard
O008123,2024-10-23,C01085,Standard
O008124,2024-10-23,C00815,Express
O008125,2024-10-23,C01476,Same Day
O008126,2024-10-23,C00210,Express
O008127,2024-10-23,C00041,Standard
O008128,2024-10-23,C00724,Standard
O008129,2024-10-23,C00087,Express
O008130,2024-10-23,C00888,Express
O008131,2024-10-23,C00641,Standard
O008132,2024-10-24,C01096,Same Day
O008133,2024-10-24,C01379,Express
O008134,2024-10-24,C00575,Standard
O008135,2024-10-24,C01016,Same Day
O008136,2024-10-24,C01445,Standard
O008137,2024-10-24,C00856,Standard
O008138,2024-10-25,C00124,Standard
O008139,2024-10-25,C00786,Standard
O008140,2024-10-25,C00951,Standard
O008141,2024-10-25,C00796,Express
O008142,2024-10-25,C00016,Standard
O008143,2024-10-25,C00970,Express
O008144,2024-10-25,C00871,Standard
O008145,2024-10-25,C00720,Same Day
O008146,2024-10-25,C00123,Express
O008147,2024-10-25,C00919,Standard
O008148,2024-10-25,C00559,Standard
O008149,2024-10-25,C00381,Express
O008150,2024-10-26,C01107,Standard
O008151,2024-10-26,C01161,Standard
O008152,2024-10-26,C01026,Standard
O008153,2024-10-26,C01041,Same Day
O008154,2024-10-26,C01436,Standard
O008155,2024-10-26,C00985,Standard
O008156,2024-10-26,C00401,Standard
O008157,2024-10-26,C00964,Express
O008158,2024-10-26,C00839,Express
O008159,2024-10-26,C01318,Standard
O008160,2024-10-26,C01332,Same Day
O008161,2024-10-27,C00166,Standard
O008162,2024-10-27,C00910,Standard
O008163,2024-10-27,C01066,Standard
O008164,2024-10-27,C00522,Standard
O008165,2024-10-27,C01249,Same Day
O008166,2024-10-27,C00034,Same Day
O008167,2024-10-27,C00722,Express
O008168,2024-10-27,C00074,Express
O008169,2024-10-27,C00718,Standard
O008170,2024-10-27,C00374,Standard
O008171,2024-10-28,C00964,Standard
O008172,2024-10-28,C01100,Standard
O008173,2024-10-28,C00592,Standard
O008174,2024-10-28,C00061,Same Day
O008175,2024-10-28,C00355,Express
O008176,2024-10-28,C00465,Standard
O008177,2024-10-28,C01266,Standard
O008178,2024-10-28,C01213,Express
O008179,2024-10-29,C01165,Standard
O008180,2024-10-29,C01025,Express
O008181,2024-10-29,C00873,Standard
O008182,2024-10-29,C01183,Express
O008183,2024-10-29,C00525,Express
O008184,2024-10-29,C01094,Standard
O008185,2024-10-29,C00482,Same Day
O008186,2024-10-29,C00083,Standard
O008187,2024-10-29,C01102,Same Day
O008188,2024-10-29,C00472,Express
O008189,2024-10-29,C01147,Standard
O008190,2024-10-29,C01145,Express
O008191,2024-10-29,C01118,Same Day
O008192,2024-10-29,C00512,Standard
O008193,2024-10-30,C00697,Standard
O008194,2024-10-30,C01077,Standard
O008195,2024-10-30,C00831,Standard
O008196,2024-10-30,C01189,Standard
O008197,2024-10-30,C01261,Standard
O008198,2024-10-30,C00491,Standard
O008199,2024-10-30,C01174,Standard
O008200,2024-10-30,C00447,Express
O008201,2024-10-30,C00533,Standard
O008202,2024-10-30,C00611,Standard
O008203,2024-10-30,C01171,Standard
O008204,2024-10-30,C00388,Same Day
O008205,2024-10-30,C01277,Same Day
O008206,2024-10-30,C01447,Standard
O008207,2024-10-31,C00693,Express
O008208,2024-10-31,C00627,Same Day
O008209,2024-10-31,C00253,Standard
O008210,2024-10-31,C00567,Standard
O008211,2024-10-31,C01344,Express
O008212,2024-10-31,C00316,Express
O008213,2024-10-31,C01086,Standard
O008214,2024-10-31,C01329,Express
O008215,2024-10-31,C00817,Express
O008216,2024-10-31,C01429,Express
O008217,2024-10-31,C01307,Standard
O008218,2024-10-31,C00127,Express
O008219,2024-11-01,C00616,Same Day
O008220,2024-11-01,C00827,Same Day
O008221,2024-11-01,C00526,Standard
O008222,2024-11-01,C00037,Same Day
O008223,2024-11-01,C00193,Express
O008224,2024-11-01,C01396,Standard
O008225,2024-11-01,C01048,Standard
O008226,2024-11-01,C00766,Express
O008227,2024-11-01,C01171,Express
O008228,2024-11-01,C00431,Standard
O008229,2024-11-01,C00776,Standard
O008230,2024-11-01,C01199,Same Day
O008231,2024-11-01,C00016,Express
O008232,2024-11-01,C00268,Standard
O008233,2024-11-02,C00782,Express
O008234,2024-11-02,C00601,Express
O008235,2024-11-02,C00016,Standard
O008236,2024-11-02,C01184,Standard
O008237,2024-11-02,C00705,Express
O008238,2024-11-02,C01451,Standard
O008239,2024-11-02,C00292,Express
O008240,2024-11-02,C00105,Express
O008241,2024-11-02,C00174,Standard
O008242,2024-11-02,C00308,Standard
O008243,2024-11-02,C01467,Standard
O008244,2024-11-02,C00494,Standard
O008245,2024-11-02,C00623,Standard
O008246,2024-11-03,C00113,Standard
O008247,2024-11-03,C00270,Express
O008248,2024-11-03,C01201,Express
O008249,2024-11-03,C00591,Standard
O008250,2024-11-03,C01333,Standard
O008251,2024-11-03,C01101,Standard
O008252,2024-11-03,C00497,Standard
O008253,2024-11-03,C00380,Standard
O008254,2024-11-03,C01440,Standard
O008255,2024-11-03,C00730,Standard
O008256,2024-11-03,C00755,Standard
O008257,2024-11-03,C00187,Standard
O008258,2024-11-03,C01161,Express
O008259,2024-11-04,C00292,Standard
O008260,2024-11-04,C00678,Standard
O008261,2024-11-04,C01467,Same Day
O008262,2024-11-04,C00943,Standard
O008263,2024-11-04,C00820,Express
O008264,2024-11-04,C00522,Express
O008265,2024-11-04,C01041,Standard
O008266,2024-11-04,C00233,Standard
O008267,2024-11-04,C01498,Express
O008268,2024-11-04,C00901,Standard
O008269,2024-11-04,C00521,Standard
O008270,2024-11-04,C00940,Standard
O008271,2024-11-04,C00958,Standard
O008272,2024-11-04,C00595,Standard
O008273,2024-11-04,C01387,Express
O008274,2024-11-04,C01108,Express
O008275,2024-11-04,C01204,Same Day
O008276,2024-11-04,C01095,Same Day
O008277,2024-11-04,C01174,Express
O008278,2024-11-05,C00088,Standard
O008279,2024-11-05,C01082,Standard
O008280,2024-11-05,C00160,Same Day
O008281,2024-11-05,C00123,Standard
O008282,2024-11-05,C00670,Standard
O008283,2024-11-05,C00766,Express
O008284,2024-11-05,C00984,Standard
O008285,2024-11-05,C00133,Express
O008286,2024-11-05,C01486,Express
O008287,2024-11-05,C00918,Express
O008288,2024-11-05,C01322,Standard
O008289,2024-11-06,C00188,Standard
O008290,2024-11-06,C01160,Standard
O008291,2024-11-06,C01470,Standard
O008292,2024-11-06,C00500,Express
O008293,2024-11-06,C00589,Standard
O008294,2024-11-06,C00261,Express
O008295,2024-11-06,C00893,Express
O008296,2024-11-06,C01205,Standard
O008297,2024-11-07,C01000,Standard
O008298,2024-11-07,C01049,Standard
O008299,2024-11-07,C01377,Express
O008300,2024-11-07,C01376,Standard
O008301,2024-11-07,C00313,Standard
O008302,2024-11-07,C00736,Standard
O008303,2024-11-07,C01258,Standard
O008304,2024-11-07,C01433,Express
O008305,2024-11-07,C00197,Standard
O008306,2024-11-07,C00819,Standard
O008307,2024-11-07,C01234,Same Day
O008308,2024-11-07,C01454,Express
O008309,2024-11-07,C00586,Standard
O008310,2024-11-07,C00711,Standard
O008311,2024-11-07,C00182,Express
O008312,2024-11-07,C00304,Standard
O008313,2024-11-07,C01131,Express
O008314,2024-11-07,C00023,Standard
O008315,2024-11-07,C00284,Standard
O008316,2024-11-07,C00889,Standard
O008317,2024-11-08,C00141,Same Day
O008318,2024-11-08,C01221,Standard
O008319,2024-11-08,C01015,Standard
O008320,2024-11-08,C00166,Standard
O008321,2024-11-08,C01017,Standard
O008322,2024-11-08,C00573,Standard
O008323,2024-11-08,C00516,Standard
O008324,2024-11-08,C00368,Standard
O008325,2024-11-08,C00149,Express
O008326,2024-11-08,C01177,Express
O008327,2024-11-08,C00939,Express
O008328,2024-11-09,C00311,Express
O008329,2024-11-09,C00406,Standard
O008330,2024-11-09,C01067,Standard
O008331,2024-11-09,C01327,Standard
O008332,2024-11-09,C00122,Standard
O008333,2024-11-09,C00182,Standard
O008334,2024-11-09,C00689,Same Day
O008335,2024-11-09,C01244,Same Day
O008336,2024-11-09,C00087,Standard
O008337,2024-11-09,C01380,Express
O008338,2024-11-09,C01153,Standard
O008339,2024-11-09,C00991,Standard
O008340,2024-11-10,C00548,Express
O008341,2024-11-10,C00457,Standard
O008342,2024-11-10,C00721,Express
O008343,2024-11-10,C00016,Express
O008344,2024-11-10,C00315,Express
O008345,2024-11-10,C01320,Express
O008346,2024-11-10,C00938,Same Day
O008347,2024-11-10,C00711,Express
O008348,2024-11-10,C00353,Standard
O008349,2024-11-10,C00210,Standard
O008350,2024-11-10,C00750,Same Day
O008351,2024-11-10,C00714,Express
O008352,2024-11-10,C01275,Express
O008353,2024-11-11,C00785,Standard
O008354,2024-11-11,C00733,Express
O008355,2024-11-11,C00766,Express
O008356,2024-11-11,C00449,Standard
O008357,2024-11-11,C01036,Standard
O008358,2024-11-11,C01058,Standard
O008359,2024-11-11,C00295,Standard
O008360,2024-11-11,C00397,Standard
O008361,2024-11-11,C00719,Same Day
O008362,2024-11-11,C00217,Same Day
O008363,2024-11-11,C00763,Express
O008364,2024-11-11,C01374,Standard
O008365,2024-11-11,C00220,Express
O008366,2024-11-12,C00615,Standard
O008367,2024-11-12,C00771,Standard
O008368,2024-11-12,C01236,Standard
O008369,2024-11-12,C01391,Standard
O008370,2024-11-12,C01124,Standard
O008371,2024-11-13,C01396,Standard
O008372,2024-11-13,C00750,Express
O008373,2024-11-13,C00977,Standard
O008374,2024-11-13,C00713,Standard
O008375,2024-11-13,C00758,Express
O008376,2024-11-13,C00206,Express
O008377,2024-11-13,C01434,Standard
O008378,2024-11-13,C00736,Express
O008379,2024-11-13,C00676,Standard
O008380,2024-11-13,C01091,Standard
O008381,2024-11-13,C01104,Express
O008382,2024-11-13,C00700,Same Day
O008383,2024-11-13,C01496,Express
O008384,2024-11-13,C00922,Standard
O008385,2024-11-13,C01165,Standard
O008386,2024-11-14,C00298,Standard
O008387,2024-11-14,C00019,Standard
O008388,2024-11-14,C00450,Standard
O008389,2024-11-14,C00629,Standard
O008390,2024-11-14,C00395,Standard
O008391,2024-11-14,C01346,Standard
O008392,2024-11-14,C01357,Standard
O008393,2024-11-14,C00197,Standard
O008394,2024-11-14,C00686,Express
O008395,2024-11-14,C00636,Express
O008396,2024-11-14,C00090,Standard
O008397,2024-11-14,C00550,Express
O008398,2024-11-14,C00405,Standard
O008399,2024-11-14,C00202,Standard
O008400,2024-11-15,C00687,Standard
O008401,2024-11-15,C00830,Standard
O008402,2024-11-15,C00557,Standard
O008403,2024-11-15,C01293,Express
O008404,2024-11-15,C00263,Express
O008405,2024-11-15,C00075,Express
O008406,2024-11-15,C00689,Standard
O008407,2024-11-15,C00571,Same Day
O008408,2024-11-15,C00462,Standard
O008409,2024-11-15,C01453,Express
O008410,2024-11-15,C01195,Standard
O008411,2024-11-15,C01136,Standard
O008412,2024-11-15,C00878,Standard
O008413,2024-11-15,C00753,Standard
O008414,2024-11-16,C01043,Standard
O008415,2024-11-16,C01138,Standard
O008416,2024-11-16,C00627,Standard
O008417,2024-11-16,C01288,Standard
O008418,2024-11-16,C00162,Standard
O008419,2024-11-16,C00658,Standard
O008420,2024-11-16,C00605,Standard
O008421,2024-11-16,C00525,Standard
O008422,2024-11-16,C01382,Standard
O008423,2024-11-16,C01394,Express
O008424,2024-11-16,C00041,Standard
O008425,2024-11-16,C00837,Standard
O008426,2024-11-16,C00493,Standard
O008427,2024-11-16,C00017,Standard
O008428,2024-11-17,C00111,Standard
O008429,2024-11-17,C00163,Express
O008430,2024-11-17,C00704,Standard
O008431,2024-11-17,C00017,Standard
O008432,2024-11-17,C00520,Express
O008433,2024-11-17,C00341,Express
O008434,2024-11-17,C00167,Standard
O008435,2024-11-17,C00115,Standard
O008436,2024-11-17,C00858,Express
O008437,2024-11-17,C00195,Standard
O008438,2024-11-17,C00966,Standard
O008439,2024-11-18,C00583,Express
O008440,2024-11-18,C01324,Standard
O008441,2024-11-18,C00089,Standard
O008442,2024-11-18,C00151,Standard
O008443,2024-11-18,C00922,Same Day
O008444,2024-11-18,C01360,Standard
O008445,2024-11-18,C00423,Express
O008446,2024-11-18,C00735,Standard
O008447,2024-11-18,C01399,Standard
O008448,2024-11-18,C01167,Express
O008449,2024-11-18,C00837,Standard
O008450,2024-11-19,C00109,Standard
O008451,2024-11-19,C00839,Standard
O008452,2024-11-19,C00362,Express
O008453,2024-11-19,C00703,Standard
O008454,2024-11-19,C00249,Standard
O008455,2024-11-19,C00273,Standard
O008456,2024-11-19,C00496,Standard
O008457,2024-11-19,C00016,Express
O008458,2024-11-19,C00247,Standard
O008459,2024-11-19,C00231,Express
O008460,2024-11-20,C01243,Standard
O008461,2024-11-20,C00053,Standard
O008462,2024-11-20,C00225,Express
O008463,2024-11-20,C01372,Standard
O008464,2024-11-20,C01382,Standard
O008465,2024-11-20,C00800,Standard
O008466,2024-11-20,C00885,Standard
O008467,2024-11-20,C01068,Standard
O008468,2024-11-20,C00331,Standard
O008469,2024-11-20,C00258,Express
O008470,2024-11-20,C00076,Express
O008471,2024-11-20,C01276,Standard
O008472,2024-11-21,C00434,Express
O008473,2024-11-21,C00145,Standard
O008474,2024-11-21,C01348,Standard
O008475,2024-11-21,C00815,Standard
O008476,2024-11-21,C00808,Standard
O008477,2024-11-21,C01251,Express
O008478,2024-11-21,C00437,Standard
O008479,2024-11-21,C01304,Standard
O008480,2024-11-21,C01081,Express
O008481,2024-11-21,C00478,Standard
O008482,2024-11-21,C00047,Standard
O008483,2024-11-22,C00962,Standard
O008484,2024-11-22,C00589,Standard
O008485,2024-11-22,C00331,Express
O008486,2024-11-22,C00678,Standard
O008487,2024-11-22,C00165,Standard
O008488,2024-11-22,C01495,Standard
O008489,2024-11-22,C01220,Express
O008490,2024-11-22,C00361,Express
O008491,2024-11-22,C01197,Standard
O008492,2024-11-22,C00853,Express
O008493,2024-11-23,C01195,Standard
O008494,2024-11-23,C00545,Standard
O008495,2024-11-23,C01300,Standard
O008496,2024-11-23,C00307,Same Day
O008497,2024-11-23,C01317,Standard
O008498,2024-11-23,C00500,Standard
O008499,2024-11-23,C00953,Standard
O008500,2024-11-23,C01169,Standard
O008501,2024-11-23,C01445,Standard
O008502,2024-11-23,C00620,Express
O008503,2024-11-23,C00334,Standard
O008504,2024-11-23,C00655,Same Day
O008505,2024-11-23,C00277,Standard
O008506,2024-11-23,C00449,Standard
O008507,2024-11-23,C01488,Same Day
O008508,2024-11-24,C00756,Express
O008509,2024-11-24,C00854,Standard
O008510,2024-11-24,C00687,Standard
O008511,2024-11-24,C00800,Express
O008512,2024-11-24,C00032,Standard
O008513,2024-11-24,C00969,Express
O008514,2024-11-24,C00216,Standard
O008515,2024-11-24,C00209,Same Day
O008516,2024-11-25,C01391,Standard
O008517,2024-11-25,C00073,Standard
O008518,2024-11-25,C00452,Standard
O008519,2024-11-25,C00376,Standard
O008520,2024-11-25,C00025,Standard
O008521,2024-11-25,C00097,Standard
O008522,2024-11-25,C00687,Standard
O008523,2024-11-25,C00350,Standard
O008524,2024-11-25,C00879,Standard
O008525,2024-11-25,C01393,Standard
O008526,2024-11-25,C00266,Express
O008527,2024-11-25,C00921,Standard
O008528,2024-11-25,C01419,Standard
O008529,2024-11-25,C00774,Standard
O008530,2024-11-25,C00975,Standard
O008531,2024-11-26,C00088,Standard
O008532,2024-11-26,C00551,Standard
O008533,2024-11-26,C01467,Express
O008534,2024-11-26,C00523,Standard
O008535,2024-11-26,C00568,Express
O008536,2024-11-26,C00459,Express
O008537,2024-11-26,C00610,Standard
O008538,2024-11-26,C00912,Standard
O008539,2024-11-26,C00075,Express
O008540,2024-11-26,C00628,Same Day
O008541,2024-11-26,C01197,Standard
O008542,2024-11-26,C01155,Standard
O008543,2024-11-26,C00072,Standard
O008544,2024-11-26,C00217,Standard
O008545,2024-11-26,C01171,Express
O008546,2024-11-26,C00009,Express
O008547,2024-11-26,C00640,Express
O008548,2024-11-27,C01317,Same Day
O008549,2024-11-27,C00513,Standard
O008550,2024-11-27,C00618,Standard
O008551,2024-11-27,C00526,Standard
O008552,2024-11-27,C00657,Standard
O008553,2024-11-27,C01006,Standard
O008554,2024-11-27,C00554,Standard
O008555,2024-11-27,C00031,Express
O008556,2024-11-27,C00471,Standard
O008557,2024-11-27,C00451,Standard
O008558,2024-11-27,C01006,Standard
O008559,2024-11-27,C00421,Standard
O008560,2024-11-27,C00512,Standard
O008561,2024-11-27,C01124,Standard
O008562,2024-11-27,C01434,Express
O008563,2024-11-27,C01320,Same Day
O008564,2024-11-27,C01317,Standard
O008565,2024-11-27,C00822,Standard
O008566,2024-11-27,C00188,Standard
O008567,2024-11-28,C01491,Standard
O008568,2024-11-28,C00447,Express
O008569,2024-11-28,C01016,Express
O008570,2024-11-28,C00265,Standard
O008571,2024-11-28,C00850,Same Day
O008572,2024-11-28,C01354,Standard
O008573,2024-11-28,C00002,Standard
O008574,2024-11-28,C00800,Standard
O008575,2024-11-28,C01495,Express
O008576,2024-11-28,C00722,Standard
O008577,2024-11-28,C00228,Express
O008578,2024-11-28,C01453,Express
O008579,2024-11-28,C00635,Standard
O008580,2024-11-29,C01163,Express
O008581,2024-11-29,C00982,Standard
O008582,2024-11-29,C01036,Standard
O008583,2024-11-29,C00876,Standard
O008584,2024-11-29,C00285,Express
O008585,2024-11-29,C00264,Express
O008586,2024-11-29,C00172,Standard
O008587,2024-11-29,C00511,Express
O008588,2024-11-29,C00683,Standard
O008589,2024-11-29,C01207,Standard
O008590,2024-11-29,C01419,Express
O008591,2024-11-29,C01153,Express
O008592,2024-11-30,C01160,Express
O008593,2024-11-30,C00409,Standard
O008594,2024-11-30,C00260,Express
O008595,2024-11-30,C00914,Standard
O008596,2024-11-30,C00151,Standard
O008597,2024-11-30,C00718,Standard
O008598,2024-11-30,C01448,Same Day
O008599,2024-11-30,C00950,Standard
O008600,2024-11-30,C00065,Express
O008601,2024-11-30,C00145,Standard
O008602,2024-12-01,C00677,Standard
O008603,2024-12-01,C01409,Standard
O008604,2024-12-01,C00244,Same Day
O008605,2024-12-01,C00361,Standard
O008606,2024-12-01,C01437,Standard
O008607,2024-12-01,C01326,Standard
O008608,2024-12-01,C00900,Standard
O008609,2024-12-01,C01253,Standard
O008610,2024-12-01,C00497,Standard
O008611,2024-12-01,C00112,Same Day
O008612,2024-12-01,C01420,Standard
O008613,2024-12-01,C00170,Standard
O008614,2024-12-01,C00605,Standard
O008615,2024-12-01,C00875,Standard
O008616,2024-12-01,C00998,Standard
O008617,2024-12-01,C00652,Express
O008618,2024-12-02,C00139,Same Day
O008619,2024-12-02,C01305,Express
O008620,2024-12-02,C00283,Standard
O008621,2024-12-02,C01451,Express
O008622,2024-12-02,C01123,Same Day
O008623,2024-12-02,C00703,Standard
O008624,2024-12-02,C00692,Express
O008625,2024-12-02,C00924,Same Day
O008626,2024-12-02,C00557,Standard
O008627,2024-12-02,C01304,Standard
O008628,2024-12-02,C01477,Express
O008629,2024-12-02,C00852,Standard
O008630,2024-12-02,C00999,Express
O008631,2024-12-03,C00216,Express
O008632,2024-12-03,C00072,Standard
O008633,2024-12-03,C01138,Express
O008634,2024-12-03,C00896,Standard
O008635,2024-12-03,C01028,Standard
O008636,2024-12-03,C00358,Standard
O008637,2024-12-03,C00116,Express
O008638,2024-12-03,C00039,Express
O008639,2024-12-03,C00469,Express
O008640,2024-12-03,C00762,Standard
O008641,2024-12-03,C00698,Standard
O008642,2024-12-03,C01496,Standard
O008643,2024-12-03,C00248,Standard
O008644,2024-12-03,C00455,Standard
O008645,2024-12-04,C00132,Express
O008646,2024-12-04,C00223,Express
O008647,2024-12-04,C01022,Standard
O008648,2024-12-04,C00636,Standard
O008649,2024-12-04,C00583,Standard
O008650,2024-12-04,C00812,Express
O008651,2024-12-04,C00080,Standard
O008652,2024-12-04,C01010,Standard
O008653,2024-12-04,C00474,Standard
O008654,2024-12-04,C00258,Express
O008655,2024-12-04,C01201,Express
O008656,2024-12-04,C00694,Standard
O008657,2024-12-04,C00492,Standard
O008658,2024-12-05,C01013,Standard
O008659,2024-12-05,C00819,Express
O008660,2024-12-05,C00026,Standard
O008661,2024-12-05,C00851,Express
O008662,2024-12-05,C00329,Standard
O008663,2024-12-05,C01058,Same Day
O008664,2024-12-05,C00483,Standard
O008665,2024-12-05,C00145,Express
O008666,2024-12-05,C00616,Same Day
O008667,2024-12-05,C00237,Standard
O008668,2024-12-05,C01290,Standard
O008669,2024-12-05,C00883,Standard
O008670,2024-12-05,C00063,Standard
O008671,2024-12-05,C00579,Express
O008672,2024-12-05,C00160,Standard
O008673,2024-12-05,C01460,Standard
O008674,2024-12-05,C00401,Standard
O008675,2024-12-05,C00179,Standard
O008676,2024-12-05,C00619,Standard
O008677,2024-12-06,C00185,Standard
O008678,2024-12-06,C01442,Express
O008679,2024-12-06,C00450,Express
O008680,2024-12-06,C00739,Standard
O008681,2024-12-06,C01469,Express
O008682,2024-12-06,C01408,Standard
O008683,2024-12-06,C01281,Standard
O008684,2024-12-07,C00735,Standard
O008685,2024-12-07,C01448,Express
O008686,2024-12-07,C01108,Standard
O008687,2024-12-07,C00653,Same Day
O008688,2024-12-07,C01404,Standard
O008689,2024-12-07,C00148,Standard
O008690,2024-12-07,C01208,Express
O008691,2024-12-07,C00019,Standard
O008692,2024-12-07,C00157,Standard
O008693,2024-12-07,C01061,Standard
O008694,2024-12-07,C01452,Express
O008695,2024-12-07,C01275,Standard
O008696,2024-12-07,C00723,Standard
O008697,2024-12-07,C00523,Standard
O008698,2024-12-07,C01219,Standard
O008699,2024-12-08,C01496,Standard
O008700,2024-12-08,C00299,Same Day
O008701,2024-12-08,C01423,Standard
O008702,2024-12-08,C00299,Standard
O008703,2024-12-08,C00664,Standard
O008704,2024-12-08,C01427,Same Day
O008705,2024-12-08,C00199,Same Day
O008706,2024-12-08,C01438,Standard
O008707,2024-12-08,C01163,Standard
O008708,2024-12-08,C01214,Same Day
O008709,2024-12-08,C01498,Standard
O008710,2024-12-08,C00006,Same Day
O008711,2024-12-08,C00795,Standard
O008712,2024-12-09,C01283,Standard
O008713,2024-12-09,C01270,Express
O008714,2024-12-09,C00985,Standard
O008715,2024-12-09,C00011,Express
O008716,2024-12-09,C01444,Standard
O008717,2024-12-09,C00915,Express
O008718,2024-12-09,C00189,Standard
O008719,2024-12-09,C00624,Express
O008720,2024-12-09,C00523,Standard
O008721,2024-12-09,C01302,Same Day
O008722,2024-12-10,C00611,Express
O008723,2024-12-10,C00056,Standard
O008724,2024-12-10,C00377,Express
O008725,2024-12-10,C00911,Standard
O008726,2024-12-10,C00667,Standard
O008727,2024-12-10,C00643,Same Day
O008728,2024-12-10,C00513,Standard
O008729,2024-12-10,C00481,Standard
O008730,2024-12-10,C00691,Same Day
O008731,2024-12-10,C00277,Same Day
O008732,2024-12-10,C00556,Express
O008733,2024-12-10,C01203,Standard
O008734,2024-12-10,C01088,Standard
O008735,2024-12-10,C00077,Express
O008736,2024-12-11,C00937,Express
O008737,2024-12-11,C01077,Standard
O008738,2024-12-11,C00151,Express
O008739,2024-12-11,C00194,Standard
O008740,2024-12-11,C00793,Standard
O008741,2024-12-11,C01374,Same Day
O008742,2024-12-11,C00996,Express
O008743,2024-12-11,C00907,Express
O008744,2024-12-11,C00128,Standard
O008745,2024-12-11,C00318,Standard
O008746,2024-12-12,C00523,Standard
O008747,2024-12-12,C00274,Standard
O008748,2024-12-12,C00194,Standard
O008749,2024-12-12,C01427,Standard
O008750,2024-12-12,C01419,Standard
O008751,2024-12-12,C00903,Standard
O008752,2024-12-12,C00364,Express
O008753,2024-12-12,C00291,Express
O008754,2024-12-13,C00723,Standard
O008755,2024-12-13,C00273,Same Day
O008756,2024-12-13,C00172,Express
O008757,2024-12-13,C01248,Express
O008758,2024-12-13,C01223,Standard
O008759,2024-12-13,C00035,Express
O008760,2024-12-13,C00612,Express
O008761,2024-12-13,C00906,Standard
O008762,2024-12-13,C00644,Standard
O008763,2024-12-13,C01202,Express
O008764,2024-12-13,C01127,Standard
O008765,2024-12-13,C00705,Standard
O008766,2024-12-13,C00959,Express
O008767,2024-12-13,C00212,Express
O008768,2024-12-13,C00417,Express
O008769,2024-12-13,C01226,Express
O008770,2024-12-14,C00122,Standard
O008771,2024-12-14,C01072,Standard
O008772,2024-12-14,C00969,Standard
O008773,2024-12-14,C01334,Standard
O008774,2024-12-14,C00307,Standard
O008775,2024-12-14,C00730,Standard
O008776,2024-12-14,C00305,Express
O008777,2024-12-14,C00375,Standard
O008778,2024-12-14,C00259,Express
O008779,2024-12-14,C01364,Standard
O008780,2024-12-14,C01089,Express
O008781,2024-12-14,C00258,Express
O008782,2024-12-14,C00188,Standard
O008783,2024-12-14,C01293,Same Day
O008784,2024-12-14,C00950,Express
O008785,2024-12-15,C00321,Standard
O008786,2024-12-15,C01061,Express
O008787,2024-12-15,C00055,Standard
O008788,2024-12-15,C00609,Standard
O008789,2024-12-15,C01224,Express
O008790,2024-12-15,C00436,Express
O008791,2024-12-15,C00048,Express
O008792,2024-12-15,C01271,Standard
O008793,2024-12-15,C00382,Standard
O008794,2024-12-15,C00857,Standard
O008795,2024-12-15,C00601,Standard
O008796,2024-12-15,C00093,Standard
O008797,2024-12-15,C00500,Standard
O008798,2024-12-15,C00501,Express
O008799,2024-12-16,C00940,Standard
O008800,2024-12-16,C00331,Standard
O008801,2024-12-16,C01406,Express
O008802,2024-12-16,C01009,Standard
O008803,2024-12-16,C01316,Standard
O008804,2024-12-16,C00507,Standard
O008805,2024-12-16,C00317,Same Day
O008806,2024-12-16,C00839,Express
O008807,2024-12-16,C00930,Standard
O008808,2024-12-16,C01035,Standard
O008809,2024-12-16,C00996,Express
O008810,2024-12-16,C01131,Standard
O008811,2024-12-17,C00605,Same Day
O008812,2024-12-17,C00816,Standard
O008813,2024-12-17,C00640,Standard
O008814,2024-12-17,C01226,Express
O008815,2024-12-17,C01290,Standard
O008816,2024-12-17,C01100,Standard
O008817,2024-12-17,C00971,Standard
O008818,2024-12-17,C00381,Express
O008819,2024-12-17,C00394,Standard
O008820,2024-12-17,C00305,Standard
O008821,2024-12-17,C00699,Standard
O008822,2024-12-17,C00771,Express
O008823,2024-12-18,C00506,Standard
O008824,2024-12-18,C00014,Express
O008825,2024-12-18,C01224,Same Day
O008826,2024-12-18,C01247,Express
O008827,2024-12-18,C00487,Standard
O008828,2024-12-18,C00028,Standard
O008829,2024-12-18,C00258,Standard
O008830,2024-12-18,C01085,Standard
O008831,2024-12-18,C01443,Express
O008832,2024-12-18,C00167,Standard
O008833,2024-12-18,C01151,Standard
O008834,2024-12-18,C00353,Express
O008835,2024-12-18,C00723,Express
O008836,2024-12-19,C00064,Standard
O008837,2024-12-19,C00999,Standard
O008838,2024-12-19,C00762,Standard
O008839,2024-12-19,C01386,Standard
O008840,2024-12-19,C00540,Standard
O008841,2024-12-19,C00956,Express
O008842,2024-12-19,C00924,Same Day
O008843,2024-12-19,C00584,Express
O008844,2024-12-20,C00661,Standard
O008845,2024-12-20,C01043,Standard
O008846,2024-12-20,C00815,Standard
O008847,2024-12-20,C01004,Standard
O008848,2024-12-20,C01047,Standard
O008849,2024-12-20,C00904,Same Day
O008850,2024-12-20,C00125,Standard
O008851,2024-12-20,C00707,Standard
O008852,2024-12-20,C00262,Standard
O008853,2024-12-20,C01230,Standard
O008854,2024-12-21,C01055,Standard
O008855,2024-12-21,C01084,Express
O008856,2024-12-21,C01197,Express
O008857,2024-12-21,C00647,Same Day
O008858,2024-12-21,C00651,Same Day
O008859,2024-12-21,C01055,Express
O008860,2024-12-21,C00683,Standard
O008861,2024-12-21,C00895,Express
O008862,2024-12-21,C00412,Standard
O008863,2024-12-21,C00441,Express
O008864,2024-12-21,C00563,Express
O008865,2024-12-21,C00889,Express
O008866,2024-12-21,C01421,Same Day
O008867,2024-12-22,C00169,Standard
O008868,2024-12-22,C00811,Express
O008869,2024-12-22,C01243,Standard
O008870,2024-12-22,C01231,Express
O008871,2024-12-22,C00076,Standard
O008872,2024-12-22,C00133,Express
O008873,2024-12-22,C01296,Same Day
O008874,2024-12-22,C00758,Standard
O008875,2024-12-22,C01001,Standard
O008876,2024-12-22,C01468,Standard
O008877,2024-12-22,C00118,Same Day
O008878,2024-12-22,C00378,Standard
O008879,2024-12-23,C01282,Express
O008880,2024-12-23,C01135,Standard
O008881,2024-12-23,C00934,Standard
O008882,2024-12-23,C01031,Same Day
O008883,2024-12-23,C01490,Standard
O008884,2024-12-23,C01204,Standard
O008885,2024-12-23,C01260,Same Day
O008886,2024-12-23,C00046,Standard
O008887,2024-12-23,C01014,Express
O008888,2024-12-23,C00795,Express
O008889,2024-12-24,C00033,Standard
O008890,2024-12-24,C01354,Express
O008891,2024-12-24,C01417,Standard
O008892,2024-12-24,C00134,Standard
O008893,2024-12-24,C00107,Express
O008894,2024-12-24,C01168,Standard
O008895,2024-12-24,C00964,Standard
O008896,2024-12-24,C00812,Standard
O008897,2024-12-24,C00875,Express
O008898,2024-12-24,C00651,Standard
O008899,2024-12-24,C00277,Standard
O008900,2024-12-25,C01180,Express
O008901,2024-12-25,C00478,Standard
O008902,2024-12-25,C00131,Express
O008903,2024-12-25,C01084,Standard
O008904,2024-12-25,C01068,Standard
O008905,2024-12-25,C00916,Standard
O008906,2024-12-25,C01165,Express
O008907,2024-12-25,C00911,Standard
O008908,2024-12-25,C00193,Standard
O008909,2024-12-25,C00162,Standard
O008910,2024-12-25,C00122,Standard
O008911,2024-12-25,C01140,Express
O008912,2024-12-25,C00325,Express
O008913,2024-12-26,C00245,Same Day
O008914,2024-12-26,C01061,Standard
O008915,2024-12-26,C00335,Standard
O008916,2024-12-26,C00463,Standard
O008917,2024-12-26,C00659,Standard
O008918,2024-12-26,C00563,Standard
O008919,2024-12-26,C00809,Standard
O008920,2024-12-26,C01046,Standard
O008921,2024-12-26,C01315,Express
O008922,2024-12-26,C00560,Standard
O008923,2024-12-26,C00539,Standard
O008924,2024-12-26,C01206,Standard
O008925,2024-12-26,C00970,Standard
O008926,2024-12-26,C00314,Same Day
O008927,2024-12-27,C01449,Same Day
O008928,2024-12-27,C00345,Express
O008929,2024-12-27,C00998,Express
O008930,2024-12-27,C00812,Standard
O008931,2024-12-27,C00979,Same Day
O008932,2024-12-27,C00517,Same Day
O008933,2024-12-27,C00184,Standard
O008934,2024-12-27,C01389,Express
O008935,2024-12-27,C00332,Standard
O008936,2024-12-27,C01052,Standard
O008937,2024-12-27,C00444,Standard
O008938,2024-12-27,C00049,Express
O008939,2024-12-28,C00425,Express
O008940,2024-12-28,C01222,Standard
O008941,2024-12-28,C00716,Standard
O008942,2024-12-28,C00153,Standard
O008943,2024-12-28,C01244,Express
O008944,2024-12-28,C01415,Standard
O008945,2024-12-28,C01381,Express
O008946,2024-12-28,C00713,Standard
O008947,2024-12-28,C01046,Standard
O008948,2024-12-28,C01186,Standard
O008949,2024-12-28,C01017,Standard
O008950,2024-12-28,C00761,Standard
O008951,2024-12-28,C00173,Standard
O008952,2024-12-28,C00082,Same Day
O008953,2024-12-28,C01339,Standard
O008954,2024-12-28,C00781,Standard
O008955,2024-12-28,C00944,Express
O008956,2024-12-29,C01124,Standard
O008957,2024-12-29,C00921,Standard
O008958,2024-12-29,C00018,Standard
O008959,2024-12-29,C00710,Express
O008960,2024-12-29,C01500,Standard
O008961,2024-12-29,C00240,Express
O008962,2024-12-29,C00351,Same Day
O008963,2024-12-29,C00567,Standard
O008964,2024-12-29,C00341,Standard
O008965,2024-12-29,C01225,Express
O008966,2024-12-29,C00917,Standard
O008967,2024-12-29,C00896,Express
O008968,2024-12-29,C00957,Express
O008969,2024-12-30,C01078,Standard
O008970,2024-12-30,C01443,Standard
O008971,2024-12-30,C00605,Standard
O008972,2024-12-30,C00672,Standard
O008973,2024-12-30,C00639,Standard
O008974,2024-12-30,C00886,Standard
O008975,2024-12-30,C01284,Standard
O008976,2024-12-30,C01378,Standard
O008977,2024-12-30,C00238,Standard
O008978,2024-12-30,C00406,Standard
O008979,2024-12-30,C01425,Standard
O008980,2024-12-30,C00366,Standard
O008981,2024-12-30,C00014,Same Day
O008982,2024-12-31,C00190,Standard
O008983,2024-12-31,C01397,Express
O008984,2024-12-31,C00517,Express
O008985,2024-12-31,C00826,Express
O008986,2024-12-31,C00956,Standard
O008987,2024-12-31,C00719,Same Day
O008988,2024-12-31,C01370,Express
O008989,2024-12-31,C00894,Standard
O008990,2024-12-31,C01297,Express
O008991,2024-12-31,C01297,Express
O008992,2024-12-31,C00585,Standard
O008993,2024-12-31,C01463,Standard
O008994,2024-12-31,C01291,Standard
O008995,2024-12-31,C00471,Standard
O008996,2024-12-31,C00015,Same Day
O008997,2024-12-31,C01195,Express
O008998,2024-12-31,C01027,Express
O008999,2024-12-31,C01107,Standard
O009000,2024-12-31,C00875,Express
O005222,2023-12-01,C00278,Standard
O002976,2023-03-04,C01080,Express
O005787,2024-01-30,C00146,Express
O008592,2024-11-30,C01160,Express
O001322,2022-08-16,C00088,Express
O002227,2022-11-26,C00248,Standard
O006449,2024-04-18,C01405,Same Day
O001730,2022-10-06,C01264,Standard
O005341,2023-12-12,C01339,Standard
O008360,2024-11-11,C00397,Standard
O000083,2022-01-16,C01209,Standard
O002886,2023-02-18,C00933,Standard
O007735,2024-09-17,C00993,Standard
O006712,2024-05-18,C00891,Express
O007836,2024-09-27,C00721,Standard
O003633,2023-06-06,C00433,Express
O000643,2022-04-27,C00480,Same Day
O008162,2024-10-27,C00910,Standard
O005529,2023-12-27,C01424,Standard
O002606,2023-01-03,C01356,Standard
O001064,2022-07-11,C00145,Standard
O007459,2024-08-16,C00838,Same Day
O008867,2024-12-22,C00169,Standard
O002576,2022-12-30,C01009,Standard
O006974,2024-06-21,C01351,Standard
O007790,2024-09-22,C00121,Standard
O006241,2024-03-25,C00897,Standard
O003862,2023-07-08,C01192,Express
O001826,2022-10-17,C00567,Standard
O007705,2024-09-13,C01082,Standard
O004913,2023-11-05,C01436,Express
O003506,2023-05-20,C01331,Express
O006420,2024-04-15,C00323,Express
O005191,2023-11-29,C01014,Express
O005660,2024-01-13,C00915,Express
O007748,2024-09-18,C00365,Standard
O000255,2022-02-18,C00205,Standard
O002210,2022-11-24,C00921,Express
O004427,2023-09-20,C01109,Standard
O003843,2023-07-06,C00075,Express
