customer_id,contract,internet_service,tenure_band,tenure_months,payment_method,monthly_charges,ticket_count,churned,churn_probability,risk_tier
TC-00001,One year,No internet,13-24 months,14,Electronic check,18.0,0,1,0.0388,Low
TC-00002,Two year,Fiber optic,49+ months,72,Electronic check,79.97,0,0,0.0084,Low
TC-00003,Two year,DSL,49+ months,72,Bank transfer,67.39,3,0,0.0062,Low
TC-00004,Month-to-month,No internet,13-24 months,23,Bank transfer,22.73,4,0,0.1808,Medium
TC-00005,Month-to-month,No internet,25-48 months,35,Electronic check,18.0,0,0,0.0673,Low
TC-00006,Two year,Fiber optic,25-48 months,35,Credit card,83.45,4,0,0.0647,Low
TC-00007,Month-to-month,Fiber optic,25-48 months,25,Credit card,90.5,4,1,0.6624,High
TC-00008,Two year,Fiber optic,49+ months,71,Credit card,98.9,1,0,0.0081,Low
TC-00009,Two year,Fiber optic,49+ months,72,Credit card,101.17,2,0,0.005,Low
TC-00010,Month-to-month,No internet,25-48 months,28,Electronic check,18.0,2,0,0.1303,Low
TC-00011,Month-to-month,No internet,49+ months,72,Bank transfer,24.78,2,0,0.0351,Low
TC-00012,Month-to-month,Fiber optic,13-24 months,15,Mailed check,106.78,2,1,0.5988,High
TC-00013,Month-to-month,Fiber optic,25-48 months,42,Bank transfer,81.41,1,1,0.3204,Medium
TC-00014,Month-to-month,No internet,25-48 months,31,Mailed check,21.2,1,0,0.0588,Low
TC-00015,Month-to-month,Fiber optic,13-24 months,15,Mailed check,77.74,0,0,0.5085,High
TC-00016,One year,Fiber optic,25-48 months,30,Bank transfer,98.54,2,0,0.2204,Medium
TC-00017,Two year,DSL,25-48 months,33,Credit card,47.59,1,0,0.0122,Low
TC-00018,Two year,No internet,25-48 months,42,Electronic check,19.72,0,0,0.0048,Low
TC-00019,One year,Fiber optic,49+ months,53,Mailed check,98.58,1,0,0.052,Low
TC-00020,Two year,DSL,25-48 months,44,Mailed check,55.67,3,0,0.0138,Low
TC-00021,Month-to-month,No internet,0-12 months,3,Bank transfer,25.65,2,0,0.2194,Medium
TC-00022,Month-to-month,DSL,13-24 months,17,Electronic check,58.89,1,1,0.3682,Medium
TC-00023,One year,Fiber optic,25-48 months,34,Credit card,89.56,1,0,0.1419,Low
TC-00024,Month-to-month,Fiber optic,13-24 months,23,Electronic check,92.84,2,1,0.7609,High
TC-00025,Month-to-month,Fiber optic,25-48 months,27,Mailed check,111.98,0,0,0.2603,Medium
TC-00026,Month-to-month,Fiber optic,13-24 months,15,Electronic check,103.25,0,1,0.8162,High
TC-00027,Month-to-month,DSL,0-12 months,2,Mailed check,59.51,2,1,0.4055,Medium
TC-00028,Two year,No internet,13-24 months,24,Electronic check,30.87,1,0,0.0129,Low
TC-00029,One year,Fiber optic,25-48 months,40,Electronic check,93.96,1,1,0.1356,Low
TC-00030,Month-to-month,No internet,13-24 months,16,Credit card,18.0,0,0,0.0997,Low
TC-00031,Month-to-month,DSL,25-48 months,36,Credit card,53.57,3,0,0.2662,Medium
TC-00032,Month-to-month,Fiber optic,13-24 months,18,Mailed check,108.15,1,0,0.339,Medium
TC-00033,Month-to-month,Fiber optic,25-48 months,34,Electronic check,89.87,1,1,0.6128,High
TC-00034,Month-to-month,DSL,13-24 months,19,Bank transfer,68.93,2,0,0.2427,Medium
TC-00035,One year,DSL,0-12 months,5,Electronic check,56.54,1,0,0.2093,Medium
TC-00036,Month-to-month,Fiber optic,49+ months,56,Credit card,89.42,0,0,0.1459,Low
TC-00037,Month-to-month,No internet,13-24 months,15,Electronic check,36.24,1,0,0.2838,Medium
TC-00038,Month-to-month,Fiber optic,13-24 months,14,Bank transfer,95.03,0,0,0.292,Medium
TC-00039,Two year,No internet,13-24 months,24,Electronic check,19.77,1,0,0.0079,Low
TC-00040,Month-to-month,Fiber optic,25-48 months,33,Electronic check,85.47,2,1,0.5977,High
TC-00041,Month-to-month,DSL,0-12 months,12,Credit card,57.58,1,0,0.2859,Medium
TC-00042,Two year,Fiber optic,25-48 months,27,Electronic check,79.09,2,0,0.15,Medium
TC-00043,Month-to-month,DSL,0-12 months,9,Credit card,63.64,0,1,0.1798,Medium
TC-00044,Two year,No internet,49+ months,72,Electronic check,26.27,3,0,0.0031,Low
TC-00045,One year,Fiber optic,13-24 months,14,Credit card,82.06,2,0,0.2577,Medium
TC-00046,One year,DSL,25-48 months,34,Electronic check,64.27,1,0,0.0312,Low
TC-00047,Month-to-month,Fiber optic,0-12 months,9,Credit card,110.76,1,1,0.5031,High
TC-00048,Month-to-month,DSL,13-24 months,13,Credit card,60.53,1,0,0.2094,Medium
TC-00049,Month-to-month,DSL,0-12 months,10,Credit card,49.06,0,1,0.2903,Medium
TC-00050,Two year,Fiber optic,49+ months,72,Electronic check,85.11,0,0,0.0176,Low
TC-00051,Month-to-month,DSL,25-48 months,28,Mailed check,72.18,1,0,0.2288,Medium
TC-00052,One year,DSL,13-24 months,15,Bank transfer,65.3,0,0,0.0236,Low
TC-00053,Month-to-month,No internet,13-24 months,19,Bank transfer,33.03,0,0,0.097,Low
TC-00054,Month-to-month,DSL,25-48 months,45,Electronic check,62.23,0,1,0.1535,Medium
TC-00055,Month-to-month,Fiber optic,0-12 months,9,Credit card,70.07,3,0,0.7038,High
TC-00056,Month-to-month,DSL,0-12 months,12,Bank transfer,74.19,0,0,0.179,Medium
TC-00057,Two year,Fiber optic,49+ months,53,Electronic check,95.94,4,0,0.0431,Low
TC-00058,Month-to-month,Fiber optic,0-12 months,3,Bank transfer,80.74,0,0,0.6544,High
TC-00059,Two year,No internet,25-48 months,29,Bank transfer,18.86,1,0,0.0041,Low
TC-00060,One year,No internet,13-24 months,15,Mailed check,31.31,0,0,0.023,Low
TC-00061,One year,Fiber optic,0-12 months,11,Electronic check,99.48,3,1,0.4406,Medium
TC-00062,One year,No internet,13-24 months,18,Electronic check,29.61,1,0,0.0508,Low
TC-00063,One year,No internet,25-48 months,46,Mailed check,27.83,0,0,0.0061,Low
TC-00064,Month-to-month,DSL,0-12 months,4,Mailed check,66.25,2,0,0.2049,Medium
TC-00065,Month-to-month,DSL,49+ months,63,Electronic check,61.27,1,0,0.0688,Low
TC-00066,Month-to-month,Fiber optic,25-48 months,25,Mailed check,96.18,0,0,0.5004,High
TC-00067,Month-to-month,Fiber optic,13-24 months,14,Electronic check,100.24,3,1,0.8645,High
TC-00068,Month-to-month,Fiber optic,0-12 months,12,Electronic check,91.81,0,1,0.6505,High
TC-00069,Two year,DSL,25-48 months,43,Electronic check,62.59,0,0,0.0084,Low
TC-00070,Month-to-month,DSL,49+ months,49,Credit card,74.17,1,1,0.0971,Low
TC-00071,One year,Fiber optic,49+ months,59,Credit card,90.04,3,0,0.0625,Low
TC-00072,Month-to-month,Fiber optic,25-48 months,40,Mailed check,90.17,1,0,0.2712,Medium
TC-00073,Two year,Fiber optic,25-48 months,33,Credit card,101.79,1,0,0.0389,Low
TC-00074,One year,No internet,25-48 months,26,Credit card,19.18,5,0,0.0351,Low
TC-00075,Month-to-month,Fiber optic,49+ months,69,Mailed check,86.2,3,0,0.1467,Low
TC-00076,Two year,Fiber optic,25-48 months,26,Mailed check,86.26,1,0,0.0243,Low
TC-00077,Two year,Fiber optic,13-24 months,21,Electronic check,102.21,2,0,0.1572,Medium
TC-00078,Two year,Fiber optic,49+ months,72,Credit card,99.25,2,0,0.0075,Low
TC-00079,One year,DSL,13-24 months,21,Credit card,57.69,1,0,0.065,Low
TC-00080,Month-to-month,DSL,0-12 months,3,Bank transfer,74.58,2,0,0.2491,Medium
TC-00081,Month-to-month,No internet,13-24 months,13,Credit card,18.0,2,0,0.1889,Medium
TC-00082,Two year,Fiber optic,49+ months,52,Credit card,84.49,1,0,0.0149,Low
TC-00083,One year,DSL,0-12 months,7,Mailed check,65.0,1,0,0.1037,Low
TC-00084,Month-to-month,Fiber optic,13-24 months,15,Credit card,95.41,1,0,0.5102,High
TC-00085,Two year,Fiber optic,49+ months,72,Credit card,72.38,2,0,0.011,Low
TC-00086,One year,DSL,13-24 months,24,Electronic check,59.46,0,1,0.072,Low
TC-00087,One year,No internet,49+ months,63,Credit card,23.75,1,0,0.0062,Low
TC-00088,Month-to-month,No internet,25-48 months,31,Mailed check,27.45,0,0,0.0621,Low
TC-00089,Month-to-month,Fiber optic,25-48 months,31,Electronic check,105.59,1,1,0.4788,Medium
TC-00090,Month-to-month,Fiber optic,13-24 months,18,Credit card,90.32,2,0,0.6085,High
TC-00091,Month-to-month,Fiber optic,13-24 months,21,Electronic check,105.44,0,1,0.7019,High
TC-00092,Two year,No internet,13-24 months,16,Mailed check,23.48,1,0,0.0088,Low
TC-00093,Month-to-month,Fiber optic,25-48 months,25,Mailed check,80.97,0,0,0.2528,Medium
TC-00094,Month-to-month,Fiber optic,0-12 months,11,Electronic check,83.26,1,1,0.7751,High
TC-00095,Month-to-month,No internet,13-24 months,16,Bank transfer,22.49,3,0,0.1669,Medium
TC-00096,One year,Fiber optic,49+ months,66,Credit card,101.23,2,0,0.0715,Low
TC-00097,Month-to-month,Fiber optic,13-24 months,19,Electronic check,96.41,1,1,0.5878,High
TC-00098,Month-to-month,No internet,13-24 months,18,Electronic check,23.88,1,0,0.1491,Medium
TC-00099,Month-to-month,DSL,49+ months,49,Bank transfer,55.01,1,0,0.055,Low
TC-00100,Month-to-month,Fiber optic,13-24 months,14,Credit card,101.77,0,1,0.3162,Medium
TC-00101,Two year,Fiber optic,49+ months,56,Bank transfer,97.79,3,0,0.032,Low
TC-00102,One year,No internet,49+ months,61,Bank transfer,18.0,2,0,0.0064,Low
TC-00103,Month-to-month,Fiber optic,0-12 months,11,Electronic check,98.97,0,0,0.7141,High
TC-00104,Month-to-month,DSL,0-12 months,12,Bank transfer,76.4,0,0,0.2084,Medium
TC-00105,Two year,No internet,49+ months,66,Electronic check,18.16,3,0,0.0032,Low
TC-00106,Month-to-month,DSL,49+ months,57,Bank transfer,80.38,1,0,0.046,Low
TC-00107,One year,DSL,25-48 months,26,Bank transfer,64.07,0,0,0.0648,Low
TC-00108,One year,DSL,25-48 months,35,Electronic check,63.73,0,0,0.0684,Low
TC-00109,Month-to-month,DSL,25-48 months,48,Mailed check,65.42,0,0,0.086,Low
TC-00110,Month-to-month,Fiber optic,25-48 months,33,Electronic check,80.21,3,1,0.6645,High
TC-00111,Two year,Fiber optic,0-12 months,12,Electronic check,87.12,0,0,0.0743,Low
TC-00112,Two year,Fiber optic,49+ months,70,Credit card,86.91,0,0,0.0111,Low
TC-00113,Month-to-month,Fiber optic,25-48 months,39,Bank transfer,81.84,0,1,0.1512,Medium
TC-00114,Two year,Fiber optic,49+ months,65,Bank transfer,94.95,2,0,0.0157,Low
TC-00115,Month-to-month,DSL,25-48 months,34,Electronic check,65.29,3,0,0.2826,Medium
TC-00116,One year,DSL,49+ months,59,Credit card,62.66,3,0,0.0221,Low
TC-00117,Two year,DSL,49+ months,52,Bank transfer,71.84,0,0,0.007,Low
TC-00118,Month-to-month,Fiber optic,0-12 months,12,Credit card,97.54,0,0,0.5957,High
TC-00119,Month-to-month,Fiber optic,0-12 months,8,Credit card,91.44,2,1,0.7686,High
TC-00120,Two year,Fiber optic,49+ months,72,Credit card,60.22,1,0,0.0078,Low
TC-00121,Month-to-month,Fiber optic,25-48 months,27,Bank transfer,92.6,2,1,0.6157,High
TC-00122,One year,Fiber optic,13-24 months,19,Mailed check,96.1,1,0,0.2232,Medium
TC-00123,Two year,No internet,25-48 months,36,Bank transfer,28.24,4,0,0.0099,Low
TC-00124,Month-to-month,DSL,25-48 months,30,Electronic check,71.34,1,0,0.235,Medium
TC-00125,One year,No internet,49+ months,51,Mailed check,18.0,1,0,0.0063,Low
TC-00126,Month-to-month,Fiber optic,49+ months,62,Electronic check,103.73,1,1,0.2539,Medium
TC-00127,Month-to-month,Fiber optic,0-12 months,5,Credit card,90.85,2,0,0.7428,High
TC-00128,Month-to-month,DSL,0-12 months,6,Bank transfer,81.05,2,0,0.5241,High
TC-00129,Month-to-month,Fiber optic,13-24 months,16,Electronic check,105.25,1,0,0.673,High
TC-00130,Month-to-month,No internet,13-24 months,19,Mailed check,18.0,0,0,0.0564,Low
TC-00131,Two year,Fiber optic,49+ months,54,Mailed check,88.46,1,0,0.0115,Low
TC-00132,One year,Fiber optic,49+ months,58,Electronic check,102.63,1,0,0.0893,Low
TC-00133,Month-to-month,Fiber optic,25-48 months,30,Credit card,88.59,2,0,0.3918,Medium
TC-00134,Month-to-month,Fiber optic,0-12 months,2,Mailed check,87.82,3,0,0.7855,High
TC-00135,Two year,Fiber optic,49+ months,72,Bank transfer,92.17,0,0,0.0051,Low
TC-00136,Month-to-month,No internet,0-12 months,10,Electronic check,25.01,0,0,0.2036,Medium
TC-00137,Two year,No internet,25-48 months,43,Credit card,18.0,1,0,0.0025,Low
TC-00138,Month-to-month,Fiber optic,49+ months,55,Credit card,101.7,1,0,0.3376,Medium
TC-00139,Month-to-month,DSL,13-24 months,13,Credit card,70.87,2,1,0.3915,Medium
TC-00140,Two year,DSL,49+ months,67,Credit card,71.67,0,0,0.0023,Low
TC-00141,One year,DSL,49+ months,52,Mailed check,62.62,0,0,0.0112,Low
TC-00142,One year,Fiber optic,13-24 months,20,Electronic check,103.67,2,0,0.2656,Medium
TC-00143,Month-to-month,No internet,13-24 months,17,Electronic check,18.0,2,0,0.1917,Medium
TC-00144,Two year,Fiber optic,49+ months,49,Electronic check,94.15,1,0,0.0346,Low
TC-00145,Month-to-month,No internet,13-24 months,19,Bank transfer,24.45,1,0,0.1142,Low
TC-00146,Two year,Fiber optic,25-48 months,47,Credit card,85.81,2,0,0.0484,Low
TC-00147,Month-to-month,Fiber optic,25-48 months,34,Electronic check,94.97,3,0,0.6147,High
TC-00148,Month-to-month,Fiber optic,13-24 months,19,Credit card,88.61,2,0,0.6196,High
TC-00149,Month-to-month,Fiber optic,13-24 months,18,Credit card,101.32,1,1,0.54,High
TC-00150,Two year,Fiber optic,25-48 months,32,Credit card,83.41,2,0,0.0467,Low
TC-00151,Month-to-month,DSL,13-24 months,23,Electronic check,78.4,0,0,0.3868,Medium
TC-00152,Two year,No internet,49+ months,50,Electronic check,18.0,0,0,0.0024,Low
TC-00153,One year,Fiber optic,49+ months,66,Mailed check,92.19,3,1,0.0634,Low
TC-00154,One year,Fiber optic,25-48 months,27,Mailed check,77.96,1,0,0.119,Low
TC-00155,One year,DSL,13-24 months,21,Electronic check,68.74,0,0,0.1114,Low
TC-00156,Two year,Fiber optic,49+ months,72,Credit card,100.7,0,0,0.0217,Low
TC-00157,Month-to-month,Fiber optic,13-24 months,15,Bank transfer,82.04,0,1,0.5361,High
TC-00158,Month-to-month,DSL,0-12 months,6,Credit card,69.09,0,1,0.2855,Medium
TC-00159,Month-to-month,Fiber optic,25-48 months,26,Mailed check,76.33,1,0,0.4094,Medium
TC-00160,Month-to-month,No internet,13-24 months,20,Credit card,18.62,2,0,0.1814,Medium
TC-00161,Month-to-month,No internet,0-12 months,4,Electronic check,20.77,5,0,0.45,Medium
TC-00162,Two year,No internet,25-48 months,26,Credit card,18.0,3,0,0.0092,Low
TC-00163,Two year,Fiber optic,49+ months,49,Electronic check,81.87,3,0,0.0388,Low
TC-00164,Month-to-month,No internet,13-24 months,20,Electronic check,18.0,2,1,0.1577,Medium
TC-00165,One year,DSL,49+ months,70,Credit card,73.14,0,0,0.0051,Low
TC-00166,Month-to-month,No internet,0-12 months,11,Mailed check,22.33,0,0,0.1107,Low
TC-00167,One year,No internet,25-48 months,38,Bank transfer,33.04,0,0,0.0101,Low
TC-00168,One year,No internet,25-48 months,41,Electronic check,18.0,0,0,0.0136,Low
TC-00169,Month-to-month,Fiber optic,13-24 months,18,Electronic check,75.03,3,0,0.8575,High
TC-00170,Two year,DSL,25-48 months,26,Credit card,62.26,1,0,0.0098,Low
TC-00171,Month-to-month,DSL,0-12 months,5,Mailed check,66.46,0,1,0.4267,Medium
TC-00172,One year,DSL,13-24 months,21,Bank transfer,77.22,0,0,0.0866,Low
TC-00173,One year,DSL,49+ months,62,Credit card,84.06,2,0,0.0185,Low
TC-00174,Month-to-month,No internet,13-24 months,22,Electronic check,23.79,3,0,0.2295,Medium
TC-00175,Month-to-month,No internet,13-24 months,22,Bank transfer,24.13,1,0,0.1021,Low
TC-00176,Month-to-month,DSL,13-24 months,19,Credit card,57.96,2,0,0.3392,Medium
TC-00177,Two year,Fiber optic,49+ months,72,Bank transfer,94.31,2,0,0.0103,Low
TC-00178,Two year,Fiber optic,25-48 months,44,Bank transfer,98.81,3,0,0.0409,Low
TC-00179,One year,Fiber optic,25-48 months,46,Bank transfer,76.6,2,0,0.033,Low
TC-00180,Month-to-month,Fiber optic,13-24 months,16,Electronic check,87.35,1,1,0.6212,High
TC-00181,Two year,Fiber optic,49+ months,72,Bank transfer,95.9,1,0,0.0078,Low
TC-00182,Two year,Fiber optic,13-24 months,22,Electronic check,81.84,1,0,0.0685,Low
TC-00183,Two year,Fiber optic,25-48 months,33,Electronic check,87.55,3,0,0.074,Low
TC-00184,Month-to-month,Fiber optic,49+ months,72,Credit card,89.28,1,0,0.2093,Medium
TC-00185,Two year,No internet,49+ months,60,Credit card,18.0,1,0,0.0018,Low
TC-00186,Month-to-month,No internet,0-12 months,7,Electronic check,18.0,1,0,0.3369,Medium
TC-00187,Month-to-month,No internet,0-12 months,2,Credit card,23.98,0,0,0.1622,Medium
TC-00188,Month-to-month,DSL,13-24 months,13,Electronic check,76.32,0,1,0.4606,Medium
TC-00189,Month-to-month,Fiber optic,25-48 months,43,Mailed check,81.17,1,1,0.1749,Medium
TC-00190,Month-to-month,Fiber optic,0-12 months,7,Credit card,95.57,2,1,0.6724,High
TC-00191,Month-to-month,DSL,13-24 months,24,Electronic check,57.62,4,0,0.4896,High
TC-00192,One year,Fiber optic,25-48 months,44,Credit card,79.15,3,0,0.1231,Low
TC-00193,Month-to-month,DSL,0-12 months,9,Credit card,69.69,1,0,0.3854,Medium
TC-00194,One year,Fiber optic,25-48 months,38,Credit card,81.46,2,0,0.1283,Low
TC-00195,Month-to-month,Fiber optic,0-12 months,11,Electronic check,88.25,0,0,0.6068,High
TC-00196,One year,Fiber optic,0-12 months,5,Electronic check,109.59,1,0,0.26,Medium
TC-00197,Month-to-month,Fiber optic,0-12 months,9,Electronic check,87.67,1,1,0.7591,High
TC-00198,Month-to-month,No internet,13-24 months,20,Electronic check,23.98,1,0,0.2303,Medium
TC-00199,Two year,Fiber optic,49+ months,72,Electronic check,106.82,0,0,0.0193,Low
TC-00200,Month-to-month,DSL,25-48 months,35,Credit card,53.66,2,0,0.217,Medium
TC-00201,Two year,No internet,49+ months,51,Electronic check,32.4,0,0,0.0059,Low
TC-00202,One year,DSL,13-24 months,19,Electronic check,69.7,1,0,0.1429,Low
TC-00203,One year,Fiber optic,49+ months,51,Bank transfer,90.9,1,0,0.0455,Low
TC-00204,Month-to-month,Fiber optic,0-12 months,6,Credit card,89.35,1,0,0.5052,High
TC-00205,One year,Fiber optic,25-48 months,34,Electronic check,96.23,2,0,0.2086,Medium
TC-00206,Month-to-month,No internet,13-24 months,22,Electronic check,18.71,2,1,0.255,Medium
TC-00207,Two year,Fiber optic,49+ months,65,Credit card,93.68,0,0,0.0084,Low
TC-00208,Two year,No internet,25-48 months,31,Credit card,18.0,1,0,0.0034,Low
TC-00209,Two year,No internet,25-48 months,26,Electronic check,30.53,0,0,0.0067,Low
TC-00210,Month-to-month,Fiber optic,0-12 months,3,Bank transfer,93.71,0,0,0.5478,High
TC-00211,Month-to-month,DSL,0-12 months,5,Bank transfer,68.47,1,0,0.2946,Medium
TC-00212,Month-to-month,DSL,13-24 months,24,Bank transfer,74.67,0,0,0.2489,Medium
TC-00213,Month-to-month,Fiber optic,0-12 months,5,Electronic check,93.97,3,1,0.7998,High
TC-00214,One year,Fiber optic,49+ months,72,Bank transfer,95.86,2,0,0.0494,Low
TC-00215,Two year,DSL,25-48 months,47,Bank transfer,68.01,0,0,0.0081,Low
TC-00216,Month-to-month,DSL,13-24 months,15,Electronic check,63.48,0,0,0.2836,Medium
TC-00217,Two year,Fiber optic,49+ months,72,Credit card,91.2,2,0,0.0206,Low
TC-00218,Two year,Fiber optic,25-48 months,48,Credit card,87.86,2,0,0.0493,Low
TC-00219,Month-to-month,Fiber optic,13-24 months,19,Credit card,88.46,1,0,0.6704,High
TC-00220,Two year,Fiber optic,49+ months,61,Mailed check,87.78,0,0,0.0067,Low
TC-00221,Two year,DSL,25-48 months,36,Bank transfer,74.53,1,0,0.0076,Low
TC-00222,Month-to-month,No internet,0-12 months,11,Electronic check,28.34,2,0,0.3113,Medium
TC-00223,One year,Fiber optic,25-48 months,45,Credit card,88.93,0,0,0.097,Low
TC-00224,One year,Fiber optic,49+ months,51,Electronic check,84.26,1,1,0.0856,Low
TC-00225,One year,Fiber optic,49+ months,49,Electronic check,85.51,0,0,0.1249,Low
TC-00226,Month-to-month,No internet,0-12 months,2,Electronic check,29.31,3,0,0.3975,Medium
TC-00227,One year,DSL,13-24 months,24,Electronic check,52.76,0,0,0.039,Low
TC-00228,One year,Fiber optic,25-48 months,42,Electronic check,96.0,0,0,0.112,Low
TC-00229,Two year,No internet,49+ months,57,Mailed check,18.0,0,0,0.0012,Low
TC-00230,Two year,No internet,25-48 months,40,Bank transfer,19.4,0,0,0.0022,Low
TC-00231,Month-to-month,No internet,25-48 months,33,Electronic check,39.38,0,0,0.1247,Low
TC-00232,One year,Fiber optic,25-48 months,44,Mailed check,103.13,2,0,0.0687,Low
TC-00233,Two year,No internet,13-24 months,23,Credit card,19.02,1,0,0.004,Low
TC-00234,Two year,No internet,25-48 months,27,Credit card,35.5,3,0,0.0158,Low
TC-00235,Month-to-month,DSL,0-12 months,8,Credit card,54.93,1,0,0.3894,Medium
TC-00236,Month-to-month,Fiber optic,25-48 months,38,Mailed check,80.27,2,1,0.4942,High
TC-00237,One year,No internet,25-48 months,45,Bank transfer,25.43,1,0,0.0095,Low
TC-00238,Month-to-month,Fiber optic,25-48 months,37,Bank transfer,99.82,1,1,0.2832,Medium
TC-00239,One year,No internet,13-24 months,13,Credit card,26.7,0,0,0.0384,Low
TC-00240,Two year,No internet,13-24 months,21,Electronic check,33.88,1,0,0.0121,Low
TC-00241,Month-to-month,Fiber optic,0-12 months,7,Credit card,94.17,2,1,0.7792,High
TC-00242,Month-to-month,Fiber optic,25-48 months,26,Bank transfer,94.15,0,0,0.4926,High
TC-00243,Month-to-month,Fiber optic,0-12 months,2,Credit card,101.06,0,1,0.6302,High
TC-00244,One year,DSL,25-48 months,48,Electronic check,69.84,2,0,0.035,Low
TC-00245,Month-to-month,DSL,13-24 months,21,Mailed check,67.13,0,0,0.1632,Medium
TC-00246,Month-to-month,DSL,0-12 months,8,Mailed check,66.35,0,1,0.3131,Medium
TC-00247,Month-to-month,Fiber optic,0-12 months,3,Electronic check,85.81,2,1,0.7334,High
TC-00248,One year,DSL,25-48 months,26,Bank transfer,56.19,0,0,0.0515,Low
TC-00249,Two year,Fiber optic,49+ months,72,Electronic check,77.94,2,0,0.0129,Low
TC-00250,Month-to-month,Fiber optic,0-12 months,10,Credit card,76.91,2,0,0.5876,High
TC-00251,Month-to-month,Fiber optic,0-12 months,1,Electronic check,122.42,1,1,0.8002,High
TC-00252,Month-to-month,DSL,25-48 months,26,Credit card,69.11,0,1,0.2459,Medium
TC-00253,Month-to-month,Fiber optic,0-12 months,4,Credit card,94.73,1,1,0.7476,High
TC-00254,Month-to-month,Fiber optic,13-24 months,19,Bank transfer,91.67,0,0,0.5126,High
TC-00255,Month-to-month,DSL,0-12 months,7,Bank transfer,68.45,1,1,0.264,Medium
TC-00256,Month-to-month,Fiber optic,0-12 months,2,Mailed check,84.51,3,1,0.7952,High
TC-00257,Month-to-month,DSL,25-48 months,30,Bank transfer,49.73,3,1,0.286,Medium
TC-00258,One year,DSL,0-12 months,12,Electronic check,70.98,0,0,0.0792,Low
TC-00259,One year,DSL,49+ months,68,Mailed check,70.72,1,0,0.0163,Low
TC-00260,Month-to-month,Fiber optic,13-24 months,22,Credit card,91.2,0,0,0.3528,Medium
TC-00261,Month-to-month,No internet,13-24 months,20,Bank transfer,26.7,1,0,0.1647,Medium
TC-00262,Two year,No internet,49+ months,57,Bank transfer,20.62,1,0,0.002,Low
TC-00263,Month-to-month,DSL,13-24 months,22,Electronic check,87.27,0,0,0.312,Medium
TC-00264,Month-to-month,No internet,25-48 months,31,Mailed check,18.0,0,0,0.0428,Low
TC-00265,Month-to-month,No internet,0-12 months,8,Electronic check,25.41,1,0,0.3425,Medium
TC-00266,Month-to-month,Fiber optic,0-12 months,5,Bank transfer,83.51,0,0,0.488,Medium
TC-00267,Two year,Fiber optic,25-48 months,27,Credit card,94.06,3,0,0.1133,Low
TC-00268,Month-to-month,Fiber optic,25-48 months,34,Credit card,81.3,0,0,0.3823,Medium
TC-00269,Month-to-month,DSL,13-24 months,14,Mailed check,68.46,0,1,0.3022,Medium
TC-00270,Two year,DSL,25-48 months,26,Mailed check,75.74,1,0,0.0056,Low
TC-00271,One year,Fiber optic,13-24 months,14,Bank transfer,87.48,0,0,0.1566,Medium
TC-00272,Month-to-month,Fiber optic,13-24 months,15,Electronic check,97.54,0,0,0.4229,Medium
TC-00273,Month-to-month,DSL,25-48 months,45,Credit card,64.06,1,0,0.1041,Low
TC-00274,Two year,Fiber optic,49+ months,55,Mailed check,77.45,0,0,0.0166,Low
TC-00275,Month-to-month,Fiber optic,25-48 months,27,Mailed check,106.51,1,0,0.4678,Medium
TC-00276,One year,No internet,25-48 months,37,Bank transfer,20.4,1,0,0.0126,Low
TC-00277,Month-to-month,DSL,13-24 months,16,Bank transfer,58.21,0,0,0.2579,Medium
TC-00278,One year,DSL,25-48 months,34,Bank transfer,70.92,0,0,0.0343,Low
TC-00279,Two year,Fiber optic,49+ months,72,Electronic check,80.41,3,0,0.0279,Low
TC-00280,Two year,No internet,49+ months,71,Electronic check,22.61,2,0,0.0024,Low
TC-00281,One year,Fiber optic,0-12 months,12,Bank transfer,90.06,2,0,0.288,Medium
TC-00282,Month-to-month,DSL,0-12 months,6,Electronic check,48.11,2,0,0.6416,High
TC-00283,Month-to-month,Fiber optic,0-12 months,4,Credit card,96.52,0,1,0.6931,High
TC-00284,Month-to-month,DSL,13-24 months,18,Credit card,67.59,1,0,0.2376,Medium
TC-00285,One year,DSL,25-48 months,47,Credit card,56.91,1,0,0.0215,Low
TC-00286,Month-to-month,No internet,25-48 months,32,Bank transfer,32.43,2,0,0.0911,Low
TC-00287,Month-to-month,DSL,0-12 months,10,Electronic check,55.87,1,0,0.5258,High
TC-00288,Month-to-month,No internet,0-12 months,4,Electronic check,18.0,0,1,0.1987,Medium
TC-00289,One year,Fiber optic,25-48 months,41,Bank transfer,83.03,2,0,0.0885,Low
TC-00290,Two year,DSL,49+ months,72,Electronic check,76.15,1,0,0.0049,Low
TC-00291,Month-to-month,Fiber optic,13-24 months,13,Electronic check,103.01,0,0,0.4975,High
TC-00292,Month-to-month,No internet,13-24 months,18,Electronic check,23.69,1,0,0.1871,Medium
TC-00293,Two year,Fiber optic,25-48 months,30,Electronic check,87.02,1,0,0.0955,Low
TC-00294,One year,Fiber optic,13-24 months,23,Mailed check,83.18,4,0,0.31,Medium
TC-00295,One year,DSL,25-48 months,46,Electronic check,66.83,1,0,0.0596,Low
TC-00296,Two year,DSL,49+ months,58,Mailed check,56.33,0,0,0.0047,Low
TC-00297,Two year,Fiber optic,49+ months,72,Bank transfer,103.11,1,0,0.0069,Low
TC-00298,Two year,Fiber optic,49+ months,67,Electronic check,96.52,2,0,0.0316,Low
TC-00299,Two year,Fiber optic,13-24 months,23,Electronic check,87.08,1,0,0.1366,Low
TC-00300,Month-to-month,Fiber optic,13-24 months,13,Credit card,86.27,0,1,0.4091,Medium
TC-00301,One year,Fiber optic,13-24 months,21,Credit card,77.81,1,0,0.2286,Medium
TC-00302,Month-to-month,Fiber optic,0-12 months,5,Bank transfer,86.01,1,1,0.6559,High
TC-00303,One year,Fiber optic,0-12 months,11,Credit card,108.51,2,1,0.2755,Medium
TC-00304,One year,DSL,25-48 months,28,Mailed check,57.72,2,0,0.0722,Low
TC-00305,One year,Fiber optic,13-24 months,18,Mailed check,104.91,1,0,0.2435,Medium
TC-00306,Month-to-month,DSL,49+ months,53,Electronic check,60.61,1,0,0.1191,Low
TC-00307,Month-to-month,DSL,0-12 months,11,Electronic check,68.08,4,1,0.7295,High
TC-00308,Month-to-month,DSL,0-12 months,9,Electronic check,70.48,1,0,0.4238,Medium
TC-00309,Month-to-month,Fiber optic,0-12 months,3,Mailed check,77.9,2,1,0.7557,High
TC-00310,Two year,No internet,49+ months,55,Electronic check,20.29,1,0,0.0026,Low
TC-00311,Month-to-month,DSL,13-24 months,17,Credit card,56.98,2,1,0.4634,Medium
TC-00312,Month-to-month,Fiber optic,0-12 months,7,Electronic check,92.08,1,1,0.7915,High
TC-00313,Month-to-month,Fiber optic,13-24 months,21,Electronic check,85.61,3,0,0.6043,High
TC-00314,One year,DSL,25-48 months,35,Bank transfer,93.23,1,0,0.0802,Low
TC-00315,Month-to-month,No internet,0-12 months,9,Mailed check,18.0,2,0,0.1649,Medium
TC-00316,Two year,Fiber optic,25-48 months,35,Electronic check,91.95,0,0,0.0374,Low
TC-00317,Two year,Fiber optic,49+ months,72,Electronic check,88.15,1,0,0.0287,Low
TC-00318,Month-to-month,Fiber optic,13-24 months,13,Mailed check,91.24,1,0,0.4969,High
TC-00319,Month-to-month,Fiber optic,0-12 months,1,Bank transfer,94.1,2,1,0.8655,High
TC-00320,Two year,Fiber optic,25-48 months,33,Credit card,86.82,5,0,0.1254,Low
TC-00321,Two year,No internet,25-48 months,42,Credit card,19.24,1,0,0.0026,Low
TC-00322,Month-to-month,No internet,13-24 months,20,Electronic check,22.36,0,0,0.1207,Low
TC-00323,One year,Fiber optic,49+ months,61,Bank transfer,87.14,2,0,0.0438,Low
TC-00324,Two year,No internet,13-24 months,17,Credit card,21.74,0,0,0.0061,Low
TC-00325,Two year,DSL,25-48 months,36,Bank transfer,64.57,0,0,0.0175,Low
TC-00326,Month-to-month,Fiber optic,0-12 months,9,Mailed check,93.75,2,1,0.6924,High
TC-00327,Month-to-month,Fiber optic,13-24 months,21,Electronic check,108.08,3,1,0.7426,High
TC-00328,Two year,Fiber optic,49+ months,67,Bank transfer,101.32,1,0,0.0072,Low
TC-00329,Month-to-month,DSL,25-48 months,37,Mailed check,43.36,2,0,0.2067,Medium
TC-00330,Month-to-month,DSL,25-48 months,25,Electronic check,60.32,0,0,0.1968,Medium
TC-00331,One year,Fiber optic,0-12 months,11,Credit card,74.01,3,0,0.32,Medium
TC-00332,Month-to-month,Fiber optic,13-24 months,19,Electronic check,95.05,3,1,0.8177,High
TC-00333,One year,No internet,49+ months,72,Credit card,18.73,1,0,0.0027,Low
TC-00334,Month-to-month,Fiber optic,0-12 months,8,Credit card,99.46,1,1,0.8118,High
TC-00335,Two year,Fiber optic,0-12 months,3,Mailed check,98.38,4,1,0.1548,Medium
TC-00336,Month-to-month,DSL,13-24 months,13,Bank transfer,60.77,1,0,0.3268,Medium
TC-00337,Two year,Fiber optic,13-24 months,21,Mailed check,91.91,3,0,0.1095,Low
TC-00338,Month-to-month,Fiber optic,0-12 months,9,Electronic check,85.12,0,0,0.5018,High
TC-00339,Month-to-month,No internet,25-48 months,34,Electronic check,29.8,1,0,0.1151,Low
TC-00340,Month-to-month,Fiber optic,0-12 months,2,Credit card,105.54,2,1,0.7071,High
TC-00341,Month-to-month,Fiber optic,25-48 months,30,Electronic check,84.37,2,1,0.6656,High
TC-00342,Month-to-month,DSL,0-12 months,7,Electronic check,61.72,1,1,0.3697,Medium
TC-00343,One year,No internet,25-48 months,29,Credit card,18.0,2,0,0.0194,Low
TC-00344,Month-to-month,DSL,0-12 months,3,Electronic check,56.62,0,0,0.4935,High
TC-00345,Month-to-month,No internet,0-12 months,6,Electronic check,18.0,2,0,0.277,Medium
TC-00346,Two year,Fiber optic,49+ months,54,Credit card,98.14,0,0,0.0174,Low
TC-00347,Two year,DSL,49+ months,72,Electronic check,62.34,2,0,0.0078,Low
TC-00348,Two year,Fiber optic,25-48 months,44,Bank transfer,76.1,0,0,0.0233,Low
TC-00349,Month-to-month,DSL,25-48 months,46,Credit card,63.43,1,0,0.0807,Low
TC-00350,Month-to-month,No internet,25-48 months,28,Electronic check,31.19,1,0,0.155,Medium
TC-00351,Month-to-month,Fiber optic,25-48 months,32,Bank transfer,93.67,2,0,0.2866,Medium
TC-00352,Month-to-month,DSL,25-48 months,25,Mailed check,54.93,0,0,0.1893,Medium
TC-00353,Month-to-month,DSL,0-12 months,8,Credit card,78.7,0,0,0.1356,Low
TC-00354,Month-to-month,DSL,49+ months,53,Credit card,55.88,0,0,0.0673,Low
TC-00355,Month-to-month,Fiber optic,49+ months,69,Electronic check,89.41,0,0,0.1924,Medium
TC-00356,Month-to-month,DSL,0-12 months,4,Electronic check,69.56,1,0,0.582,High
TC-00357,Two year,DSL,49+ months,72,Credit card,68.27,0,0,0.0045,Low
TC-00358,Month-to-month,Fiber optic,13-24 months,13,Electronic check,93.64,0,0,0.6066,High
TC-00359,Month-to-month,DSL,13-24 months,14,Electronic check,55.63,0,0,0.3416,Medium
TC-00360,One year,No internet,13-24 months,13,Electronic check,29.15,1,0,0.0445,Low
TC-00361,Month-to-month,No internet,13-24 months,15,Mailed check,18.0,3,0,0.1534,Medium
TC-00362,Month-to-month,DSL,13-24 months,17,Electronic check,66.47,2,1,0.3335,Medium
TC-00363,Month-to-month,Fiber optic,13-24 months,15,Electronic check,96.56,2,1,0.6944,High
TC-00364,Month-to-month,No internet,0-12 months,3,Credit card,27.51,0,0,0.1425,Low
TC-00365,One year,Fiber optic,49+ months,58,Bank transfer,94.22,0,0,0.0422,Low
TC-00366,Month-to-month,DSL,0-12 months,3,Bank transfer,56.23,1,0,0.4374,Medium
TC-00367,Month-to-month,DSL,0-12 months,11,Electronic check,79.5,1,0,0.5624,High
TC-00368,Two year,Fiber optic,49+ months,71,Bank transfer,90.53,2,0,0.0089,Low
TC-00369,Two year,DSL,25-48 months,39,Bank transfer,59.9,1,0,0.0117,Low
TC-00370,Month-to-month,No internet,25-48 months,25,Credit card,25.4,0,0,0.1184,Low
TC-00371,Month-to-month,DSL,0-12 months,1,Bank transfer,72.28,0,0,0.3273,Medium
TC-00372,Month-to-month,DSL,13-24 months,18,Mailed check,75.51,1,0,0.2178,Medium
TC-00373,Two year,Fiber optic,49+ months,60,Electronic check,99.26,2,0,0.0252,Low
TC-00374,Two year,Fiber optic,25-48 months,38,Mailed check,97.99,2,0,0.0239,Low
TC-00375,Month-to-month,Fiber optic,13-24 months,19,Bank transfer,90.36,2,1,0.6537,High
TC-00376,Two year,No internet,25-48 months,42,Electronic check,18.0,1,0,0.0043,Low
TC-00377,Month-to-month,Fiber optic,0-12 months,3,Credit card,95.99,0,1,0.7315,High
TC-00378,Month-to-month,Fiber optic,13-24 months,14,Mailed check,92.28,3,1,0.7914,High
TC-00379,Month-to-month,DSL,25-48 months,25,Bank transfer,71.07,0,0,0.1376,Low
TC-00380,Two year,Fiber optic,49+ months,65,Credit card,103.27,0,0,0.0097,Low
TC-00381,Month-to-month,Fiber optic,13-24 months,21,Credit card,93.88,0,1,0.5313,High
TC-00382,Month-to-month,DSL,0-12 months,8,Credit card,65.56,0,1,0.2345,Medium
TC-00383,One year,DSL,25-48 months,36,Electronic check,76.63,2,0,0.1181,Low
TC-00384,Month-to-month,DSL,13-24 months,14,Electronic check,61.1,1,1,0.4264,Medium
TC-00385,Month-to-month,DSL,0-12 months,9,Mailed check,78.95,0,0,0.1344,Low
TC-00386,Month-to-month,No internet,25-48 months,34,Bank transfer,24.4,1,0,0.0936,Low
TC-00387,Two year,No internet,25-48 months,30,Electronic check,28.2,0,0,0.0076,Low
TC-00388,Two year,Fiber optic,49+ months,66,Electronic check,85.05,4,0,0.0448,Low
TC-00389,Two year,DSL,25-48 months,39,Bank transfer,62.72,1,0,0.0082,Low
TC-00390,Two year,No internet,25-48 months,28,Electronic check,21.51,1,0,0.0088,Low
TC-00391,One year,No internet,13-24 months,23,Bank transfer,21.53,2,0,0.0275,Low
TC-00392,Two year,Fiber optic,25-48 months,30,Bank transfer,82.95,3,0,0.0807,Low
TC-00393,One year,DSL,25-48 months,41,Mailed check,44.56,0,0,0.0198,Low
TC-00394,One year,Fiber optic,25-48 months,27,Credit card,92.11,0,0,0.1625,Medium
TC-00395,Month-to-month,Fiber optic,0-12 months,4,Bank transfer,95.8,4,1,0.7489,High
TC-00396,Month-to-month,DSL,0-12 months,5,Electronic check,58.77,3,1,0.5086,High
TC-00397,One year,DSL,25-48 months,45,Bank transfer,63.28,0,0,0.0293,Low
TC-00398,Month-to-month,Fiber optic,13-24 months,23,Credit card,96.12,2,0,0.4709,Medium
TC-00399,Two year,DSL,25-48 months,36,Electronic check,60.84,0,0,0.0243,Low
TC-00400,One year,DSL,13-24 months,19,Bank transfer,66.07,0,1,0.0295,Low
TC-00401,Month-to-month,Fiber optic,49+ months,67,Bank transfer,97.84,0,0,0.1849,Medium
TC-00402,Two year,Fiber optic,49+ months,59,Mailed check,94.38,1,0,0.0107,Low
TC-00403,Month-to-month,DSL,0-12 months,11,Credit card,66.9,1,0,0.31,Medium
TC-00404,Month-to-month,No internet,0-12 months,10,Bank transfer,21.1,0,0,0.1207,Low
TC-00405,Month-to-month,Fiber optic,49+ months,50,Mailed check,101.79,0,0,0.1806,Medium
TC-00406,Two year,Fiber optic,25-48 months,25,Mailed check,85.67,0,0,0.0396,Low
TC-00407,One year,DSL,13-24 months,18,Electronic check,54.83,0,0,0.0794,Low
TC-00408,Two year,Fiber optic,49+ months,54,Credit card,91.52,2,0,0.0362,Low
TC-00409,Month-to-month,Fiber optic,0-12 months,6,Electronic check,109.37,2,1,0.7039,High
TC-00410,Two year,Fiber optic,25-48 months,28,Electronic check,90.92,3,0,0.1616,Medium
TC-00411,One year,No internet,25-48 months,30,Electronic check,25.09,2,0,0.0281,Low
TC-00412,One year,No internet,25-48 months,45,Electronic check,28.13,0,0,0.0252,Low
TC-00413,Two year,Fiber optic,49+ months,63,Mailed check,82.46,0,0,0.0096,Low
TC-00414,Month-to-month,No internet,0-12 months,2,Credit card,28.49,0,0,0.2276,Medium
TC-00415,Month-to-month,No internet,0-12 months,8,Mailed check,30.05,0,0,0.1043,Low
TC-00416,One year,DSL,25-48 months,31,Electronic check,66.8,1,0,0.0777,Low
TC-00417,Two year,DSL,49+ months,58,Credit card,60.72,0,0,0.0015,Low
TC-00418,Month-to-month,DSL,0-12 months,8,Electronic check,61.57,0,0,0.286,Medium
TC-00419,One year,Fiber optic,25-48 months,38,Electronic check,91.52,0,1,0.1078,Low
TC-00420,Month-to-month,DSL,25-48 months,31,Electronic check,55.82,2,0,0.2149,Medium
TC-00421,One year,Fiber optic,25-48 months,35,Electronic check,90.65,3,0,0.442,Medium
TC-00422,Two year,DSL,13-24 months,20,Credit card,62.06,2,0,0.0271,Low
TC-00423,Month-to-month,Fiber optic,0-12 months,3,Credit card,86.89,1,1,0.7445,High
TC-00424,One year,No internet,13-24 months,17,Mailed check,19.34,2,0,0.0463,Low
TC-00425,Month-to-month,DSL,25-48 months,29,Bank transfer,73.71,0,0,0.2948,Medium
TC-00426,Two year,Fiber optic,49+ months,72,Electronic check,97.96,2,0,0.0168,Low
TC-00427,Month-to-month,Fiber optic,13-24 months,16,Mailed check,103.56,0,1,0.4518,Medium
TC-00428,Month-to-month,Fiber optic,25-48 months,25,Mailed check,97.23,1,1,0.3747,Medium
TC-00429,One year,Fiber optic,25-48 months,38,Bank transfer,93.06,2,0,0.1049,Low
TC-00430,Month-to-month,No internet,13-24 months,16,Electronic check,18.0,1,0,0.1368,Low
TC-00431,One year,DSL,49+ months,68,Credit card,67.13,0,0,0.009,Low
TC-00432,Month-to-month,DSL,25-48 months,27,Electronic check,66.84,5,1,0.4548,Medium
TC-00433,One year,Fiber optic,49+ months,72,Mailed check,106.93,1,0,0.018,Low
TC-00434,One year,Fiber optic,49+ months,67,Electronic check,88.92,1,1,0.1055,Low
TC-00435,Two year,Fiber optic,25-48 months,38,Credit card,109.52,1,0,0.0309,Low
TC-00436,Month-to-month,Fiber optic,49+ months,69,Credit card,108.38,1,0,0.13,Low
TC-00437,Month-to-month,DSL,0-12 months,4,Credit card,55.9,2,0,0.4377,Medium
TC-00438,One year,No internet,13-24 months,18,Credit card,18.0,0,0,0.0214,Low
TC-00439,One year,DSL,13-24 months,16,Mailed check,55.65,2,0,0.1235,Low
TC-00440,Month-to-month,Fiber optic,49+ months,66,Electronic check,92.49,1,0,0.3429,Medium
TC-00441,One year,DSL,25-48 months,44,Electronic check,71.46,0,0,0.0278,Low
TC-00442,Month-to-month,DSL,0-12 months,7,Mailed check,59.9,2,0,0.3944,Medium
TC-00443,Month-to-month,DSL,25-48 months,25,Credit card,51.57,2,0,0.2445,Medium
TC-00444,Two year,Fiber optic,25-48 months,47,Bank transfer,87.81,2,0,0.0401,Low
TC-00445,Month-to-month,DSL,0-12 months,8,Electronic check,53.64,1,0,0.4825,Medium
TC-00446,Month-to-month,No internet,13-24 months,19,Electronic check,20.17,0,1,0.1271,Low
TC-00447,One year,Fiber optic,25-48 months,41,Electronic check,85.12,4,0,0.1859,Medium
TC-00448,One year,DSL,25-48 months,44,Bank transfer,82.51,0,0,0.0222,Low
TC-00449,One year,Fiber optic,25-48 months,28,Mailed check,86.48,4,1,0.3018,Medium
TC-00450,Two year,Fiber optic,25-48 months,35,Credit card,79.37,1,0,0.0453,Low
TC-00451,Month-to-month,DSL,0-12 months,5,Bank transfer,67.51,1,0,0.2823,Medium
TC-00452,One year,Fiber optic,25-48 months,28,Mailed check,97.47,2,0,0.2341,Medium
TC-00453,Two year,Fiber optic,49+ months,72,Bank transfer,97.21,1,0,0.0102,Low
TC-00454,One year,Fiber optic,13-24 months,13,Bank transfer,88.81,2,0,0.2398,Medium
TC-00455,One year,Fiber optic,13-24 months,19,Credit card,86.22,1,1,0.2593,Medium
TC-00456,Month-to-month,Fiber optic,25-48 months,42,Bank transfer,78.48,2,1,0.3497,Medium
TC-00457,One year,Fiber optic,0-12 months,10,Bank transfer,93.7,0,1,0.1971,Medium
TC-00458,Month-to-month,Fiber optic,0-12 months,10,Mailed check,85.28,4,0,0.7786,High
TC-00459,One year,DSL,25-48 months,26,Electronic check,73.77,3,0,0.0977,Low
TC-00460,Month-to-month,DSL,0-12 months,9,Electronic check,75.1,3,1,0.7424,High
TC-00461,Month-to-month,No internet,13-24 months,15,Electronic check,28.55,0,1,0.128,Low
TC-00462,One year,Fiber optic,49+ months,51,Electronic check,83.25,1,0,0.1123,Low
TC-00463,Month-to-month,No internet,13-24 months,23,Electronic check,22.77,0,0,0.1268,Low
TC-00464,Month-to-month,No internet,13-24 months,18,Bank transfer,22.87,1,0,0.0992,Low
TC-00465,Two year,No internet,25-48 months,28,Credit card,22.21,0,0,0.0033,Low
TC-00466,Month-to-month,DSL,13-24 months,19,Credit card,62.2,1,1,0.3245,Medium
TC-00467,Two year,DSL,25-48 months,31,Mailed check,74.14,0,0,0.0071,Low
TC-00468,Two year,No internet,25-48 months,42,Credit card,26.16,0,0,0.003,Low
TC-00469,Month-to-month,Fiber optic,0-12 months,4,Bank transfer,94.57,3,1,0.8185,High
TC-00470,One year,Fiber optic,13-24 months,23,Credit card,91.54,2,0,0.184,Medium
TC-00471,Month-to-month,DSL,25-48 months,33,Bank transfer,66.37,2,1,0.2424,Medium
TC-00472,Month-to-month,Fiber optic,0-12 months,6,Electronic check,98.8,1,1,0.7261,High
TC-00473,Two year,DSL,49+ months,72,Credit card,56.31,3,0,0.0038,Low
TC-00474,One year,DSL,25-48 months,37,Bank transfer,63.24,0,0,0.0339,Low
TC-00475,One year,Fiber optic,13-24 months,18,Mailed check,72.95,1,0,0.1858,Medium
TC-00476,One year,No internet,13-24 months,17,Electronic check,21.43,0,0,0.034,Low
TC-00477,One year,Fiber optic,25-48 months,46,Electronic check,96.84,2,0,0.0882,Low
TC-00478,One year,No internet,49+ months,63,Electronic check,35.08,3,0,0.0118,Low
TC-00479,Month-to-month,Fiber optic,0-12 months,6,Electronic check,89.43,2,0,0.8421,High
TC-00480,Month-to-month,DSL,25-48 months,40,Bank transfer,68.33,1,0,0.0907,Low
TC-00481,Month-to-month,Fiber optic,13-24 months,21,Electronic check,88.3,4,1,0.737,High
TC-00482,Month-to-month,DSL,0-12 months,11,Electronic check,75.55,0,0,0.1916,Medium
TC-00483,Month-to-month,Fiber optic,0-12 months,5,Electronic check,98.33,0,1,0.7911,High
TC-00484,Two year,No internet,13-24 months,14,Credit card,22.08,1,0,0.0079,Low
TC-00485,Month-to-month,No internet,0-12 months,8,Mailed check,18.0,1,0,0.0996,Low
TC-00486,Month-to-month,DSL,49+ months,71,Bank transfer,67.04,0,0,0.0513,Low
TC-00487,Month-to-month,Fiber optic,13-24 months,20,Mailed check,87.55,0,1,0.3353,Medium
TC-00488,One year,Fiber optic,25-48 months,35,Bank transfer,89.13,1,0,0.1512,Medium
TC-00489,Two year,DSL,25-48 months,27,Credit card,70.54,0,0,0.0082,Low
TC-00490,Two year,Fiber optic,49+ months,72,Credit card,93.15,0,0,0.0034,Low
TC-00491,Month-to-month,DSL,13-24 months,21,Electronic check,67.74,1,1,0.4122,Medium
TC-00492,Month-to-month,DSL,0-12 months,6,Bank transfer,69.02,0,0,0.2408,Medium
TC-00493,Two year,No internet,49+ months,58,Credit card,30.69,1,0,0.0034,Low
TC-00494,Month-to-month,DSL,0-12 months,11,Electronic check,74.7,0,0,0.5912,High
TC-00495,One year,Fiber optic,25-48 months,41,Bank transfer,86.82,1,1,0.1793,Medium
TC-00496,Month-to-month,DSL,0-12 months,12,Mailed check,71.61,0,1,0.2899,Medium
TC-00497,Two year,Fiber optic,25-48 months,39,Electronic check,99.48,2,0,0.0657,Low
TC-00498,Month-to-month,DSL,0-12 months,9,Bank transfer,53.2,4,0,0.5428,High
TC-00499,Month-to-month,No internet,0-12 months,11,Credit card,23.33,0,0,0.0973,Low
TC-00500,Month-to-month,DSL,13-24 months,18,Electronic check,59.15,1,1,0.4154,Medium
TC-00501,Month-to-month,Fiber optic,0-12 months,12,Bank transfer,99.25,3,0,0.7882,High
TC-00502,Two year,No internet,49+ months,72,Mailed check,28.05,0,0,0.0006,Low
TC-00503,Two year,DSL,25-48 months,34,Electronic check,50.98,2,0,0.0206,Low
TC-00504,Month-to-month,DSL,0-12 months,11,Electronic check,61.41,0,0,0.1926,Medium
TC-00505,Two year,No internet,25-48 months,47,Mailed check,23.84,0,0,0.0016,Low
TC-00506,Month-to-month,Fiber optic,25-48 months,41,Bank transfer,84.8,2,0,0.4528,Medium
TC-00507,Month-to-month,Fiber optic,0-12 months,10,Credit card,78.41,4,1,0.7986,High
TC-00508,Month-to-month,Fiber optic,0-12 months,4,Electronic check,76.53,2,1,0.8184,High
TC-00509,Month-to-month,No internet,0-12 months,7,Electronic check,20.46,1,0,0.243,Medium
TC-00510,Month-to-month,No internet,0-12 months,12,Electronic check,18.0,2,1,0.2176,Medium
TC-00511,One year,No internet,49+ months,61,Mailed check,34.21,1,0,0.0066,Low
TC-00512,Two year,No internet,25-48 months,47,Credit card,20.95,1,0,0.0025,Low
TC-00513,Month-to-month,No internet,13-24 months,17,Electronic check,27.57,1,0,0.1997,Medium
TC-00514,One year,Fiber optic,0-12 months,5,Electronic check,71.8,5,1,0.6247,High
TC-00515,Two year,Fiber optic,49+ months,70,Electronic check,98.19,1,0,0.0165,Low
TC-00516,Month-to-month,Fiber optic,0-12 months,8,Credit card,87.81,1,1,0.4753,Medium
TC-00517,Month-to-month,Fiber optic,25-48 months,46,Credit card,98.7,1,0,0.2776,Medium
TC-00518,One year,DSL,13-24 months,24,Credit card,56.62,3,0,0.106,Low
TC-00519,Month-to-month,DSL,49+ months,72,Mailed check,69.71,1,0,0.0248,Low
TC-00520,One year,Fiber optic,13-24 months,21,Credit card,96.49,1,0,0.1752,Medium
TC-00521,Month-to-month,Fiber optic,0-12 months,7,Electronic check,90.04,2,1,0.8019,High
TC-00522,One year,Fiber optic,49+ months,50,Credit card,98.11,3,0,0.1233,Low
TC-00523,Month-to-month,Fiber optic,0-12 months,6,Mailed check,101.11,1,1,0.6989,High
TC-00524,Month-to-month,Fiber optic,13-24 months,23,Mailed check,104.32,0,0,0.4874,Medium
TC-00525,Month-to-month,DSL,0-12 months,1,Bank transfer,70.46,1,1,0.4722,Medium
TC-00526,One year,DSL,25-48 months,43,Mailed check,53.25,1,0,0.0313,Low
TC-00527,Month-to-month,Fiber optic,13-24 months,18,Bank transfer,90.83,1,1,0.4341,Medium
TC-00528,Two year,Fiber optic,25-48 months,27,Credit card,88.15,3,0,0.0874,Low
TC-00529,Month-to-month,Fiber optic,0-12 months,4,Electronic check,82.58,2,1,0.8784,High
TC-00530,Month-to-month,DSL,49+ months,72,Mailed check,86.45,1,0,0.0423,Low
TC-00531,Month-to-month,No internet,0-12 months,4,Credit card,18.83,1,0,0.141,Low
TC-00532,Month-to-month,Fiber optic,13-24 months,18,Electronic check,98.04,0,1,0.5557,High
TC-00533,Month-to-month,Fiber optic,0-12 months,4,Electronic check,101.73,2,1,0.7431,High
TC-00534,Two year,No internet,49+ months,69,Bank transfer,28.15,0,0,0.0011,Low
TC-00535,One year,DSL,25-48 months,34,Bank transfer,57.29,2,0,0.0301,Low
TC-00536,Month-to-month,Fiber optic,0-12 months,3,Mailed check,90.42,0,1,0.507,High
TC-00537,Month-to-month,DSL,13-24 months,13,Credit card,68.21,0,0,0.299,Medium
TC-00538,Month-to-month,Fiber optic,13-24 months,22,Mailed check,100.96,1,1,0.5279,High
TC-00539,Two year,No internet,25-48 months,44,Bank transfer,18.0,4,0,0.0064,Low
TC-00540,Month-to-month,No internet,25-48 months,31,Mailed check,20.0,1,0,0.0673,Low
TC-00541,Two year,DSL,49+ months,69,Electronic check,61.15,0,0,0.0053,Low
TC-00542,One year,No internet,0-12 months,9,Credit card,18.0,1,0,0.0374,Low
TC-00543,One year,Fiber optic,0-12 months,12,Credit card,84.25,1,1,0.3032,Medium
TC-00544,Two year,DSL,49+ months,72,Credit card,59.0,1,0,0.0027,Low
TC-00545,One year,DSL,25-48 months,35,Bank transfer,63.33,0,0,0.021,Low
TC-00546,Month-to-month,DSL,25-48 months,25,Bank transfer,73.17,4,1,0.4438,Medium
TC-00547,Month-to-month,No internet,13-24 months,15,Credit card,22.22,0,0,0.0997,Low
TC-00548,Month-to-month,Fiber optic,13-24 months,19,Credit card,90.9,1,0,0.6353,High
TC-00549,Month-to-month,Fiber optic,13-24 months,15,Electronic check,89.84,2,1,0.8154,High
TC-00550,Month-to-month,DSL,13-24 months,24,Electronic check,69.36,2,1,0.3028,Medium
TC-00551,Month-to-month,No internet,25-48 months,35,Credit card,18.0,0,0,0.0617,Low
TC-00552,One year,No internet,25-48 months,32,Bank transfer,23.0,0,0,0.0102,Low
TC-00553,Month-to-month,No internet,13-24 months,17,Electronic check,20.03,0,0,0.1195,Low
TC-00554,Month-to-month,Fiber optic,13-24 months,13,Credit card,95.17,0,1,0.509,High
TC-00555,Month-to-month,DSL,25-48 months,45,Mailed check,62.43,0,0,0.0964,Low
TC-00556,Month-to-month,Fiber optic,25-48 months,33,Credit card,110.29,2,0,0.4311,Medium
TC-00557,Two year,DSL,49+ months,68,Mailed check,72.81,2,0,0.0057,Low
TC-00558,Month-to-month,Fiber optic,0-12 months,9,Electronic check,116.9,2,1,0.82,High
TC-00559,Month-to-month,No internet,0-12 months,1,Credit card,22.99,1,0,0.171,Medium
TC-00560,Month-to-month,Fiber optic,13-24 months,21,Electronic check,103.25,0,0,0.7099,High
TC-00561,Month-to-month,DSL,13-24 months,19,Mailed check,71.51,2,0,0.3756,Medium
TC-00562,Month-to-month,DSL,0-12 months,11,Electronic check,60.24,1,1,0.2467,Medium
TC-00563,Month-to-month,DSL,0-12 months,2,Electronic check,64.35,1,0,0.576,High
TC-00564,Month-to-month,No internet,13-24 months,21,Electronic check,32.09,1,1,0.1858,Medium
TC-00565,Month-to-month,No internet,0-12 months,6,Electronic check,24.08,2,1,0.2801,Medium
TC-00566,Two year,Fiber optic,25-48 months,47,Credit card,100.69,0,1,0.0277,Low
TC-00567,Month-to-month,DSL,0-12 months,6,Bank transfer,65.11,0,1,0.1915,Medium
TC-00568,One year,Fiber optic,25-48 months,37,Electronic check,93.43,3,0,0.1716,Medium
TC-00569,Month-to-month,No internet,25-48 months,43,Credit card,19.64,2,0,0.0615,Low
TC-00570,Month-to-month,No internet,25-48 months,43,Electronic check,19.01,0,0,0.0726,Low
TC-00571,Two year,No internet,49+ months,53,Electronic check,18.0,0,0,0.0027,Low
TC-00572,Month-to-month,DSL,25-48 months,33,Credit card,59.87,0,0,0.0765,Low
TC-00573,Two year,DSL,49+ months,72,Electronic check,66.34,1,0,0.0068,Low
TC-00574,Two year,No internet,25-48 months,37,Electronic check,18.0,2,0,0.0074,Low
TC-00575,One year,Fiber optic,25-48 months,25,Mailed check,94.74,0,0,0.147,Medium
TC-00576,Month-to-month,Fiber optic,0-12 months,9,Credit card,98.39,2,1,0.6006,High
TC-00577,One year,No internet,25-48 months,36,Mailed check,27.99,1,0,0.0145,Low
TC-00578,One year,DSL,13-24 months,17,Mailed check,73.89,0,0,0.042,Low
TC-00579,Two year,Fiber optic,49+ months,72,Credit card,89.87,4,0,0.029,Low
TC-00580,Month-to-month,No internet,0-12 months,3,Electronic check,25.19,1,1,0.25,Medium
TC-00581,Two year,No internet,25-48 months,48,Mailed check,18.0,2,0,0.0024,Low
TC-00582,Two year,Fiber optic,25-48 months,47,Mailed check,109.05,3,0,0.0476,Low
TC-00583,Month-to-month,Fiber optic,25-48 months,28,Electronic check,106.45,2,0,0.6663,High
TC-00584,Month-to-month,No internet,0-12 months,11,Electronic check,18.0,1,0,0.2055,Medium
TC-00585,Month-to-month,No internet,13-24 months,22,Bank transfer,18.0,2,0,0.1093,Low
TC-00586,Two year,DSL,49+ months,72,Electronic check,49.26,0,0,0.0038,Low
TC-00587,Two year,No internet,49+ months,72,Bank transfer,24.56,2,0,0.0011,Low
TC-00588,Two year,Fiber optic,25-48 months,28,Mailed check,95.8,1,0,0.0248,Low
TC-00589,One year,DSL,25-48 months,25,Electronic check,42.4,3,0,0.1366,Low
TC-00590,One year,DSL,13-24 months,24,Electronic check,85.6,1,0,0.1323,Low
TC-00591,One year,Fiber optic,25-48 months,35,Bank transfer,94.7,2,0,0.1046,Low
TC-00592,One year,Fiber optic,25-48 months,25,Bank transfer,90.08,1,0,0.1212,Low
TC-00593,Two year,DSL,25-48 months,32,Mailed check,71.09,3,0,0.0101,Low
TC-00594,One year,No internet,25-48 months,32,Electronic check,21.44,1,0,0.0196,Low
TC-00595,Month-to-month,No internet,13-24 months,15,Electronic check,27.57,1,0,0.1552,Medium
TC-00596,Month-to-month,Fiber optic,13-24 months,21,Electronic check,85.45,5,1,0.7151,High
TC-00597,Month-to-month,Fiber optic,13-24 months,19,Mailed check,92.05,1,1,0.5863,High
TC-00598,One year,Fiber optic,49+ months,55,Bank transfer,81.23,2,0,0.058,Low
TC-00599,One year,Fiber optic,13-24 months,21,Mailed check,113.32,1,0,0.1539,Medium
TC-00600,Month-to-month,Fiber optic,0-12 months,9,Electronic check,101.85,4,1,0.8364,High
TC-00601,Two year,Fiber optic,25-48 months,46,Mailed check,90.49,4,0,0.0557,Low
TC-00602,One year,DSL,13-24 months,13,Electronic check,64.36,1,0,0.2363,Medium
TC-00603,Month-to-month,Fiber optic,0-12 months,9,Mailed check,85.07,3,1,0.7311,High
TC-00604,Month-to-month,No internet,25-48 months,31,Electronic check,21.97,4,0,0.2127,Medium
TC-00605,Month-to-month,Fiber optic,0-12 months,12,Credit card,86.53,0,1,0.4353,Medium
TC-00606,Month-to-month,No internet,25-48 months,26,Electronic check,20.8,0,0,0.0795,Low
TC-00607,Month-to-month,No internet,0-12 months,3,Electronic check,23.48,0,0,0.3093,Medium
TC-00608,Month-to-month,Fiber optic,25-48 months,26,Credit card,88.28,1,1,0.5085,High
TC-00609,Two year,DSL,49+ months,54,Electronic check,64.93,1,0,0.0038,Low
TC-00610,Month-to-month,Fiber optic,0-12 months,3,Bank transfer,94.39,0,1,0.5739,High
TC-00611,Two year,Fiber optic,25-48 months,39,Credit card,91.49,1,0,0.0336,Low
TC-00612,One year,Fiber optic,0-12 months,9,Credit card,82.59,1,0,0.3184,Medium
TC-00613,Two year,Fiber optic,25-48 months,37,Mailed check,111.58,2,0,0.0566,Low
TC-00614,Month-to-month,No internet,25-48 months,37,Bank transfer,18.47,0,0,0.0606,Low
TC-00615,Month-to-month,No internet,0-12 months,6,Credit card,24.53,0,0,0.142,Low
TC-00616,Two year,Fiber optic,49+ months,72,Mailed check,106.03,1,0,0.0119,Low
TC-00617,Month-to-month,Fiber optic,25-48 months,31,Credit card,101.11,2,0,0.6229,High
TC-00618,Month-to-month,Fiber optic,0-12 months,1,Credit card,85.59,0,1,0.5903,High
TC-00619,Two year,Fiber optic,49+ months,50,Mailed check,79.41,3,0,0.0176,Low
TC-00620,One year,DSL,13-24 months,18,Electronic check,59.87,0,0,0.069,Low
TC-00621,Month-to-month,No internet,25-48 months,30,Mailed check,18.0,0,0,0.0363,Low
TC-00622,Month-to-month,Fiber optic,13-24 months,19,Electronic check,84.93,0,0,0.5928,High
TC-00623,Two year,Fiber optic,49+ months,53,Credit card,75.94,5,0,0.027,Low
TC-00624,Month-to-month,DSL,25-48 months,27,Electronic check,76.12,3,1,0.3604,Medium
TC-00625,One year,DSL,0-12 months,9,Mailed check,56.91,1,0,0.0911,Low
TC-00626,Month-to-month,DSL,25-48 months,37,Electronic check,66.18,2,0,0.2807,Medium
TC-00627,Two year,No internet,49+ months,70,Mailed check,26.59,2,0,0.0011,Low
TC-00628,Month-to-month,DSL,25-48 months,29,Bank transfer,75.11,4,1,0.3056,Medium
TC-00629,Month-to-month,Fiber optic,0-12 months,9,Electronic check,75.13,2,1,0.8496,High
TC-00630,Month-to-month,Fiber optic,13-24 months,13,Credit card,99.63,2,0,0.4899,High
TC-00631,One year,Fiber optic,25-48 months,30,Mailed check,89.72,4,0,0.2819,Medium
TC-00632,Two year,DSL,25-48 months,48,Electronic check,53.74,0,0,0.0103,Low
TC-00633,Month-to-month,Fiber optic,0-12 months,12,Electronic check,91.94,0,0,0.4628,Medium
TC-00634,Month-to-month,DSL,25-48 months,42,Bank transfer,48.87,2,0,0.1352,Low
TC-00635,Two year,Fiber optic,49+ months,64,Credit card,83.93,1,0,0.0116,Low
TC-00636,One year,DSL,25-48 months,31,Mailed check,45.57,1,0,0.0302,Low
TC-00637,Month-to-month,No internet,0-12 months,2,Credit card,18.0,3,0,0.2693,Medium
TC-00638,One year,Fiber optic,49+ months,64,Electronic check,97.18,2,0,0.0661,Low
TC-00639,Month-to-month,DSL,13-24 months,18,Credit card,63.07,3,1,0.4218,Medium
TC-00640,Two year,Fiber optic,25-48 months,46,Electronic check,90.68,1,1,0.0551,Low
TC-00641,Month-to-month,DSL,0-12 months,3,Bank transfer,54.67,1,0,0.3565,Medium
TC-00642,One year,Fiber optic,25-48 months,42,Mailed check,95.51,2,0,0.0633,Low
TC-00643,One year,DSL,13-24 months,15,Mailed check,68.66,0,0,0.0416,Low
TC-00644,One year,Fiber optic,13-24 months,21,Electronic check,103.57,2,0,0.3182,Medium
TC-00645,Month-to-month,Fiber optic,0-12 months,8,Bank transfer,100.37,2,0,0.7603,High
TC-00646,One year,Fiber optic,13-24 months,20,Credit card,83.96,0,0,0.2031,Medium
TC-00647,One year,DSL,13-24 months,14,Credit card,61.25,1,0,0.1027,Low
TC-00648,Month-to-month,DSL,0-12 months,10,Bank transfer,47.47,1,1,0.2631,Medium
TC-00649,Month-to-month,DSL,13-24 months,15,Credit card,73.89,2,0,0.3945,Medium
TC-00650,Two year,No internet,25-48 months,36,Mailed check,29.2,0,0,0.0029,Low
TC-00651,One year,No internet,13-24 months,14,Bank transfer,29.98,0,0,0.0288,Low
TC-00652,Month-to-month,No internet,25-48 months,38,Bank transfer,38.14,2,0,0.0826,Low
TC-00653,One year,DSL,0-12 months,11,Bank transfer,58.28,0,0,0.0892,Low
TC-00654,Month-to-month,DSL,25-48 months,26,Credit card,59.56,3,1,0.3589,Medium
TC-00655,Month-to-month,Fiber optic,0-12 months,10,Electronic check,86.15,2,1,0.8085,High
TC-00656,Two year,Fiber optic,25-48 months,35,Mailed check,101.81,3,0,0.0402,Low
TC-00657,Month-to-month,Fiber optic,13-24 months,20,Bank transfer,89.98,0,1,0.403,Medium
TC-00658,Month-to-month,Fiber optic,0-12 months,6,Bank transfer,84.55,2,1,0.6226,High
TC-00659,Month-to-month,DSL,13-24 months,16,Electronic check,58.37,1,1,0.4432,Medium
TC-00660,Month-to-month,Fiber optic,25-48 months,34,Electronic check,100.01,1,0,0.3972,Medium
TC-00661,Month-to-month,DSL,0-12 months,11,Bank transfer,68.79,2,0,0.3206,Medium
TC-00662,Month-to-month,No internet,0-12 months,7,Mailed check,18.0,3,1,0.187,Medium
TC-00663,Month-to-month,DSL,25-48 months,35,Credit card,69.28,0,1,0.1519,Medium
TC-00664,Month-to-month,DSL,13-24 months,13,Electronic check,67.09,0,1,0.2828,Medium
TC-00665,Month-to-month,DSL,0-12 months,7,Bank transfer,71.02,0,1,0.2783,Medium
TC-00666,Month-to-month,Fiber optic,13-24 months,15,Credit card,80.18,1,0,0.6087,High
TC-00667,One year,DSL,25-48 months,38,Electronic check,69.89,1,1,0.0246,Low
TC-00668,Two year,No internet,49+ months,66,Electronic check,26.11,1,0,0.0023,Low
TC-00669,Month-to-month,DSL,13-24 months,20,Credit card,63.96,1,1,0.2146,Medium
TC-00670,One year,No internet,25-48 months,34,Bank transfer,18.0,1,0,0.0111,Low
TC-00671,Month-to-month,DSL,13-24 months,14,Electronic check,73.6,0,0,0.4534,Medium
TC-00672,Month-to-month,DSL,0-12 months,4,Bank transfer,60.67,1,0,0.3977,Medium
TC-00673,Month-to-month,No internet,13-24 months,15,Electronic check,18.0,1,0,0.1736,Medium
TC-00674,Two year,DSL,25-48 months,39,Credit card,65.18,0,0,0.0048,Low
TC-00675,Month-to-month,Fiber optic,13-24 months,22,Electronic check,107.8,1,0,0.5353,High
TC-00676,Two year,Fiber optic,49+ months,59,Bank transfer,101.27,5,0,0.0499,Low
TC-00677,Month-to-month,Fiber optic,25-48 months,46,Electronic check,89.24,4,0,0.5009,High
TC-00678,One year,Fiber optic,49+ months,72,Bank transfer,88.85,1,0,0.0365,Low
TC-00679,Two year,DSL,49+ months,72,Electronic check,55.7,2,0,0.0058,Low
TC-00680,Two year,No internet,13-24 months,23,Credit card,18.0,0,0,0.0064,Low
TC-00681,Month-to-month,Fiber optic,13-24 months,16,Electronic check,96.93,3,1,0.8271,High
TC-00682,Month-to-month,DSL,0-12 months,7,Bank transfer,54.12,2,0,0.391,Medium
TC-00683,Month-to-month,DSL,0-12 months,9,Electronic check,60.89,0,0,0.2737,Medium
TC-00684,Two year,Fiber optic,25-48 months,25,Electronic check,99.56,2,1,0.0758,Low
TC-00685,Month-to-month,DSL,13-24 months,15,Bank transfer,72.29,0,0,0.1412,Low
TC-00686,Month-to-month,No internet,0-12 months,0,Electronic check,31.09,0,0,0.2154,Medium
TC-00687,Two year,Fiber optic,25-48 months,46,Credit card,88.48,1,0,0.0289,Low
TC-00688,Month-to-month,DSL,0-12 months,7,Electronic check,63.71,1,1,0.344,Medium
TC-00689,Month-to-month,Fiber optic,25-48 months,30,Credit card,93.56,1,0,0.482,Medium
TC-00690,Two year,Fiber optic,25-48 months,37,Credit card,109.1,0,0,0.0476,Low
TC-00691,Month-to-month,DSL,13-24 months,20,Credit card,63.84,1,1,0.1753,Medium
TC-00692,Month-to-month,DSL,0-12 months,9,Electronic check,70.74,1,0,0.354,Medium
TC-00693,Month-to-month,DSL,13-24 months,23,Mailed check,58.26,1,0,0.2341,Medium
TC-00694,Month-to-month,Fiber optic,0-12 months,10,Electronic check,87.52,3,1,0.7605,High
TC-00695,Month-to-month,DSL,0-12 months,4,Electronic check,58.83,1,0,0.5414,High
TC-00696,One year,DSL,25-48 months,37,Electronic check,74.87,0,0,0.0669,Low
TC-00697,Two year,DSL,25-48 months,46,Electronic check,59.36,1,0,0.0083,Low
TC-00698,One year,No internet,49+ months,53,Electronic check,18.0,0,0,0.0099,Low
TC-00699,One year,No internet,0-12 months,9,Credit card,25.7,2,0,0.0445,Low
TC-00700,Month-to-month,Fiber optic,13-24 months,18,Electronic check,85.62,0,0,0.6228,High
TC-00701,One year,No internet,13-24 months,18,Bank transfer,18.0,0,0,0.0144,Low
TC-00702,One year,DSL,25-48 months,27,Credit card,83.13,0,0,0.0497,Low
TC-00703,One year,Fiber optic,25-48 months,36,Electronic check,79.25,0,0,0.1641,Medium
TC-00704,Two year,Fiber optic,49+ months,72,Bank transfer,89.26,2,0,0.0157,Low
TC-00705,One year,No internet,25-48 months,34,Credit card,36.51,1,0,0.0184,Low
TC-00706,Month-to-month,No internet,0-12 months,5,Bank transfer,27.84,1,0,0.1866,Medium
TC-00707,One year,DSL,13-24 months,23,Bank transfer,46.59,2,0,0.071,Low
TC-00708,Month-to-month,DSL,49+ months,55,Bank transfer,52.14,0,0,0.0704,Low
TC-00709,Month-to-month,No internet,13-24 months,17,Mailed check,18.0,0,0,0.0631,Low
TC-00710,One year,DSL,25-48 months,33,Electronic check,66.63,0,0,0.0392,Low
TC-00711,Two year,DSL,25-48 months,45,Electronic check,52.74,1,0,0.0137,Low
TC-00712,Month-to-month,No internet,25-48 months,39,Mailed check,18.0,2,0,0.0432,Low
TC-00713,Month-to-month,No internet,25-48 months,33,Electronic check,18.0,1,0,0.1036,Low
TC-00714,One year,DSL,13-24 months,24,Electronic check,68.96,0,0,0.104,Low
TC-00715,Month-to-month,Fiber optic,0-12 months,10,Electronic check,73.76,2,1,0.5724,High
TC-00716,Month-to-month,DSL,25-48 months,25,Mailed check,54.45,0,1,0.1758,Medium
TC-00717,Month-to-month,Fiber optic,25-48 months,35,Electronic check,101.5,4,1,0.6613,High
TC-00718,Month-to-month,No internet,13-24 months,17,Mailed check,18.0,2,0,0.1773,Medium
TC-00719,One year,DSL,49+ months,53,Mailed check,75.4,0,0,0.0089,Low
TC-00720,One year,Fiber optic,49+ months,68,Mailed check,83.46,1,0,0.0425,Low
TC-00721,Month-to-month,Fiber optic,13-24 months,15,Electronic check,100.77,0,1,0.5589,High
TC-00722,Two year,Fiber optic,49+ months,72,Electronic check,84.76,2,0,0.0254,Low
TC-00723,Two year,DSL,25-48 months,48,Credit card,67.78,0,0,0.0058,Low
TC-00724,Month-to-month,DSL,0-12 months,6,Credit card,56.18,1,1,0.3574,Medium
TC-00725,Month-to-month,Fiber optic,0-12 months,8,Credit card,96.29,1,1,0.7729,High
TC-00726,Month-to-month,DSL,0-12 months,4,Credit card,54.49,2,0,0.4442,Medium
TC-00727,Two year,Fiber optic,25-48 months,41,Electronic check,73.83,0,0,0.0324,Low
TC-00728,Two year,Fiber optic,0-12 months,7,Mailed check,94.42,3,1,0.0982,Low
TC-00729,Month-to-month,No internet,49+ months,52,Bank transfer,29.33,0,1,0.0256,Low
TC-00730,Month-to-month,Fiber optic,0-12 months,1,Electronic check,90.26,0,1,0.6691,High
TC-00731,Month-to-month,No internet,13-24 months,14,Bank transfer,18.0,1,0,0.108,Low
TC-00732,Month-to-month,No internet,0-12 months,2,Credit card,18.61,2,0,0.2181,Medium
TC-00733,Two year,Fiber optic,49+ months,52,Credit card,95.95,3,0,0.0293,Low
TC-00734,Month-to-month,DSL,0-12 months,2,Credit card,75.17,0,0,0.3986,Medium
TC-00735,Month-to-month,Fiber optic,13-24 months,13,Bank transfer,81.48,0,0,0.4101,Medium
TC-00736,Month-to-month,No internet,0-12 months,9,Bank transfer,31.95,1,0,0.1619,Medium
TC-00737,Month-to-month,Fiber optic,13-24 months,16,Mailed check,86.57,0,0,0.3763,Medium
TC-00738,One year,DSL,25-48 months,47,Electronic check,52.52,2,0,0.0839,Low
TC-00739,Month-to-month,DSL,0-12 months,12,Electronic check,42.36,1,1,0.3984,Medium
TC-00740,Month-to-month,DSL,13-24 months,13,Electronic check,68.64,0,0,0.4936,High
TC-00741,Month-to-month,DSL,0-12 months,6,Credit card,81.35,2,0,0.5821,High
TC-00742,Two year,No internet,25-48 months,41,Electronic check,20.74,1,0,0.0055,Low
TC-00743,One year,DSL,25-48 months,42,Mailed check,64.54,1,0,0.0144,Low
TC-00744,Month-to-month,DSL,13-24 months,13,Electronic check,63.64,1,1,0.4912,High
TC-00745,Two year,DSL,49+ months,72,Electronic check,56.29,0,0,0.0056,Low
TC-00746,Month-to-month,Fiber optic,13-24 months,20,Mailed check,88.0,0,0,0.5503,High
TC-00747,Two year,No internet,25-48 months,40,Electronic check,26.5,0,0,0.0041,Low
TC-00748,Month-to-month,DSL,25-48 months,31,Electronic check,72.9,1,1,0.2382,Medium
TC-00749,Two year,Fiber optic,25-48 months,31,Bank transfer,108.23,2,0,0.0439,Low
TC-00750,Month-to-month,Fiber optic,13-24 months,14,Electronic check,72.47,2,1,0.7362,High
TC-00751,Month-to-month,Fiber optic,13-24 months,14,Bank transfer,91.38,3,1,0.7508,High
TC-00752,One year,Fiber optic,25-48 months,27,Electronic check,86.03,2,0,0.3433,Medium
TC-00753,Month-to-month,Fiber optic,13-24 months,22,Bank transfer,88.11,1,1,0.4315,Medium
TC-00754,Month-to-month,DSL,0-12 months,0,Electronic check,74.48,0,1,0.432,Medium
TC-00755,Month-to-month,DSL,0-12 months,0,Electronic check,62.48,3,1,0.5991,High
TC-00756,Month-to-month,DSL,25-48 months,25,Electronic check,48.86,0,0,0.2301,Medium
TC-00757,Month-to-month,Fiber optic,0-12 months,7,Bank transfer,88.81,1,1,0.5443,High
TC-00758,Month-to-month,Fiber optic,0-12 months,11,Bank transfer,91.56,1,1,0.6541,High
TC-00759,Month-to-month,DSL,0-12 months,6,Credit card,68.94,1,1,0.4709,Medium
TC-00760,Month-to-month,No internet,13-24 months,24,Credit card,22.89,2,0,0.103,Low
TC-00761,Month-to-month,DSL,0-12 months,5,Electronic check,63.52,1,1,0.5467,High
TC-00762,One year,No internet,49+ months,72,Electronic check,23.81,0,0,0.0044,Low
TC-00763,Month-to-month,No internet,13-24 months,20,Credit card,20.78,2,0,0.1392,Low
TC-00764,Month-to-month,Fiber optic,25-48 months,45,Electronic check,85.09,1,0,0.2928,Medium
TC-00765,Month-to-month,DSL,25-48 months,33,Bank transfer,82.06,1,1,0.1224,Low
TC-00766,One year,Fiber optic,13-24 months,15,Mailed check,86.23,1,0,0.2427,Medium
TC-00767,Month-to-month,Fiber optic,25-48 months,27,Bank transfer,103.78,0,1,0.4145,Medium
TC-00768,Month-to-month,No internet,0-12 months,9,Bank transfer,25.76,0,0,0.1151,Low
TC-00769,One year,No internet,25-48 months,35,Electronic check,22.54,1,0,0.0236,Low
TC-00770,Month-to-month,Fiber optic,25-48 months,26,Electronic check,105.81,2,0,0.5415,High
TC-00771,Two year,DSL,25-48 months,47,Electronic check,73.1,0,0,0.0082,Low
TC-00772,Two year,No internet,25-48 months,28,Mailed check,31.03,1,0,0.0051,Low
TC-00773,Month-to-month,DSL,0-12 months,10,Credit card,57.72,2,0,0.2884,Medium
TC-00774,One year,DSL,13-24 months,24,Bank transfer,56.93,0,0,0.0619,Low
TC-00775,Month-to-month,Fiber optic,13-24 months,24,Electronic check,111.37,1,1,0.7757,High
TC-00776,Month-to-month,Fiber optic,13-24 months,19,Electronic check,99.74,4,1,0.8584,High
TC-00777,Month-to-month,DSL,0-12 months,12,Bank transfer,57.17,2,0,0.3251,Medium
TC-00778,One year,Fiber optic,13-24 months,15,Electronic check,95.23,1,1,0.3829,Medium
TC-00779,Two year,Fiber optic,49+ months,58,Mailed check,97.29,1,0,0.0143,Low
TC-00780,Month-to-month,Fiber optic,13-24 months,21,Electronic check,99.69,0,0,0.6363,High
TC-00781,One year,No internet,25-48 months,30,Bank transfer,18.0,1,0,0.0168,Low
TC-00782,Month-to-month,No internet,0-12 months,12,Electronic check,26.62,0,0,0.1702,Medium
TC-00783,Month-to-month,Fiber optic,0-12 months,7,Credit card,92.31,5,0,0.8052,High
TC-00784,Two year,Fiber optic,49+ months,68,Electronic check,99.61,1,0,0.0174,Low
TC-00785,One year,DSL,49+ months,72,Mailed check,55.71,4,0,0.0148,Low
TC-00786,Month-to-month,DSL,0-12 months,10,Electronic check,62.03,0,0,0.4101,Medium
TC-00787,Two year,Fiber optic,25-48 months,36,Credit card,104.11,1,0,0.0624,Low
TC-00788,Month-to-month,Fiber optic,13-24 months,21,Credit card,94.68,2,1,0.744,High
TC-00789,Month-to-month,Fiber optic,0-12 months,6,Mailed check,79.87,2,1,0.7247,High
TC-00790,Month-to-month,Fiber optic,0-12 months,1,Electronic check,89.43,1,1,0.6856,High
TC-00791,Two year,No internet,49+ months,72,Bank transfer,32.13,0,0,0.001,Low
TC-00792,Month-to-month,DSL,13-24 months,18,Bank transfer,64.74,0,0,0.2546,Medium
TC-00793,Two year,DSL,49+ months,65,Credit card,53.73,0,0,0.0028,Low
TC-00794,One year,No internet,49+ months,54,Bank transfer,28.81,0,0,0.0063,Low
TC-00795,Month-to-month,DSL,13-24 months,14,Electronic check,62.19,0,1,0.2426,Medium
TC-00796,One year,Fiber optic,49+ months,72,Electronic check,84.52,1,0,0.0726,Low
TC-00797,Month-to-month,Fiber optic,25-48 months,25,Bank transfer,79.3,4,0,0.6644,High
TC-00798,One year,Fiber optic,49+ months,72,Bank transfer,89.36,3,0,0.0598,Low
TC-00799,One year,Fiber optic,13-24 months,20,Electronic check,97.15,1,0,0.3857,Medium
TC-00800,One year,DSL,25-48 months,25,Electronic check,69.34,0,0,0.0569,Low
TC-00801,Two year,No internet,25-48 months,36,Mailed check,25.27,2,0,0.0035,Low
TC-00802,Month-to-month,Fiber optic,13-24 months,21,Credit card,88.76,2,1,0.5094,High
TC-00803,Two year,Fiber optic,49+ months,58,Electronic check,78.67,3,0,0.0415,Low
TC-00804,Month-to-month,Fiber optic,13-24 months,22,Credit card,93.62,2,1,0.4953,High
TC-00805,Two year,No internet,49+ months,54,Electronic check,25.19,2,0,0.0038,Low
TC-00806,Two year,Fiber optic,0-12 months,12,Electronic check,90.62,2,0,0.1953,Medium
TC-00807,Two year,DSL,49+ months,72,Bank transfer,69.59,3,0,0.0049,Low
TC-00808,Month-to-month,No internet,13-24 months,18,Credit card,18.0,2,0,0.1843,Medium
TC-00809,Month-to-month,DSL,25-48 months,33,Mailed check,71.55,1,0,0.1118,Low
TC-00810,Two year,Fiber optic,25-48 months,25,Credit card,93.56,1,0,0.06,Low
TC-00811,Two year,Fiber optic,25-48 months,39,Electronic check,86.57,0,0,0.0287,Low
TC-00812,Month-to-month,No internet,25-48 months,27,Bank transfer,18.85,1,0,0.0749,Low
TC-00813,Two year,Fiber optic,49+ months,71,Credit card,93.31,3,0,0.0096,Low
TC-00814,Month-to-month,Fiber optic,0-12 months,3,Electronic check,73.11,1,0,0.7746,High
TC-00815,Month-to-month,No internet,13-24 months,23,Credit card,34.62,2,0,0.135,Low
TC-00816,One year,Fiber optic,25-48 months,33,Credit card,91.92,1,0,0.1887,Medium
TC-00817,Month-to-month,Fiber optic,13-24 months,23,Mailed check,103.33,0,0,0.406,Medium
TC-00818,Month-to-month,Fiber optic,0-12 months,10,Credit card,103.05,0,0,0.6178,High
TC-00819,Month-to-month,DSL,0-12 months,7,Electronic check,61.23,1,0,0.4572,Medium
TC-00820,Month-to-month,DSL,25-48 months,32,Electronic check,72.54,0,0,0.2941,Medium
TC-00821,Month-to-month,Fiber optic,25-48 months,28,Electronic check,104.29,1,1,0.5692,High
TC-00822,Month-to-month,No internet,0-12 months,11,Electronic check,28.45,3,0,0.2796,Medium
TC-00823,One year,DSL,13-24 months,14,Electronic check,60.78,1,0,0.1093,Low
TC-00824,One year,DSL,13-24 months,21,Bank transfer,65.91,1,0,0.0432,Low
TC-00825,One year,DSL,25-48 months,41,Credit card,55.99,1,0,0.0291,Low
TC-00826,Two year,Fiber optic,25-48 months,44,Electronic check,98.0,1,0,0.0637,Low
TC-00827,Month-to-month,Fiber optic,0-12 months,7,Electronic check,112.82,1,1,0.7557,High
TC-00828,Month-to-month,DSL,25-48 months,29,Electronic check,52.52,0,1,0.2589,Medium
TC-00829,Month-to-month,Fiber optic,0-12 months,7,Bank transfer,93.59,1,1,0.7112,High
TC-00830,Month-to-month,Fiber optic,13-24 months,17,Credit card,103.25,1,0,0.6903,High
TC-00831,Two year,Fiber optic,49+ months,53,Electronic check,100.52,0,0,0.015,Low
TC-00832,Month-to-month,No internet,13-24 months,13,Bank transfer,31.67,2,0,0.1638,Medium
TC-00833,Month-to-month,Fiber optic,0-12 months,7,Electronic check,94.73,1,1,0.8345,High
TC-00834,One year,DSL,13-24 months,20,Electronic check,69.41,0,0,0.0628,Low
TC-00835,Month-to-month,DSL,13-24 months,21,Electronic check,65.9,2,1,0.356,Medium
TC-00836,Month-to-month,Fiber optic,25-48 months,35,Credit card,100.24,2,1,0.5236,High
TC-00837,One year,DSL,0-12 months,10,Bank transfer,53.68,5,0,0.1169,Low
TC-00838,One year,DSL,13-24 months,15,Credit card,60.79,0,0,0.0653,Low
TC-00839,Month-to-month,DSL,13-24 months,13,Electronic check,53.04,0,0,0.3857,Medium
TC-00840,One year,Fiber optic,25-48 months,25,Electronic check,78.01,3,0,0.3426,Medium
TC-00841,Month-to-month,DSL,13-24 months,15,Bank transfer,85.64,0,0,0.1328,Low
TC-00842,Month-to-month,Fiber optic,0-12 months,10,Mailed check,87.46,2,0,0.5081,High
TC-00843,One year,DSL,13-24 months,15,Mailed check,67.24,2,0,0.0315,Low
TC-00844,Month-to-month,No internet,0-12 months,7,Electronic check,26.41,1,0,0.2515,Medium
TC-00845,Month-to-month,No internet,0-12 months,10,Bank transfer,28.63,0,0,0.1354,Low
TC-00846,One year,DSL,49+ months,68,Electronic check,71.65,1,0,0.0187,Low
TC-00847,One year,Fiber optic,49+ months,69,Mailed check,94.82,4,0,0.0777,Low
TC-00848,Month-to-month,No internet,0-12 months,12,Bank transfer,30.21,0,0,0.1021,Low
TC-00849,One year,DSL,0-12 months,9,Credit card,65.65,2,0,0.1569,Medium
TC-00850,Month-to-month,No internet,49+ months,50,Electronic check,26.36,1,0,0.0677,Low
TC-00851,Two year,No internet,25-48 months,34,Electronic check,20.76,0,0,0.0056,Low
TC-00852,Month-to-month,DSL,25-48 months,25,Electronic check,67.2,0,0,0.1745,Medium
TC-00853,Month-to-month,DSL,13-24 months,20,Electronic check,68.72,1,1,0.5388,High
TC-00854,Month-to-month,Fiber optic,13-24 months,19,Bank transfer,93.29,1,0,0.6378,High
TC-00855,Two year,No internet,49+ months,50,Bank transfer,23.2,2,0,0.0031,Low
TC-00856,Month-to-month,No internet,0-12 months,0,Electronic check,22.67,0,0,0.2389,Medium
TC-00857,One year,Fiber optic,25-48 months,43,Bank transfer,75.31,2,0,0.1246,Low
TC-00858,Two year,No internet,25-48 months,30,Bank transfer,18.0,0,0,0.0033,Low
TC-00859,Two year,Fiber optic,25-48 months,45,Credit card,113.55,0,0,0.024,Low
TC-00860,Month-to-month,No internet,25-48 months,28,Credit card,29.17,1,0,0.0934,Low
TC-00861,Month-to-month,Fiber optic,13-24 months,23,Mailed check,87.37,2,1,0.4697,Medium
TC-00862,One year,DSL,25-48 months,27,Credit card,70.15,0,0,0.0617,Low
TC-00863,One year,No internet,13-24 months,21,Credit card,18.0,1,0,0.0241,Low
TC-00864,Month-to-month,Fiber optic,13-24 months,16,Electronic check,91.53,0,1,0.5356,High
TC-00865,Month-to-month,DSL,0-12 months,2,Electronic check,80.01,2,0,0.6703,High
TC-00866,Month-to-month,DSL,25-48 months,42,Electronic check,85.95,1,0,0.2153,Medium
TC-00867,Month-to-month,DSL,25-48 months,47,Credit card,75.39,0,1,0.0738,Low
TC-00868,One year,Fiber optic,0-12 months,12,Electronic check,106.51,0,0,0.1943,Medium
TC-00869,Month-to-month,Fiber optic,0-12 months,12,Bank transfer,84.55,0,1,0.5884,High
TC-00870,Month-to-month,No internet,13-24 months,17,Electronic check,19.5,1,0,0.1701,Medium
TC-00871,Month-to-month,Fiber optic,49+ months,60,Credit card,87.51,1,0,0.2553,Medium
TC-00872,Month-to-month,Fiber optic,0-12 months,5,Credit card,98.18,0,0,0.4538,Medium
TC-00873,Month-to-month,DSL,0-12 months,6,Bank transfer,53.14,0,0,0.2106,Medium
TC-00874,Two year,DSL,25-48 months,28,Electronic check,70.44,6,0,0.0984,Low
TC-00875,Month-to-month,DSL,0-12 months,9,Electronic check,58.01,0,0,0.3813,Medium
TC-00876,Month-to-month,No internet,25-48 months,29,Mailed check,18.0,0,0,0.0736,Low
TC-00877,One year,Fiber optic,49+ months,57,Electronic check,95.79,2,0,0.1614,Medium
TC-00878,Month-to-month,No internet,25-48 months,27,Electronic check,18.0,1,0,0.1268,Low
TC-00879,Month-to-month,Fiber optic,0-12 months,7,Bank transfer,91.88,1,1,0.571,High
TC-00880,Two year,DSL,0-12 months,12,Electronic check,61.95,1,0,0.0273,Low
TC-00881,Two year,No internet,13-24 months,19,Mailed check,18.09,4,0,0.0142,Low
TC-00882,One year,DSL,49+ months,60,Credit card,41.91,4,0,0.0257,Low
TC-00883,Month-to-month,DSL,25-48 months,26,Electronic check,70.51,0,1,0.4365,Medium
TC-00884,Month-to-month,Fiber optic,25-48 months,40,Bank transfer,88.39,2,0,0.4225,Medium
TC-00885,Month-to-month,Fiber optic,13-24 months,24,Credit card,78.28,0,1,0.5687,High
TC-00886,Month-to-month,No internet,49+ months,52,Electronic check,29.6,1,0,0.0548,Low
TC-00887,Month-to-month,Fiber optic,0-12 months,6,Electronic check,82.12,1,1,0.862,High
TC-00888,Month-to-month,DSL,13-24 months,13,Bank transfer,62.68,0,0,0.2476,Medium
TC-00889,One year,No internet,13-24 months,23,Electronic check,18.53,1,0,0.0263,Low
TC-00890,Month-to-month,DSL,13-24 months,16,Mailed check,64.14,0,0,0.2921,Medium
TC-00891,Month-to-month,No internet,25-48 months,41,Bank transfer,19.79,0,0,0.0309,Low
TC-00892,Two year,No internet,25-48 months,30,Electronic check,25.03,1,0,0.014,Low
TC-00893,Month-to-month,Fiber optic,0-12 months,10,Mailed check,91.79,1,1,0.6583,High
TC-00894,Month-to-month,Fiber optic,25-48 months,27,Bank transfer,95.59,2,1,0.6036,High
TC-00895,Month-to-month,Fiber optic,25-48 months,39,Bank transfer,87.07,0,1,0.31,Medium
TC-00896,Two year,No internet,49+ months,51,Bank transfer,18.58,0,0,0.0015,Low
TC-00897,One year,Fiber optic,49+ months,72,Electronic check,86.96,1,0,0.0735,Low
TC-00898,Month-to-month,Fiber optic,25-48 months,40,Bank transfer,73.08,1,0,0.3526,Medium
TC-00899,One year,Fiber optic,13-24 months,18,Bank transfer,99.77,0,0,0.1457,Low
TC-00900,Month-to-month,DSL,25-48 months,42,Electronic check,84.15,1,0,0.1822,Medium
TC-00901,Month-to-month,No internet,0-12 months,8,Bank transfer,25.45,2,0,0.1868,Medium
TC-00902,One year,Fiber optic,13-24 months,23,Credit card,95.65,0,0,0.2133,Medium
TC-00903,Two year,No internet,49+ months,72,Mailed check,18.0,0,0,0.0005,Low
TC-00904,Two year,Fiber optic,25-48 months,36,Mailed check,89.39,4,0,0.0772,Low
TC-00905,One year,No internet,25-48 months,44,Electronic check,19.34,0,0,0.0114,Low
TC-00906,Month-to-month,Fiber optic,13-24 months,24,Bank transfer,99.12,2,1,0.6419,High
TC-00907,Month-to-month,DSL,25-48 months,30,Bank transfer,62.75,1,0,0.3275,Medium
TC-00908,Two year,Fiber optic,13-24 months,13,Mailed check,104.42,1,0,0.0991,Low
TC-00909,Month-to-month,Fiber optic,0-12 months,10,Mailed check,87.7,4,1,0.7927,High
TC-00910,Month-to-month,Fiber optic,25-48 months,41,Electronic check,96.75,2,1,0.5096,High
TC-00911,One year,DSL,13-24 months,22,Electronic check,63.81,1,0,0.191,Medium
TC-00912,Two year,DSL,25-48 months,28,Mailed check,59.59,0,0,0.0092,Low
TC-00913,Two year,No internet,49+ months,49,Electronic check,18.0,1,0,0.0031,Low
TC-00914,Month-to-month,DSL,0-12 months,2,Bank transfer,76.78,1,1,0.2209,Medium
TC-00915,Month-to-month,Fiber optic,13-24 months,17,Bank transfer,91.15,4,0,0.8141,High
TC-00916,Month-to-month,No internet,13-24 months,14,Credit card,31.09,2,0,0.1931,Medium
TC-00917,Two year,DSL,49+ months,53,Electronic check,67.01,2,0,0.0254,Low
TC-00918,Two year,Fiber optic,49+ months,72,Credit card,99.78,1,0,0.0145,Low
TC-00919,Month-to-month,DSL,13-24 months,19,Mailed check,67.3,0,0,0.1739,Medium
TC-00920,Two year,DSL,49+ months,72,Credit card,82.62,0,0,0.0016,Low
TC-00921,Month-to-month,No internet,49+ months,54,Mailed check,31.94,1,0,0.0591,Low
TC-00922,Month-to-month,DSL,13-24 months,23,Mailed check,69.2,0,0,0.1249,Low
TC-00923,Month-to-month,No internet,0-12 months,9,Mailed check,31.21,0,0,0.1177,Low
TC-00924,Month-to-month,No internet,0-12 months,4,Electronic check,26.9,2,1,0.2606,Medium
TC-00925,Month-to-month,DSL,13-24 months,14,Credit card,76.01,0,0,0.3607,Medium
TC-00926,Month-to-month,Fiber optic,0-12 months,8,Credit card,81.0,1,0,0.6037,High
TC-00927,One year,DSL,25-48 months,26,Mailed check,68.31,0,0,0.022,Low
TC-00928,Month-to-month,Fiber optic,25-48 months,25,Credit card,116.67,3,0,0.5983,High
TC-00929,Two year,No internet,25-48 months,28,Bank transfer,20.76,1,0,0.0047,Low
TC-00930,Two year,No internet,49+ months,72,Credit card,18.0,1,0,0.0011,Low
TC-00931,Month-to-month,Fiber optic,0-12 months,8,Bank transfer,83.66,0,1,0.708,High
TC-00932,Month-to-month,Fiber optic,13-24 months,20,Bank transfer,98.92,1,1,0.4788,Medium
TC-00933,Two year,Fiber optic,49+ months,72,Mailed check,89.93,3,0,0.0323,Low
TC-00934,Month-to-month,Fiber optic,25-48 months,34,Bank transfer,87.94,2,1,0.5245,High
TC-00935,Month-to-month,Fiber optic,25-48 months,30,Mailed check,89.52,4,0,0.4391,Medium
TC-00936,Month-to-month,DSL,0-12 months,6,Bank transfer,74.23,1,1,0.3879,Medium
TC-00937,Two year,Fiber optic,49+ months,56,Bank transfer,96.2,4,0,0.0494,Low
TC-00938,One year,Fiber optic,49+ months,51,Credit card,110.23,2,1,0.1354,Low
TC-00939,Month-to-month,Fiber optic,0-12 months,6,Electronic check,111.32,2,0,0.6736,High
TC-00940,Month-to-month,No internet,25-48 months,27,Electronic check,30.94,0,1,0.1085,Low
TC-00941,Month-to-month,Fiber optic,13-24 months,14,Credit card,96.3,0,1,0.3351,Medium
TC-00942,Month-to-month,Fiber optic,13-24 months,21,Electronic check,102.85,1,0,0.4893,High
TC-00943,Two year,DSL,25-48 months,44,Mailed check,58.64,1,0,0.0075,Low
TC-00944,Two year,Fiber optic,49+ months,72,Bank transfer,86.2,1,0,0.0121,Low
TC-00945,Month-to-month,DSL,13-24 months,16,Electronic check,64.33,0,0,0.1746,Medium
TC-00946,Month-to-month,Fiber optic,0-12 months,5,Mailed check,87.83,2,0,0.509,High
TC-00947,Month-to-month,Fiber optic,13-24 months,13,Electronic check,101.22,3,1,0.8274,High
TC-00948,Two year,DSL,25-48 months,37,Electronic check,58.23,1,0,0.0246,Low
TC-00949,One year,Fiber optic,25-48 months,29,Credit card,93.0,0,1,0.1775,Medium
TC-00950,One year,No internet,13-24 months,18,Electronic check,27.42,1,0,0.0371,Low
TC-00951,One year,No internet,25-48 months,39,Electronic check,18.0,0,0,0.012,Low
TC-00952,Month-to-month,DSL,13-24 months,22,Electronic check,63.72,2,0,0.4894,High
TC-00953,Two year,Fiber optic,49+ months,57,Electronic check,77.61,0,0,0.0241,Low
TC-00954,Month-to-month,Fiber optic,13-24 months,23,Bank transfer,106.2,3,1,0.6312,High
TC-00955,One year,Fiber optic,25-48 months,25,Credit card,96.18,3,0,0.2316,Medium
TC-00956,Month-to-month,Fiber optic,13-24 months,18,Electronic check,96.53,2,0,0.7504,High
TC-00957,Month-to-month,DSL,0-12 months,12,Credit card,56.71,1,1,0.2725,Medium
TC-00958,Two year,No internet,25-48 months,34,Mailed check,18.0,0,0,0.0024,Low
TC-00959,Month-to-month,DSL,13-24 months,14,Electronic check,65.0,0,0,0.2087,Medium
TC-00960,Month-to-month,DSL,0-12 months,2,Electronic check,68.5,2,0,0.5258,High
TC-00961,Month-to-month,Fiber optic,49+ months,72,Mailed check,94.94,0,0,0.0821,Low
TC-00962,One year,No internet,13-24 months,22,Bank transfer,30.3,1,0,0.0283,Low
TC-00963,Month-to-month,No internet,13-24 months,18,Mailed check,19.38,3,0,0.1615,Medium
TC-00964,Month-to-month,Fiber optic,0-12 months,3,Electronic check,99.38,2,1,0.8639,High
TC-00965,Month-to-month,DSL,49+ months,56,Electronic check,81.51,2,1,0.234,Medium
TC-00966,Month-to-month,DSL,25-48 months,48,Bank transfer,58.07,1,0,0.0577,Low
TC-00967,Month-to-month,DSL,25-48 months,44,Electronic check,55.55,1,0,0.2408,Medium
TC-00968,Month-to-month,DSL,13-24 months,23,Bank transfer,72.14,1,0,0.1693,Medium
TC-00969,Month-to-month,Fiber optic,25-48 months,33,Credit card,109.02,1,0,0.3605,Medium
TC-00970,One year,Fiber optic,0-12 months,12,Credit card,95.28,1,0,0.1802,Medium
TC-00971,Month-to-month,No internet,0-12 months,3,Bank transfer,29.45,0,0,0.1347,Low
TC-00972,Two year,No internet,49+ months,53,Electronic check,18.0,1,0,0.0027,Low
TC-00973,Two year,Fiber optic,25-48 months,32,Electronic check,93.25,0,0,0.0466,Low
TC-00974,Month-to-month,No internet,25-48 months,26,Bank transfer,22.8,1,0,0.0881,Low
TC-00975,Month-to-month,No internet,25-48 months,30,Credit card,18.0,1,0,0.0787,Low
TC-00976,Two year,DSL,13-24 months,21,Mailed check,64.95,3,0,0.0251,Low
TC-00977,Month-to-month,Fiber optic,25-48 months,33,Credit card,93.54,1,1,0.609,High
TC-00978,Two year,DSL,49+ months,71,Credit card,60.66,0,0,0.0033,Low
TC-00979,Month-to-month,DSL,13-24 months,21,Mailed check,51.2,0,0,0.1564,Medium
TC-00980,One year,Fiber optic,25-48 months,45,Bank transfer,100.5,6,1,0.2205,Medium
TC-00981,Month-to-month,DSL,13-24 months,19,Electronic check,59.28,0,1,0.332,Medium
TC-00982,One year,No internet,25-48 months,33,Mailed check,19.13,0,0,0.0096,Low
TC-00983,Two year,Fiber optic,49+ months,71,Electronic check,104.31,2,0,0.032,Low
TC-00984,Month-to-month,Fiber optic,0-12 months,5,Bank transfer,99.16,1,0,0.4878,Medium
TC-00985,Two year,Fiber optic,49+ months,72,Electronic check,101.26,1,0,0.0306,Low
TC-00986,Month-to-month,Fiber optic,0-12 months,1,Bank transfer,88.45,1,1,0.473,Medium
TC-00987,Month-to-month,Fiber optic,25-48 months,38,Electronic check,77.38,1,0,0.5441,High
TC-00988,Month-to-month,Fiber optic,0-12 months,1,Credit card,78.46,3,1,0.7539,High
TC-00989,Month-to-month,DSL,13-24 months,14,Mailed check,68.2,5,0,0.4337,Medium
TC-00990,Month-to-month,Fiber optic,25-48 months,41,Electronic check,79.28,2,1,0.5357,High
TC-00991,One year,No internet,49+ months,65,Credit card,22.31,1,0,0.0056,Low
TC-00992,Month-to-month,Fiber optic,0-12 months,10,Electronic check,100.6,3,1,0.9124,High
TC-00993,One year,DSL,25-48 months,28,Bank transfer,77.83,1,0,0.0253,Low
TC-00994,Two year,No internet,49+ months,63,Bank transfer,20.8,3,0,0.0025,Low
TC-00995,Two year,Fiber optic,49+ months,72,Electronic check,85.01,1,0,0.0229,Low
TC-00996,Two year,DSL,25-48 months,37,Electronic check,79.77,0,0,0.0226,Low
TC-00997,Two year,Fiber optic,25-48 months,38,Mailed check,84.48,1,0,0.0311,Low
TC-00998,Month-to-month,DSL,49+ months,59,Bank transfer,77.32,0,0,0.0469,Low
TC-00999,Two year,Fiber optic,25-48 months,25,Electronic check,102.46,3,0,0.1122,Low
TC-01000,Month-to-month,DSL,49+ months,60,Mailed check,72.23,2,0,0.1669,Medium
TC-01001,Two year,DSL,49+ months,72,Electronic check,75.22,0,0,0.0039,Low
TC-01002,Two year,Fiber optic,25-48 months,35,Mailed check,94.55,2,0,0.0585,Low
TC-01003,One year,Fiber optic,49+ months,72,Electronic check,112.05,0,0,0.0323,Low
TC-01004,Month-to-month,DSL,13-24 months,23,Electronic check,66.07,3,1,0.2228,Medium
TC-01005,Month-to-month,DSL,0-12 months,9,Bank transfer,74.44,2,0,0.3354,Medium
TC-01006,Month-to-month,No internet,0-12 months,9,Bank transfer,18.0,2,0,0.1652,Medium
TC-01007,Month-to-month,Fiber optic,0-12 months,8,Mailed check,107.34,1,0,0.5451,High
TC-01008,Month-to-month,Fiber optic,0-12 months,5,Bank transfer,90.99,2,1,0.6412,High
TC-01009,Month-to-month,DSL,0-12 months,11,Credit card,45.26,0,0,0.287,Medium
TC-01010,Two year,Fiber optic,49+ months,54,Bank transfer,112.84,2,0,0.0151,Low
TC-01011,Two year,DSL,49+ months,62,Credit card,58.81,0,0,0.0022,Low
TC-01012,Month-to-month,No internet,25-48 months,36,Credit card,25.87,1,0,0.1035,Low
TC-01013,Month-to-month,No internet,0-12 months,12,Mailed check,24.25,0,0,0.0742,Low
TC-01014,Month-to-month,Fiber optic,25-48 months,33,Electronic check,103.05,0,0,0.3066,Medium
TC-01015,Month-to-month,Fiber optic,13-24 months,23,Bank transfer,101.79,0,1,0.5232,High
TC-01016,Month-to-month,DSL,49+ months,50,Electronic check,55.32,3,1,0.1189,Low
TC-01017,One year,Fiber optic,25-48 months,35,Credit card,100.63,0,0,0.0918,Low
TC-01018,Month-to-month,DSL,25-48 months,40,Bank transfer,73.39,1,0,0.1988,Medium
TC-01019,Month-to-month,DSL,25-48 months,30,Credit card,62.41,1,0,0.215,Medium
TC-01020,Month-to-month,Fiber optic,13-24 months,16,Electronic check,88.16,0,0,0.6937,High
TC-01021,One year,DSL,49+ months,57,Mailed check,57.17,1,0,0.0192,Low
TC-01022,Month-to-month,DSL,0-12 months,5,Electronic check,66.18,0,0,0.5433,High
TC-01023,Month-to-month,Fiber optic,13-24 months,19,Mailed check,89.75,1,0,0.4457,Medium
TC-01024,Month-to-month,No internet,13-24 months,19,Electronic check,21.35,2,1,0.2066,Medium
TC-01025,Two year,Fiber optic,49+ months,69,Mailed check,83.47,3,0,0.0216,Low
TC-01026,Month-to-month,Fiber optic,0-12 months,3,Electronic check,84.32,1,0,0.7711,High
TC-01027,One year,Fiber optic,13-24 months,24,Credit card,82.45,2,0,0.2077,Medium
TC-01028,Month-to-month,DSL,25-48 months,27,Electronic check,54.39,2,1,0.2168,Medium
TC-01029,Two year,No internet,25-48 months,43,Electronic check,18.0,1,0,0.0037,Low
TC-01030,Month-to-month,DSL,0-12 months,10,Electronic check,62.39,0,1,0.2945,Medium
TC-01031,Month-to-month,Fiber optic,0-12 months,4,Mailed check,90.12,2,1,0.7382,High
TC-01032,Two year,No internet,25-48 months,32,Credit card,24.41,0,0,0.0054,Low
TC-01033,One year,Fiber optic,25-48 months,31,Electronic check,97.91,2,0,0.2247,Medium
TC-01034,Month-to-month,Fiber optic,13-24 months,17,Bank transfer,98.38,3,0,0.5825,High
TC-01035,Month-to-month,DSL,13-24 months,16,Mailed check,66.07,0,1,0.1389,Low
TC-01036,Two year,No internet,49+ months,69,Mailed check,18.0,1,0,0.0011,Low
TC-01037,Month-to-month,DSL,25-48 months,43,Mailed check,67.83,1,0,0.1088,Low
TC-01038,Month-to-month,DSL,25-48 months,33,Bank transfer,60.4,0,0,0.1464,Low
TC-01039,Two year,DSL,25-48 months,25,Mailed check,55.46,0,0,0.0092,Low
TC-01040,Month-to-month,Fiber optic,25-48 months,29,Credit card,97.41,0,0,0.3111,Medium
TC-01041,Month-to-month,Fiber optic,13-24 months,14,Credit card,94.59,2,1,0.8044,High
TC-01042,Month-to-month,DSL,13-24 months,22,Mailed check,69.16,1,0,0.2467,Medium
TC-01043,Month-to-month,Fiber optic,13-24 months,21,Electronic check,79.47,1,0,0.4911,High
TC-01044,Month-to-month,Fiber optic,0-12 months,10,Electronic check,86.41,2,1,0.7724,High
TC-01045,One year,No internet,25-48 months,29,Electronic check,21.62,0,0,0.0174,Low
TC-01046,Month-to-month,DSL,49+ months,58,Electronic check,60.12,1,0,0.1191,Low
TC-01047,Month-to-month,Fiber optic,13-24 months,16,Electronic check,100.43,1,1,0.6567,High
TC-01048,Two year,DSL,49+ months,72,Credit card,63.64,1,0,0.0047,Low
TC-01049,Two year,Fiber optic,49+ months,72,Bank transfer,103.03,2,0,0.0106,Low
TC-01050,One year,No internet,13-24 months,23,Bank transfer,27.39,1,0,0.024,Low
TC-01051,Month-to-month,Fiber optic,0-12 months,5,Bank transfer,99.85,1,1,0.7522,High
TC-01052,Month-to-month,DSL,0-12 months,8,Credit card,56.96,0,0,0.2861,Medium
TC-01053,One year,DSL,49+ months,61,Electronic check,75.66,0,0,0.0478,Low
TC-01054,Month-to-month,Fiber optic,13-24 months,17,Bank transfer,85.6,1,1,0.6209,High
TC-01055,Two year,Fiber optic,13-24 months,24,Bank transfer,76.01,4,0,0.116,Low
TC-01056,Month-to-month,No internet,25-48 months,41,Credit card,18.0,0,0,0.0375,Low
TC-01057,Month-to-month,Fiber optic,0-12 months,9,Bank transfer,82.48,0,1,0.5603,High
TC-01058,Month-to-month,Fiber optic,0-12 months,6,Credit card,94.68,0,0,0.4084,Medium
TC-01059,One year,DSL,13-24 months,23,Credit card,63.39,0,0,0.041,Low
TC-01060,Two year,DSL,49+ months,72,Electronic check,62.95,2,0,0.0082,Low
TC-01061,One year,No internet,25-48 months,36,Electronic check,21.62,1,0,0.0262,Low
TC-01062,Month-to-month,DSL,0-12 months,8,Electronic check,61.18,0,0,0.3241,Medium
TC-01063,Two year,Fiber optic,49+ months,54,Credit card,95.88,1,0,0.0212,Low
TC-01064,One year,DSL,25-48 months,31,Mailed check,49.18,1,0,0.0309,Low
TC-01065,Month-to-month,No internet,0-12 months,10,Bank transfer,25.63,1,0,0.1975,Medium
TC-01066,Month-to-month,Fiber optic,25-48 months,26,Bank transfer,100.75,3,0,0.5652,High
TC-01067,Two year,Fiber optic,25-48 months,47,Credit card,100.05,0,0,0.016,Low
TC-01068,Month-to-month,Fiber optic,49+ months,57,Electronic check,107.79,0,0,0.1657,Medium
TC-01069,One year,Fiber optic,25-48 months,38,Bank transfer,74.44,2,0,0.0642,Low
TC-01070,One year,Fiber optic,25-48 months,31,Credit card,85.37,3,0,0.1197,Low
TC-01071,Month-to-month,Fiber optic,49+ months,58,Bank transfer,90.53,0,0,0.081,Low
TC-01072,Two year,Fiber optic,49+ months,72,Credit card,99.31,1,0,0.0096,Low
TC-01073,Month-to-month,Fiber optic,49+ months,50,Mailed check,83.16,0,0,0.1422,Low
TC-01074,Month-to-month,Fiber optic,25-48 months,48,Bank transfer,98.32,3,0,0.4913,High
TC-01075,Month-to-month,DSL,13-24 months,14,Electronic check,69.87,1,0,0.459,Medium
TC-01076,Two year,DSL,49+ months,71,Bank transfer,58.6,0,0,0.0024,Low
TC-01077,Month-to-month,DSL,0-12 months,1,Credit card,49.4,1,0,0.4257,Medium
TC-01078,One year,No internet,25-48 months,45,Electronic check,21.08,1,1,0.018,Low
TC-01079,Month-to-month,No internet,13-24 months,15,Electronic check,25.27,0,0,0.1843,Medium
TC-01080,Two year,Fiber optic,25-48 months,37,Credit card,98.08,0,0,0.0207,Low
TC-01081,Two year,DSL,13-24 months,24,Mailed check,69.43,0,0,0.006,Low
TC-01082,Month-to-month,No internet,13-24 months,14,Mailed check,25.74,0,0,0.0857,Low
TC-01083,Two year,DSL,49+ months,71,Electronic check,58.34,0,0,0.0054,Low
TC-01084,One year,DSL,0-12 months,8,Credit card,55.94,1,0,0.1326,Low
TC-01085,Month-to-month,DSL,13-24 months,14,Bank transfer,63.66,0,1,0.413,Medium
TC-01086,Month-to-month,Fiber optic,0-12 months,11,Mailed check,95.25,0,1,0.42,Medium
TC-01087,Month-to-month,Fiber optic,0-12 months,8,Electronic check,100.5,1,1,0.8207,High
TC-01088,Month-to-month,Fiber optic,13-24 months,16,Bank transfer,93.42,0,1,0.4411,Medium
TC-01089,Month-to-month,No internet,13-24 months,22,Credit card,18.0,0,1,0.1131,Low
TC-01090,Month-to-month,DSL,0-12 months,6,Mailed check,60.97,2,1,0.4468,Medium
TC-01091,Month-to-month,DSL,0-12 months,10,Bank transfer,65.27,1,1,0.3288,Medium
TC-01092,One year,DSL,25-48 months,35,Credit card,63.06,0,0,0.0464,Low
TC-01093,Two year,No internet,25-48 months,25,Credit card,19.93,2,0,0.0115,Low
TC-01094,Two year,DSL,25-48 months,29,Credit card,74.0,1,0,0.0247,Low
TC-01095,Month-to-month,Fiber optic,25-48 months,32,Mailed check,88.84,1,0,0.4557,Medium
TC-01096,One year,DSL,13-24 months,24,Mailed check,76.63,0,0,0.0631,Low
TC-01097,Month-to-month,Fiber optic,49+ months,72,Electronic check,87.95,1,0,0.3043,Medium
TC-01098,Month-to-month,Fiber optic,25-48 months,34,Credit card,83.21,0,0,0.4473,Medium
TC-01099,Two year,DSL,25-48 months,32,Bank transfer,53.64,0,0,0.0115,Low
TC-01100,Month-to-month,No internet,13-24 months,22,Electronic check,22.54,0,1,0.1369,Low
TC-01101,Two year,Fiber optic,13-24 months,22,Bank transfer,85.29,1,0,0.0651,Low
TC-01102,One year,Fiber optic,13-24 months,23,Bank transfer,88.87,1,0,0.1444,Low
TC-01103,Month-to-month,No internet,13-24 months,23,Bank transfer,21.92,0,0,0.0589,Low
TC-01104,Two year,Fiber optic,49+ months,55,Bank transfer,90.56,4,0,0.0267,Low
TC-01105,Month-to-month,Fiber optic,13-24 months,17,Bank transfer,80.89,3,0,0.6476,High
TC-01106,Two year,DSL,13-24 months,19,Mailed check,65.64,1,0,0.0145,Low
TC-01107,Month-to-month,Fiber optic,0-12 months,7,Mailed check,100.36,0,1,0.6088,High
TC-01108,Month-to-month,Fiber optic,0-12 months,11,Mailed check,99.32,0,0,0.5238,High
TC-01109,One year,Fiber optic,49+ months,59,Credit card,72.64,2,0,0.0616,Low
TC-01110,Month-to-month,Fiber optic,0-12 months,12,Electronic check,87.92,3,1,0.801,High
TC-01111,Month-to-month,DSL,0-12 months,10,Credit card,75.17,1,0,0.2874,Medium
TC-01112,Month-to-month,Fiber optic,25-48 months,26,Electronic check,85.53,1,1,0.6624,High
TC-01113,Month-to-month,Fiber optic,0-12 months,5,Electronic check,87.1,1,1,0.7749,High
TC-01114,Month-to-month,Fiber optic,0-12 months,4,Bank transfer,79.22,1,0,0.4891,Medium
TC-01115,One year,DSL,25-48 months,41,Bank transfer,76.99,0,0,0.0205,Low
TC-01116,Two year,Fiber optic,49+ months,72,Credit card,91.95,3,0,0.0106,Low
TC-01117,Month-to-month,No internet,0-12 months,7,Credit card,23.02,1,0,0.1947,Medium
TC-01118,One year,DSL,25-48 months,34,Bank transfer,68.31,1,0,0.0345,Low
TC-01119,Two year,DSL,13-24 months,18,Electronic check,64.12,3,0,0.0864,Low
TC-01120,Month-to-month,DSL,13-24 months,22,Electronic check,62.8,2,1,0.5428,High
TC-01121,Two year,Fiber optic,25-48 months,34,Bank transfer,90.17,3,0,0.0794,Low
TC-01122,Month-to-month,DSL,49+ months,72,Mailed check,60.89,1,0,0.0463,Low
TC-01123,Two year,DSL,25-48 months,35,Credit card,80.69,1,0,0.0117,Low
TC-01124,One year,DSL,0-12 months,5,Credit card,76.49,0,0,0.0723,Low
TC-01125,Two year,Fiber optic,25-48 months,29,Bank transfer,117.72,0,0,0.0256,Low
TC-01126,Two year,DSL,25-48 months,29,Electronic check,55.03,1,0,0.0139,Low
TC-01127,Two year,DSL,49+ months,56,Bank transfer,68.17,2,0,0.0029,Low
TC-01128,Month-to-month,No internet,0-12 months,0,Mailed check,20.81,4,0,0.252,Medium
TC-01129,One year,Fiber optic,25-48 months,34,Credit card,89.3,0,0,0.1522,Medium
TC-01130,Month-to-month,DSL,25-48 months,25,Mailed check,61.56,2,0,0.3782,Medium
TC-01131,Month-to-month,DSL,25-48 months,27,Electronic check,59.81,0,0,0.1875,Medium
TC-01132,Month-to-month,DSL,0-12 months,10,Mailed check,57.69,0,0,0.2352,Medium
TC-01133,One year,DSL,25-48 months,28,Credit card,54.18,2,1,0.0586,Low
TC-01134,One year,Fiber optic,25-48 months,34,Electronic check,102.01,1,1,0.3167,Medium
TC-01135,Two year,DSL,25-48 months,44,Bank transfer,57.83,1,0,0.012,Low
TC-01136,Month-to-month,DSL,25-48 months,28,Mailed check,56.15,0,0,0.1372,Low
TC-01137,Month-to-month,DSL,0-12 months,9,Electronic check,61.39,1,0,0.319,Medium
TC-01138,Month-to-month,DSL,0-12 months,2,Mailed check,70.23,2,1,0.3444,Medium
TC-01139,Two year,No internet,49+ months,72,Bank transfer,24.13,4,0,0.0033,Low
TC-01140,Month-to-month,Fiber optic,13-24 months,15,Mailed check,90.96,4,1,0.7603,High
TC-01141,Month-to-month,No internet,0-12 months,9,Electronic check,20.57,0,1,0.1831,Medium
TC-01142,Two year,DSL,49+ months,72,Credit card,47.95,1,0,0.0026,Low
TC-01143,One year,DSL,13-24 months,23,Credit card,60.58,0,0,0.0708,Low
TC-01144,Month-to-month,DSL,25-48 months,37,Bank transfer,72.72,1,1,0.1955,Medium
TC-01145,Month-to-month,Fiber optic,0-12 months,10,Credit card,98.46,1,1,0.7,High
TC-01146,Month-to-month,DSL,0-12 months,9,Bank transfer,62.9,0,0,0.1216,Low
TC-01147,Two year,DSL,25-48 months,43,Bank transfer,66.89,0,0,0.0117,Low
TC-01148,One year,Fiber optic,25-48 months,31,Mailed check,107.87,0,0,0.0927,Low
TC-01149,Month-to-month,No internet,0-12 months,11,Bank transfer,19.33,0,0,0.0844,Low
TC-01150,Month-to-month,Fiber optic,25-48 months,31,Electronic check,90.31,4,1,0.7673,High
TC-01151,Month-to-month,DSL,25-48 months,43,Mailed check,72.37,0,0,0.063,Low
TC-01152,One year,DSL,49+ months,50,Bank transfer,69.55,4,0,0.0319,Low
TC-01153,One year,Fiber optic,49+ months,65,Bank transfer,88.33,2,0,0.0544,Low
TC-01154,Two year,No internet,13-24 months,20,Credit card,21.36,1,0,0.0056,Low
TC-01155,Month-to-month,DSL,25-48 months,32,Credit card,51.09,1,1,0.1536,Medium
TC-01156,Month-to-month,DSL,13-24 months,13,Mailed check,78.28,1,0,0.2713,Medium
TC-01157,One year,DSL,25-48 months,40,Electronic check,74.96,0,0,0.0334,Low
TC-01158,Two year,DSL,49+ months,72,Bank transfer,54.95,0,0,0.0007,Low
TC-01159,One year,DSL,25-48 months,47,Bank transfer,78.77,0,0,0.0623,Low
TC-01160,Month-to-month,Fiber optic,13-24 months,19,Credit card,93.04,2,1,0.6902,High
TC-01161,Two year,Fiber optic,25-48 months,32,Electronic check,90.4,3,0,0.1445,Low
TC-01162,Month-to-month,Fiber optic,0-12 months,3,Credit card,98.74,0,0,0.7442,High
TC-01163,Two year,DSL,25-48 months,47,Electronic check,62.61,1,0,0.0126,Low
TC-01164,Month-to-month,DSL,13-24 months,14,Electronic check,84.31,0,1,0.239,Medium
TC-01165,Month-to-month,Fiber optic,13-24 months,22,Mailed check,106.87,1,0,0.4875,Medium
TC-01166,Two year,No internet,49+ months,54,Mailed check,32.49,2,0,0.0029,Low
TC-01167,Month-to-month,Fiber optic,0-12 months,8,Mailed check,82.71,0,1,0.5467,High
TC-01168,Two year,Fiber optic,13-24 months,22,Electronic check,95.4,1,0,0.0729,Low
TC-01169,One year,Fiber optic,25-48 months,38,Bank transfer,104.74,4,1,0.1914,Medium
TC-01170,Month-to-month,Fiber optic,0-12 months,2,Electronic check,100.56,0,1,0.802,High
TC-01171,Month-to-month,Fiber optic,13-24 months,22,Credit card,72.9,2,0,0.5363,High
TC-01172,Two year,Fiber optic,25-48 months,27,Electronic check,93.61,1,0,0.062,Low
TC-01173,Month-to-month,Fiber optic,0-12 months,9,Credit card,86.41,1,1,0.6739,High
TC-01174,Two year,No internet,13-24 months,13,Credit card,29.19,1,0,0.0083,Low
TC-01175,Two year,No internet,49+ months,64,Mailed check,18.0,2,0,0.0016,Low
TC-01176,Month-to-month,No internet,25-48 months,36,Mailed check,20.33,1,0,0.0571,Low
TC-01177,Month-to-month,DSL,0-12 months,8,Electronic check,58.19,2,0,0.5154,High
TC-01178,Two year,Fiber optic,25-48 months,40,Credit card,84.2,1,0,0.0351,Low
TC-01179,Month-to-month,No internet,25-48 months,39,Electronic check,18.0,3,0,0.1023,Low
TC-01180,Month-to-month,Fiber optic,25-48 months,43,Electronic check,99.92,0,0,0.5103,High
TC-01181,Month-to-month,No internet,0-12 months,7,Electronic check,18.0,1,1,0.1793,Medium
TC-01182,Month-to-month,DSL,25-48 months,45,Electronic check,61.52,1,0,0.1211,Low
TC-01183,Month-to-month,Fiber optic,13-24 months,23,Bank transfer,93.69,4,1,0.6157,High
TC-01184,One year,Fiber optic,0-12 months,6,Bank transfer,100.75,0,0,0.1293,Low
TC-01185,Two year,Fiber optic,49+ months,56,Bank transfer,94.71,2,0,0.0261,Low
TC-01186,Two year,Fiber optic,49+ months,55,Credit card,91.3,1,0,0.0238,Low
TC-01187,Month-to-month,Fiber optic,13-24 months,13,Bank transfer,101.21,1,0,0.5203,High
TC-01188,Month-to-month,DSL,25-48 months,31,Electronic check,57.84,1,0,0.2321,Medium
TC-01189,Month-to-month,DSL,13-24 months,13,Mailed check,69.49,3,0,0.3853,Medium
TC-01190,Two year,Fiber optic,49+ months,55,Mailed check,91.29,2,0,0.0403,Low
TC-01191,Month-to-month,Fiber optic,25-48 months,33,Credit card,81.69,2,1,0.4906,High
TC-01192,Month-to-month,DSL,49+ months,61,Electronic check,53.45,1,0,0.0576,Low
TC-01193,Two year,Fiber optic,25-48 months,31,Electronic check,94.18,1,0,0.1271,Low
TC-01194,Month-to-month,DSL,25-48 months,33,Electronic check,56.28,0,0,0.2763,Medium
TC-01195,Month-to-month,No internet,0-12 months,3,Credit card,23.7,1,0,0.1659,Medium
TC-01196,One year,Fiber optic,25-48 months,26,Mailed check,84.84,1,0,0.1723,Medium
TC-01197,Month-to-month,DSL,0-12 months,11,Electronic check,61.28,2,1,0.5359,High
TC-01198,Two year,Fiber optic,49+ months,57,Electronic check,100.05,0,0,0.0091,Low
TC-01199,Month-to-month,Fiber optic,13-24 months,17,Bank transfer,88.89,2,0,0.5351,High
TC-01200,Month-to-month,Fiber optic,0-12 months,8,Credit card,102.22,1,1,0.6357,High
TC-01201,Month-to-month,DSL,49+ months,51,Mailed check,77.67,0,0,0.1014,Low
TC-01202,One year,Fiber optic,25-48 months,47,Bank transfer,88.0,1,0,0.0504,Low
TC-01203,Month-to-month,DSL,13-24 months,21,Electronic check,53.84,0,0,0.3213,Medium
TC-01204,Two year,DSL,25-48 months,33,Bank transfer,72.72,0,0,0.0123,Low
TC-01205,Two year,No internet,49+ months,49,Electronic check,19.87,0,0,0.003,Low
TC-01206,Two year,DSL,49+ months,70,Electronic check,64.88,2,0,0.0101,Low
TC-01207,Month-to-month,DSL,49+ months,62,Credit card,66.59,1,0,0.0393,Low
TC-01208,Month-to-month,DSL,13-24 months,19,Credit card,70.32,1,1,0.1751,Medium
TC-01209,Month-to-month,DSL,13-24 months,20,Bank transfer,60.87,0,0,0.0803,Low
TC-01210,Two year,DSL,25-48 months,26,Bank transfer,66.64,2,0,0.0258,Low
TC-01211,Two year,Fiber optic,49+ months,58,Bank transfer,87.09,0,0,0.0083,Low
TC-01212,Month-to-month,Fiber optic,13-24 months,13,Electronic check,95.0,1,1,0.773,High
TC-01213,One year,DSL,13-24 months,20,Credit card,65.09,1,0,0.0468,Low
TC-01214,Two year,DSL,25-48 months,28,Credit card,55.84,0,0,0.005,Low
TC-01215,Two year,No internet,25-48 months,30,Mailed check,35.62,2,0,0.0064,Low
TC-01216,One year,DSL,49+ months,58,Bank transfer,57.8,2,0,0.0152,Low
TC-01217,Two year,Fiber optic,25-48 months,25,Credit card,92.34,1,0,0.0497,Low
TC-01218,Two year,DSL,49+ months,72,Credit card,78.95,0,0,0.003,Low
TC-01219,Month-to-month,Fiber optic,13-24 months,24,Bank transfer,98.0,2,1,0.6095,High
TC-01220,Month-to-month,Fiber optic,25-48 months,33,Electronic check,81.23,1,1,0.4983,High
TC-01221,One year,Fiber optic,49+ months,72,Electronic check,80.7,5,0,0.1964,Medium
TC-01222,Month-to-month,DSL,49+ months,53,Bank transfer,69.39,2,0,0.0882,Low
TC-01223,Month-to-month,DSL,13-24 months,17,Electronic check,44.59,1,1,0.2441,Medium
TC-01224,Two year,Fiber optic,49+ months,54,Mailed check,95.66,1,0,0.0129,Low
TC-01225,One year,DSL,49+ months,72,Mailed check,73.52,1,0,0.0079,Low
TC-01226,Month-to-month,DSL,0-12 months,8,Electronic check,71.02,2,1,0.4666,Medium
TC-01227,Two year,DSL,25-48 months,29,Electronic check,72.14,2,0,0.0418,Low
TC-01228,Month-to-month,Fiber optic,0-12 months,12,Credit card,80.35,2,1,0.6965,High
TC-01229,Two year,DSL,49+ months,72,Bank transfer,58.38,1,0,0.0036,Low
TC-01230,Two year,Fiber optic,49+ months,72,Bank transfer,99.79,0,0,0.0063,Low
TC-01231,Month-to-month,No internet,13-24 months,18,Credit card,26.59,0,1,0.0836,Low
TC-01232,Month-to-month,DSL,49+ months,59,Electronic check,60.77,1,0,0.078,Low
TC-01233,Month-to-month,Fiber optic,25-48 months,32,Bank transfer,79.75,2,1,0.5207,High
TC-01234,Two year,No internet,49+ months,72,Electronic check,25.28,1,0,0.0015,Low
TC-01235,Month-to-month,No internet,0-12 months,9,Bank transfer,34.01,1,0,0.1844,Medium
TC-01236,Month-to-month,Fiber optic,0-12 months,7,Electronic check,75.61,1,0,0.7446,High
TC-01237,Two year,Fiber optic,49+ months,72,Electronic check,80.89,2,0,0.0235,Low
TC-01238,One year,Fiber optic,49+ months,62,Mailed check,92.86,0,0,0.0294,Low
TC-01239,One year,No internet,13-24 months,22,Mailed check,18.0,2,0,0.0185,Low
TC-01240,One year,Fiber optic,25-48 months,29,Electronic check,86.36,3,1,0.3226,Medium
TC-01241,Month-to-month,Fiber optic,49+ months,50,Credit card,87.61,2,1,0.3296,Medium
TC-01242,Month-to-month,No internet,0-12 months,12,Electronic check,18.0,0,0,0.2445,Medium
TC-01243,Month-to-month,No internet,13-24 months,17,Mailed check,18.0,3,0,0.1128,Low
TC-01244,Month-to-month,No internet,25-48 months,27,Credit card,22.9,2,0,0.0945,Low
TC-01245,Month-to-month,DSL,0-12 months,3,Mailed check,58.13,0,0,0.3071,Medium
TC-01246,One year,Fiber optic,49+ months,58,Mailed check,101.74,1,0,0.0406,Low
TC-01247,One year,DSL,49+ months,52,Mailed check,65.1,1,0,0.0174,Low
TC-01248,One year,DSL,49+ months,72,Electronic check,74.19,2,0,0.0363,Low
TC-01249,Month-to-month,DSL,0-12 months,2,Mailed check,66.92,2,0,0.3872,Medium
TC-01250,Month-to-month,No internet,0-12 months,8,Credit card,26.37,1,0,0.1639,Medium
TC-01251,Two year,DSL,25-48 months,37,Electronic check,48.71,0,0,0.0089,Low
TC-01252,Month-to-month,Fiber optic,25-48 months,40,Electronic check,98.98,0,0,0.2583,Medium
TC-01253,Month-to-month,Fiber optic,25-48 months,44,Electronic check,101.15,2,1,0.5324,High
TC-01254,Month-to-month,DSL,0-12 months,8,Mailed check,70.39,1,0,0.3937,Medium
TC-01255,Two year,Fiber optic,13-24 months,20,Electronic check,80.08,0,0,0.0917,Low
TC-01256,Month-to-month,DSL,13-24 months,24,Electronic check,64.76,1,1,0.3206,Medium
TC-01257,Month-to-month,DSL,0-12 months,7,Electronic check,85.02,1,1,0.4677,Medium
TC-01258,Month-to-month,No internet,0-12 months,6,Electronic check,26.3,1,0,0.2257,Medium
TC-01259,One year,Fiber optic,49+ months,68,Bank transfer,91.73,1,0,0.0358,Low
TC-01260,Two year,No internet,25-48 months,27,Electronic check,20.13,0,0,0.0083,Low
TC-01261,One year,Fiber optic,49+ months,63,Bank transfer,93.06,0,0,0.0524,Low
TC-01262,Month-to-month,Fiber optic,25-48 months,25,Bank transfer,103.75,1,0,0.5856,High
TC-01263,Month-to-month,No internet,0-12 months,2,Electronic check,18.0,2,0,0.2928,Medium
TC-01264,One year,Fiber optic,0-12 months,12,Credit card,106.35,0,0,0.1119,Low
TC-01265,Two year,DSL,25-48 months,47,Mailed check,53.06,0,0,0.0045,Low
TC-01266,Month-to-month,DSL,0-12 months,3,Electronic check,67.5,0,1,0.4725,Medium
TC-01267,Two year,Fiber optic,49+ months,59,Electronic check,88.57,0,0,0.0241,Low
TC-01268,Month-to-month,No internet,13-24 months,21,Bank transfer,26.74,1,1,0.086,Low
TC-01269,Month-to-month,No internet,0-12 months,12,Bank transfer,18.0,0,0,0.1008,Low
TC-01270,Month-to-month,No internet,0-12 months,8,Electronic check,18.0,1,0,0.2181,Medium
TC-01271,One year,DSL,13-24 months,22,Electronic check,75.66,1,0,0.0867,Low
TC-01272,Two year,Fiber optic,49+ months,51,Bank transfer,90.15,3,0,0.0299,Low
TC-01273,One year,Fiber optic,25-48 months,46,Credit card,100.93,1,1,0.0808,Low
TC-01274,Month-to-month,Fiber optic,0-12 months,4,Mailed check,91.53,4,1,0.8931,High
TC-01275,One year,No internet,13-24 months,22,Credit card,19.37,1,0,0.025,Low
TC-01276,Month-to-month,DSL,25-48 months,27,Electronic check,58.6,0,0,0.1855,Medium
TC-01277,Month-to-month,Fiber optic,13-24 months,18,Bank transfer,90.12,0,0,0.3482,Medium
TC-01278,Month-to-month,No internet,0-12 months,8,Credit card,18.0,0,0,0.1198,Low
TC-01279,Month-to-month,DSL,0-12 months,11,Credit card,44.0,1,1,0.3844,Medium
TC-01280,Month-to-month,DSL,13-24 months,16,Credit card,62.9,1,0,0.3055,Medium
TC-01281,Month-to-month,Fiber optic,0-12 months,1,Mailed check,90.52,0,1,0.6716,High
TC-01282,Month-to-month,Fiber optic,25-48 months,27,Electronic check,100.27,2,1,0.5609,High
TC-01283,Month-to-month,No internet,13-24 months,17,Electronic check,21.92,0,0,0.1244,Low
TC-01284,Month-to-month,Fiber optic,0-12 months,12,Mailed check,74.64,1,1,0.3871,Medium
TC-01285,Two year,DSL,25-48 months,26,Electronic check,77.43,0,0,0.0174,Low
TC-01286,Two year,DSL,25-48 months,38,Mailed check,75.3,1,0,0.0132,Low
TC-01287,Month-to-month,No internet,13-24 months,23,Credit card,18.0,1,0,0.0669,Low
TC-01288,One year,No internet,25-48 months,41,Bank transfer,18.0,0,0,0.0066,Low
TC-01289,Two year,Fiber optic,49+ months,72,Electronic check,94.78,2,0,0.0301,Low
TC-01290,Month-to-month,Fiber optic,0-12 months,9,Electronic check,85.1,1,1,0.6226,High
TC-01291,One year,No internet,25-48 months,37,Electronic check,21.89,0,0,0.0184,Low
TC-01292,Month-to-month,No internet,13-24 months,15,Credit card,18.0,0,0,0.0821,Low
TC-01293,One year,DSL,49+ months,51,Bank transfer,64.57,0,0,0.0208,Low
TC-01294,Two year,Fiber optic,49+ months,72,Electronic check,95.71,4,0,0.0389,Low
TC-01295,Month-to-month,Fiber optic,0-12 months,11,Electronic check,104.92,2,1,0.674,High
TC-01296,Two year,Fiber optic,49+ months,72,Credit card,101.39,1,0,0.0089,Low
TC-01297,One year,Fiber optic,0-12 months,7,Credit card,77.38,1,0,0.1385,Low
TC-01298,Two year,DSL,49+ months,63,Bank transfer,57.78,0,0,0.0034,Low
TC-01299,One year,No internet,25-48 months,27,Electronic check,23.9,0,0,0.0445,Low
TC-01300,Two year,No internet,25-48 months,34,Electronic check,23.5,2,0,0.0075,Low
TC-01301,Month-to-month,Fiber optic,0-12 months,7,Bank transfer,79.63,1,0,0.589,High
TC-01302,One year,DSL,25-48 months,31,Mailed check,62.35,0,0,0.0299,Low
TC-01303,Month-to-month,No internet,13-24 months,18,Bank transfer,29.03,1,1,0.1177,Low
TC-01304,Month-to-month,DSL,13-24 months,15,Mailed check,75.49,0,0,0.1723,Medium
TC-01305,One year,DSL,25-48 months,44,Mailed check,58.48,1,0,0.0267,Low
TC-01306,Month-to-month,Fiber optic,0-12 months,5,Electronic check,97.25,3,1,0.89,High
TC-01307,Month-to-month,Fiber optic,0-12 months,10,Mailed check,101.41,0,0,0.6415,High
TC-01308,Two year,DSL,13-24 months,22,Electronic check,53.88,2,0,0.0313,Low
TC-01309,Two year,Fiber optic,25-48 months,26,Mailed check,89.36,0,0,0.0206,Low
TC-01310,One year,Fiber optic,49+ months,65,Mailed check,106.93,1,1,0.0313,Low
TC-01311,Month-to-month,Fiber optic,25-48 months,33,Electronic check,100.09,0,1,0.5922,High
TC-01312,One year,DSL,25-48 months,44,Mailed check,64.88,0,0,0.027,Low
TC-01313,Month-to-month,Fiber optic,13-24 months,18,Credit card,94.56,3,1,0.6067,High
TC-01314,One year,DSL,25-48 months,31,Mailed check,73.39,2,0,0.0741,Low
TC-01315,One year,Fiber optic,25-48 months,30,Electronic check,87.19,4,1,0.4939,High
TC-01316,One year,No internet,0-12 months,2,Credit card,28.78,1,0,0.056,Low
TC-01317,Month-to-month,Fiber optic,13-24 months,24,Credit card,89.71,1,0,0.4964,High
TC-01318,Month-to-month,DSL,0-12 months,5,Electronic check,55.63,1,0,0.3282,Medium
TC-01319,One year,DSL,25-48 months,31,Bank transfer,60.47,2,0,0.0435,Low
TC-01320,Month-to-month,No internet,13-24 months,22,Mailed check,28.2,2,0,0.1051,Low
TC-01321,One year,Fiber optic,49+ months,57,Mailed check,98.99,3,0,0.0765,Low
TC-01322,Month-to-month,Fiber optic,0-12 months,1,Bank transfer,89.99,3,0,0.7821,High
TC-01323,Month-to-month,Fiber optic,25-48 months,48,Electronic check,81.46,1,1,0.3833,Medium
TC-01324,Month-to-month,Fiber optic,13-24 months,13,Bank transfer,103.09,6,1,0.8528,High
TC-01325,One year,Fiber optic,49+ months,72,Bank transfer,95.06,3,0,0.0356,Low
TC-01326,Two year,No internet,25-48 months,48,Bank transfer,24.69,0,0,0.0024,Low
TC-01327,Two year,Fiber optic,13-24 months,21,Credit card,81.53,1,0,0.0737,Low
TC-01328,Month-to-month,Fiber optic,13-24 months,21,Electronic check,71.46,4,1,0.7416,High
TC-01329,Two year,DSL,13-24 months,17,Bank transfer,75.29,0,0,0.0126,Low
TC-01330,Month-to-month,Fiber optic,0-12 months,5,Bank transfer,79.29,0,0,0.3863,Medium
TC-01331,One year,No internet,25-48 months,27,Electronic check,30.05,2,0,0.0471,Low
TC-01332,Month-to-month,DSL,25-48 months,28,Mailed check,73.56,3,0,0.2268,Medium
TC-01333,Month-to-month,Fiber optic,25-48 months,32,Credit card,100.06,1,1,0.5561,High
TC-01334,Month-to-month,No internet,49+ months,58,Mailed check,18.25,1,0,0.0207,Low
TC-01335,Month-to-month,No internet,13-24 months,14,Bank transfer,25.27,0,0,0.1019,Low
TC-01336,One year,DSL,25-48 months,41,Mailed check,62.35,0,0,0.0245,Low
TC-01337,One year,DSL,13-24 months,20,Mailed check,66.0,0,0,0.0336,Low
TC-01338,One year,No internet,49+ months,72,Credit card,20.2,1,0,0.003,Low
TC-01339,Month-to-month,DSL,13-24 months,14,Credit card,65.86,0,0,0.2169,Medium
TC-01340,One year,No internet,25-48 months,32,Electronic check,42.56,2,0,0.0397,Low
TC-01341,Month-to-month,Fiber optic,13-24 months,13,Mailed check,106.1,1,1,0.5481,High
TC-01342,One year,DSL,25-48 months,31,Credit card,66.79,0,0,0.0422,Low
TC-01343,Month-to-month,Fiber optic,25-48 months,25,Electronic check,82.23,4,1,0.6873,High
TC-01344,One year,Fiber optic,25-48 months,35,Credit card,96.4,1,0,0.1903,Medium
TC-01345,Month-to-month,Fiber optic,0-12 months,11,Credit card,91.28,2,1,0.7859,High
TC-01346,Month-to-month,No internet,13-24 months,16,Bank transfer,28.68,1,0,0.1127,Low
TC-01347,Month-to-month,DSL,13-24 months,22,Electronic check,65.82,0,0,0.2304,Medium
TC-01348,Month-to-month,DSL,13-24 months,19,Electronic check,58.11,0,1,0.2299,Medium
TC-01349,Month-to-month,DSL,0-12 months,3,Electronic check,70.76,0,1,0.5937,High
TC-01350,One year,DSL,25-48 months,40,Electronic check,66.63,2,0,0.0437,Low
TC-01351,Two year,No internet,25-48 months,35,Mailed check,34.98,2,0,0.0049,Low
TC-01352,Month-to-month,Fiber optic,25-48 months,41,Electronic check,98.81,0,1,0.4941,High
TC-01353,Month-to-month,Fiber optic,0-12 months,6,Electronic check,108.38,4,1,0.9025,High
TC-01354,One year,Fiber optic,25-48 months,37,Credit card,83.13,1,0,0.122,Low
TC-01355,Month-to-month,Fiber optic,0-12 months,12,Mailed check,79.33,2,1,0.6462,High
TC-01356,Two year,DSL,49+ months,72,Credit card,70.14,2,0,0.0059,Low
TC-01357,Month-to-month,No internet,0-12 months,2,Credit card,28.14,3,0,0.2304,Medium
TC-01358,Month-to-month,Fiber optic,49+ months,53,Electronic check,84.64,0,0,0.2438,Medium
TC-01359,Month-to-month,No internet,13-24 months,14,Bank transfer,18.0,1,0,0.167,Medium
TC-01360,Month-to-month,Fiber optic,13-24 months,23,Credit card,95.74,1,1,0.5863,High
TC-01361,Month-to-month,Fiber optic,13-24 months,19,Mailed check,88.92,0,0,0.321,Medium
TC-01362,Month-to-month,Fiber optic,0-12 months,10,Bank transfer,102.98,2,0,0.4958,High
TC-01363,One year,No internet,49+ months,49,Credit card,36.85,1,0,0.0108,Low
TC-01364,Two year,No internet,49+ months,72,Credit card,19.46,1,0,0.0009,Low
TC-01365,Month-to-month,DSL,0-12 months,3,Bank transfer,55.72,1,0,0.281,Medium
TC-01366,Two year,Fiber optic,49+ months,59,Electronic check,89.35,4,0,0.0489,Low
TC-01367,Month-to-month,Fiber optic,13-24 months,19,Electronic check,107.21,1,1,0.6992,High
TC-01368,One year,DSL,13-24 months,13,Bank transfer,53.13,1,0,0.0495,Low
TC-01369,Month-to-month,No internet,0-12 months,11,Mailed check,24.52,0,0,0.1014,Low
TC-01370,Month-to-month,DSL,13-24 months,24,Bank transfer,68.89,2,0,0.1439,Low
TC-01371,Two year,DSL,25-48 months,48,Electronic check,57.21,1,0,0.0134,Low
TC-01372,One year,DSL,25-48 months,25,Bank transfer,49.5,0,0,0.0533,Low
TC-01373,Month-to-month,No internet,13-24 months,24,Mailed check,19.8,3,0,0.1143,Low
TC-01374,Month-to-month,DSL,25-48 months,44,Electronic check,57.63,0,0,0.1733,Medium
TC-01375,Two year,DSL,13-24 months,16,Credit card,58.68,0,0,0.0171,Low
TC-01376,Two year,No internet,49+ months,72,Electronic check,18.0,0,0,0.0012,Low
TC-01377,One year,DSL,13-24 months,21,Electronic check,55.16,1,0,0.0585,Low
TC-01378,Two year,DSL,25-48 months,31,Electronic check,46.79,3,0,0.0483,Low
TC-01379,Two year,No internet,49+ months,72,Electronic check,25.54,0,0,0.0015,Low
TC-01380,One year,Fiber optic,49+ months,72,Bank transfer,89.42,1,0,0.0119,Low
TC-01381,One year,No internet,25-48 months,32,Electronic check,22.2,0,0,0.0202,Low
TC-01382,Month-to-month,Fiber optic,13-24 months,16,Mailed check,104.26,0,0,0.4265,Medium
TC-01383,Month-to-month,DSL,0-12 months,4,Mailed check,67.87,1,1,0.3696,Medium
TC-01384,One year,Fiber optic,13-24 months,17,Bank transfer,92.51,4,0,0.3621,Medium
TC-01385,Two year,DSL,49+ months,72,Bank transfer,54.24,0,0,0.0032,Low
TC-01386,Month-to-month,Fiber optic,0-12 months,9,Bank transfer,90.43,1,0,0.5654,High
TC-01387,Month-to-month,No internet,0-12 months,1,Bank transfer,26.17,1,0,0.1827,Medium
TC-01388,Month-to-month,DSL,25-48 months,25,Bank transfer,57.56,1,0,0.2526,Medium
TC-01389,One year,No internet,0-12 months,10,Mailed check,18.0,2,0,0.0325,Low
TC-01390,Month-to-month,Fiber optic,25-48 months,32,Electronic check,88.75,2,0,0.6509,High
TC-01391,Two year,Fiber optic,13-24 months,15,Electronic check,98.49,2,0,0.1543,Medium
TC-01392,Month-to-month,DSL,25-48 months,35,Credit card,60.93,1,0,0.2046,Medium
TC-01393,One year,Fiber optic,25-48 months,29,Bank transfer,101.21,1,0,0.1325,Low
TC-01394,One year,Fiber optic,13-24 months,22,Electronic check,96.92,1,0,0.2328,Medium
TC-01395,Month-to-month,No internet,0-12 months,7,Mailed check,18.0,1,0,0.1228,Low
TC-01396,Month-to-month,Fiber optic,13-24 months,23,Credit card,91.08,0,0,0.5489,High
TC-01397,Month-to-month,DSL,25-48 months,33,Bank transfer,68.88,1,0,0.1402,Low
TC-01398,One year,DSL,13-24 months,15,Credit card,62.37,2,0,0.0514,Low
TC-01399,Month-to-month,DSL,0-12 months,11,Bank transfer,63.69,0,1,0.4385,Medium
TC-01400,Month-to-month,Fiber optic,25-48 months,35,Electronic check,91.62,1,1,0.6128,High
TC-01401,Month-to-month,Fiber optic,13-24 months,14,Electronic check,84.25,2,1,0.7437,High
TC-01402,Month-to-month,Fiber optic,13-24 months,18,Credit card,91.52,1,1,0.3783,Medium
TC-01403,Two year,Fiber optic,25-48 months,42,Mailed check,89.99,0,0,0.0219,Low
TC-01404,Two year,DSL,13-24 months,17,Mailed check,79.05,0,0,0.0132,Low
TC-01405,Two year,No internet,13-24 months,19,Bank transfer,29.8,2,0,0.0097,Low
TC-01406,Two year,No internet,25-48 months,45,Electronic check,30.71,2,0,0.0069,Low
TC-01407,One year,Fiber optic,0-12 months,12,Electronic check,115.99,0,0,0.1837,Medium
TC-01408,Month-to-month,DSL,13-24 months,13,Electronic check,59.89,3,1,0.5896,High
TC-01409,Two year,Fiber optic,25-48 months,41,Mailed check,101.54,2,0,0.0633,Low
TC-01410,One year,Fiber optic,25-48 months,47,Credit card,90.53,1,0,0.1156,Low
TC-01411,One year,No internet,13-24 months,21,Mailed check,25.44,2,0,0.0383,Low
TC-01412,One year,Fiber optic,13-24 months,14,Bank transfer,77.76,3,1,0.3335,Medium
TC-01413,Two year,No internet,49+ months,57,Credit card,35.89,2,0,0.0039,Low
TC-01414,Month-to-month,DSL,0-12 months,6,Mailed check,64.44,0,0,0.1953,Medium
TC-01415,One year,DSL,25-48 months,32,Electronic check,67.71,2,0,0.0429,Low
TC-01416,Month-to-month,DSL,13-24 months,18,Mailed check,69.31,1,0,0.1952,Medium
TC-01417,Month-to-month,No internet,0-12 months,7,Electronic check,25.62,1,1,0.2358,Medium
TC-01418,Month-to-month,No internet,13-24 months,23,Electronic check,31.23,0,0,0.1783,Medium
TC-01419,Month-to-month,DSL,0-12 months,7,Electronic check,59.24,2,0,0.4372,Medium
TC-01420,Month-to-month,Fiber optic,25-48 months,46,Credit card,69.71,1,1,0.2718,Medium
TC-01421,Month-to-month,DSL,25-48 months,30,Mailed check,47.88,0,0,0.1109,Low
TC-01422,Month-to-month,DSL,49+ months,72,Bank transfer,67.87,0,0,0.0189,Low
TC-01423,Two year,Fiber optic,25-48 months,43,Credit card,98.62,1,0,0.0139,Low
TC-01424,One year,No internet,13-24 months,17,Bank transfer,35.22,0,0,0.0254,Low
TC-01425,One year,DSL,25-48 months,47,Electronic check,68.1,2,0,0.0302,Low
TC-01426,Two year,Fiber optic,25-48 months,30,Bank transfer,90.98,0,0,0.0275,Low
TC-01427,Month-to-month,Fiber optic,0-12 months,5,Electronic check,87.78,2,1,0.8406,High
TC-01428,Month-to-month,Fiber optic,25-48 months,33,Credit card,98.22,2,1,0.584,High
TC-01429,Month-to-month,DSL,0-12 months,7,Bank transfer,75.84,0,0,0.3969,Medium
TC-01430,Month-to-month,DSL,49+ months,72,Bank transfer,71.15,1,0,0.0674,Low
TC-01431,Two year,DSL,25-48 months,35,Mailed check,58.66,1,0,0.0062,Low
TC-01432,Month-to-month,No internet,49+ months,71,Credit card,18.0,2,0,0.0194,Low
TC-01433,One year,DSL,49+ months,72,Credit card,61.34,0,0,0.0025,Low
TC-01434,Two year,Fiber optic,49+ months,58,Credit card,87.03,2,0,0.0207,Low
TC-01435,Month-to-month,DSL,0-12 months,4,Bank transfer,46.35,1,1,0.3688,Medium
TC-01436,Two year,No internet,25-48 months,33,Electronic check,32.91,0,0,0.0072,Low
TC-01437,Month-to-month,DSL,13-24 months,15,Credit card,75.15,0,0,0.1811,Medium
TC-01438,Month-to-month,Fiber optic,0-12 months,2,Mailed check,92.14,0,1,0.6816,High
TC-01439,Month-to-month,Fiber optic,25-48 months,25,Electronic check,86.97,1,1,0.6787,High
TC-01440,Month-to-month,DSL,13-24 months,14,Mailed check,66.36,1,0,0.1893,Medium
TC-01441,Month-to-month,DSL,0-12 months,9,Electronic check,75.68,1,1,0.4934,High
TC-01442,Month-to-month,No internet,0-12 months,11,Mailed check,24.0,0,0,0.0879,Low
TC-01443,Two year,Fiber optic,49+ months,59,Electronic check,97.12,1,0,0.0228,Low
TC-01444,Month-to-month,DSL,49+ months,72,Bank transfer,75.6,2,0,0.042,Low
TC-01445,Month-to-month,No internet,0-12 months,12,Electronic check,35.22,0,0,0.1879,Medium
TC-01446,Two year,DSL,25-48 months,32,Electronic check,65.48,2,0,0.0427,Low
TC-01447,Month-to-month,DSL,0-12 months,10,Credit card,59.1,0,1,0.1045,Low
TC-01448,Two year,DSL,49+ months,59,Electronic check,66.94,2,0,0.0087,Low
TC-01449,Two year,No internet,13-24 months,17,Electronic check,19.42,2,0,0.0152,Low
TC-01450,One year,No internet,49+ months,52,Electronic check,18.0,1,0,0.0101,Low
TC-01451,Month-to-month,Fiber optic,0-12 months,2,Mailed check,90.39,0,1,0.6305,High
TC-01452,Month-to-month,Fiber optic,13-24 months,14,Electronic check,79.46,2,0,0.7705,High
TC-01453,Month-to-month,DSL,25-48 months,34,Credit card,69.73,1,0,0.2307,Medium
TC-01454,Month-to-month,DSL,0-12 months,6,Mailed check,81.17,0,1,0.153,Medium
TC-01455,Month-to-month,No internet,25-48 months,36,Credit card,18.0,2,0,0.0708,Low
TC-01456,Month-to-month,DSL,13-24 months,20,Electronic check,60.3,0,0,0.3954,Medium
TC-01457,Two year,DSL,25-48 months,38,Mailed check,76.03,1,0,0.0035,Low
TC-01458,Month-to-month,DSL,25-48 months,25,Bank transfer,55.5,0,0,0.1032,Low
TC-01459,Two year,DSL,25-48 months,34,Credit card,68.96,1,0,0.0142,Low
TC-01460,One year,DSL,13-24 months,13,Credit card,66.14,1,1,0.0271,Low
TC-01461,Month-to-month,Fiber optic,25-48 months,34,Bank transfer,78.2,3,1,0.4833,Medium
TC-01462,One year,No internet,13-24 months,15,Credit card,24.28,0,1,0.0239,Low
TC-01463,Month-to-month,DSL,25-48 months,37,Mailed check,61.24,0,0,0.0649,Low
TC-01464,Month-to-month,DSL,25-48 months,46,Electronic check,48.37,0,0,0.0546,Low
TC-01465,Two year,Fiber optic,49+ months,67,Bank transfer,89.98,0,0,0.0081,Low
TC-01466,Month-to-month,No internet,0-12 months,3,Electronic check,18.0,0,0,0.1644,Medium
TC-01467,Month-to-month,No internet,13-24 months,23,Credit card,18.0,0,0,0.071,Low
TC-01468,Month-to-month,No internet,0-12 months,3,Electronic check,18.0,2,0,0.2505,Medium
TC-01469,One year,Fiber optic,0-12 months,7,Credit card,99.54,1,0,0.2732,Medium
TC-01470,Month-to-month,No internet,0-12 months,4,Credit card,22.99,2,0,0.1912,Medium
TC-01471,Month-to-month,Fiber optic,0-12 months,7,Electronic check,79.26,0,0,0.7218,High
TC-01472,One year,Fiber optic,0-12 months,11,Credit card,88.97,2,1,0.3356,Medium
TC-01473,Month-to-month,Fiber optic,0-12 months,6,Bank transfer,95.66,2,0,0.4999,High
TC-01474,Two year,Fiber optic,25-48 months,43,Mailed check,96.78,1,0,0.0168,Low
TC-01475,Month-to-month,No internet,25-48 months,34,Credit card,18.0,1,0,0.0639,Low
TC-01476,Month-to-month,Fiber optic,13-24 months,21,Electronic check,88.63,1,0,0.6251,High
TC-01477,Month-to-month,Fiber optic,0-12 months,2,Electronic check,92.44,3,1,0.7907,High
TC-01478,One year,Fiber optic,49+ months,53,Bank transfer,100.11,3,0,0.134,Low
TC-01479,Two year,DSL,49+ months,61,Electronic check,55.53,2,0,0.0118,Low
TC-01480,Two year,Fiber optic,25-48 months,48,Bank transfer,85.25,4,0,0.0535,Low
TC-01481,Month-to-month,No internet,13-24 months,21,Electronic check,26.29,1,0,0.2583,Medium
TC-01482,Month-to-month,DSL,0-12 months,6,Mailed check,83.36,1,0,0.1901,Medium
TC-01483,Month-to-month,DSL,0-12 months,12,Credit card,61.54,2,1,0.3433,Medium
TC-01484,Month-to-month,Fiber optic,25-48 months,28,Mailed check,91.03,2,1,0.5636,High
TC-01485,Month-to-month,No internet,0-12 months,5,Mailed check,23.89,0,0,0.1364,Low
TC-01486,Month-to-month,Fiber optic,13-24 months,14,Credit card,85.04,1,1,0.7341,High
TC-01487,Two year,No internet,25-48 months,32,Credit card,30.76,1,0,0.0062,Low
TC-01488,One year,No internet,49+ months,64,Mailed check,18.0,2,0,0.0047,Low
TC-01489,Two year,No internet,25-48 months,35,Credit card,26.28,1,0,0.0053,Low
TC-01490,One year,Fiber optic,25-48 months,28,Bank transfer,100.97,2,0,0.1498,Medium
TC-01491,Month-to-month,No internet,0-12 months,12,Bank transfer,21.05,1,0,0.133,Low
TC-01492,Month-to-month,No internet,0-12 months,8,Credit card,24.23,0,0,0.1073,Low
TC-01493,Month-to-month,Fiber optic,0-12 months,12,Electronic check,90.48,0,1,0.7308,High
TC-01494,Month-to-month,Fiber optic,25-48 months,41,Credit card,76.06,1,0,0.387,Medium
TC-01495,Month-to-month,Fiber optic,0-12 months,6,Mailed check,97.39,2,1,0.7592,High
TC-01496,Two year,DSL,13-24 months,20,Electronic check,66.85,0,0,0.0335,Low
TC-01497,Month-to-month,DSL,0-12 months,9,Electronic check,66.39,1,0,0.6711,High
TC-01498,Month-to-month,Fiber optic,25-48 months,27,Mailed check,106.35,2,0,0.3566,Medium
TC-01499,Month-to-month,No internet,13-24 months,15,Bank transfer,29.15,1,0,0.1282,Low
TC-01500,One year,Fiber optic,13-24 months,18,Electronic check,93.69,2,0,0.2474,Medium
TC-01501,One year,Fiber optic,13-24 months,20,Electronic check,98.34,1,1,0.3683,Medium
TC-01502,One year,Fiber optic,25-48 months,29,Electronic check,85.36,5,1,0.4767,Medium
TC-01503,Month-to-month,Fiber optic,0-12 months,5,Electronic check,81.69,3,1,0.8742,High
TC-01504,Month-to-month,No internet,0-12 months,5,Bank transfer,20.21,0,0,0.1388,Low
TC-01505,Month-to-month,No internet,13-24 months,20,Mailed check,24.24,1,0,0.0908,Low
TC-01506,Month-to-month,Fiber optic,0-12 months,12,Electronic check,98.64,4,1,0.8929,High
TC-01507,One year,No internet,25-48 months,46,Mailed check,24.33,1,0,0.0072,Low
TC-01508,Two year,No internet,13-24 months,18,Credit card,21.01,0,0,0.0061,Low
TC-01509,One year,Fiber optic,49+ months,52,Electronic check,85.38,2,0,0.1685,Medium
TC-01510,Month-to-month,DSL,0-12 months,12,Electronic check,62.88,2,0,0.5513,High
TC-01511,Month-to-month,Fiber optic,0-12 months,3,Credit card,103.36,0,1,0.5807,High
TC-01512,Two year,No internet,25-48 months,43,Credit card,21.27,0,0,0.0017,Low
TC-01513,Two year,Fiber optic,25-48 months,39,Bank transfer,88.33,2,0,0.0304,Low
TC-01514,One year,DSL,25-48 months,40,Electronic check,64.13,0,0,0.0542,Low
TC-01515,Month-to-month,DSL,13-24 months,19,Bank transfer,67.5,0,0,0.2251,Medium
TC-01516,Month-to-month,No internet,13-24 months,16,Mailed check,18.0,0,0,0.0773,Low
TC-01517,One year,No internet,25-48 months,40,Electronic check,18.92,2,0,0.018,Low
TC-01518,Two year,DSL,49+ months,72,Electronic check,47.79,0,0,0.0059,Low
TC-01519,Month-to-month,DSL,25-48 months,30,Credit card,84.45,2,1,0.3294,Medium
TC-01520,Month-to-month,DSL,13-24 months,13,Bank transfer,60.55,2,0,0.3395,Medium
TC-01521,Month-to-month,Fiber optic,25-48 months,42,Credit card,85.6,2,1,0.3103,Medium
TC-01522,Month-to-month,Fiber optic,13-24 months,23,Mailed check,90.76,2,0,0.4076,Medium
TC-01523,Two year,Fiber optic,49+ months,71,Electronic check,100.48,5,0,0.0224,Low
TC-01524,One year,No internet,13-24 months,16,Credit card,36.75,1,0,0.0589,Low
TC-01525,Two year,Fiber optic,49+ months,59,Mailed check,100.8,0,0,0.015,Low
TC-01526,Month-to-month,DSL,25-48 months,41,Bank transfer,55.15,1,0,0.0906,Low
TC-01527,Month-to-month,DSL,0-12 months,9,Credit card,70.36,1,0,0.3722,Medium
TC-01528,Two year,Fiber optic,49+ months,72,Bank transfer,102.2,0,0,0.0131,Low
TC-01529,One year,Fiber optic,25-48 months,37,Electronic check,86.82,0,0,0.1827,Medium
TC-01530,Month-to-month,No internet,25-48 months,31,Bank transfer,18.0,0,0,0.0403,Low
TC-01531,Month-to-month,Fiber optic,13-24 months,13,Electronic check,75.84,4,1,0.8133,High
TC-01532,One year,Fiber optic,25-48 months,35,Electronic check,101.29,0,1,0.2165,Medium
TC-01533,One year,DSL,49+ months,55,Credit card,70.01,1,0,0.0257,Low
TC-01534,Month-to-month,Fiber optic,13-24 months,18,Credit card,78.31,4,1,0.7839,High
TC-01535,Month-to-month,Fiber optic,13-24 months,19,Credit card,85.68,2,1,0.6263,High
TC-01536,Two year,Fiber optic,49+ months,72,Bank transfer,72.54,3,0,0.0196,Low
TC-01537,Month-to-month,DSL,0-12 months,8,Bank transfer,54.04,1,0,0.3193,Medium
TC-01538,One year,DSL,13-24 months,23,Electronic check,61.85,1,0,0.1084,Low
TC-01539,Month-to-month,No internet,0-12 months,12,Mailed check,18.0,0,0,0.0879,Low
TC-01540,Month-to-month,No internet,49+ months,52,Electronic check,33.65,1,0,0.0726,Low
TC-01541,Month-to-month,DSL,0-12 months,8,Electronic check,76.18,1,1,0.5329,High
TC-01542,Month-to-month,DSL,25-48 months,26,Bank transfer,64.29,1,1,0.2511,Medium
TC-01543,Month-to-month,DSL,13-24 months,13,Bank transfer,56.23,1,0,0.2315,Medium
TC-01544,Month-to-month,Fiber optic,13-24 months,17,Electronic check,79.41,1,0,0.5058,High
TC-01545,Month-to-month,DSL,13-24 months,22,Electronic check,61.09,1,1,0.4247,Medium
TC-01546,Month-to-month,DSL,0-12 months,5,Electronic check,76.68,0,1,0.5924,High
TC-01547,Month-to-month,No internet,25-48 months,28,Credit card,18.0,1,0,0.0677,Low
TC-01548,Two year,No internet,49+ months,72,Bank transfer,18.88,0,0,0.0008,Low
TC-01549,Month-to-month,DSL,25-48 months,36,Electronic check,71.07,0,0,0.1837,Medium
TC-01550,Month-to-month,Fiber optic,13-24 months,13,Credit card,91.97,0,0,0.5774,High
TC-01551,Two year,Fiber optic,0-12 months,5,Electronic check,87.22,3,0,0.2766,Medium
TC-01552,Month-to-month,No internet,25-48 months,31,Electronic check,20.7,3,0,0.232,Medium
TC-01553,Month-to-month,DSL,0-12 months,9,Electronic check,64.27,1,0,0.3893,Medium
TC-01554,Month-to-month,No internet,13-24 months,19,Electronic check,27.6,1,0,0.1361,Low
TC-01555,Month-to-month,DSL,0-12 months,2,Electronic check,65.2,2,0,0.6161,High
TC-01556,Month-to-month,Fiber optic,0-12 months,3,Credit card,82.22,1,0,0.5961,High
TC-01557,Two year,Fiber optic,25-48 months,46,Electronic check,73.01,0,0,0.0338,Low
TC-01558,Two year,Fiber optic,49+ months,57,Mailed check,99.9,2,0,0.0225,Low
TC-01559,Month-to-month,DSL,0-12 months,6,Credit card,49.58,0,1,0.2404,Medium
TC-01560,Month-to-month,Fiber optic,0-12 months,2,Electronic check,92.5,4,1,0.8496,High
TC-01561,Two year,No internet,25-48 months,31,Electronic check,18.0,0,0,0.0081,Low
TC-01562,Month-to-month,Fiber optic,0-12 months,2,Mailed check,88.57,2,1,0.722,High
TC-01563,One year,Fiber optic,49+ months,72,Mailed check,94.09,1,0,0.0223,Low
TC-01564,Two year,DSL,49+ months,55,Mailed check,74.22,2,0,0.0049,Low
TC-01565,Two year,DSL,49+ months,56,Electronic check,69.98,1,0,0.0103,Low
TC-01566,Two year,No internet,25-48 months,41,Electronic check,18.49,1,0,0.0043,Low
TC-01567,Month-to-month,No internet,13-24 months,17,Bank transfer,32.59,0,0,0.101,Low
TC-01568,Two year,DSL,25-48 months,31,Credit card,49.24,0,0,0.0072,Low
TC-01569,Month-to-month,DSL,13-24 months,13,Bank transfer,73.54,0,0,0.3329,Medium
TC-01570,Month-to-month,Fiber optic,0-12 months,6,Mailed check,101.64,2,1,0.8576,High
TC-01571,Month-to-month,No internet,25-48 months,35,Credit card,21.71,0,0,0.0401,Low
TC-01572,Month-to-month,DSL,13-24 months,18,Electronic check,78.37,2,1,0.2364,Medium
TC-01573,Two year,No internet,25-48 months,39,Electronic check,26.88,1,0,0.0058,Low
TC-01574,Two year,Fiber optic,13-24 months,23,Electronic check,97.87,1,0,0.1535,Medium
TC-01575,Month-to-month,Fiber optic,0-12 months,5,Electronic check,106.81,2,1,0.7842,High
TC-01576,Month-to-month,No internet,25-48 months,36,Mailed check,18.33,2,0,0.0693,Low
TC-01577,Month-to-month,Fiber optic,13-24 months,18,Credit card,91.55,0,1,0.5166,High
TC-01578,Month-to-month,Fiber optic,0-12 months,4,Electronic check,80.15,1,1,0.7896,High
TC-01579,Two year,DSL,25-48 months,45,Electronic check,58.1,0,0,0.0116,Low
TC-01580,Two year,Fiber optic,49+ months,60,Bank transfer,89.58,1,0,0.0285,Low
TC-01581,Two year,Fiber optic,13-24 months,17,Credit card,78.14,2,0,0.1008,Low
TC-01582,One year,Fiber optic,25-48 months,42,Mailed check,96.75,2,1,0.0548,Low
TC-01583,One year,DSL,25-48 months,27,Electronic check,70.72,0,0,0.0774,Low
TC-01584,Month-to-month,No internet,25-48 months,40,Electronic check,24.13,0,0,0.1046,Low
TC-01585,Month-to-month,DSL,13-24 months,20,Electronic check,70.27,0,0,0.1567,Medium
TC-01586,Month-to-month,DSL,13-24 months,17,Electronic check,70.79,1,0,0.4326,Medium
TC-01587,Two year,DSL,49+ months,63,Electronic check,71.44,2,0,0.0098,Low
TC-01588,Month-to-month,DSL,0-12 months,8,Bank transfer,58.91,2,0,0.4423,Medium
TC-01589,Month-to-month,Fiber optic,0-12 months,11,Electronic check,94.1,1,0,0.62,High
TC-01590,Month-to-month,Fiber optic,13-24 months,21,Bank transfer,83.49,2,1,0.6045,High
TC-01591,Month-to-month,No internet,0-12 months,3,Mailed check,22.14,2,0,0.2163,Medium
TC-01592,One year,DSL,25-48 months,39,Electronic check,70.31,1,0,0.0446,Low
TC-01593,Month-to-month,DSL,13-24 months,17,Mailed check,73.88,1,0,0.3177,Medium
TC-01594,Month-to-month,DSL,13-24 months,19,Mailed check,66.84,2,0,0.4628,Medium
TC-01595,Two year,Fiber optic,25-48 months,34,Credit card,82.15,1,0,0.033,Low
TC-01596,Two year,DSL,49+ months,72,Mailed check,85.94,1,0,0.0017,Low
TC-01597,One year,Fiber optic,13-24 months,19,Electronic check,96.16,5,0,0.4682,Medium
TC-01598,One year,No internet,13-24 months,24,Mailed check,26.84,4,0,0.0345,Low
TC-01599,Month-to-month,DSL,0-12 months,10,Bank transfer,76.86,1,0,0.2766,Medium
TC-01600,Two year,No internet,49+ months,69,Electronic check,26.68,0,0,0.0018,Low
TC-01601,Two year,DSL,49+ months,72,Electronic check,64.2,0,0,0.0043,Low
TC-01602,Month-to-month,DSL,0-12 months,7,Credit card,57.3,0,0,0.2408,Medium
TC-01603,Month-to-month,Fiber optic,0-12 months,6,Bank transfer,84.99,1,0,0.6807,High
TC-01604,Month-to-month,No internet,25-48 months,39,Mailed check,20.66,0,0,0.06,Low
TC-01605,Month-to-month,Fiber optic,13-24 months,23,Credit card,90.72,2,0,0.2889,Medium
TC-01606,Month-to-month,Fiber optic,13-24 months,14,Credit card,106.7,1,0,0.5703,High
TC-01607,Month-to-month,Fiber optic,0-12 months,10,Mailed check,101.03,0,0,0.5449,High
TC-01608,Month-to-month,No internet,13-24 months,13,Credit card,20.03,1,0,0.0961,Low
TC-01609,Month-to-month,No internet,0-12 months,6,Bank transfer,18.0,0,0,0.1237,Low
TC-01610,Month-to-month,No internet,25-48 months,32,Electronic check,18.0,2,0,0.1083,Low
TC-01611,Month-to-month,DSL,13-24 months,18,Electronic check,78.18,2,0,0.2573,Medium
TC-01612,Month-to-month,DSL,13-24 months,20,Mailed check,61.88,2,0,0.2804,Medium
TC-01613,Month-to-month,Fiber optic,49+ months,72,Credit card,83.57,1,0,0.0988,Low
TC-01614,One year,Fiber optic,0-12 months,4,Electronic check,87.89,2,0,0.465,Medium
TC-01615,Month-to-month,No internet,0-12 months,5,Mailed check,31.28,0,1,0.1515,Medium
TC-01616,Month-to-month,No internet,0-12 months,9,Mailed check,23.95,0,0,0.1554,Medium
TC-01617,Two year,DSL,49+ months,68,Bank transfer,61.04,2,0,0.0044,Low
TC-01618,Month-to-month,No internet,25-48 months,40,Credit card,24.62,3,0,0.0681,Low
TC-01619,Month-to-month,Fiber optic,13-24 months,19,Electronic check,85.51,0,1,0.5958,High
TC-01620,One year,No internet,13-24 months,23,Credit card,18.0,2,0,0.041,Low
TC-01621,One year,DSL,49+ months,53,Bank transfer,74.14,1,0,0.019,Low
TC-01622,Two year,Fiber optic,49+ months,72,Bank transfer,92.02,0,0,0.0099,Low
TC-01623,Two year,DSL,49+ months,58,Credit card,64.11,2,0,0.0038,Low
TC-01624,One year,Fiber optic,25-48 months,28,Credit card,86.01,3,0,0.196,Medium
TC-01625,One year,Fiber optic,13-24 months,20,Electronic check,94.88,1,0,0.2293,Medium
TC-01626,Month-to-month,DSL,13-24 months,18,Electronic check,63.74,2,1,0.4595,Medium
TC-01627,One year,Fiber optic,13-24 months,17,Electronic check,88.71,2,1,0.3696,Medium
TC-01628,Month-to-month,DSL,0-12 months,4,Credit card,66.25,1,0,0.3601,Medium
TC-01629,Month-to-month,DSL,0-12 months,11,Bank transfer,57.24,0,0,0.2459,Medium
TC-01630,Month-to-month,Fiber optic,13-24 months,14,Credit card,96.94,2,1,0.7102,High
TC-01631,Month-to-month,DSL,0-12 months,11,Bank transfer,60.83,1,0,0.3081,Medium
TC-01632,Month-to-month,Fiber optic,0-12 months,9,Credit card,83.89,0,1,0.4931,High
TC-01633,One year,DSL,25-48 months,36,Credit card,62.66,0,0,0.0718,Low
TC-01634,One year,No internet,13-24 months,16,Electronic check,20.56,0,0,0.0303,Low
TC-01635,Two year,No internet,13-24 months,23,Mailed check,30.7,0,0,0.0061,Low
TC-01636,Month-to-month,Fiber optic,25-48 months,35,Credit card,97.47,1,0,0.5643,High
TC-01637,One year,DSL,25-48 months,28,Electronic check,54.71,2,0,0.0497,Low
TC-01638,Two year,DSL,49+ months,68,Bank transfer,68.17,1,0,0.0059,Low
TC-01639,Month-to-month,DSL,13-24 months,22,Electronic check,60.55,0,1,0.3189,Medium
TC-01640,Month-to-month,Fiber optic,49+ months,60,Electronic check,96.85,5,1,0.5428,High
TC-01641,Month-to-month,Fiber optic,25-48 months,32,Credit card,93.93,3,0,0.6306,High
TC-01642,Month-to-month,Fiber optic,25-48 months,37,Credit card,107.29,2,0,0.533,High
TC-01643,Month-to-month,Fiber optic,25-48 months,41,Bank transfer,102.32,1,0,0.1846,Medium
TC-01644,Month-to-month,Fiber optic,13-24 months,22,Mailed check,85.62,1,1,0.4587,Medium
TC-01645,Month-to-month,Fiber optic,0-12 months,8,Credit card,81.7,1,1,0.6466,High
TC-01646,One year,Fiber optic,25-48 months,29,Bank transfer,79.4,1,0,0.1408,Low
TC-01647,Month-to-month,DSL,0-12 months,5,Bank transfer,42.19,0,0,0.2579,Medium
TC-01648,One year,Fiber optic,49+ months,49,Bank transfer,87.62,0,0,0.0769,Low
TC-01649,Month-to-month,Fiber optic,25-48 months,25,Electronic check,93.61,1,0,0.7025,High
TC-01650,One year,Fiber optic,49+ months,70,Electronic check,83.54,4,1,0.151,Medium
TC-01651,One year,No internet,25-48 months,42,Mailed check,25.09,1,0,0.0085,Low
TC-01652,One year,Fiber optic,25-48 months,46,Mailed check,80.02,3,0,0.1347,Low
TC-01653,Month-to-month,Fiber optic,49+ months,58,Bank transfer,102.86,3,0,0.2336,Medium
TC-01654,Two year,Fiber optic,49+ months,54,Bank transfer,85.87,1,0,0.0189,Low
TC-01655,One year,DSL,25-48 months,39,Mailed check,64.6,0,1,0.0302,Low
TC-01656,Month-to-month,Fiber optic,0-12 months,5,Mailed check,78.5,2,1,0.5391,High
TC-01657,Month-to-month,DSL,13-24 months,18,Electronic check,58.5,2,0,0.3993,Medium
TC-01658,Month-to-month,No internet,13-24 months,17,Electronic check,18.0,0,0,0.1408,Low
TC-01659,Month-to-month,DSL,13-24 months,18,Credit card,80.06,0,0,0.2879,Medium
TC-01660,Month-to-month,No internet,25-48 months,44,Electronic check,33.18,0,0,0.0991,Low
TC-01661,Month-to-month,No internet,0-12 months,8,Mailed check,18.0,0,0,0.0829,Low
TC-01662,Month-to-month,DSL,13-24 months,23,Bank transfer,67.34,1,0,0.3054,Medium
TC-01663,Two year,DSL,49+ months,56,Electronic check,66.21,0,0,0.0028,Low
TC-01664,Month-to-month,DSL,0-12 months,12,Credit card,55.17,0,0,0.3044,Medium
TC-01665,Month-to-month,Fiber optic,25-48 months,46,Bank transfer,100.53,3,0,0.355,Medium
TC-01666,Month-to-month,No internet,0-12 months,4,Bank transfer,28.51,3,0,0.2499,Medium
TC-01667,Month-to-month,Fiber optic,25-48 months,30,Bank transfer,96.31,2,1,0.5806,High
TC-01668,Month-to-month,Fiber optic,0-12 months,11,Electronic check,91.24,0,0,0.4558,Medium
TC-01669,Two year,No internet,49+ months,61,Mailed check,18.0,0,0,0.0008,Low
TC-01670,Month-to-month,DSL,0-12 months,9,Electronic check,59.21,1,1,0.4963,High
TC-01671,Month-to-month,Fiber optic,13-24 months,24,Bank transfer,109.27,2,1,0.6419,High
TC-01672,Month-to-month,Fiber optic,25-48 months,25,Electronic check,93.19,3,1,0.8438,High
TC-01673,Month-to-month,No internet,25-48 months,33,Electronic check,30.6,0,0,0.1367,Low
TC-01674,Two year,Fiber optic,49+ months,72,Bank transfer,96.46,2,0,0.0177,Low
TC-01675,Two year,Fiber optic,25-48 months,41,Bank transfer,83.85,2,0,0.0459,Low
TC-01676,Month-to-month,No internet,25-48 months,38,Credit card,18.0,2,0,0.0701,Low
TC-01677,Month-to-month,No internet,0-12 months,9,Bank transfer,32.29,1,0,0.22,Medium
TC-01678,Month-to-month,Fiber optic,25-48 months,25,Electronic check,98.08,2,0,0.6416,High
TC-01679,Month-to-month,Fiber optic,0-12 months,8,Electronic check,97.09,1,1,0.8674,High
TC-01680,One year,Fiber optic,25-48 months,47,Bank transfer,104.55,2,0,0.0731,Low
TC-01681,Two year,No internet,49+ months,58,Mailed check,18.0,1,0,0.0011,Low
TC-01682,One year,Fiber optic,25-48 months,37,Credit card,89.71,0,0,0.1515,Medium
TC-01683,One year,No internet,13-24 months,13,Bank transfer,18.0,0,0,0.0193,Low
TC-01684,Month-to-month,No internet,13-24 months,17,Electronic check,23.07,0,0,0.1123,Low
TC-01685,Month-to-month,Fiber optic,13-24 months,20,Electronic check,77.99,2,1,0.7039,High
TC-01686,Month-to-month,No internet,13-24 months,15,Bank transfer,18.0,1,0,0.1161,Low
TC-01687,One year,DSL,13-24 months,17,Bank transfer,74.43,1,0,0.1112,Low
TC-01688,Month-to-month,DSL,25-48 months,30,Electronic check,64.13,0,0,0.2369,Medium
TC-01689,Month-to-month,Fiber optic,13-24 months,20,Credit card,90.77,2,0,0.587,High
TC-01690,Two year,No internet,49+ months,67,Electronic check,18.0,1,0,0.0016,Low
TC-01691,Month-to-month,Fiber optic,0-12 months,7,Credit card,85.52,2,1,0.7359,High
TC-01692,Month-to-month,DSL,0-12 months,9,Electronic check,79.18,1,1,0.2632,Medium
TC-01693,Month-to-month,No internet,0-12 months,1,Electronic check,18.0,1,1,0.2531,Medium
TC-01694,Two year,Fiber optic,49+ months,72,Credit card,119.63,4,0,0.027,Low
TC-01695,Month-to-month,DSL,0-12 months,12,Mailed check,69.63,1,0,0.1292,Low
TC-01696,Month-to-month,Fiber optic,13-24 months,23,Electronic check,86.44,1,0,0.5525,High
TC-01697,Month-to-month,DSL,0-12 months,8,Electronic check,66.8,0,1,0.4224,Medium
TC-01698,One year,No internet,13-24 months,14,Mailed check,28.49,1,0,0.0328,Low
TC-01699,Month-to-month,Fiber optic,13-24 months,17,Electronic check,94.27,0,1,0.5117,High
TC-01700,Two year,DSL,13-24 months,17,Credit card,72.62,0,0,0.036,Low
TC-01701,Month-to-month,Fiber optic,13-24 months,21,Electronic check,91.97,2,0,0.7781,High
TC-01702,One year,Fiber optic,25-48 months,27,Bank transfer,100.19,0,1,0.0998,Low
TC-01703,Month-to-month,Fiber optic,13-24 months,15,Bank transfer,82.26,1,0,0.6889,High
TC-01704,Two year,Fiber optic,0-12 months,11,Electronic check,89.12,1,0,0.1333,Low
TC-01705,Month-to-month,DSL,13-24 months,18,Bank transfer,60.08,3,1,0.5101,High
TC-01706,One year,Fiber optic,13-24 months,22,Bank transfer,97.98,1,1,0.0868,Low
TC-01707,Two year,Fiber optic,49+ months,72,Bank transfer,97.81,2,0,0.0101,Low
TC-01708,Month-to-month,No internet,13-24 months,22,Bank transfer,26.32,1,0,0.1093,Low
TC-01709,Month-to-month,Fiber optic,0-12 months,8,Electronic check,92.02,0,0,0.7155,High
TC-01710,One year,DSL,13-24 months,23,Electronic check,60.57,0,0,0.0412,Low
TC-01711,Month-to-month,Fiber optic,13-24 months,21,Electronic check,80.6,1,1,0.6693,High
TC-01712,Month-to-month,No internet,0-12 months,10,Mailed check,18.0,1,0,0.0965,Low
TC-01713,Two year,No internet,49+ months,72,Credit card,20.84,2,0,0.0021,Low
TC-01714,Month-to-month,Fiber optic,0-12 months,4,Electronic check,84.3,0,1,0.77,High
TC-01715,Month-to-month,DSL,25-48 months,44,Mailed check,58.34,1,0,0.0712,Low
TC-01716,Month-to-month,Fiber optic,0-12 months,1,Credit card,88.08,2,0,0.757,High
TC-01717,Month-to-month,DSL,0-12 months,7,Electronic check,68.5,3,1,0.5115,High
TC-01718,Month-to-month,DSL,49+ months,72,Credit card,59.08,1,0,0.0852,Low
TC-01719,Month-to-month,Fiber optic,25-48 months,32,Credit card,80.93,1,0,0.335,Medium
TC-01720,Month-to-month,No internet,49+ months,53,Electronic check,18.0,1,0,0.0444,Low
TC-01721,Month-to-month,Fiber optic,25-48 months,25,Electronic check,87.37,1,1,0.6777,High
TC-01722,Month-to-month,Fiber optic,13-24 months,18,Credit card,101.09,0,1,0.4827,Medium
TC-01723,Two year,No internet,49+ months,71,Credit card,32.15,0,0,0.0009,Low
TC-01724,Month-to-month,No internet,0-12 months,4,Credit card,34.55,0,0,0.1469,Medium
TC-01725,Month-to-month,Fiber optic,0-12 months,8,Electronic check,87.62,0,0,0.5606,High
TC-01726,Month-to-month,Fiber optic,0-12 months,6,Mailed check,78.17,1,1,0.6318,High
TC-01727,Month-to-month,Fiber optic,0-12 months,5,Electronic check,80.12,1,1,0.7828,High
TC-01728,Month-to-month,Fiber optic,49+ months,72,Electronic check,75.9,5,1,0.5193,High
TC-01729,Month-to-month,No internet,0-12 months,7,Mailed check,22.5,3,0,0.2845,Medium
TC-01730,Month-to-month,DSL,25-48 months,34,Credit card,66.55,2,0,0.1528,Medium
TC-01731,One year,Fiber optic,25-48 months,28,Electronic check,105.06,1,0,0.3403,Medium
TC-01732,Two year,DSL,25-48 months,28,Credit card,70.45,1,0,0.0064,Low
TC-01733,Two year,Fiber optic,49+ months,65,Electronic check,91.16,0,0,0.0128,Low
TC-01734,Month-to-month,Fiber optic,0-12 months,5,Electronic check,79.19,1,1,0.6663,High
TC-01735,Month-to-month,DSL,13-24 months,13,Mailed check,69.56,0,0,0.2098,Medium
TC-01736,Month-to-month,Fiber optic,25-48 months,44,Bank transfer,84.23,1,1,0.3674,Medium
TC-01737,Month-to-month,DSL,25-48 months,40,Credit card,72.2,0,0,0.1013,Low
TC-01738,Two year,Fiber optic,49+ months,63,Electronic check,100.22,1,0,0.0191,Low
TC-01739,Month-to-month,DSL,49+ months,58,Credit card,57.99,1,0,0.0904,Low
TC-01740,Month-to-month,No internet,49+ months,50,Bank transfer,22.32,1,0,0.034,Low
TC-01741,One year,Fiber optic,25-48 months,33,Bank transfer,85.51,2,0,0.2004,Medium
TC-01742,One year,DSL,25-48 months,31,Electronic check,76.83,2,1,0.1352,Low
TC-01743,Month-to-month,Fiber optic,0-12 months,8,Electronic check,82.74,2,1,0.8096,High
TC-01744,Two year,DSL,49+ months,57,Bank transfer,69.06,0,0,0.0031,Low
TC-01745,Month-to-month,Fiber optic,13-24 months,15,Credit card,99.82,1,1,0.6194,High
TC-01746,One year,DSL,49+ months,72,Electronic check,79.3,0,0,0.0146,Low
TC-01747,Month-to-month,Fiber optic,13-24 months,24,Bank transfer,97.99,0,0,0.5408,High
TC-01748,Two year,DSL,49+ months,63,Electronic check,75.78,0,0,0.0038,Low
TC-01749,Month-to-month,Fiber optic,25-48 months,30,Credit card,99.14,0,1,0.3544,Medium
TC-01750,Month-to-month,DSL,49+ months,51,Electronic check,67.62,1,0,0.1861,Medium
TC-01751,Two year,DSL,25-48 months,37,Electronic check,63.45,0,0,0.0193,Low
TC-01752,Two year,Fiber optic,25-48 months,39,Electronic check,94.61,0,0,0.0245,Low
TC-01753,Two year,Fiber optic,49+ months,49,Electronic check,109.91,0,0,0.0337,Low
TC-01754,Two year,No internet,49+ months,72,Credit card,25.36,0,0,0.0014,Low
TC-01755,Month-to-month,Fiber optic,13-24 months,18,Electronic check,82.09,2,1,0.7076,High
TC-01756,Month-to-month,Fiber optic,25-48 months,40,Mailed check,100.44,2,0,0.3142,Medium
TC-01757,Month-to-month,DSL,0-12 months,1,Bank transfer,63.8,1,0,0.4548,Medium
TC-01758,Month-to-month,Fiber optic,0-12 months,2,Electronic check,99.01,2,1,0.6994,High
TC-01759,Two year,Fiber optic,25-48 months,36,Electronic check,94.94,0,0,0.0689,Low
TC-01760,Month-to-month,DSL,0-12 months,9,Electronic check,71.29,3,1,0.4981,High
TC-01761,Month-to-month,Fiber optic,13-24 months,15,Mailed check,83.3,1,1,0.5993,High
TC-01762,Month-to-month,DSL,13-24 months,24,Mailed check,50.38,1,0,0.2206,Medium
TC-01763,Month-to-month,No internet,49+ months,57,Credit card,25.88,2,0,0.0419,Low
TC-01764,Month-to-month,Fiber optic,25-48 months,34,Electronic check,96.88,1,1,0.6617,High
TC-01765,Month-to-month,Fiber optic,25-48 months,35,Bank transfer,80.31,5,1,0.6154,High
TC-01766,Two year,DSL,49+ months,51,Bank transfer,53.03,0,0,0.0057,Low
TC-01767,One year,No internet,25-48 months,33,Mailed check,18.0,1,0,0.0127,Low
TC-01768,Month-to-month,Fiber optic,13-24 months,24,Electronic check,83.01,5,1,0.8001,High
TC-01769,Two year,Fiber optic,25-48 months,27,Credit card,106.74,1,0,0.0776,Low
TC-01770,Two year,No internet,13-24 months,13,Bank transfer,23.28,0,0,0.006,Low
TC-01771,Month-to-month,DSL,25-48 months,26,Credit card,76.1,2,0,0.189,Medium
TC-01772,Two year,Fiber optic,49+ months,72,Mailed check,99.75,2,0,0.0111,Low
TC-01773,Two year,No internet,25-48 months,26,Mailed check,23.31,2,0,0.0047,Low
TC-01774,One year,DSL,49+ months,72,Bank transfer,57.56,1,0,0.01,Low
TC-01775,Month-to-month,No internet,49+ months,55,Electronic check,18.0,1,0,0.0722,Low
TC-01776,Two year,Fiber optic,25-48 months,37,Mailed check,98.02,1,0,0.0257,Low
TC-01777,Two year,No internet,25-48 months,27,Mailed check,26.93,1,0,0.0039,Low
TC-01778,Month-to-month,Fiber optic,25-48 months,44,Electronic check,103.43,0,0,0.491,High
TC-01779,Month-to-month,Fiber optic,0-12 months,8,Credit card,89.1,2,1,0.701,High
TC-01780,Two year,Fiber optic,25-48 months,37,Mailed check,102.87,0,0,0.0124,Low
TC-01781,One year,No internet,25-48 months,28,Bank transfer,19.49,0,0,0.013,Low
TC-01782,Month-to-month,Fiber optic,0-12 months,1,Bank transfer,95.63,1,0,0.6551,High
TC-01783,One year,No internet,13-24 months,23,Electronic check,40.53,2,0,0.0581,Low
TC-01784,Month-to-month,No internet,0-12 months,4,Bank transfer,33.25,2,1,0.2327,Medium
TC-01785,Two year,Fiber optic,13-24 months,21,Mailed check,101.83,1,0,0.0452,Low
TC-01786,Month-to-month,Fiber optic,25-48 months,31,Electronic check,79.82,3,1,0.6945,High
TC-01787,Month-to-month,DSL,25-48 months,25,Bank transfer,49.98,2,0,0.2107,Medium
TC-01788,Month-to-month,DSL,25-48 months,37,Credit card,64.19,1,0,0.1804,Medium
TC-01789,Month-to-month,No internet,0-12 months,7,Credit card,26.73,1,1,0.1526,Medium
TC-01790,Two year,No internet,25-48 months,26,Mailed check,19.81,1,0,0.0043,Low
TC-01791,Month-to-month,Fiber optic,0-12 months,9,Credit card,98.37,2,1,0.4597,Medium
TC-01792,Month-to-month,No internet,13-24 months,17,Electronic check,26.64,0,0,0.1482,Medium
TC-01793,Two year,Fiber optic,13-24 months,21,Bank transfer,106.33,0,0,0.0593,Low
TC-01794,Month-to-month,No internet,0-12 months,4,Credit card,32.13,1,0,0.1624,Medium
TC-01795,Month-to-month,Fiber optic,13-24 months,22,Electronic check,88.56,1,0,0.6698,High
TC-01796,Two year,No internet,49+ months,72,Credit card,20.24,1,0,0.0008,Low
TC-01797,Month-to-month,No internet,25-48 months,29,Bank transfer,21.04,1,0,0.0647,Low
TC-01798,Two year,Fiber optic,25-48 months,32,Credit card,94.19,2,0,0.0304,Low
TC-01799,Two year,No internet,25-48 months,35,Electronic check,42.93,0,0,0.0058,Low
TC-01800,Month-to-month,Fiber optic,0-12 months,12,Electronic check,92.61,1,0,0.7741,High
TC-01801,One year,Fiber optic,13-24 months,15,Electronic check,91.38,1,0,0.4078,Medium
TC-01802,One year,DSL,0-12 months,11,Credit card,58.43,1,0,0.1234,Low
TC-01803,One year,DSL,25-48 months,26,Electronic check,59.24,2,0,0.131,Low
TC-01804,Month-to-month,Fiber optic,0-12 months,6,Mailed check,101.52,1,1,0.6983,High
TC-01805,Month-to-month,Fiber optic,0-12 months,12,Credit card,99.45,1,1,0.6907,High
TC-01806,Month-to-month,DSL,13-24 months,20,Bank transfer,82.62,0,0,0.1976,Medium
TC-01807,Month-to-month,Fiber optic,13-24 months,23,Bank transfer,101.38,0,0,0.3694,Medium
TC-01808,Month-to-month,No internet,13-24 months,18,Bank transfer,27.11,0,0,0.0939,Low
TC-01809,Two year,Fiber optic,49+ months,72,Electronic check,84.48,3,0,0.0343,Low
TC-01810,Two year,DSL,25-48 months,26,Electronic check,77.21,0,0,0.0103,Low
TC-01811,Month-to-month,DSL,0-12 months,3,Mailed check,78.53,1,0,0.2724,Medium
TC-01812,One year,DSL,25-48 months,42,Electronic check,67.54,1,0,0.0513,Low
TC-01813,Month-to-month,Fiber optic,13-24 months,13,Credit card,114.58,1,1,0.558,High
TC-01814,Month-to-month,DSL,49+ months,66,Electronic check,72.73,1,0,0.1291,Low
TC-01815,Month-to-month,Fiber optic,49+ months,55,Credit card,101.18,3,1,0.5519,High
TC-01816,Two year,Fiber optic,13-24 months,22,Electronic check,91.63,0,0,0.0976,Low
TC-01817,Month-to-month,Fiber optic,0-12 months,12,Bank transfer,88.63,3,1,0.7585,High
TC-01818,One year,DSL,13-24 months,22,Bank transfer,53.73,1,0,0.057,Low
TC-01819,Two year,Fiber optic,13-24 months,21,Electronic check,84.27,3,0,0.1699,Medium
TC-01820,Month-to-month,No internet,25-48 months,46,Electronic check,35.52,1,0,0.0907,Low
TC-01821,Two year,DSL,25-48 months,37,Bank transfer,55.47,0,0,0.0065,Low
TC-01822,Month-to-month,Fiber optic,13-24 months,18,Mailed check,99.17,0,0,0.4169,Medium
TC-01823,One year,Fiber optic,49+ months,55,Credit card,98.65,1,0,0.0703,Low
TC-01824,Two year,No internet,13-24 months,21,Electronic check,24.24,0,0,0.0076,Low
TC-01825,Two year,Fiber optic,49+ months,66,Electronic check,90.33,2,0,0.0553,Low
TC-01826,Two year,Fiber optic,25-48 months,29,Credit card,94.24,1,0,0.0506,Low
TC-01827,One year,DSL,25-48 months,36,Mailed check,60.01,0,0,0.0179,Low
TC-01828,Two year,Fiber optic,49+ months,61,Mailed check,90.13,3,0,0.0274,Low
TC-01829,Month-to-month,Fiber optic,13-24 months,14,Electronic check,78.31,4,1,0.7991,High
TC-01830,Month-to-month,No internet,13-24 months,20,Credit card,21.83,2,0,0.1143,Low
TC-01831,Month-to-month,No internet,13-24 months,22,Credit card,18.4,2,0,0.138,Low
TC-01832,Month-to-month,Fiber optic,0-12 months,8,Mailed check,91.0,3,1,0.8055,High
TC-01833,Month-to-month,Fiber optic,13-24 months,16,Credit card,87.34,2,1,0.7739,High
TC-01834,One year,Fiber optic,49+ months,59,Mailed check,76.01,1,0,0.044,Low
TC-01835,Two year,No internet,25-48 months,40,Electronic check,18.0,2,0,0.0058,Low
TC-01836,Month-to-month,Fiber optic,0-12 months,3,Electronic check,82.1,1,0,0.6894,High
TC-01837,Two year,DSL,25-48 months,46,Mailed check,56.63,0,0,0.0034,Low
TC-01838,Month-to-month,No internet,49+ months,72,Credit card,18.0,1,0,0.0148,Low
TC-01839,Month-to-month,Fiber optic,0-12 months,6,Bank transfer,82.49,1,1,0.5331,High
TC-01840,Two year,DSL,49+ months,72,Electronic check,84.3,1,0,0.0057,Low
TC-01841,Two year,Fiber optic,49+ months,72,Bank transfer,76.7,1,0,0.0081,Low
TC-01842,One year,Fiber optic,49+ months,60,Electronic check,103.39,0,0,0.075,Low
TC-01843,Month-to-month,No internet,0-12 months,2,Bank transfer,42.46,0,0,0.2621,Medium
TC-01844,Month-to-month,DSL,25-48 months,44,Electronic check,72.25,0,1,0.1383,Low
TC-01845,Two year,Fiber optic,25-48 months,36,Electronic check,94.77,3,0,0.0645,Low
TC-01846,Month-to-month,DSL,25-48 months,38,Electronic check,56.49,2,1,0.3293,Medium
TC-01847,Two year,No internet,13-24 months,23,Mailed check,37.6,0,0,0.008,Low
TC-01848,Two year,DSL,25-48 months,25,Mailed check,72.09,1,0,0.0157,Low
TC-01849,Month-to-month,Fiber optic,49+ months,61,Bank transfer,95.43,2,0,0.3085,Medium
TC-01850,Two year,No internet,49+ months,56,Electronic check,18.0,1,0,0.0024,Low
TC-01851,Month-to-month,No internet,0-12 months,3,Mailed check,24.34,1,0,0.16,Medium
TC-01852,One year,Fiber optic,13-24 months,13,Credit card,89.13,3,0,0.4183,Medium
TC-01853,One year,Fiber optic,13-24 months,21,Electronic check,73.36,1,0,0.2954,Medium
TC-01854,Month-to-month,Fiber optic,13-24 months,23,Electronic check,87.32,1,1,0.681,High
TC-01855,Month-to-month,Fiber optic,0-12 months,7,Electronic check,102.76,0,1,0.7256,High
TC-01856,One year,No internet,25-48 months,25,Bank transfer,24.9,0,0,0.013,Low
TC-01857,Month-to-month,Fiber optic,13-24 months,13,Electronic check,85.69,0,0,0.7181,High
TC-01858,Month-to-month,Fiber optic,13-24 months,22,Electronic check,91.64,1,1,0.7053,High
TC-01859,Two year,Fiber optic,25-48 months,40,Mailed check,99.6,0,0,0.0183,Low
TC-01860,Two year,Fiber optic,49+ months,72,Bank transfer,99.21,1,0,0.0252,Low
TC-01861,Month-to-month,Fiber optic,0-12 months,9,Credit card,85.27,0,0,0.656,High
TC-01862,Two year,DSL,13-24 months,19,Credit card,65.38,1,1,0.0175,Low
TC-01863,Month-to-month,DSL,25-48 months,37,Bank transfer,59.55,1,0,0.1098,Low
TC-01864,Month-to-month,Fiber optic,0-12 months,11,Electronic check,98.47,3,1,0.8532,High
TC-01865,Two year,DSL,13-24 months,16,Electronic check,67.39,1,0,0.0427,Low
TC-01866,Month-to-month,DSL,13-24 months,20,Bank transfer,83.46,0,1,0.3439,Medium
TC-01867,One year,Fiber optic,25-48 months,38,Bank transfer,87.02,0,0,0.062,Low
TC-01868,Two year,Fiber optic,49+ months,61,Credit card,94.12,3,0,0.0385,Low
TC-01869,Month-to-month,DSL,13-24 months,24,Bank transfer,62.49,2,1,0.1858,Medium
TC-01870,Month-to-month,DSL,25-48 months,29,Bank transfer,57.22,2,0,0.1465,Low
TC-01871,Two year,Fiber optic,25-48 months,45,Credit card,88.95,0,0,0.009,Low
TC-01872,One year,No internet,13-24 months,22,Credit card,25.95,0,0,0.0149,Low
TC-01873,Two year,DSL,49+ months,57,Mailed check,63.17,1,0,0.006,Low
TC-01874,Month-to-month,Fiber optic,25-48 months,26,Bank transfer,93.58,3,1,0.6248,High
TC-01875,Two year,No internet,49+ months,72,Electronic check,18.58,3,0,0.0041,Low
TC-01876,Two year,Fiber optic,49+ months,51,Mailed check,91.17,1,0,0.0094,Low
TC-01877,Month-to-month,DSL,0-12 months,6,Credit card,51.04,3,0,0.4395,Medium
TC-01878,Month-to-month,No internet,0-12 months,10,Bank transfer,19.15,3,0,0.2303,Medium
TC-01879,Month-to-month,DSL,13-24 months,16,Credit card,79.11,3,0,0.3429,Medium
TC-01880,Month-to-month,Fiber optic,0-12 months,12,Electronic check,103.8,2,1,0.8306,High
TC-01881,Month-to-month,DSL,0-12 months,2,Electronic check,77.21,1,1,0.5968,High
TC-01882,Month-to-month,DSL,0-12 months,5,Mailed check,51.97,1,0,0.2084,Medium
TC-01883,Month-to-month,Fiber optic,25-48 months,47,Credit card,76.54,0,0,0.2458,Medium
TC-01884,Two year,DSL,25-48 months,36,Electronic check,64.13,0,0,0.0218,Low
TC-01885,Month-to-month,No internet,25-48 months,41,Credit card,26.46,0,1,0.0381,Low
TC-01886,One year,DSL,49+ months,49,Electronic check,67.45,0,0,0.0194,Low
TC-01887,Month-to-month,DSL,25-48 months,26,Electronic check,67.94,0,0,0.1919,Medium
TC-01888,Month-to-month,Fiber optic,25-48 months,27,Bank transfer,90.69,0,1,0.3778,Medium
TC-01889,One year,Fiber optic,25-48 months,29,Bank transfer,79.72,1,0,0.0868,Low
TC-01890,Month-to-month,No internet,0-12 months,7,Credit card,25.62,1,0,0.1414,Low
TC-01891,One year,No internet,25-48 months,35,Bank transfer,23.98,1,0,0.0144,Low
TC-01892,Month-to-month,Fiber optic,25-48 months,29,Credit card,85.59,1,1,0.4697,Medium
TC-01893,One year,Fiber optic,49+ months,55,Mailed check,96.41,1,0,0.0656,Low
TC-01894,Two year,DSL,49+ months,72,Electronic check,51.61,0,0,0.0027,Low
TC-01895,Month-to-month,DSL,13-24 months,21,Bank transfer,69.41,4,1,0.2828,Medium
TC-01896,Month-to-month,No internet,25-48 months,25,Credit card,22.68,1,0,0.0815,Low
TC-01897,One year,No internet,25-48 months,40,Bank transfer,31.62,2,0,0.0163,Low
TC-01898,Month-to-month,DSL,0-12 months,4,Bank transfer,65.19,0,0,0.2769,Medium
TC-01899,Two year,Fiber optic,49+ months,55,Electronic check,96.49,1,0,0.0365,Low
TC-01900,Month-to-month,No internet,0-12 months,9,Credit card,18.0,1,0,0.1517,Medium
TC-01901,Month-to-month,Fiber optic,25-48 months,28,Mailed check,85.7,1,0,0.4772,Medium
TC-01902,Two year,Fiber optic,49+ months,72,Electronic check,92.74,1,0,0.0232,Low
TC-01903,Two year,Fiber optic,25-48 months,34,Credit card,78.65,3,0,0.088,Low
TC-01904,One year,Fiber optic,13-24 months,16,Bank transfer,93.02,3,0,0.2771,Medium
TC-01905,Two year,Fiber optic,13-24 months,24,Electronic check,84.32,4,0,0.1705,Medium
TC-01906,Month-to-month,Fiber optic,0-12 months,12,Electronic check,84.34,4,1,0.8364,High
TC-01907,Month-to-month,DSL,0-12 months,4,Electronic check,70.95,2,0,0.3287,Medium
TC-01908,One year,DSL,25-48 months,39,Credit card,78.44,1,1,0.0297,Low
TC-01909,Two year,Fiber optic,25-48 months,47,Electronic check,93.37,0,0,0.0215,Low
TC-01910,One year,DSL,0-12 months,6,Credit card,56.24,2,0,0.08,Low
TC-01911,One year,DSL,49+ months,55,Bank transfer,68.78,1,0,0.0291,Low
TC-01912,Month-to-month,Fiber optic,13-24 months,17,Bank transfer,95.63,2,0,0.5143,High
TC-01913,One year,DSL,25-48 months,34,Bank transfer,66.65,2,0,0.0556,Low
TC-01914,One year,DSL,49+ months,54,Electronic check,54.31,1,0,0.0192,Low
TC-01915,Two year,DSL,25-48 months,48,Electronic check,59.16,0,0,0.0101,Low
TC-01916,Two year,Fiber optic,49+ months,66,Mailed check,82.35,3,1,0.0175,Low
TC-01917,One year,Fiber optic,49+ months,50,Electronic check,91.05,2,0,0.1795,Medium
TC-01918,Two year,Fiber optic,25-48 months,34,Mailed check,94.26,3,0,0.0724,Low
TC-01919,Month-to-month,No internet,25-48 months,25,Mailed check,18.0,3,0,0.1382,Low
TC-01920,Two year,Fiber optic,13-24 months,23,Credit card,82.62,1,0,0.1076,Low
TC-01921,Month-to-month,Fiber optic,13-24 months,18,Credit card,86.78,1,1,0.3071,Medium
TC-01922,One year,No internet,49+ months,60,Electronic check,18.0,1,0,0.0091,Low
TC-01923,Month-to-month,DSL,0-12 months,7,Electronic check,70.09,0,1,0.5211,High
TC-01924,Month-to-month,No internet,13-24 months,13,Bank transfer,31.57,1,1,0.1209,Low
TC-01925,Two year,Fiber optic,25-48 months,37,Electronic check,85.25,0,0,0.0493,Low
TC-01926,Month-to-month,DSL,0-12 months,3,Electronic check,74.53,0,1,0.5458,High
TC-01927,Month-to-month,DSL,25-48 months,33,Electronic check,52.43,0,0,0.2278,Medium
TC-01928,Month-to-month,No internet,0-12 months,6,Electronic check,28.14,1,0,0.2263,Medium
TC-01929,Two year,DSL,25-48 months,33,Electronic check,76.52,0,0,0.0066,Low
TC-01930,Month-to-month,DSL,25-48 months,26,Mailed check,71.49,0,0,0.1182,Low
TC-01931,Two year,No internet,49+ months,56,Bank transfer,18.38,2,0,0.0022,Low
TC-01932,Month-to-month,No internet,49+ months,50,Credit card,20.74,2,0,0.0481,Low
TC-01933,Month-to-month,Fiber optic,0-12 months,4,Credit card,101.16,0,1,0.6772,High
TC-01934,One year,Fiber optic,25-48 months,32,Bank transfer,96.22,2,0,0.1364,Low
TC-01935,One year,DSL,13-24 months,24,Bank transfer,75.02,0,0,0.047,Low
TC-01936,Two year,Fiber optic,49+ months,49,Credit card,88.31,0,0,0.0144,Low
TC-01937,Two year,No internet,13-24 months,22,Electronic check,19.01,1,0,0.0104,Low
TC-01938,Month-to-month,Fiber optic,0-12 months,4,Electronic check,90.0,5,1,0.871,High
TC-01939,One year,DSL,25-48 months,33,Bank transfer,43.67,1,0,0.035,Low
TC-01940,One year,Fiber optic,13-24 months,14,Electronic check,95.65,1,0,0.4386,Medium
TC-01941,Month-to-month,Fiber optic,25-48 months,30,Electronic check,106.25,1,0,0.4848,Medium
TC-01942,Two year,Fiber optic,49+ months,60,Credit card,86.07,2,0,0.0117,Low
TC-01943,Two year,Fiber optic,49+ months,72,Credit card,92.54,1,0,0.0114,Low
TC-01944,Month-to-month,Fiber optic,25-48 months,44,Bank transfer,104.85,1,1,0.1708,Medium
TC-01945,Two year,Fiber optic,49+ months,72,Bank transfer,86.2,2,0,0.0148,Low
TC-01946,Month-to-month,DSL,0-12 months,6,Bank transfer,63.21,0,0,0.2215,Medium
TC-01947,Month-to-month,DSL,0-12 months,4,Mailed check,77.28,1,0,0.3181,Medium
TC-01948,Two year,Fiber optic,13-24 months,24,Credit card,109.07,1,0,0.0332,Low
TC-01949,Month-to-month,Fiber optic,0-12 months,7,Mailed check,90.61,1,0,0.5264,High
TC-01950,One year,Fiber optic,25-48 months,28,Bank transfer,110.51,2,0,0.173,Medium
TC-01951,Month-to-month,No internet,13-24 months,20,Credit card,28.63,1,1,0.1158,Low
TC-01952,Month-to-month,Fiber optic,25-48 months,46,Mailed check,94.78,1,1,0.2514,Medium
TC-01953,One year,No internet,25-48 months,31,Credit card,22.78,1,0,0.0155,Low
TC-01954,One year,DSL,13-24 months,22,Credit card,88.21,2,0,0.0423,Low
TC-01955,Month-to-month,Fiber optic,13-24 months,13,Electronic check,89.16,1,0,0.7799,High
TC-01956,Month-to-month,Fiber optic,0-12 months,10,Bank transfer,93.11,2,0,0.7369,High
TC-01957,Two year,DSL,49+ months,72,Electronic check,69.17,2,0,0.005,Low
TC-01958,Two year,Fiber optic,49+ months,72,Electronic check,95.24,2,0,0.0327,Low
TC-01959,Two year,DSL,25-48 months,39,Bank transfer,58.79,0,0,0.005,Low
TC-01960,Month-to-month,Fiber optic,0-12 months,6,Electronic check,90.89,1,1,0.5261,High
TC-01961,Month-to-month,Fiber optic,25-48 months,36,Electronic check,96.6,2,1,0.6447,High
TC-01962,Month-to-month,DSL,0-12 months,11,Mailed check,49.59,1,1,0.1706,Medium
TC-01963,Month-to-month,DSL,25-48 months,25,Bank transfer,60.4,4,0,0.3589,Medium
TC-01964,Month-to-month,Fiber optic,25-48 months,26,Credit card,78.78,3,0,0.5791,High
TC-01965,Month-to-month,DSL,25-48 months,43,Credit card,55.46,1,0,0.203,Medium
TC-01966,Month-to-month,DSL,0-12 months,9,Credit card,69.21,0,0,0.2019,Medium
TC-01967,Month-to-month,No internet,13-24 months,19,Mailed check,24.52,0,0,0.0772,Low
TC-01968,Month-to-month,Fiber optic,0-12 months,11,Credit card,89.22,3,1,0.6009,High
TC-01969,Month-to-month,No internet,25-48 months,27,Bank transfer,20.02,1,0,0.0616,Low
TC-01970,One year,Fiber optic,49+ months,56,Mailed check,95.53,1,0,0.0271,Low
TC-01971,One year,No internet,25-48 months,43,Credit card,23.84,3,0,0.016,Low
TC-01972,Two year,Fiber optic,49+ months,72,Credit card,89.89,4,0,0.0266,Low
TC-01973,Two year,No internet,25-48 months,43,Electronic check,18.12,2,0,0.0066,Low
TC-01974,One year,No internet,25-48 months,38,Mailed check,21.3,0,0,0.0086,Low
TC-01975,Two year,Fiber optic,25-48 months,40,Credit card,91.96,2,0,0.029,Low
TC-01976,Month-to-month,Fiber optic,13-24 months,23,Electronic check,87.66,1,1,0.7003,High
TC-01977,Two year,DSL,49+ months,61,Electronic check,46.5,1,0,0.0129,Low
TC-01978,Month-to-month,Fiber optic,0-12 months,8,Credit card,93.98,2,0,0.689,High
TC-01979,Month-to-month,No internet,0-12 months,12,Bank transfer,18.92,2,0,0.125,Low
TC-01980,Two year,Fiber optic,49+ months,64,Credit card,82.5,2,0,0.0254,Low
TC-01981,One year,No internet,25-48 months,30,Mailed check,21.29,0,0,0.0118,Low
TC-01982,Month-to-month,Fiber optic,0-12 months,6,Credit card,99.57,1,1,0.7666,High
TC-01983,Two year,DSL,49+ months,72,Electronic check,70.21,1,0,0.0021,Low
TC-01984,Month-to-month,No internet,25-48 months,35,Electronic check,18.0,0,0,0.0852,Low
TC-01985,Two year,Fiber optic,25-48 months,42,Electronic check,92.16,4,0,0.1541,Medium
TC-01986,Month-to-month,DSL,0-12 months,5,Credit card,53.97,3,0,0.5215,High
TC-01987,Month-to-month,DSL,25-48 months,39,Electronic check,55.45,1,0,0.2467,Medium
TC-01988,Month-to-month,Fiber optic,13-24 months,22,Bank transfer,90.24,3,0,0.5221,High
TC-01989,Month-to-month,No internet,0-12 months,8,Electronic check,20.83,0,0,0.2037,Medium
TC-01990,Two year,Fiber optic,49+ months,72,Mailed check,98.25,1,0,0.0047,Low
TC-01991,Month-to-month,DSL,13-24 months,17,Credit card,60.05,0,1,0.2181,Medium
TC-01992,Month-to-month,Fiber optic,0-12 months,5,Credit card,85.03,1,1,0.8019,High
TC-01993,One year,Fiber optic,49+ months,69,Credit card,89.41,1,0,0.0603,Low
TC-01994,One year,Fiber optic,25-48 months,48,Credit card,105.02,1,0,0.0424,Low
TC-01995,Two year,DSL,49+ months,60,Credit card,67.58,1,0,0.0071,Low
TC-01996,Month-to-month,DSL,13-24 months,18,Electronic check,75.85,1,0,0.3513,Medium
TC-01997,Month-to-month,No internet,13-24 months,18,Bank transfer,18.0,0,0,0.1085,Low
TC-01998,Two year,DSL,25-48 months,42,Bank transfer,70.61,2,0,0.0084,Low
TC-01999,Month-to-month,Fiber optic,13-24 months,16,Electronic check,92.76,2,1,0.6062,High
TC-02000,Month-to-month,No internet,25-48 months,34,Mailed check,18.52,3,0,0.0792,Low
TC-02001,Month-to-month,Fiber optic,0-12 months,12,Credit card,84.64,2,0,0.7632,High
TC-02002,Month-to-month,Fiber optic,25-48 months,27,Electronic check,89.37,2,1,0.5198,High
TC-02003,Two year,DSL,49+ months,53,Bank transfer,54.74,1,0,0.0099,Low
TC-02004,One year,DSL,13-24 months,17,Bank transfer,67.19,2,0,0.1176,Low
TC-02005,One year,Fiber optic,25-48 months,32,Bank transfer,88.94,2,0,0.1729,Medium
TC-02006,Month-to-month,No internet,13-24 months,20,Credit card,18.0,1,0,0.0982,Low
TC-02007,One year,Fiber optic,49+ months,60,Credit card,111.19,4,0,0.1108,Low
TC-02008,One year,Fiber optic,25-48 months,45,Credit card,75.03,0,0,0.0823,Low
TC-02009,Month-to-month,Fiber optic,25-48 months,48,Mailed check,92.55,1,1,0.3463,Medium
TC-02010,Month-to-month,DSL,0-12 months,1,Electronic check,59.37,1,0,0.5139,High
TC-02011,Month-to-month,No internet,13-24 months,18,Mailed check,18.0,0,0,0.061,Low
TC-02012,Two year,Fiber optic,25-48 months,37,Bank transfer,98.71,2,0,0.0218,Low
TC-02013,One year,No internet,49+ months,59,Mailed check,18.0,2,0,0.005,Low
TC-02014,Two year,No internet,49+ months,50,Credit card,18.0,0,0,0.002,Low
TC-02015,Month-to-month,No internet,25-48 months,42,Credit card,29.69,0,0,0.0511,Low
TC-02016,Two year,No internet,25-48 months,33,Mailed check,18.0,0,0,0.0026,Low
TC-02017,Month-to-month,No internet,13-24 months,15,Electronic check,25.61,0,1,0.1487,Medium
TC-02018,Two year,No internet,49+ months,62,Bank transfer,21.62,1,0,0.0012,Low
TC-02019,One year,DSL,25-48 months,47,Electronic check,49.15,1,0,0.0354,Low
TC-02020,Month-to-month,Fiber optic,25-48 months,48,Bank transfer,85.53,0,0,0.142,Low
TC-02021,Two year,Fiber optic,49+ months,64,Bank transfer,107.22,3,0,0.0191,Low
TC-02022,One year,Fiber optic,25-48 months,36,Bank transfer,85.35,3,0,0.1153,Low
TC-02023,One year,Fiber optic,49+ months,71,Credit card,94.17,3,0,0.084,Low
TC-02024,Month-to-month,No internet,25-48 months,25,Bank transfer,18.0,4,0,0.1257,Low
TC-02025,One year,DSL,49+ months,61,Electronic check,68.87,1,0,0.0189,Low
TC-02026,Month-to-month,Fiber optic,13-24 months,15,Mailed check,86.37,2,1,0.6053,High
TC-02027,Month-to-month,Fiber optic,13-24 months,14,Credit card,103.28,1,0,0.5858,High
TC-02028,Month-to-month,No internet,13-24 months,13,Bank transfer,18.0,3,0,0.1676,Medium
TC-02029,Month-to-month,No internet,0-12 months,3,Electronic check,26.62,0,0,0.2485,Medium
TC-02030,Month-to-month,Fiber optic,25-48 months,41,Credit card,91.66,1,0,0.5216,High
TC-02031,Two year,Fiber optic,49+ months,72,Bank transfer,95.04,1,0,0.0065,Low
TC-02032,Month-to-month,Fiber optic,13-24 months,23,Electronic check,98.99,1,1,0.3829,Medium
TC-02033,Month-to-month,Fiber optic,0-12 months,9,Credit card,79.19,3,1,0.73,High
TC-02034,Two year,Fiber optic,13-24 months,23,Mailed check,93.91,1,0,0.0467,Low
TC-02035,Month-to-month,DSL,0-12 months,7,Credit card,59.16,3,0,0.4931,High
TC-02036,Month-to-month,Fiber optic,0-12 months,7,Mailed check,88.93,1,1,0.6579,High
TC-02037,Month-to-month,Fiber optic,25-48 months,32,Bank transfer,99.79,4,1,0.7175,High
TC-02038,Month-to-month,Fiber optic,0-12 months,6,Electronic check,91.06,1,1,0.8067,High
TC-02039,Month-to-month,Fiber optic,25-48 months,27,Credit card,91.25,1,0,0.5095,High
TC-02040,Two year,DSL,25-48 months,47,Mailed check,70.83,2,0,0.0088,Low
TC-02041,Month-to-month,Fiber optic,13-24 months,15,Bank transfer,95.96,0,0,0.4435,Medium
TC-02042,Two year,Fiber optic,49+ months,72,Mailed check,103.53,1,0,0.0079,Low
TC-02043,Two year,No internet,25-48 months,43,Credit card,38.24,0,0,0.0028,Low
TC-02044,One year,No internet,25-48 months,27,Credit card,18.0,1,0,0.0251,Low
TC-02045,Month-to-month,DSL,13-24 months,23,Electronic check,69.9,1,0,0.3029,Medium
TC-02046,Month-to-month,Fiber optic,13-24 months,24,Electronic check,94.31,1,0,0.677,High
TC-02047,Month-to-month,Fiber optic,25-48 months,28,Bank transfer,94.08,3,1,0.7296,High
TC-02048,Month-to-month,Fiber optic,0-12 months,9,Mailed check,81.43,1,1,0.6999,High
TC-02049,Two year,DSL,25-48 months,26,Mailed check,67.36,0,0,0.0102,Low
TC-02050,Month-to-month,No internet,0-12 months,8,Electronic check,21.99,2,0,0.2659,Medium
TC-02051,Two year,DSL,25-48 months,38,Credit card,71.34,2,0,0.0254,Low
TC-02052,One year,Fiber optic,13-24 months,16,Credit card,94.35,3,1,0.403,Medium
TC-02053,Month-to-month,Fiber optic,13-24 months,17,Bank transfer,98.65,2,1,0.5019,High
TC-02054,Month-to-month,No internet,49+ months,72,Credit card,20.25,1,0,0.0192,Low
TC-02055,One year,No internet,13-24 months,15,Bank transfer,26.71,1,0,0.0392,Low
TC-02056,One year,Fiber optic,49+ months,72,Credit card,95.52,0,0,0.0293,Low
TC-02057,Month-to-month,No internet,0-12 months,8,Electronic check,18.3,1,0,0.1849,Medium
TC-02058,Two year,No internet,13-24 months,13,Electronic check,23.23,1,0,0.0153,Low
TC-02059,Month-to-month,DSL,0-12 months,12,Credit card,73.38,1,0,0.2641,Medium
TC-02060,Month-to-month,Fiber optic,0-12 months,7,Bank transfer,91.3,3,1,0.7647,High
TC-02061,Month-to-month,No internet,0-12 months,8,Credit card,30.72,1,0,0.1589,Medium
TC-02062,One year,Fiber optic,49+ months,72,Electronic check,86.32,1,0,0.0836,Low
TC-02063,Month-to-month,No internet,13-24 months,16,Mailed check,18.0,1,0,0.0976,Low
TC-02064,Month-to-month,Fiber optic,25-48 months,35,Electronic check,99.34,2,0,0.6908,High
TC-02065,Two year,DSL,49+ months,72,Bank transfer,82.74,0,0,0.0031,Low
TC-02066,Month-to-month,DSL,25-48 months,32,Electronic check,65.05,1,1,0.3108,Medium
TC-02067,One year,Fiber optic,25-48 months,46,Bank transfer,74.85,2,0,0.0886,Low
TC-02068,One year,Fiber optic,25-48 months,42,Electronic check,73.91,3,0,0.1901,Medium
TC-02069,One year,No internet,49+ months,53,Electronic check,23.44,0,0,0.009,Low
TC-02070,Month-to-month,No internet,13-24 months,19,Bank transfer,18.0,1,0,0.0893,Low
TC-02071,One year,DSL,13-24 months,21,Bank transfer,63.16,0,0,0.0684,Low
TC-02072,Month-to-month,Fiber optic,0-12 months,5,Credit card,92.47,2,1,0.6012,High
TC-02073,Month-to-month,DSL,0-12 months,9,Mailed check,82.1,2,0,0.2045,Medium
TC-02074,Month-to-month,No internet,13-24 months,19,Mailed check,22.89,0,0,0.0683,Low
TC-02075,Month-to-month,Fiber optic,0-12 months,8,Mailed check,97.33,4,1,0.7488,High
TC-02076,Month-to-month,No internet,0-12 months,5,Electronic check,18.0,3,1,0.2883,Medium
TC-02077,One year,No internet,49+ months,62,Electronic check,18.0,0,0,0.005,Low
TC-02078,One year,Fiber optic,25-48 months,33,Mailed check,101.15,3,1,0.1332,Low
TC-02079,Month-to-month,DSL,0-12 months,4,Bank transfer,68.89,1,1,0.2614,Medium
TC-02080,Month-to-month,No internet,25-48 months,30,Electronic check,18.0,0,0,0.0936,Low
TC-02081,Month-to-month,No internet,0-12 months,3,Mailed check,23.87,1,0,0.1465,Low
TC-02082,Month-to-month,Fiber optic,0-12 months,12,Electronic check,96.24,1,0,0.6559,High
TC-02083,One year,Fiber optic,49+ months,54,Mailed check,103.37,3,0,0.0838,Low
TC-02084,Two year,No internet,49+ months,70,Electronic check,25.38,0,0,0.0023,Low
TC-02085,Month-to-month,No internet,13-24 months,14,Bank transfer,34.77,1,0,0.1435,Low
TC-02086,Two year,Fiber optic,13-24 months,20,Credit card,86.4,1,0,0.0341,Low
TC-02087,Two year,No internet,49+ months,55,Electronic check,18.03,2,0,0.0037,Low
TC-02088,Month-to-month,DSL,13-24 months,24,Credit card,67.72,0,0,0.216,Medium
TC-02089,One year,DSL,13-24 months,18,Mailed check,69.0,2,0,0.0586,Low
TC-02090,Two year,No internet,25-48 months,40,Bank transfer,28.84,1,0,0.0056,Low
TC-02091,One year,DSL,13-24 months,20,Bank transfer,80.09,1,0,0.0669,Low
TC-02092,Month-to-month,Fiber optic,0-12 months,11,Bank transfer,97.32,0,0,0.521,High
TC-02093,One year,Fiber optic,49+ months,72,Credit card,88.75,1,0,0.0312,Low
TC-02094,Two year,DSL,25-48 months,29,Electronic check,63.9,1,0,0.0439,Low
TC-02095,Month-to-month,Fiber optic,0-12 months,10,Bank transfer,82.01,3,1,0.6755,High
TC-02096,Month-to-month,No internet,0-12 months,8,Electronic check,18.0,2,0,0.2107,Medium
TC-02097,Month-to-month,Fiber optic,25-48 months,28,Credit card,87.32,0,0,0.4682,Medium
TC-02098,Two year,Fiber optic,25-48 months,38,Electronic check,81.47,1,0,0.0385,Low
TC-02099,Two year,DSL,25-48 months,33,Mailed check,69.78,3,0,0.013,Low
TC-02100,Month-to-month,No internet,25-48 months,41,Bank transfer,29.02,0,0,0.0411,Low
TC-02101,One year,No internet,25-48 months,36,Electronic check,29.22,1,0,0.0274,Low
TC-02102,One year,DSL,49+ months,50,Electronic check,70.84,1,0,0.0575,Low
TC-02103,Month-to-month,Fiber optic,0-12 months,4,Credit card,88.6,1,0,0.7017,High
TC-02104,Month-to-month,Fiber optic,0-12 months,6,Electronic check,96.04,1,1,0.8375,High
TC-02105,One year,Fiber optic,25-48 months,37,Credit card,93.16,1,0,0.1356,Low
TC-02106,Month-to-month,DSL,0-12 months,7,Credit card,62.74,1,0,0.1632,Medium
TC-02107,Month-to-month,No internet,0-12 months,2,Bank transfer,18.0,0,0,0.126,Low
TC-02108,Two year,Fiber optic,49+ months,72,Mailed check,109.55,0,0,0.0055,Low
TC-02109,One year,Fiber optic,25-48 months,27,Electronic check,86.03,2,0,0.2155,Medium
TC-02110,Month-to-month,No internet,13-24 months,15,Credit card,18.0,1,0,0.1098,Low
TC-02111,Month-to-month,No internet,13-24 months,15,Credit card,18.0,0,0,0.095,Low
TC-02112,Month-to-month,Fiber optic,0-12 months,11,Credit card,86.14,4,0,0.7872,High
TC-02113,Two year,DSL,25-48 months,33,Mailed check,64.35,0,0,0.0172,Low
TC-02114,One year,No internet,49+ months,71,Electronic check,18.0,0,0,0.005,Low
TC-02115,Two year,No internet,25-48 months,47,Bank transfer,23.57,0,0,0.0019,Low
TC-02116,One year,Fiber optic,13-24 months,24,Bank transfer,82.32,2,0,0.197,Medium
TC-02117,One year,DSL,25-48 months,37,Mailed check,74.31,0,0,0.014,Low
TC-02118,Month-to-month,No internet,0-12 months,3,Bank transfer,18.0,1,0,0.1548,Medium
TC-02119,One year,No internet,0-12 months,5,Credit card,18.0,0,0,0.0263,Low
TC-02120,Month-to-month,DSL,0-12 months,6,Bank transfer,69.22,1,1,0.2821,Medium
TC-02121,Month-to-month,DSL,0-12 months,4,Bank transfer,72.5,0,0,0.2653,Medium
TC-02122,Month-to-month,Fiber optic,13-24 months,22,Electronic check,71.45,6,1,0.8597,High
TC-02123,One year,Fiber optic,25-48 months,42,Electronic check,84.36,2,0,0.3033,Medium
TC-02124,Month-to-month,Fiber optic,0-12 months,8,Electronic check,93.87,3,1,0.9145,High
TC-02125,Month-to-month,No internet,25-48 months,31,Bank transfer,27.07,1,0,0.083,Low
TC-02126,Month-to-month,DSL,13-24 months,22,Bank transfer,67.06,2,0,0.1243,Low
TC-02127,Month-to-month,No internet,13-24 months,15,Credit card,26.99,1,0,0.1336,Low
TC-02128,Two year,Fiber optic,25-48 months,32,Electronic check,88.91,1,0,0.0729,Low
TC-02129,One year,Fiber optic,13-24 months,19,Mailed check,97.26,2,0,0.2955,Medium
TC-02130,One year,Fiber optic,25-48 months,27,Bank transfer,95.36,1,0,0.2075,Medium
TC-02131,Month-to-month,Fiber optic,25-48 months,36,Mailed check,94.43,3,0,0.4288,Medium
TC-02132,Month-to-month,No internet,25-48 months,43,Bank transfer,18.0,1,0,0.0413,Low
TC-02133,Month-to-month,No internet,13-24 months,16,Electronic check,22.75,0,0,0.1411,Low
TC-02134,Two year,No internet,49+ months,51,Bank transfer,18.0,0,0,0.0013,Low
TC-02135,Month-to-month,DSL,25-48 months,25,Mailed check,64.79,1,0,0.2171,Medium
TC-02136,One year,No internet,25-48 months,38,Bank transfer,24.26,0,0,0.0101,Low
TC-02137,Month-to-month,DSL,0-12 months,1,Electronic check,45.85,2,1,0.6976,High
TC-02138,Month-to-month,DSL,25-48 months,25,Credit card,56.56,0,0,0.219,Medium
TC-02139,One year,Fiber optic,49+ months,71,Electronic check,84.2,2,0,0.0482,Low
TC-02140,Month-to-month,DSL,13-24 months,19,Mailed check,58.72,0,0,0.1847,Medium
TC-02141,Month-to-month,Fiber optic,13-24 months,14,Mailed check,94.15,3,0,0.7723,High
TC-02142,Month-to-month,DSL,25-48 months,36,Electronic check,50.21,0,0,0.141,Low
TC-02143,One year,DSL,13-24 months,22,Electronic check,59.97,0,0,0.0374,Low
TC-02144,Month-to-month,Fiber optic,13-24 months,15,Credit card,82.1,3,0,0.7273,High
TC-02145,One year,Fiber optic,13-24 months,13,Electronic check,82.08,1,0,0.381,Medium
TC-02146,Month-to-month,No internet,0-12 months,10,Bank transfer,19.52,1,0,0.16,Medium
TC-02147,One year,Fiber optic,25-48 months,28,Credit card,89.67,0,0,0.0424,Low
TC-02148,Month-to-month,Fiber optic,49+ months,56,Electronic check,104.28,3,1,0.6528,High
TC-02149,Month-to-month,DSL,25-48 months,28,Credit card,57.39,2,0,0.2067,Medium
TC-02150,Two year,DSL,49+ months,61,Mailed check,62.36,1,0,0.0038,Low
TC-02151,One year,Fiber optic,25-48 months,31,Mailed check,80.83,1,0,0.0697,Low
TC-02152,One year,DSL,13-24 months,17,Credit card,65.41,1,0,0.0412,Low
TC-02153,Month-to-month,No internet,0-12 months,6,Mailed check,33.33,0,0,0.1921,Medium
TC-02154,Two year,Fiber optic,49+ months,58,Bank transfer,87.94,0,0,0.0197,Low
TC-02155,Month-to-month,Fiber optic,0-12 months,11,Electronic check,74.14,3,1,0.6999,High
TC-02156,Two year,No internet,49+ months,64,Bank transfer,27.11,1,0,0.0013,Low
TC-02157,Two year,DSL,25-48 months,47,Electronic check,66.15,0,0,0.0075,Low
TC-02158,One year,Fiber optic,49+ months,59,Bank transfer,79.96,1,1,0.0598,Low
TC-02159,Two year,No internet,25-48 months,48,Bank transfer,27.39,2,0,0.0026,Low
TC-02160,Month-to-month,No internet,13-24 months,24,Electronic check,27.57,1,0,0.1315,Low
TC-02161,One year,DSL,25-48 months,41,Bank transfer,68.04,2,0,0.0272,Low
TC-02162,Month-to-month,Fiber optic,25-48 months,40,Bank transfer,98.61,0,1,0.1539,Medium
TC-02163,Two year,Fiber optic,13-24 months,22,Mailed check,90.51,2,0,0.0556,Low
TC-02164,Two year,DSL,49+ months,72,Electronic check,61.71,1,0,0.0064,Low
TC-02165,Month-to-month,DSL,13-24 months,16,Electronic check,63.53,2,0,0.4059,Medium
TC-02166,Month-to-month,Fiber optic,13-24 months,23,Electronic check,85.87,4,1,0.6943,High
TC-02167,One year,Fiber optic,49+ months,68,Electronic check,91.28,1,0,0.0478,Low
TC-02168,Two year,No internet,13-24 months,14,Electronic check,18.0,1,0,0.0109,Low
TC-02169,Month-to-month,Fiber optic,0-12 months,5,Credit card,76.12,0,1,0.6373,High
TC-02170,Two year,Fiber optic,49+ months,57,Electronic check,107.86,0,0,0.0189,Low
TC-02171,Month-to-month,No internet,0-12 months,2,Electronic check,21.12,0,1,0.2249,Medium
TC-02172,Two year,Fiber optic,49+ months,66,Electronic check,82.82,1,0,0.0271,Low
TC-02173,One year,DSL,25-48 months,39,Credit card,37.82,1,0,0.0303,Low
TC-02174,Month-to-month,DSL,13-24 months,13,Bank transfer,63.13,0,0,0.3343,Medium
TC-02175,Month-to-month,Fiber optic,49+ months,55,Electronic check,86.72,1,1,0.3463,Medium
TC-02176,Month-to-month,Fiber optic,0-12 months,8,Bank transfer,80.59,2,1,0.7092,High
TC-02177,Month-to-month,Fiber optic,0-12 months,4,Bank transfer,84.04,0,1,0.4994,High
TC-02178,One year,DSL,49+ months,72,Bank transfer,67.86,2,0,0.015,Low
TC-02179,Two year,Fiber optic,49+ months,68,Electronic check,85.28,0,0,0.0147,Low
TC-02180,Two year,No internet,49+ months,63,Credit card,18.0,1,0,0.0015,Low
TC-02181,Month-to-month,Fiber optic,0-12 months,10,Credit card,74.77,0,1,0.6708,High
TC-02182,Two year,No internet,25-48 months,38,Bank transfer,18.0,2,0,0.0036,Low
TC-02183,Month-to-month,DSL,13-24 months,15,Credit card,57.58,0,0,0.2487,Medium
TC-02184,Two year,DSL,25-48 months,27,Credit card,80.09,2,0,0.0181,Low
TC-02185,Two year,No internet,25-48 months,33,Credit card,18.7,3,0,0.008,Low
TC-02186,Month-to-month,Fiber optic,0-12 months,6,Credit card,91.47,1,0,0.6219,High
TC-02187,Two year,No internet,25-48 months,37,Credit card,20.55,1,0,0.0026,Low
TC-02188,One year,DSL,25-48 months,34,Electronic check,47.46,0,0,0.0549,Low
TC-02189,One year,Fiber optic,49+ months,50,Electronic check,84.66,3,0,0.1789,Medium
TC-02190,Two year,No internet,25-48 months,29,Bank transfer,18.0,2,0,0.0056,Low
TC-02191,Month-to-month,Fiber optic,0-12 months,7,Credit card,100.56,1,1,0.5622,High
TC-02192,Month-to-month,No internet,0-12 months,8,Electronic check,22.82,4,0,0.3399,Medium
TC-02193,Month-to-month,Fiber optic,0-12 months,10,Credit card,95.58,3,1,0.7525,High
TC-02194,Two year,DSL,49+ months,53,Electronic check,66.78,2,0,0.0087,Low
TC-02195,Two year,Fiber optic,25-48 months,32,Credit card,99.26,0,0,0.0281,Low
TC-02196,Month-to-month,Fiber optic,0-12 months,11,Electronic check,89.62,2,1,0.6728,High
TC-02197,Two year,No internet,49+ months,56,Mailed check,18.0,0,0,0.0014,Low
TC-02198,Month-to-month,DSL,25-48 months,38,Electronic check,67.5,3,0,0.4018,Medium
TC-02199,Month-to-month,Fiber optic,13-24 months,18,Electronic check,89.06,1,0,0.7361,High
TC-02200,Month-to-month,Fiber optic,49+ months,50,Credit card,93.57,4,1,0.4351,Medium
TC-02201,One year,Fiber optic,13-24 months,19,Mailed check,79.79,2,1,0.1878,Medium
TC-02202,Month-to-month,DSL,0-12 months,12,Bank transfer,66.91,0,1,0.344,Medium
TC-02203,Month-to-month,No internet,25-48 months,26,Bank transfer,33.32,0,0,0.0621,Low
TC-02204,Month-to-month,Fiber optic,0-12 months,1,Electronic check,97.29,0,1,0.7124,High
TC-02205,Month-to-month,DSL,13-24 months,14,Credit card,71.68,1,0,0.3568,Medium
TC-02206,Two year,No internet,49+ months,55,Bank transfer,19.67,1,0,0.0019,Low
TC-02207,Month-to-month,Fiber optic,13-24 months,13,Credit card,94.14,2,1,0.6658,High
TC-02208,Month-to-month,Fiber optic,0-12 months,7,Mailed check,87.08,2,0,0.5298,High
TC-02209,One year,DSL,49+ months,72,Credit card,76.77,1,0,0.0073,Low
TC-02210,Month-to-month,DSL,0-12 months,2,Mailed check,64.02,0,0,0.335,Medium
TC-02211,Month-to-month,No internet,25-48 months,40,Mailed check,23.72,2,0,0.0448,Low
TC-02212,Two year,Fiber optic,25-48 months,28,Mailed check,101.28,1,0,0.0174,Low
TC-02213,Two year,No internet,25-48 months,42,Bank transfer,18.0,0,0,0.004,Low
TC-02214,Two year,Fiber optic,25-48 months,48,Mailed check,91.85,0,0,0.0233,Low
TC-02215,Month-to-month,No internet,0-12 months,9,Credit card,18.0,1,0,0.1322,Low
TC-02216,Two year,DSL,49+ months,72,Credit card,55.36,0,0,0.0019,Low
TC-02217,Month-to-month,DSL,25-48 months,39,Bank transfer,58.13,1,0,0.0993,Low
TC-02218,Month-to-month,Fiber optic,0-12 months,8,Credit card,99.61,2,1,0.4876,Medium
TC-02219,Month-to-month,DSL,13-24 months,14,Bank transfer,66.74,1,0,0.3509,Medium
TC-02220,Two year,DSL,49+ months,72,Mailed check,87.6,1,0,0.0053,Low
TC-02221,Two year,DSL,25-48 months,29,Electronic check,64.07,4,0,0.0513,Low
TC-02222,Month-to-month,Fiber optic,49+ months,57,Electronic check,111.06,0,0,0.2358,Medium
TC-02223,Month-to-month,Fiber optic,25-48 months,28,Electronic check,84.49,2,0,0.5318,High
TC-02224,Two year,DSL,25-48 months,42,Electronic check,85.63,2,0,0.0113,Low
TC-02225,Two year,DSL,25-48 months,41,Mailed check,62.07,1,0,0.0104,Low
TC-02226,Month-to-month,Fiber optic,13-24 months,14,Credit card,99.84,0,1,0.6715,High
TC-02227,Month-to-month,Fiber optic,25-48 months,35,Bank transfer,100.47,2,1,0.4123,Medium
TC-02228,Month-to-month,DSL,13-24 months,17,Electronic check,67.92,2,0,0.3795,Medium
TC-02229,One year,DSL,13-24 months,23,Credit card,62.77,0,0,0.0413,Low
TC-02230,Month-to-month,No internet,25-48 months,41,Credit card,18.0,1,1,0.0383,Low
TC-02231,Month-to-month,Fiber optic,49+ months,57,Credit card,83.56,3,1,0.2005,Medium
TC-02232,Month-to-month,Fiber optic,13-24 months,24,Credit card,95.0,0,0,0.2411,Medium
TC-02233,Month-to-month,Fiber optic,25-48 months,41,Bank transfer,90.2,0,0,0.3094,Medium
TC-02234,Month-to-month,Fiber optic,0-12 months,6,Electronic check,90.33,2,1,0.8468,High
TC-02235,Month-to-month,No internet,13-24 months,13,Electronic check,19.59,1,0,0.166,Medium
TC-02236,Two year,No internet,49+ months,53,Bank transfer,26.74,0,0,0.0023,Low
TC-02237,Month-to-month,DSL,0-12 months,7,Electronic check,56.7,0,0,0.2727,Medium
TC-02238,One year,Fiber optic,25-48 months,35,Bank transfer,94.8,2,0,0.1762,Medium
TC-02239,Two year,Fiber optic,25-48 months,36,Electronic check,89.72,0,1,0.0576,Low
TC-02240,Month-to-month,Fiber optic,0-12 months,9,Bank transfer,89.86,2,1,0.6966,High
TC-02241,One year,DSL,49+ months,62,Mailed check,59.52,0,0,0.0061,Low
TC-02242,Month-to-month,Fiber optic,0-12 months,8,Electronic check,92.33,4,1,0.685,High
TC-02243,One year,No internet,25-48 months,36,Mailed check,32.42,0,0,0.0109,Low
TC-02244,One year,DSL,13-24 months,18,Mailed check,50.89,0,0,0.0268,Low
TC-02245,One year,Fiber optic,25-48 months,44,Electronic check,91.95,4,0,0.2771,Medium
TC-02246,Month-to-month,No internet,25-48 months,42,Bank transfer,19.7,1,0,0.0533,Low
TC-02247,Two year,DSL,49+ months,66,Credit card,61.28,1,0,0.0039,Low
TC-02248,Two year,DSL,25-48 months,38,Credit card,61.49,0,0,0.0139,Low
TC-02249,One year,DSL,49+ months,64,Credit card,51.22,0,0,0.0121,Low
TC-02250,One year,DSL,49+ months,58,Credit card,75.64,1,0,0.0184,Low
TC-02251,Month-to-month,DSL,25-48 months,37,Bank transfer,72.54,1,0,0.1172,Low
TC-02252,Two year,DSL,49+ months,72,Electronic check,75.64,1,0,0.0041,Low
TC-02253,One year,DSL,13-24 months,13,Bank transfer,53.44,0,0,0.0851,Low
TC-02254,Two year,DSL,49+ months,49,Credit card,47.12,0,0,0.0057,Low
TC-02255,Month-to-month,Fiber optic,13-24 months,23,Bank transfer,101.16,1,0,0.2811,Medium
TC-02256,Two year,Fiber optic,25-48 months,31,Bank transfer,99.22,0,0,0.0512,Low
TC-02257,Month-to-month,No internet,0-12 months,5,Electronic check,18.0,1,0,0.1982,Medium
TC-02258,Month-to-month,No internet,0-12 months,5,Credit card,18.0,2,0,0.2021,Medium
TC-02259,Month-to-month,No internet,13-24 months,17,Credit card,32.38,0,0,0.1226,Low
TC-02260,Month-to-month,Fiber optic,0-12 months,4,Bank transfer,89.07,2,1,0.7611,High
TC-02261,Two year,DSL,25-48 months,43,Electronic check,65.98,0,0,0.0142,Low
TC-02262,Month-to-month,DSL,0-12 months,12,Electronic check,76.62,1,0,0.3633,Medium
TC-02263,Month-to-month,Fiber optic,13-24 months,19,Bank transfer,116.05,0,0,0.3717,Medium
TC-02264,Month-to-month,DSL,13-24 months,13,Bank transfer,68.91,1,1,0.2204,Medium
TC-02265,Two year,DSL,25-48 months,25,Electronic check,79.68,0,0,0.0192,Low
TC-02266,Month-to-month,DSL,13-24 months,15,Bank transfer,82.56,1,0,0.1901,Medium
TC-02267,Month-to-month,DSL,0-12 months,3,Mailed check,57.18,0,0,0.3267,Medium
TC-02268,Two year,Fiber optic,49+ months,72,Credit card,89.84,3,0,0.0082,Low
TC-02269,One year,DSL,25-48 months,40,Bank transfer,84.85,2,0,0.0439,Low
TC-02270,One year,No internet,49+ months,57,Credit card,18.0,0,0,0.0043,Low
TC-02271,Two year,Fiber optic,49+ months,61,Credit card,89.47,1,0,0.0199,Low
TC-02272,Month-to-month,DSL,0-12 months,11,Mailed check,68.95,1,0,0.3851,Medium
TC-02273,One year,No internet,49+ months,65,Credit card,18.0,0,0,0.0038,Low
TC-02274,One year,No internet,25-48 months,39,Credit card,21.32,0,0,0.0173,Low
TC-02275,One year,No internet,13-24 months,24,Electronic check,22.0,3,0,0.0569,Low
TC-02276,One year,Fiber optic,25-48 months,44,Mailed check,86.47,0,0,0.0699,Low
TC-02277,Month-to-month,Fiber optic,25-48 months,33,Electronic check,99.39,0,0,0.3263,Medium
TC-02278,Month-to-month,Fiber optic,25-48 months,27,Bank transfer,104.63,2,0,0.3392,Medium
TC-02279,Two year,Fiber optic,49+ months,61,Mailed check,98.87,0,0,0.0136,Low
TC-02280,One year,No internet,25-48 months,35,Electronic check,26.06,5,0,0.0575,Low
TC-02281,Month-to-month,No internet,0-12 months,2,Bank transfer,23.57,2,1,0.2666,Medium
TC-02282,Month-to-month,DSL,0-12 months,4,Bank transfer,69.1,0,0,0.3774,Medium
TC-02283,Month-to-month,Fiber optic,0-12 months,9,Credit card,81.37,3,1,0.7262,High
TC-02284,Month-to-month,No internet,0-12 months,8,Bank transfer,18.89,1,0,0.1167,Low
TC-02285,One year,DSL,49+ months,49,Bank transfer,68.69,0,0,0.0066,Low
TC-02286,Month-to-month,DSL,25-48 months,29,Mailed check,72.1,1,0,0.2221,Medium
TC-02287,Two year,Fiber optic,25-48 months,44,Mailed check,101.51,1,0,0.0457,Low
TC-02288,Month-to-month,Fiber optic,25-48 months,26,Electronic check,91.08,0,0,0.3252,Medium
TC-02289,Month-to-month,DSL,13-24 months,13,Credit card,75.54,0,1,0.2366,Medium
TC-02290,Month-to-month,DSL,0-12 months,12,Mailed check,74.44,1,1,0.2663,Medium
TC-02291,Two year,Fiber optic,13-24 months,17,Credit card,98.84,3,0,0.1662,Medium
TC-02292,One year,Fiber optic,25-48 months,48,Credit card,92.49,1,0,0.1137,Low
TC-02293,Month-to-month,DSL,0-12 months,6,Bank transfer,84.8,0,0,0.1617,Medium
TC-02294,Two year,No internet,25-48 months,44,Mailed check,18.0,1,0,0.0026,Low
TC-02295,One year,DSL,0-12 months,5,Bank transfer,64.82,0,0,0.0773,Low
TC-02296,Month-to-month,Fiber optic,0-12 months,1,Electronic check,104.15,2,1,0.7091,High
TC-02297,Two year,DSL,49+ months,66,Bank transfer,72.37,0,0,0.0024,Low
TC-02298,Month-to-month,No internet,49+ months,72,Mailed check,18.0,0,0,0.0182,Low
TC-02299,Two year,No internet,49+ months,64,Bank transfer,24.87,0,0,0.0014,Low
TC-02300,Month-to-month,Fiber optic,13-24 months,17,Bank transfer,102.17,0,1,0.5161,High
TC-02301,Two year,Fiber optic,49+ months,72,Bank transfer,97.85,2,0,0.0161,Low
TC-02302,Month-to-month,Fiber optic,0-12 months,10,Credit card,95.71,2,0,0.806,High
TC-02303,One year,Fiber optic,25-48 months,35,Credit card,80.17,2,0,0.1063,Low
TC-02304,Month-to-month,Fiber optic,25-48 months,38,Mailed check,82.88,1,1,0.2449,Medium
TC-02305,Month-to-month,Fiber optic,25-48 months,36,Bank transfer,88.75,4,0,0.625,High
TC-02306,One year,DSL,13-24 months,14,Credit card,59.89,1,0,0.0518,Low
TC-02307,Month-to-month,No internet,0-12 months,12,Credit card,25.38,2,0,0.1534,Medium
TC-02308,Month-to-month,DSL,13-24 months,18,Credit card,77.22,0,1,0.1838,Medium
TC-02309,Month-to-month,DSL,0-12 months,11,Electronic check,59.64,3,1,0.4361,Medium
TC-02310,One year,Fiber optic,13-24 months,21,Credit card,97.88,2,1,0.2665,Medium
TC-02311,Month-to-month,DSL,0-12 months,9,Credit card,79.63,1,1,0.2007,Medium
TC-02312,Month-to-month,Fiber optic,0-12 months,2,Electronic check,88.76,2,0,0.7493,High
TC-02313,Month-to-month,No internet,13-24 months,21,Electronic check,18.34,0,1,0.1221,Low
TC-02314,Month-to-month,No internet,25-48 months,44,Electronic check,28.37,2,0,0.107,Low
TC-02315,Two year,No internet,49+ months,51,Credit card,19.26,0,0,0.0016,Low
TC-02316,Month-to-month,DSL,0-12 months,2,Electronic check,75.4,1,0,0.4545,Medium
TC-02317,One year,Fiber optic,49+ months,59,Electronic check,83.97,1,0,0.0546,Low
TC-02318,One year,Fiber optic,25-48 months,27,Mailed check,94.08,1,0,0.1638,Medium
TC-02319,Two year,No internet,49+ months,55,Electronic check,18.0,0,0,0.0026,Low
TC-02320,Month-to-month,Fiber optic,13-24 months,20,Mailed check,93.03,2,1,0.731,High
TC-02321,Month-to-month,DSL,0-12 months,7,Bank transfer,68.64,2,0,0.506,High
TC-02322,Month-to-month,Fiber optic,13-24 months,19,Mailed check,80.37,0,0,0.3384,Medium
TC-02323,Month-to-month,Fiber optic,25-48 months,38,Electronic check,91.81,3,1,0.5476,High
TC-02324,Month-to-month,Fiber optic,13-24 months,18,Electronic check,91.67,0,1,0.4946,High
TC-02325,Two year,DSL,25-48 months,42,Bank transfer,62.78,0,0,0.0081,Low
TC-02326,One year,DSL,13-24 months,19,Electronic check,61.77,3,0,0.1019,Low
TC-02327,Month-to-month,Fiber optic,25-48 months,35,Credit card,99.44,2,0,0.4331,Medium
TC-02328,Month-to-month,Fiber optic,0-12 months,8,Electronic check,88.26,2,1,0.8348,High
TC-02329,Two year,No internet,25-48 months,42,Electronic check,18.0,2,0,0.0061,Low
TC-02330,Month-to-month,DSL,0-12 months,10,Electronic check,73.42,0,0,0.2614,Medium
TC-02331,Month-to-month,Fiber optic,0-12 months,11,Electronic check,94.48,5,1,0.804,High
TC-02332,Two year,DSL,49+ months,72,Bank transfer,70.1,0,0,0.003,Low
TC-02333,Two year,DSL,13-24 months,21,Electronic check,70.32,0,0,0.0196,Low
TC-02334,Two year,Fiber optic,49+ months,71,Bank transfer,93.51,2,0,0.016,Low
TC-02335,Two year,Fiber optic,25-48 months,37,Bank transfer,83.37,0,0,0.0508,Low
TC-02336,Month-to-month,DSL,25-48 months,47,Electronic check,59.02,2,1,0.1107,Low
TC-02337,Month-to-month,DSL,49+ months,53,Bank transfer,58.23,2,0,0.0831,Low
TC-02338,One year,No internet,25-48 months,26,Credit card,19.73,0,0,0.0135,Low
TC-02339,Month-to-month,No internet,0-12 months,12,Bank transfer,23.2,1,0,0.1356,Low
TC-02340,One year,Fiber optic,25-48 months,25,Electronic check,93.34,1,1,0.3343,Medium
TC-02341,Month-to-month,Fiber optic,25-48 months,26,Mailed check,90.53,0,1,0.3183,Medium
TC-02342,Month-to-month,Fiber optic,0-12 months,12,Electronic check,92.39,3,1,0.8436,High
TC-02343,One year,Fiber optic,25-48 months,28,Mailed check,109.4,0,0,0.0881,Low
TC-02344,Month-to-month,Fiber optic,0-12 months,6,Credit card,104.28,1,1,0.7187,High
TC-02345,One year,DSL,49+ months,72,Electronic check,59.76,3,0,0.0332,Low
TC-02346,Two year,Fiber optic,25-48 months,40,Electronic check,87.62,0,0,0.0321,Low
TC-02347,Two year,DSL,25-48 months,44,Electronic check,52.52,0,0,0.0113,Low
TC-02348,One year,Fiber optic,25-48 months,40,Mailed check,92.62,3,0,0.1961,Medium
TC-02349,Two year,DSL,13-24 months,24,Mailed check,61.21,1,0,0.0242,Low
TC-02350,One year,No internet,13-24 months,24,Credit card,26.46,1,0,0.0287,Low
TC-02351,Two year,No internet,25-48 months,39,Mailed check,18.0,1,0,0.0034,Low
TC-02352,Two year,Fiber optic,49+ months,72,Mailed check,93.72,4,0,0.0201,Low
TC-02353,Month-to-month,DSL,13-24 months,14,Electronic check,61.07,2,1,0.5254,High
TC-02354,Month-to-month,No internet,13-24 months,16,Electronic check,18.63,0,0,0.1314,Low
TC-02355,Month-to-month,DSL,13-24 months,23,Electronic check,77.41,0,1,0.2187,Medium
TC-02356,Month-to-month,No internet,49+ months,50,Bank transfer,25.96,3,0,0.0559,Low
TC-02357,Month-to-month,Fiber optic,0-12 months,11,Mailed check,107.38,2,0,0.5869,High
TC-02358,Two year,Fiber optic,25-48 months,43,Electronic check,74.73,1,0,0.0471,Low
TC-02359,Month-to-month,No internet,0-12 months,9,Bank transfer,18.0,1,0,0.1076,Low
TC-02360,Month-to-month,No internet,0-12 months,2,Electronic check,21.82,1,0,0.2812,Medium
TC-02361,Two year,Fiber optic,49+ months,53,Electronic check,88.98,1,0,0.0408,Low
TC-02362,Month-to-month,No internet,0-12 months,6,Bank transfer,21.91,1,0,0.1513,Medium
TC-02363,Month-to-month,DSL,13-24 months,13,Credit card,68.02,1,1,0.1526,Medium
TC-02364,Two year,Fiber optic,25-48 months,41,Electronic check,95.58,0,0,0.0327,Low
TC-02365,Two year,Fiber optic,25-48 months,45,Electronic check,92.52,3,0,0.0792,Low
TC-02366,Month-to-month,Fiber optic,13-24 months,14,Mailed check,90.18,1,1,0.6305,High
TC-02367,Month-to-month,Fiber optic,0-12 months,12,Electronic check,101.5,3,1,0.869,High
TC-02368,Month-to-month,Fiber optic,0-12 months,4,Electronic check,88.63,2,1,0.8156,High
TC-02369,Two year,Fiber optic,49+ months,58,Mailed check,99.9,1,0,0.0103,Low
TC-02370,Two year,DSL,49+ months,72,Credit card,65.23,1,0,0.002,Low
TC-02371,Month-to-month,No internet,0-12 months,3,Bank transfer,18.0,1,0,0.1718,Medium
TC-02372,One year,Fiber optic,0-12 months,12,Credit card,92.61,2,0,0.2734,Medium
TC-02373,Month-to-month,Fiber optic,13-24 months,21,Electronic check,101.8,1,1,0.4422,Medium
TC-02374,One year,DSL,25-48 months,27,Electronic check,48.3,0,0,0.0715,Low
TC-02375,Month-to-month,Fiber optic,13-24 months,20,Credit card,111.18,1,1,0.4424,Medium
TC-02376,Month-to-month,Fiber optic,49+ months,69,Credit card,89.93,2,0,0.2385,Medium
TC-02377,Month-to-month,DSL,25-48 months,28,Credit card,58.34,1,0,0.2017,Medium
TC-02378,Month-to-month,Fiber optic,25-48 months,30,Bank transfer,81.14,1,0,0.4735,Medium
TC-02379,Two year,Fiber optic,25-48 months,31,Electronic check,90.48,0,0,0.0416,Low
TC-02380,Two year,No internet,25-48 months,42,Credit card,24.38,1,0,0.0037,Low
TC-02381,One year,DSL,13-24 months,22,Bank transfer,61.38,1,0,0.0705,Low
TC-02382,One year,Fiber optic,25-48 months,38,Electronic check,104.14,1,0,0.1328,Low
TC-02383,Month-to-month,DSL,0-12 months,11,Credit card,80.09,2,1,0.5969,High
TC-02384,Month-to-month,DSL,25-48 months,39,Mailed check,63.28,0,1,0.1313,Low
TC-02385,Two year,Fiber optic,25-48 months,46,Credit card,105.84,6,0,0.0792,Low
TC-02386,Two year,Fiber optic,13-24 months,24,Bank transfer,103.54,3,0,0.1081,Low
TC-02387,Month-to-month,Fiber optic,13-24 months,19,Electronic check,96.26,1,1,0.5645,High
TC-02388,Two year,Fiber optic,13-24 months,14,Credit card,89.01,3,0,0.1944,Medium
TC-02389,Two year,Fiber optic,49+ months,72,Bank transfer,95.12,2,0,0.0171,Low
TC-02390,Two year,Fiber optic,13-24 months,21,Bank transfer,92.19,2,0,0.0785,Low
TC-02391,Month-to-month,Fiber optic,13-24 months,22,Credit card,93.95,1,1,0.4768,Medium
TC-02392,One year,Fiber optic,25-48 months,35,Bank transfer,89.45,3,0,0.2202,Medium
TC-02393,Month-to-month,DSL,0-12 months,10,Bank transfer,76.29,0,1,0.2444,Medium
TC-02394,Month-to-month,DSL,0-12 months,12,Electronic check,68.58,1,0,0.3729,Medium
TC-02395,Month-to-month,DSL,0-12 months,3,Mailed check,64.87,1,0,0.4177,Medium
TC-02396,Month-to-month,Fiber optic,0-12 months,7,Mailed check,92.68,1,1,0.5438,High
TC-02397,Month-to-month,DSL,0-12 months,4,Credit card,64.93,2,0,0.4259,Medium
TC-02398,Two year,Fiber optic,49+ months,59,Electronic check,79.31,2,0,0.0417,Low
TC-02399,One year,DSL,25-48 months,28,Bank transfer,65.4,2,0,0.0349,Low
TC-02400,Two year,DSL,49+ months,67,Electronic check,54.96,2,0,0.009,Low
TC-02401,Month-to-month,Fiber optic,0-12 months,6,Credit card,97.1,1,1,0.7824,High
TC-02402,Month-to-month,No internet,13-24 months,14,Credit card,29.88,0,0,0.0899,Low
TC-02403,One year,DSL,0-12 months,7,Bank transfer,48.34,0,0,0.1224,Low
TC-02404,Two year,Fiber optic,49+ months,72,Credit card,104.66,1,0,0.028,Low
TC-02405,Month-to-month,No internet,0-12 months,12,Credit card,20.22,4,0,0.2405,Medium
TC-02406,Month-to-month,No internet,25-48 months,30,Electronic check,18.0,0,0,0.0819,Low
TC-02407,One year,DSL,25-48 months,48,Bank transfer,81.43,1,0,0.0126,Low
TC-02408,Two year,Fiber optic,49+ months,72,Bank transfer,97.24,0,0,0.0051,Low
TC-02409,Two year,Fiber optic,25-48 months,28,Credit card,79.35,3,0,0.1006,Low
TC-02410,Two year,Fiber optic,13-24 months,17,Mailed check,111.41,1,0,0.0513,Low
TC-02411,Month-to-month,No internet,25-48 months,44,Electronic check,30.66,0,0,0.0657,Low
TC-02412,Month-to-month,DSL,13-24 months,16,Mailed check,47.85,1,0,0.1957,Medium
TC-02413,Two year,Fiber optic,25-48 months,45,Bank transfer,104.77,1,0,0.0227,Low
TC-02414,Two year,No internet,13-24 months,14,Credit card,18.0,0,0,0.0058,Low
TC-02415,Two year,Fiber optic,49+ months,72,Electronic check,81.41,4,0,0.0218,Low
TC-02416,Month-to-month,DSL,13-24 months,13,Mailed check,70.78,1,0,0.2313,Medium
TC-02417,Month-to-month,DSL,0-12 months,9,Electronic check,58.87,3,0,0.6263,High
TC-02418,Month-to-month,Fiber optic,25-48 months,46,Bank transfer,100.65,0,1,0.1478,Medium
TC-02419,Two year,Fiber optic,49+ months,72,Electronic check,86.96,4,1,0.0386,Low
TC-02420,Two year,DSL,49+ months,72,Bank transfer,57.62,1,0,0.0034,Low
TC-02421,Month-to-month,Fiber optic,13-24 months,23,Mailed check,99.07,0,1,0.3446,Medium
TC-02422,Two year,DSL,25-48 months,31,Electronic check,55.58,0,0,0.0176,Low
TC-02423,Month-to-month,No internet,0-12 months,2,Electronic check,30.84,1,1,0.4131,Medium
TC-02424,Month-to-month,Fiber optic,0-12 months,7,Credit card,86.3,1,1,0.5339,High
TC-02425,One year,Fiber optic,25-48 months,25,Bank transfer,95.53,2,0,0.2588,Medium
TC-02426,Month-to-month,No internet,0-12 months,12,Mailed check,23.34,0,0,0.0891,Low
TC-02427,Month-to-month,Fiber optic,13-24 months,13,Credit card,78.54,2,0,0.638,High
TC-02428,Month-to-month,DSL,13-24 months,18,Mailed check,78.62,1,0,0.3563,Medium
TC-02429,Month-to-month,Fiber optic,0-12 months,10,Credit card,88.37,0,1,0.6132,High
TC-02430,Month-to-month,No internet,0-12 months,10,Bank transfer,23.8,1,1,0.1337,Low
TC-02431,Month-to-month,DSL,0-12 months,11,Mailed check,63.93,2,1,0.2425,Medium
TC-02432,Two year,Fiber optic,13-24 months,24,Mailed check,87.15,2,1,0.0685,Low
TC-02433,Month-to-month,DSL,0-12 months,4,Electronic check,73.05,2,1,0.6408,High
TC-02434,Month-to-month,Fiber optic,13-24 months,23,Mailed check,108.88,2,1,0.5397,High
TC-02435,One year,Fiber optic,13-24 months,15,Electronic check,92.31,4,1,0.5244,High
TC-02436,Month-to-month,Fiber optic,13-24 months,17,Electronic check,96.36,1,1,0.7865,High
TC-02437,Month-to-month,Fiber optic,0-12 months,9,Mailed check,92.21,0,0,0.6074,High
TC-02438,One year,No internet,25-48 months,42,Mailed check,18.0,0,0,0.0074,Low
TC-02439,One year,DSL,25-48 months,30,Credit card,75.92,2,0,0.0424,Low
TC-02440,Two year,DSL,49+ months,51,Bank transfer,53.61,1,0,0.0032,Low
TC-02441,Two year,No internet,25-48 months,45,Electronic check,29.18,4,0,0.009,Low
TC-02442,Month-to-month,Fiber optic,13-24 months,19,Electronic check,94.97,1,1,0.7462,High
TC-02443,Two year,Fiber optic,49+ months,72,Credit card,77.85,4,0,0.0221,Low
TC-02444,Month-to-month,Fiber optic,0-12 months,5,Electronic check,91.36,2,1,0.752,High
TC-02445,One year,Fiber optic,25-48 months,36,Mailed check,75.19,1,0,0.095,Low
TC-02446,Month-to-month,Fiber optic,13-24 months,17,Electronic check,79.61,3,1,0.797,High
TC-02447,Month-to-month,DSL,13-24 months,16,Mailed check,53.18,0,0,0.241,Medium
TC-02448,One year,No internet,25-48 months,30,Bank transfer,33.07,3,0,0.0303,Low
TC-02449,Two year,DSL,25-48 months,29,Electronic check,70.07,0,0,0.0123,Low
TC-02450,Two year,Fiber optic,49+ months,67,Mailed check,90.43,0,0,0.006,Low
TC-02451,Month-to-month,Fiber optic,0-12 months,10,Mailed check,98.53,1,0,0.3712,Medium
TC-02452,Two year,No internet,25-48 months,35,Credit card,18.0,0,0,0.0034,Low
TC-02453,One year,DSL,25-48 months,45,Bank transfer,57.75,1,0,0.017,Low
TC-02454,One year,Fiber optic,13-24 months,21,Mailed check,85.92,1,0,0.2168,Medium
TC-02455,Two year,Fiber optic,25-48 months,43,Mailed check,92.5,4,1,0.1154,Low
TC-02456,Month-to-month,No internet,13-24 months,22,Credit card,28.99,0,0,0.0991,Low
TC-02457,Two year,No internet,25-48 months,28,Electronic check,23.5,0,0,0.0077,Low
TC-02458,Two year,Fiber optic,25-48 months,28,Credit card,80.5,6,0,0.1221,Low
TC-02459,Two year,DSL,49+ months,72,Mailed check,64.87,1,0,0.0019,Low
TC-02460,Month-to-month,No internet,25-48 months,41,Credit card,18.24,0,0,0.0327,Low
TC-02461,Month-to-month,DSL,0-12 months,10,Mailed check,68.46,0,0,0.253,Medium
TC-02462,Month-to-month,DSL,13-24 months,13,Credit card,64.9,3,0,0.2066,Medium
TC-02463,One year,Fiber optic,0-12 months,10,Credit card,83.05,3,0,0.2879,Medium
TC-02464,Two year,No internet,25-48 months,32,Electronic check,26.19,0,0,0.0069,Low
TC-02465,Month-to-month,DSL,25-48 months,43,Credit card,58.3,1,0,0.1026,Low
TC-02466,One year,Fiber optic,0-12 months,12,Electronic check,84.18,1,1,0.3496,Medium
TC-02467,One year,DSL,0-12 months,12,Electronic check,66.72,1,0,0.1778,Medium
TC-02468,Month-to-month,Fiber optic,0-12 months,12,Credit card,92.16,1,1,0.6954,High
TC-02469,Two year,Fiber optic,49+ months,72,Electronic check,82.88,0,0,0.0141,Low
TC-02470,Month-to-month,Fiber optic,0-12 months,7,Credit card,83.52,0,0,0.6094,High
TC-02471,Month-to-month,Fiber optic,13-24 months,17,Bank transfer,83.84,1,0,0.4608,Medium
TC-02472,Month-to-month,DSL,49+ months,52,Mailed check,65.96,0,0,0.0974,Low
TC-02473,Two year,No internet,49+ months,72,Electronic check,20.23,1,0,0.0014,Low
TC-02474,Month-to-month,Fiber optic,0-12 months,4,Electronic check,93.3,2,0,0.8105,High
TC-02475,Month-to-month,No internet,13-24 months,18,Electronic check,18.0,1,1,0.1921,Medium
TC-02476,Month-to-month,Fiber optic,13-24 months,19,Electronic check,87.5,0,1,0.6961,High
TC-02477,One year,No internet,25-48 months,30,Electronic check,40.33,0,0,0.0223,Low
TC-02478,Month-to-month,DSL,0-12 months,4,Bank transfer,68.54,2,1,0.6307,High
TC-02479,Two year,Fiber optic,25-48 months,43,Electronic check,93.78,1,0,0.0645,Low
TC-02480,One year,DSL,25-48 months,47,Electronic check,73.65,1,0,0.0276,Low
TC-02481,One year,Fiber optic,49+ months,52,Credit card,83.36,0,0,0.0746,Low
TC-02482,Month-to-month,DSL,0-12 months,5,Electronic check,71.11,2,1,0.6501,High
TC-02483,Month-to-month,No internet,0-12 months,7,Electronic check,24.21,1,1,0.219,Medium
TC-02484,Two year,No internet,49+ months,72,Bank transfer,19.37,0,0,0.0012,Low
TC-02485,Two year,DSL,25-48 months,25,Bank transfer,58.09,0,0,0.0158,Low
TC-02486,One year,DSL,49+ months,66,Credit card,69.11,1,0,0.0175,Low
TC-02487,Two year,Fiber optic,49+ months,70,Bank transfer,106.57,2,0,0.0104,Low
TC-02488,One year,Fiber optic,13-24 months,23,Electronic check,84.36,3,0,0.5243,High
TC-02489,One year,DSL,25-48 months,30,Electronic check,70.11,0,0,0.0595,Low
TC-02490,Month-to-month,DSL,25-48 months,34,Mailed check,82.91,0,0,0.169,Medium
TC-02491,Month-to-month,No internet,13-24 months,13,Bank transfer,18.0,0,0,0.0785,Low
TC-02492,Month-to-month,DSL,0-12 months,2,Electronic check,61.79,1,1,0.4709,Medium
TC-02493,Month-to-month,Fiber optic,13-24 months,20,Bank transfer,91.27,1,0,0.2762,Medium
TC-02494,Month-to-month,No internet,13-24 months,17,Electronic check,34.75,0,0,0.1606,Medium
TC-02495,Month-to-month,DSL,0-12 months,7,Credit card,54.41,2,0,0.434,Medium
TC-02496,Month-to-month,Fiber optic,13-24 months,17,Electronic check,88.47,1,1,0.6169,High
TC-02497,Month-to-month,Fiber optic,13-24 months,16,Credit card,75.81,2,1,0.6566,High
TC-02498,Month-to-month,Fiber optic,13-24 months,14,Credit card,92.4,5,1,0.7971,High
TC-02499,One year,Fiber optic,25-48 months,36,Bank transfer,97.21,2,0,0.1974,Medium
TC-02500,Two year,Fiber optic,13-24 months,21,Bank transfer,80.27,2,0,0.0643,Low
TC-02501,One year,No internet,25-48 months,33,Bank transfer,18.0,2,0,0.0185,Low
TC-02502,One year,DSL,49+ months,69,Bank transfer,57.84,0,0,0.0053,Low
TC-02503,One year,Fiber optic,0-12 months,10,Credit card,95.05,2,0,0.4053,Medium
TC-02504,Month-to-month,No internet,13-24 months,21,Electronic check,33.18,1,0,0.1703,Medium
TC-02505,Month-to-month,DSL,25-48 months,46,Bank transfer,86.03,1,0,0.1344,Low
TC-02506,Two year,Fiber optic,49+ months,72,Bank transfer,80.4,1,0,0.0078,Low
TC-02507,Two year,No internet,49+ months,58,Bank transfer,27.69,0,0,0.0012,Low
TC-02508,Month-to-month,Fiber optic,0-12 months,1,Mailed check,74.44,1,1,0.675,High
TC-02509,Month-to-month,Fiber optic,13-24 months,14,Electronic check,92.2,1,0,0.4372,Medium
TC-02510,Two year,Fiber optic,13-24 months,21,Electronic check,80.81,4,0,0.1751,Medium
TC-02511,Two year,DSL,13-24 months,17,Credit card,64.59,1,0,0.0327,Low
TC-02512,One year,Fiber optic,13-24 months,24,Electronic check,86.95,0,1,0.2217,Medium
TC-02513,Two year,No internet,13-24 months,21,Bank transfer,34.8,1,0,0.0124,Low
TC-02514,One year,Fiber optic,13-24 months,19,Mailed check,97.94,1,1,0.1956,Medium
TC-02515,Two year,Fiber optic,49+ months,67,Electronic check,89.98,0,0,0.02,Low
TC-02516,Month-to-month,No internet,25-48 months,25,Credit card,20.8,1,0,0.0971,Low
TC-02517,Month-to-month,No internet,0-12 months,7,Credit card,18.48,1,0,0.1259,Low
TC-02518,One year,DSL,25-48 months,30,Mailed check,69.01,1,0,0.0486,Low
TC-02519,Month-to-month,DSL,25-48 months,45,Credit card,74.64,1,0,0.1147,Low
TC-02520,One year,DSL,49+ months,61,Mailed check,73.69,1,0,0.0103,Low
TC-02521,Month-to-month,Fiber optic,25-48 months,37,Electronic check,94.9,0,1,0.6166,High
TC-02522,One year,No internet,0-12 months,3,Credit card,30.58,1,0,0.0559,Low
TC-02523,Two year,No internet,25-48 months,33,Electronic check,31.15,1,0,0.0132,Low
TC-02524,Month-to-month,No internet,25-48 months,38,Electronic check,20.42,1,0,0.0773,Low
TC-02525,Two year,DSL,49+ months,63,Bank transfer,74.3,1,0,0.0043,Low
TC-02526,One year,Fiber optic,13-24 months,22,Bank transfer,93.76,1,0,0.1985,Medium
TC-02527,One year,DSL,25-48 months,43,Mailed check,71.28,0,0,0.0335,Low
TC-02528,Month-to-month,DSL,13-24 months,22,Bank transfer,74.39,3,0,0.2667,Medium
TC-02529,Month-to-month,No internet,13-24 months,23,Mailed check,35.61,1,0,0.0886,Low
TC-02530,One year,No internet,0-12 months,7,Mailed check,26.08,1,0,0.0293,Low
TC-02531,Two year,No internet,49+ months,72,Electronic check,25.46,1,0,0.0019,Low
TC-02532,One year,No internet,13-24 months,23,Electronic check,27.84,2,0,0.0526,Low
TC-02533,Two year,DSL,25-48 months,26,Electronic check,53.07,1,0,0.0199,Low
TC-02534,Month-to-month,Fiber optic,13-24 months,21,Mailed check,92.51,3,1,0.6597,High
TC-02535,Two year,Fiber optic,49+ months,49,Electronic check,92.69,1,0,0.048,Low
TC-02536,Two year,Fiber optic,49+ months,61,Electronic check,102.52,2,0,0.023,Low
TC-02537,One year,No internet,25-48 months,41,Credit card,18.64,0,0,0.0072,Low
TC-02538,Month-to-month,DSL,0-12 months,7,Bank transfer,70.85,1,0,0.211,Medium
TC-02539,One year,DSL,49+ months,72,Electronic check,74.57,0,0,0.0131,Low
TC-02540,Month-to-month,No internet,0-12 months,6,Mailed check,25.96,0,0,0.1365,Low
TC-02541,One year,Fiber optic,25-48 months,41,Electronic check,80.85,3,0,0.1393,Low
TC-02542,One year,DSL,13-24 months,21,Mailed check,64.68,1,0,0.0748,Low
TC-02543,Month-to-month,Fiber optic,0-12 months,4,Electronic check,96.4,0,1,0.813,High
TC-02544,Month-to-month,Fiber optic,25-48 months,28,Electronic check,94.08,1,0,0.6359,High
TC-02545,Month-to-month,DSL,25-48 months,29,Mailed check,57.2,0,0,0.1574,Medium
TC-02546,Month-to-month,Fiber optic,0-12 months,7,Bank transfer,96.17,1,0,0.5896,High
TC-02547,Two year,Fiber optic,25-48 months,45,Mailed check,99.58,3,0,0.0436,Low
TC-02548,Month-to-month,No internet,0-12 months,6,Credit card,22.16,2,0,0.1782,Medium
TC-02549,Month-to-month,DSL,0-12 months,11,Mailed check,62.46,0,0,0.1923,Medium
TC-02550,Month-to-month,Fiber optic,25-48 months,32,Mailed check,89.35,2,1,0.4522,Medium
TC-02551,Month-to-month,Fiber optic,25-48 months,31,Electronic check,90.9,0,0,0.3737,Medium
TC-02552,One year,DSL,25-48 months,33,Credit card,73.51,2,0,0.0329,Low
TC-02553,Two year,DSL,49+ months,72,Mailed check,59.57,2,0,0.0041,Low
TC-02554,Two year,DSL,25-48 months,47,Electronic check,64.34,1,0,0.0133,Low
TC-02555,Two year,Fiber optic,13-24 months,17,Bank transfer,88.62,1,0,0.0842,Low
TC-02556,Two year,No internet,49+ months,61,Electronic check,28.85,1,0,0.003,Low
TC-02557,Month-to-month,DSL,0-12 months,8,Bank transfer,62.42,0,0,0.1711,Medium
TC-02558,Month-to-month,Fiber optic,0-12 months,5,Mailed check,97.55,2,1,0.8049,High
TC-02559,Two year,DSL,25-48 months,27,Electronic check,67.05,1,0,0.0319,Low
TC-02560,Month-to-month,DSL,13-24 months,20,Electronic check,56.39,0,0,0.221,Medium
TC-02561,One year,DSL,25-48 months,26,Electronic check,50.62,0,0,0.0428,Low
TC-02562,Month-to-month,DSL,0-12 months,2,Bank transfer,62.01,0,0,0.3546,Medium
TC-02563,Two year,No internet,25-48 months,27,Electronic check,18.0,2,0,0.0103,Low
TC-02564,Month-to-month,Fiber optic,13-24 months,19,Credit card,99.88,1,0,0.4943,High
TC-02565,Month-to-month,No internet,0-12 months,11,Electronic check,29.03,0,0,0.1648,Medium
TC-02566,Month-to-month,DSL,0-12 months,6,Mailed check,81.75,1,0,0.3456,Medium
TC-02567,Two year,DSL,49+ months,51,Electronic check,65.68,1,0,0.0145,Low
TC-02568,One year,DSL,25-48 months,30,Credit card,75.53,2,0,0.065,Low
TC-02569,One year,Fiber optic,25-48 months,40,Electronic check,91.68,2,0,0.1213,Low
TC-02570,Month-to-month,No internet,13-24 months,24,Electronic check,26.89,0,0,0.1636,Medium
TC-02571,Month-to-month,DSL,25-48 months,34,Mailed check,71.35,1,0,0.1734,Medium
TC-02572,Two year,No internet,13-24 months,13,Electronic check,27.1,2,0,0.0195,Low
TC-02573,Two year,No internet,49+ months,72,Mailed check,18.0,0,0,0.0007,Low
TC-02574,One year,DSL,49+ months,72,Credit card,68.92,1,0,0.0089,Low
TC-02575,Two year,Fiber optic,49+ months,72,Mailed check,90.27,1,0,0.0051,Low
TC-02576,One year,DSL,25-48 months,43,Electronic check,68.38,0,0,0.0283,Low
TC-02577,Month-to-month,Fiber optic,0-12 months,8,Bank transfer,94.41,1,1,0.5299,High
TC-02578,One year,DSL,49+ months,55,Electronic check,72.24,1,0,0.0317,Low
TC-02579,Month-to-month,DSL,25-48 months,47,Bank transfer,53.35,0,0,0.0922,Low
TC-02580,Month-to-month,Fiber optic,0-12 months,1,Electronic check,95.56,2,1,0.8597,High
TC-02581,Month-to-month,Fiber optic,0-12 months,6,Electronic check,87.93,0,0,0.6023,High
TC-02582,One year,Fiber optic,0-12 months,8,Mailed check,97.29,1,0,0.2311,Medium
TC-02583,Two year,DSL,25-48 months,47,Mailed check,78.3,0,0,0.0075,Low
TC-02584,Two year,Fiber optic,25-48 months,45,Electronic check,96.99,1,0,0.0291,Low
TC-02585,Month-to-month,Fiber optic,25-48 months,25,Electronic check,102.06,3,1,0.6879,High
TC-02586,Two year,No internet,49+ months,70,Credit card,26.86,2,0,0.0018,Low
TC-02587,Two year,DSL,49+ months,72,Bank transfer,53.14,1,0,0.0029,Low
TC-02588,Two year,DSL,49+ months,68,Electronic check,73.28,0,0,0.0103,Low
TC-02589,One year,DSL,25-48 months,25,Credit card,69.52,0,0,0.0387,Low
TC-02590,Two year,Fiber optic,25-48 months,43,Mailed check,92.15,1,0,0.0231,Low
TC-02591,Month-to-month,DSL,0-12 months,6,Bank transfer,68.84,1,0,0.1739,Medium
TC-02592,Month-to-month,DSL,49+ months,52,Credit card,54.94,1,0,0.1511,Medium
TC-02593,Month-to-month,DSL,25-48 months,28,Electronic check,77.75,1,0,0.2498,Medium
TC-02594,One year,No internet,25-48 months,26,Mailed check,24.27,0,0,0.0113,Low
TC-02595,Month-to-month,DSL,13-24 months,15,Electronic check,57.76,0,0,0.263,Medium
TC-02596,Month-to-month,No internet,13-24 months,18,Mailed check,24.93,3,0,0.1304,Low
TC-02597,Month-to-month,Fiber optic,25-48 months,41,Electronic check,95.74,2,0,0.5448,High
TC-02598,Month-to-month,DSL,0-12 months,2,Credit card,63.35,3,1,0.3511,Medium
TC-02599,Month-to-month,DSL,25-48 months,31,Electronic check,56.56,1,1,0.3856,Medium
TC-02600,Month-to-month,Fiber optic,13-24 months,24,Electronic check,86.75,1,0,0.4684,Medium
TC-02601,One year,DSL,49+ months,50,Bank transfer,64.85,1,0,0.0297,Low
TC-02602,Month-to-month,Fiber optic,0-12 months,8,Bank transfer,93.19,2,0,0.5526,High
TC-02603,Month-to-month,Fiber optic,13-24 months,17,Credit card,84.5,1,1,0.4416,Medium
TC-02604,Two year,No internet,49+ months,66,Electronic check,31.98,1,0,0.0027,Low
TC-02605,One year,Fiber optic,0-12 months,6,Mailed check,90.16,4,0,0.4183,Medium
TC-02606,Two year,Fiber optic,49+ months,72,Electronic check,87.17,1,0,0.017,Low
TC-02607,Two year,Fiber optic,49+ months,72,Electronic check,74.85,0,0,0.0134,Low
TC-02608,Two year,Fiber optic,49+ months,57,Mailed check,98.23,0,0,0.0092,Low
TC-02609,Month-to-month,Fiber optic,13-24 months,14,Mailed check,85.77,6,1,0.7381,High
TC-02610,Month-to-month,Fiber optic,0-12 months,4,Mailed check,105.65,2,1,0.6563,High
TC-02611,Two year,DSL,25-48 months,44,Credit card,71.02,0,0,0.01,Low
TC-02612,Month-to-month,Fiber optic,13-24 months,13,Credit card,83.07,3,1,0.7408,High
TC-02613,Two year,DSL,49+ months,72,Credit card,66.73,2,0,0.0047,Low
TC-02614,Month-to-month,No internet,0-12 months,8,Credit card,25.2,1,0,0.1918,Medium
TC-02615,Month-to-month,Fiber optic,0-12 months,4,Credit card,87.08,0,0,0.5993,High
TC-02616,Two year,DSL,25-48 months,37,Electronic check,61.1,2,0,0.0257,Low
TC-02617,Month-to-month,DSL,25-48 months,27,Electronic check,87.07,2,0,0.2194,Medium
TC-02618,Month-to-month,No internet,25-48 months,28,Credit card,24.4,2,0,0.1007,Low
TC-02619,Two year,DSL,25-48 months,36,Mailed check,82.17,0,0,0.0053,Low
TC-02620,Month-to-month,Fiber optic,25-48 months,32,Electronic check,96.78,3,0,0.758,High
TC-02621,Two year,Fiber optic,25-48 months,40,Electronic check,101.31,3,0,0.0723,Low
TC-02622,Month-to-month,Fiber optic,0-12 months,4,Electronic check,86.47,0,1,0.7787,High
TC-02623,Month-to-month,No internet,49+ months,60,Bank transfer,21.31,2,0,0.0279,Low
TC-02624,Month-to-month,DSL,13-24 months,22,Credit card,55.68,0,1,0.1961,Medium
TC-02625,Month-to-month,Fiber optic,0-12 months,10,Bank transfer,105.25,4,1,0.8489,High
TC-02626,Month-to-month,Fiber optic,0-12 months,5,Bank transfer,81.04,3,0,0.7467,High
TC-02627,Two year,DSL,49+ months,64,Electronic check,72.05,1,0,0.0046,Low
TC-02628,Month-to-month,DSL,0-12 months,4,Credit card,73.48,2,0,0.6658,High
TC-02629,Month-to-month,Fiber optic,0-12 months,11,Credit card,105.86,2,1,0.836,High
TC-02630,Month-to-month,Fiber optic,25-48 months,29,Electronic check,97.54,0,0,0.6906,High
TC-02631,One year,DSL,0-12 months,5,Credit card,53.88,0,0,0.0702,Low
TC-02632,Two year,DSL,25-48 months,35,Bank transfer,61.52,1,0,0.0121,Low
TC-02633,Month-to-month,DSL,13-24 months,23,Credit card,68.21,1,0,0.3057,Medium
TC-02634,One year,DSL,25-48 months,44,Credit card,59.89,0,0,0.0295,Low
TC-02635,One year,DSL,13-24 months,24,Electronic check,60.22,3,0,0.1405,Low
TC-02636,Month-to-month,No internet,13-24 months,20,Mailed check,18.0,4,0,0.138,Low
TC-02637,Month-to-month,DSL,0-12 months,9,Mailed check,60.61,0,0,0.0916,Low
TC-02638,Two year,No internet,0-12 months,9,Bank transfer,18.0,0,0,0.0079,Low
TC-02639,Month-to-month,Fiber optic,25-48 months,27,Electronic check,96.19,1,0,0.7092,High
TC-02640,Two year,No internet,13-24 months,18,Credit card,18.0,1,0,0.007,Low
TC-02641,Month-to-month,No internet,13-24 months,16,Credit card,31.22,2,0,0.1506,Medium
TC-02642,Month-to-month,No internet,13-24 months,17,Credit card,18.0,1,0,0.0888,Low
TC-02643,Month-to-month,No internet,0-12 months,9,Mailed check,23.62,2,0,0.2176,Medium
TC-02644,Month-to-month,Fiber optic,0-12 months,7,Bank transfer,82.76,2,1,0.7802,High
TC-02645,Month-to-month,Fiber optic,49+ months,60,Credit card,91.91,1,0,0.1786,Medium
TC-02646,Month-to-month,Fiber optic,13-24 months,16,Electronic check,84.9,1,1,0.7173,High
TC-02647,Month-to-month,Fiber optic,0-12 months,5,Credit card,79.62,0,0,0.6605,High
TC-02648,Month-to-month,Fiber optic,13-24 months,18,Electronic check,82.56,0,0,0.6829,High
TC-02649,Month-to-month,DSL,13-24 months,21,Electronic check,59.71,0,1,0.2216,Medium
TC-02650,Month-to-month,Fiber optic,25-48 months,26,Electronic check,85.05,2,0,0.5518,High
TC-02651,Month-to-month,DSL,25-48 months,37,Electronic check,50.93,2,0,0.2416,Medium
TC-02652,Two year,Fiber optic,25-48 months,37,Credit card,109.39,0,0,0.0236,Low
TC-02653,Month-to-month,No internet,25-48 months,38,Credit card,20.86,2,0,0.0636,Low
TC-02654,One year,DSL,49+ months,65,Credit card,74.68,0,0,0.0101,Low
TC-02655,Month-to-month,DSL,25-48 months,28,Electronic check,69.44,0,0,0.2653,Medium
TC-02656,One year,Fiber optic,49+ months,49,Electronic check,92.69,1,0,0.1877,Medium
TC-02657,Month-to-month,DSL,49+ months,52,Electronic check,54.81,2,0,0.1722,Medium
TC-02658,Month-to-month,DSL,0-12 months,10,Bank transfer,68.4,1,1,0.2785,Medium
TC-02659,Month-to-month,DSL,0-12 months,12,Mailed check,62.84,0,0,0.241,Medium
TC-02660,Two year,Fiber optic,49+ months,64,Electronic check,85.65,2,0,0.0373,Low
TC-02661,Month-to-month,DSL,13-24 months,18,Credit card,71.86,0,0,0.2152,Medium
TC-02662,Month-to-month,Fiber optic,25-48 months,36,Electronic check,88.59,2,0,0.4227,Medium
TC-02663,Month-to-month,No internet,13-24 months,21,Credit card,18.0,1,0,0.1045,Low
TC-02664,Two year,Fiber optic,49+ months,72,Electronic check,100.14,3,0,0.0385,Low
TC-02665,Month-to-month,No internet,25-48 months,33,Credit card,21.13,1,0,0.0653,Low
TC-02666,Month-to-month,Fiber optic,0-12 months,9,Bank transfer,94.54,1,0,0.7083,High
TC-02667,One year,Fiber optic,25-48 months,33,Credit card,104.14,2,0,0.1701,Medium
TC-02668,Two year,DSL,25-48 months,42,Electronic check,65.73,1,0,0.0122,Low
TC-02669,One year,Fiber optic,25-48 months,45,Mailed check,65.68,1,0,0.0762,Low
TC-02670,Month-to-month,Fiber optic,0-12 months,12,Electronic check,80.0,2,1,0.7782,High
TC-02671,Month-to-month,Fiber optic,0-12 months,8,Bank transfer,84.84,2,1,0.7334,High
TC-02672,Month-to-month,Fiber optic,0-12 months,7,Credit card,94.13,3,0,0.7065,High
TC-02673,Month-to-month,No internet,0-12 months,12,Bank transfer,31.05,2,0,0.1808,Medium
TC-02674,Two year,No internet,25-48 months,48,Credit card,26.99,0,0,0.0027,Low
TC-02675,Month-to-month,No internet,0-12 months,10,Mailed check,18.0,1,0,0.1134,Low
TC-02676,Month-to-month,No internet,13-24 months,13,Electronic check,23.98,1,0,0.1895,Medium
TC-02677,Two year,Fiber optic,25-48 months,48,Electronic check,99.29,1,0,0.0357,Low
TC-02678,Two year,DSL,49+ months,54,Bank transfer,67.46,0,0,0.0019,Low
TC-02679,Two year,DSL,49+ months,72,Mailed check,55.3,0,0,0.0029,Low
TC-02680,Month-to-month,Fiber optic,13-24 months,13,Credit card,97.65,2,1,0.7051,High
TC-02681,Month-to-month,Fiber optic,0-12 months,3,Mailed check,95.84,2,0,0.6678,High
TC-02682,Month-to-month,Fiber optic,25-48 months,26,Credit card,86.75,2,1,0.5065,High
TC-02683,One year,Fiber optic,13-24 months,24,Bank transfer,88.97,2,0,0.2493,Medium
TC-02684,Two year,Fiber optic,25-48 months,47,Electronic check,88.3,3,0,0.0408,Low
TC-02685,Two year,No internet,13-24 months,20,Mailed check,21.18,2,0,0.0056,Low
TC-02686,Two year,Fiber optic,49+ months,72,Bank transfer,95.0,2,0,0.0122,Low
TC-02687,Month-to-month,Fiber optic,0-12 months,11,Electronic check,87.76,0,1,0.7954,High
TC-02688,One year,Fiber optic,13-24 months,18,Mailed check,76.3,3,1,0.2763,Medium
TC-02689,Month-to-month,No internet,0-12 months,2,Electronic check,21.63,1,0,0.2169,Medium
TC-02690,Month-to-month,Fiber optic,0-12 months,8,Bank transfer,99.1,3,0,0.7832,High
TC-02691,Month-to-month,DSL,25-48 months,33,Credit card,67.51,0,0,0.1121,Low
TC-02692,Month-to-month,DSL,49+ months,52,Electronic check,63.44,1,0,0.176,Medium
TC-02693,Month-to-month,Fiber optic,49+ months,57,Mailed check,83.1,0,0,0.2626,Medium
TC-02694,Month-to-month,No internet,0-12 months,9,Mailed check,18.21,1,1,0.1233,Low
TC-02695,Month-to-month,No internet,0-12 months,5,Mailed check,18.0,2,0,0.1416,Low
TC-02696,One year,No internet,0-12 months,6,Credit card,24.27,0,0,0.0241,Low
TC-02697,Month-to-month,DSL,0-12 months,9,Electronic check,68.85,0,0,0.486,Medium
TC-02698,Month-to-month,Fiber optic,0-12 months,10,Credit card,88.79,3,1,0.7898,High
TC-02699,One year,DSL,49+ months,68,Mailed check,61.37,1,0,0.0077,Low
TC-02700,One year,No internet,0-12 months,11,Electronic check,18.0,1,0,0.043,Low
TC-02701,One year,DSL,13-24 months,21,Credit card,60.87,1,0,0.0871,Low
TC-02702,One year,No internet,49+ months,51,Credit card,23.57,1,0,0.0082,Low
TC-02703,One year,DSL,13-24 months,16,Bank transfer,66.15,0,0,0.0365,Low
TC-02704,One year,Fiber optic,49+ months,58,Credit card,107.25,2,0,0.0667,Low
TC-02705,One year,DSL,49+ months,49,Electronic check,64.24,1,0,0.0529,Low
TC-02706,Month-to-month,DSL,13-24 months,18,Bank transfer,47.16,0,0,0.2443,Medium
TC-02707,Month-to-month,Fiber optic,25-48 months,35,Electronic check,88.28,1,0,0.4607,Medium
TC-02708,One year,DSL,0-12 months,12,Bank transfer,55.35,4,0,0.1831,Medium
TC-02709,Month-to-month,No internet,0-12 months,6,Electronic check,31.63,2,0,0.3101,Medium
TC-02710,Month-to-month,No internet,0-12 months,10,Credit card,18.0,1,0,0.1237,Low
TC-02711,Month-to-month,No internet,25-48 months,36,Electronic check,19.29,2,0,0.1105,Low
TC-02712,Month-to-month,DSL,25-48 months,33,Bank transfer,58.19,0,1,0.2591,Medium
TC-02713,Two year,DSL,13-24 months,24,Bank transfer,80.89,0,0,0.0345,Low
TC-02714,One year,DSL,25-48 months,47,Credit card,66.17,1,0,0.0137,Low
TC-02715,Month-to-month,Fiber optic,13-24 months,19,Mailed check,84.82,1,0,0.5078,High
TC-02716,Month-to-month,Fiber optic,25-48 months,39,Bank transfer,85.47,4,0,0.5685,High
TC-02717,Two year,No internet,25-48 months,45,Bank transfer,18.0,0,0,0.0035,Low
TC-02718,One year,Fiber optic,0-12 months,8,Credit card,74.46,1,0,0.2989,Medium
TC-02719,Month-to-month,Fiber optic,0-12 months,9,Mailed check,88.41,3,1,0.7004,High
TC-02720,Two year,DSL,25-48 months,27,Mailed check,56.69,0,0,0.0108,Low
TC-02721,One year,No internet,13-24 months,16,Credit card,20.59,0,0,0.0224,Low
TC-02722,Two year,Fiber optic,25-48 months,33,Electronic check,94.09,2,0,0.0599,Low
TC-02723,One year,No internet,13-24 months,17,Electronic check,18.0,2,0,0.0503,Low
TC-02724,Two year,DSL,25-48 months,46,Bank transfer,61.13,0,0,0.0085,Low
TC-02725,One year,Fiber optic,0-12 months,9,Mailed check,97.96,2,1,0.4492,Medium
TC-02726,One year,DSL,25-48 months,46,Bank transfer,64.0,0,0,0.0121,Low
TC-02727,Two year,DSL,25-48 months,39,Credit card,76.46,1,0,0.0169,Low
TC-02728,Month-to-month,Fiber optic,13-24 months,13,Electronic check,78.23,0,1,0.679,High
TC-02729,Month-to-month,DSL,13-24 months,19,Credit card,59.81,3,1,0.3921,Medium
TC-02730,One year,DSL,49+ months,72,Credit card,63.58,1,0,0.0104,Low
TC-02731,Month-to-month,DSL,25-48 months,38,Mailed check,52.85,1,0,0.1177,Low
TC-02732,Two year,DSL,49+ months,67,Mailed check,74.57,0,0,0.0021,Low
TC-02733,One year,DSL,13-24 months,14,Bank transfer,63.5,0,0,0.0371,Low
TC-02734,Two year,DSL,49+ months,72,Electronic check,65.16,0,0,0.0057,Low
TC-02735,Month-to-month,Fiber optic,25-48 months,41,Credit card,96.39,0,0,0.3836,Medium
TC-02736,Month-to-month,Fiber optic,25-48 months,38,Credit card,81.18,3,0,0.461,Medium
TC-02737,Two year,DSL,25-48 months,36,Electronic check,77.47,0,0,0.0327,Low
TC-02738,Month-to-month,Fiber optic,25-48 months,26,Bank transfer,89.41,2,0,0.2972,Medium
TC-02739,Two year,No internet,25-48 months,27,Electronic check,18.0,1,0,0.0091,Low
TC-02740,Month-to-month,Fiber optic,0-12 months,10,Mailed check,93.02,0,0,0.4318,Medium
TC-02741,Month-to-month,No internet,0-12 months,6,Electronic check,20.26,1,1,0.2297,Medium
TC-02742,Month-to-month,Fiber optic,25-48 months,29,Bank transfer,80.73,3,1,0.595,High
TC-02743,Month-to-month,Fiber optic,0-12 months,10,Credit card,94.0,2,1,0.7731,High
TC-02744,Month-to-month,DSL,13-24 months,19,Bank transfer,48.52,3,0,0.4275,Medium
TC-02745,Month-to-month,DSL,0-12 months,12,Electronic check,77.22,2,0,0.4683,Medium
TC-02746,Two year,DSL,25-48 months,40,Electronic check,55.15,1,0,0.0154,Low
TC-02747,Two year,DSL,49+ months,72,Electronic check,68.92,0,0,0.0028,Low
TC-02748,Month-to-month,Fiber optic,0-12 months,8,Credit card,107.25,1,0,0.501,High
TC-02749,Month-to-month,DSL,0-12 months,5,Electronic check,59.49,1,0,0.3483,Medium
TC-02750,Month-to-month,Fiber optic,13-24 months,17,Bank transfer,108.17,1,0,0.3645,Medium
TC-02751,Two year,No internet,49+ months,63,Electronic check,22.81,0,0,0.0016,Low
TC-02752,Month-to-month,Fiber optic,0-12 months,3,Electronic check,101.71,3,1,0.834,High
TC-02753,One year,Fiber optic,49+ months,54,Electronic check,106.49,4,0,0.1839,Medium
TC-02754,Month-to-month,Fiber optic,25-48 months,46,Electronic check,82.77,0,0,0.5117,High
TC-02755,Month-to-month,Fiber optic,0-12 months,7,Bank transfer,96.3,0,1,0.397,Medium
TC-02756,Month-to-month,DSL,0-12 months,12,Credit card,78.34,0,0,0.1662,Medium
TC-02757,One year,DSL,13-24 months,15,Electronic check,66.01,2,0,0.1194,Low
TC-02758,Month-to-month,No internet,25-48 months,36,Bank transfer,18.51,0,0,0.0505,Low
TC-02759,Two year,Fiber optic,25-48 months,39,Credit card,85.29,4,0,0.0814,Low
TC-02760,One year,DSL,49+ months,71,Bank transfer,61.07,1,0,0.0077,Low
TC-02761,Month-to-month,DSL,0-12 months,1,Electronic check,78.59,0,0,0.4814,Medium
TC-02762,Month-to-month,Fiber optic,25-48 months,44,Mailed check,96.25,2,1,0.1558,Medium
TC-02763,One year,Fiber optic,25-48 months,25,Electronic check,89.72,7,0,0.5702,High
TC-02764,One year,No internet,25-48 months,26,Credit card,27.66,1,0,0.0192,Low
TC-02765,Month-to-month,DSL,13-24 months,20,Mailed check,55.76,1,0,0.2399,Medium
TC-02766,Month-to-month,Fiber optic,13-24 months,13,Bank transfer,75.59,2,0,0.5913,High
TC-02767,Month-to-month,DSL,0-12 months,11,Mailed check,53.94,0,0,0.1471,Medium
TC-02768,Two year,Fiber optic,25-48 months,44,Credit card,112.75,1,0,0.0214,Low
TC-02769,Month-to-month,DSL,0-12 months,10,Bank transfer,51.27,2,0,0.3566,Medium
TC-02770,Two year,DSL,25-48 months,34,Bank transfer,72.36,0,0,0.0157,Low
TC-02771,One year,Fiber optic,25-48 months,33,Electronic check,89.32,1,1,0.2258,Medium
TC-02772,One year,Fiber optic,25-48 months,37,Mailed check,80.72,0,0,0.0766,Low
TC-02773,Month-to-month,Fiber optic,0-12 months,6,Mailed check,94.05,1,1,0.4372,Medium
TC-02774,One year,No internet,0-12 months,11,Mailed check,30.83,1,0,0.0312,Low
TC-02775,Month-to-month,No internet,0-12 months,10,Mailed check,21.01,0,0,0.1561,Medium
TC-02776,One year,No internet,49+ months,72,Bank transfer,30.39,1,0,0.0036,Low
TC-02777,Month-to-month,Fiber optic,13-24 months,23,Credit card,102.1,0,1,0.2858,Medium
TC-02778,Month-to-month,DSL,13-24 months,18,Bank transfer,49.96,0,0,0.202,Medium
TC-02779,Two year,No internet,25-48 months,48,Bank transfer,20.66,1,0,0.0024,Low
TC-02780,Month-to-month,No internet,0-12 months,9,Credit card,22.33,2,0,0.1663,Medium
TC-02781,Two year,DSL,0-12 months,7,Mailed check,57.63,1,0,0.042,Low
TC-02782,Two year,Fiber optic,49+ months,72,Bank transfer,111.94,2,0,0.0067,Low
TC-02783,One year,No internet,13-24 months,14,Bank transfer,24.16,0,0,0.0309,Low
TC-02784,Month-to-month,No internet,0-12 months,5,Mailed check,18.0,4,0,0.2385,Medium
TC-02785,One year,Fiber optic,25-48 months,27,Electronic check,92.76,2,0,0.2664,Medium
TC-02786,One year,Fiber optic,25-48 months,28,Electronic check,86.68,4,1,0.3663,Medium
TC-02787,Month-to-month,DSL,25-48 months,30,Electronic check,66.35,1,0,0.2882,Medium
TC-02788,Two year,Fiber optic,49+ months,72,Electronic check,98.51,0,0,0.0118,Low
TC-02789,Month-to-month,DSL,0-12 months,10,Bank transfer,70.9,1,0,0.2406,Medium
TC-02790,Month-to-month,Fiber optic,25-48 months,25,Bank transfer,98.66,2,0,0.3405,Medium
TC-02791,Month-to-month,Fiber optic,0-12 months,5,Credit card,99.92,3,1,0.8115,High
TC-02792,Month-to-month,DSL,0-12 months,4,Bank transfer,68.87,1,0,0.2854,Medium
TC-02793,One year,No internet,25-48 months,32,Credit card,18.0,0,0,0.0097,Low
TC-02794,Two year,DSL,25-48 months,34,Electronic check,50.0,2,0,0.0252,Low
TC-02795,Month-to-month,No internet,25-48 months,32,Credit card,18.0,2,0,0.1208,Low
TC-02796,Month-to-month,DSL,49+ months,72,Mailed check,60.46,1,0,0.0387,Low
TC-02797,One year,Fiber optic,25-48 months,45,Electronic check,88.06,1,0,0.1494,Medium
TC-02798,Month-to-month,DSL,13-24 months,18,Bank transfer,52.38,0,0,0.2577,Medium
TC-02799,Month-to-month,Fiber optic,0-12 months,5,Credit card,82.24,4,1,0.7843,High
TC-02800,Two year,DSL,49+ months,72,Bank transfer,75.39,0,0,0.0024,Low
TC-02801,Two year,DSL,13-24 months,16,Electronic check,54.78,2,0,0.0659,Low
TC-02802,Two year,No internet,0-12 months,10,Bank transfer,26.21,2,0,0.0161,Low
TC-02803,Two year,DSL,49+ months,63,Bank transfer,49.3,0,0,0.004,Low
TC-02804,Month-to-month,Fiber optic,0-12 months,12,Bank transfer,76.65,0,0,0.58,High
TC-02805,Month-to-month,No internet,0-12 months,2,Electronic check,38.72,3,0,0.4058,Medium
TC-02806,One year,Fiber optic,49+ months,72,Electronic check,98.31,0,0,0.0707,Low
TC-02807,Two year,Fiber optic,49+ months,59,Bank transfer,87.22,4,0,0.037,Low
TC-02808,Month-to-month,DSL,49+ months,61,Electronic check,64.33,2,0,0.0454,Low
TC-02809,Month-to-month,No internet,25-48 months,37,Mailed check,18.0,1,0,0.043,Low
TC-02810,Month-to-month,DSL,0-12 months,10,Bank transfer,59.16,3,1,0.282,Medium
TC-02811,Month-to-month,No internet,13-24 months,19,Bank transfer,36.55,0,0,0.083,Low
TC-02812,Month-to-month,Fiber optic,49+ months,61,Electronic check,93.29,1,0,0.264,Medium
TC-02813,Month-to-month,Fiber optic,13-24 months,23,Credit card,91.8,1,0,0.4351,Medium
TC-02814,Month-to-month,DSL,25-48 months,47,Credit card,68.7,1,0,0.0894,Low
TC-02815,Month-to-month,No internet,25-48 months,25,Bank transfer,20.83,1,0,0.0898,Low
TC-02816,One year,Fiber optic,25-48 months,38,Credit card,93.2,1,0,0.1558,Medium
TC-02817,Month-to-month,Fiber optic,13-24 months,13,Bank transfer,91.34,1,1,0.7009,High
TC-02818,One year,DSL,25-48 months,28,Electronic check,52.36,1,1,0.0922,Low
TC-02819,One year,Fiber optic,25-48 months,30,Electronic check,90.76,0,0,0.2428,Medium
TC-02820,Two year,Fiber optic,25-48 months,46,Mailed check,121.76,1,0,0.0184,Low
TC-02821,Month-to-month,Fiber optic,13-24 months,23,Bank transfer,99.08,2,1,0.6629,High
TC-02822,Two year,No internet,49+ months,72,Credit card,18.0,1,0,0.0011,Low
TC-02823,Month-to-month,DSL,25-48 months,28,Electronic check,68.49,1,1,0.3783,Medium
TC-02824,One year,DSL,13-24 months,21,Credit card,72.37,3,0,0.0893,Low
TC-02825,Two year,DSL,25-48 months,35,Electronic check,67.9,0,0,0.0113,Low
TC-02826,Month-to-month,Fiber optic,13-24 months,16,Credit card,101.49,3,0,0.6016,High
TC-02827,Month-to-month,No internet,0-12 months,9,Credit card,36.19,0,0,0.1607,Medium
TC-02828,One year,Fiber optic,13-24 months,19,Mailed check,83.38,1,0,0.2245,Medium
TC-02829,Month-to-month,DSL,0-12 months,3,Credit card,62.16,0,0,0.2506,Medium
TC-02830,Month-to-month,DSL,0-12 months,3,Electronic check,57.05,0,0,0.4454,Medium
TC-02831,Month-to-month,Fiber optic,13-24 months,18,Credit card,94.68,3,1,0.7802,High
TC-02832,Month-to-month,No internet,0-12 months,2,Electronic check,18.0,0,0,0.2009,Medium
TC-02833,One year,Fiber optic,25-48 months,48,Electronic check,95.57,0,0,0.088,Low
TC-02834,Two year,Fiber optic,13-24 months,20,Credit card,79.95,0,0,0.0347,Low
TC-02835,Two year,No internet,25-48 months,43,Credit card,31.72,3,0,0.0055,Low
TC-02836,Month-to-month,DSL,13-24 months,14,Credit card,69.43,2,0,0.3105,Medium
TC-02837,Month-to-month,DSL,13-24 months,14,Credit card,59.82,1,0,0.3635,Medium
TC-02838,Month-to-month,DSL,25-48 months,25,Electronic check,60.74,0,0,0.1083,Low
TC-02839,Month-to-month,Fiber optic,13-24 months,18,Mailed check,89.45,4,1,0.7485,High
TC-02840,Month-to-month,Fiber optic,0-12 months,8,Electronic check,82.92,0,1,0.7307,High
TC-02841,Two year,Fiber optic,13-24 months,16,Electronic check,85.46,2,0,0.1703,Medium
TC-02842,One year,Fiber optic,25-48 months,37,Credit card,76.47,1,0,0.1188,Low
TC-02843,One year,DSL,13-24 months,14,Bank transfer,77.67,1,0,0.1234,Low
TC-02844,One year,Fiber optic,49+ months,56,Credit card,93.06,1,0,0.0507,Low
TC-02845,One year,DSL,49+ months,67,Mailed check,62.67,1,0,0.0043,Low
TC-02846,One year,No internet,49+ months,61,Electronic check,27.55,0,0,0.0076,Low
TC-02847,Two year,DSL,49+ months,72,Bank transfer,66.39,0,0,0.005,Low
TC-02848,Two year,No internet,13-24 months,18,Electronic check,24.83,1,0,0.0116,Low
TC-02849,Two year,Fiber optic,49+ months,72,Credit card,83.69,4,0,0.0213,Low
TC-02850,Two year,Fiber optic,25-48 months,33,Electronic check,93.77,1,1,0.0849,Low
TC-02851,Month-to-month,Fiber optic,0-12 months,8,Electronic check,87.33,2,1,0.7256,High
TC-02852,Month-to-month,No internet,0-12 months,4,Mailed check,18.0,1,0,0.1376,Low
TC-02853,Two year,No internet,25-48 months,32,Bank transfer,22.35,2,0,0.0067,Low
TC-02854,Month-to-month,DSL,0-12 months,11,Electronic check,56.12,2,1,0.4632,Medium
TC-02855,One year,Fiber optic,25-48 months,30,Credit card,84.88,1,1,0.1638,Medium
TC-02856,Month-to-month,DSL,13-24 months,16,Electronic check,69.98,1,1,0.4783,Medium
TC-02857,Month-to-month,Fiber optic,0-12 months,3,Credit card,71.14,3,0,0.776,High
TC-02858,Month-to-month,No internet,0-12 months,1,Electronic check,26.2,0,0,0.3221,Medium
TC-02859,Month-to-month,No internet,25-48 months,42,Credit card,18.0,1,0,0.0432,Low
TC-02860,Month-to-month,DSL,25-48 months,35,Bank transfer,80.92,1,0,0.126,Low
TC-02861,Month-to-month,Fiber optic,25-48 months,31,Electronic check,95.2,1,1,0.494,High
TC-02862,Two year,No internet,49+ months,56,Bank transfer,18.0,0,0,0.0011,Low
TC-02863,Month-to-month,Fiber optic,0-12 months,6,Bank transfer,102.56,1,0,0.7536,High
TC-02864,Month-to-month,Fiber optic,13-24 months,15,Mailed check,108.3,2,1,0.6948,High
TC-02865,Two year,DSL,25-48 months,41,Bank transfer,51.1,0,0,0.0062,Low
TC-02866,One year,Fiber optic,25-48 months,36,Bank transfer,93.93,4,0,0.1618,Medium
TC-02867,Month-to-month,No internet,13-24 months,13,Bank transfer,18.0,0,0,0.0776,Low
TC-02868,Month-to-month,Fiber optic,0-12 months,10,Electronic check,92.23,5,1,0.9044,High
TC-02869,One year,No internet,25-48 months,45,Credit card,18.3,2,0,0.0089,Low
TC-02870,Month-to-month,Fiber optic,0-12 months,11,Electronic check,93.67,3,1,0.8984,High
TC-02871,Month-to-month,Fiber optic,0-12 months,5,Mailed check,92.71,2,1,0.715,High
TC-02872,One year,DSL,13-24 months,20,Mailed check,63.0,1,0,0.0533,Low
TC-02873,Month-to-month,Fiber optic,13-24 months,13,Mailed check,89.87,2,1,0.6597,High
TC-02874,Month-to-month,DSL,0-12 months,11,Bank transfer,64.09,2,0,0.3527,Medium
TC-02875,One year,Fiber optic,25-48 months,34,Bank transfer,89.38,1,0,0.1677,Medium
TC-02876,One year,Fiber optic,49+ months,49,Bank transfer,90.93,3,0,0.2048,Medium
TC-02877,Month-to-month,No internet,13-24 months,19,Credit card,31.36,1,0,0.1139,Low
TC-02878,Month-to-month,DSL,0-12 months,3,Bank transfer,52.31,1,1,0.4022,Medium
TC-02879,Month-to-month,Fiber optic,0-12 months,12,Credit card,95.32,3,1,0.7095,High
TC-02880,Two year,Fiber optic,25-48 months,37,Mailed check,103.31,0,0,0.0089,Low
TC-02881,Month-to-month,DSL,0-12 months,8,Bank transfer,62.93,0,0,0.3319,Medium
TC-02882,Month-to-month,Fiber optic,13-24 months,22,Credit card,93.57,0,1,0.5289,High
TC-02883,Month-to-month,DSL,0-12 months,8,Credit card,66.98,0,0,0.2562,Medium
TC-02884,One year,Fiber optic,25-48 months,32,Mailed check,90.12,0,0,0.1008,Low
TC-02885,Two year,Fiber optic,49+ months,72,Electronic check,103.39,1,0,0.0329,Low
TC-02886,Month-to-month,Fiber optic,0-12 months,10,Electronic check,89.4,3,1,0.8305,High
TC-02887,Two year,Fiber optic,13-24 months,23,Electronic check,103.99,3,0,0.0634,Low
TC-02888,One year,No internet,13-24 months,18,Mailed check,18.0,0,0,0.0152,Low
TC-02889,Month-to-month,Fiber optic,0-12 months,12,Credit card,96.27,0,1,0.6107,High
TC-02890,Two year,No internet,13-24 months,21,Bank transfer,18.98,0,0,0.0066,Low
TC-02891,Month-to-month,No internet,13-24 months,17,Bank transfer,20.9,0,0,0.096,Low
TC-02892,Two year,Fiber optic,25-48 months,46,Electronic check,97.62,0,0,0.0225,Low
TC-02893,Month-to-month,Fiber optic,49+ months,53,Mailed check,115.66,3,0,0.3081,Medium
TC-02894,Month-to-month,DSL,13-24 months,18,Bank transfer,76.97,1,0,0.2606,Medium
TC-02895,Month-to-month,Fiber optic,25-48 months,39,Electronic check,100.86,0,1,0.3776,Medium
TC-02896,Two year,No internet,49+ months,56,Credit card,25.7,1,0,0.0023,Low
TC-02897,Two year,Fiber optic,25-48 months,27,Credit card,91.67,3,0,0.0632,Low
TC-02898,Month-to-month,No internet,25-48 months,41,Electronic check,26.9,2,0,0.1141,Low
TC-02899,Month-to-month,DSL,13-24 months,23,Electronic check,63.36,0,0,0.1871,Medium
TC-02900,Month-to-month,Fiber optic,0-12 months,11,Bank transfer,83.07,1,1,0.4624,Medium
TC-02901,Month-to-month,DSL,13-24 months,14,Mailed check,73.02,2,0,0.4097,Medium
TC-02902,Two year,No internet,25-48 months,43,Electronic check,18.0,0,0,0.004,Low
TC-02903,One year,Fiber optic,25-48 months,44,Electronic check,83.4,2,1,0.1702,Medium
TC-02904,Month-to-month,Fiber optic,25-48 months,32,Mailed check,89.65,1,1,0.4062,Medium
TC-02905,Month-to-month,DSL,13-24 months,19,Electronic check,49.36,1,1,0.3202,Medium
TC-02906,Two year,Fiber optic,25-48 months,34,Electronic check,89.88,0,0,0.0642,Low
TC-02907,Month-to-month,DSL,13-24 months,18,Mailed check,61.58,0,0,0.1554,Medium
TC-02908,Two year,DSL,49+ months,57,Bank transfer,63.06,0,0,0.0054,Low
TC-02909,One year,Fiber optic,13-24 months,13,Bank transfer,91.8,3,0,0.3575,Medium
TC-02910,Month-to-month,No internet,13-24 months,19,Electronic check,26.14,0,0,0.1138,Low
TC-02911,One year,DSL,49+ months,60,Bank transfer,76.55,1,0,0.0276,Low
TC-02912,Month-to-month,No internet,0-12 months,4,Electronic check,18.0,0,0,0.1749,Medium
TC-02913,Month-to-month,Fiber optic,0-12 months,6,Electronic check,82.89,2,0,0.8279,High
TC-02914,Month-to-month,Fiber optic,49+ months,56,Mailed check,100.51,0,0,0.1586,Medium
TC-02915,Month-to-month,Fiber optic,0-12 months,4,Bank transfer,76.92,5,1,0.8256,High
TC-02916,Month-to-month,Fiber optic,0-12 months,10,Mailed check,93.28,1,0,0.5966,High
TC-02917,Month-to-month,Fiber optic,13-24 months,17,Credit card,103.15,1,1,0.5052,High
TC-02918,Two year,Fiber optic,25-48 months,44,Bank transfer,110.16,0,0,0.0218,Low
TC-02919,Month-to-month,No internet,13-24 months,17,Electronic check,26.91,3,1,0.2683,Medium
TC-02920,Month-to-month,No internet,13-24 months,22,Bank transfer,25.8,0,0,0.0633,Low
TC-02921,Two year,DSL,49+ months,61,Credit card,74.63,3,0,0.0054,Low
TC-02922,Two year,DSL,25-48 months,37,Credit card,71.29,1,0,0.0054,Low
TC-02923,Two year,Fiber optic,49+ months,72,Mailed check,81.64,2,0,0.0107,Low
TC-02924,One year,No internet,49+ months,54,Mailed check,18.0,2,0,0.0066,Low
TC-02925,One year,No internet,0-12 months,7,Credit card,21.7,2,0,0.0412,Low
TC-02926,One year,No internet,25-48 months,36,Bank transfer,23.45,2,0,0.0167,Low
TC-02927,One year,Fiber optic,13-24 months,16,Mailed check,77.56,4,0,0.3437,Medium
TC-02928,Month-to-month,No internet,25-48 months,38,Electronic check,26.63,0,0,0.0605,Low
TC-02929,Month-to-month,Fiber optic,13-24 months,20,Electronic check,84.19,4,1,0.73,High
TC-02930,Month-to-month,DSL,0-12 months,6,Electronic check,83.2,0,1,0.4247,Medium
TC-02931,Month-to-month,DSL,0-12 months,10,Credit card,58.07,0,1,0.3345,Medium
TC-02932,Month-to-month,Fiber optic,0-12 months,4,Electronic check,93.52,0,1,0.6079,High
TC-02933,Two year,DSL,25-48 months,43,Mailed check,77.34,1,0,0.0054,Low
TC-02934,One year,No internet,49+ months,72,Mailed check,32.19,0,0,0.0027,Low
TC-02935,Month-to-month,DSL,25-48 months,42,Credit card,59.45,1,0,0.2267,Medium
TC-02936,Two year,DSL,25-48 months,37,Electronic check,62.75,1,0,0.0137,Low
TC-02937,Month-to-month,DSL,0-12 months,12,Bank transfer,50.74,2,1,0.37,Medium
TC-02938,Two year,No internet,49+ months,68,Electronic check,18.0,3,0,0.0025,Low
TC-02939,One year,Fiber optic,25-48 months,41,Credit card,84.82,1,0,0.0371,Low
TC-02940,One year,Fiber optic,0-12 months,6,Credit card,93.01,0,0,0.1797,Medium
TC-02941,Month-to-month,DSL,25-48 months,40,Credit card,75.77,1,0,0.1054,Low
TC-02942,Two year,DSL,49+ months,63,Mailed check,56.06,1,0,0.004,Low
TC-02943,Month-to-month,DSL,13-24 months,22,Electronic check,47.01,0,0,0.2441,Medium
TC-02944,Month-to-month,No internet,13-24 months,18,Mailed check,23.86,0,0,0.0816,Low
TC-02945,Month-to-month,DSL,0-12 months,11,Credit card,62.89,0,0,0.2132,Medium
TC-02946,Month-to-month,Fiber optic,13-24 months,16,Mailed check,106.25,2,1,0.5202,High
TC-02947,Month-to-month,DSL,13-24 months,24,Bank transfer,71.88,0,0,0.0794,Low
TC-02948,Month-to-month,No internet,25-48 months,29,Bank transfer,18.0,0,0,0.0435,Low
TC-02949,Month-to-month,No internet,25-48 months,40,Bank transfer,23.2,0,0,0.0479,Low
TC-02950,Two year,DSL,25-48 months,43,Mailed check,67.82,1,0,0.0094,Low
TC-02951,One year,Fiber optic,25-48 months,28,Electronic check,92.61,1,0,0.1959,Medium
TC-02952,Month-to-month,DSL,0-12 months,7,Mailed check,66.82,1,1,0.3534,Medium
TC-02953,One year,Fiber optic,49+ months,72,Electronic check,90.25,0,0,0.0345,Low
TC-02954,Month-to-month,DSL,0-12 months,12,Credit card,53.99,0,0,0.2603,Medium
TC-02955,One year,Fiber optic,13-24 months,16,Credit card,83.64,3,0,0.3279,Medium
TC-02956,One year,DSL,13-24 months,13,Electronic check,62.91,1,0,0.158,Medium
TC-02957,Two year,DSL,25-48 months,32,Credit card,66.44,1,0,0.0194,Low
TC-02958,Month-to-month,DSL,0-12 months,11,Mailed check,66.44,1,0,0.23,Medium
TC-02959,Two year,Fiber optic,49+ months,60,Credit card,85.14,3,0,0.0449,Low
TC-02960,Month-to-month,Fiber optic,0-12 months,1,Electronic check,88.78,2,1,0.8289,High
TC-02961,Month-to-month,Fiber optic,13-24 months,24,Mailed check,86.91,2,0,0.5363,High
TC-02962,Month-to-month,DSL,49+ months,72,Bank transfer,56.8,1,0,0.0575,Low
TC-02963,Month-to-month,Fiber optic,0-12 months,7,Electronic check,81.47,2,0,0.7881,High
TC-02964,Two year,Fiber optic,49+ months,58,Credit card,86.69,2,0,0.0161,Low
TC-02965,Month-to-month,DSL,0-12 months,5,Credit card,72.48,1,0,0.4144,Medium
TC-02966,Month-to-month,Fiber optic,13-24 months,16,Bank transfer,104.13,3,1,0.6516,High
TC-02967,One year,No internet,25-48 months,30,Credit card,21.95,0,0,0.0155,Low
TC-02968,Month-to-month,Fiber optic,49+ months,70,Electronic check,76.42,0,0,0.1873,Medium
TC-02969,Two year,No internet,25-48 months,42,Bank transfer,28.66,0,0,0.003,Low
TC-02970,Month-to-month,No internet,25-48 months,38,Credit card,22.69,0,0,0.0354,Low
TC-02971,Two year,Fiber optic,0-12 months,11,Mailed check,85.74,1,0,0.0412,Low
TC-02972,Two year,Fiber optic,49+ months,55,Mailed check,99.89,1,0,0.0136,Low
TC-02973,Month-to-month,Fiber optic,25-48 months,35,Electronic check,96.91,1,0,0.3053,Medium
TC-02974,Month-to-month,DSL,0-12 months,1,Mailed check,52.92,1,1,0.3129,Medium
TC-02975,Month-to-month,No internet,0-12 months,4,Credit card,18.0,0,0,0.1383,Low
TC-02976,Month-to-month,Fiber optic,13-24 months,21,Electronic check,93.77,2,1,0.7226,High
TC-02977,Month-to-month,No internet,49+ months,60,Bank transfer,18.0,3,0,0.0349,Low
TC-02978,Two year,Fiber optic,13-24 months,16,Credit card,80.14,3,0,0.1884,Medium
TC-02979,Month-to-month,Fiber optic,0-12 months,6,Mailed check,78.28,3,1,0.7486,High
TC-02980,One year,No internet,0-12 months,10,Credit card,32.22,1,0,0.0336,Low
TC-02981,One year,DSL,13-24 months,22,Electronic check,52.9,1,0,0.1033,Low
TC-02982,Month-to-month,Fiber optic,25-48 months,30,Bank transfer,90.96,0,0,0.3368,Medium
TC-02983,Month-to-month,Fiber optic,13-24 months,17,Credit card,99.1,1,0,0.7411,High
TC-02984,Two year,No internet,25-48 months,38,Electronic check,18.41,2,0,0.0078,Low
TC-02985,Month-to-month,Fiber optic,0-12 months,6,Electronic check,84.36,3,1,0.7722,High
TC-02986,Month-to-month,No internet,25-48 months,30,Credit card,37.29,0,0,0.0725,Low
TC-02987,Month-to-month,Fiber optic,0-12 months,1,Bank transfer,98.22,1,1,0.774,High
TC-02988,One year,No internet,13-24 months,16,Credit card,28.02,1,0,0.0244,Low
TC-02989,Month-to-month,No internet,0-12 months,7,Electronic check,18.0,1,0,0.193,Medium
TC-02990,Month-to-month,DSL,0-12 months,3,Electronic check,82.49,0,0,0.4784,Medium
TC-02991,One year,No internet,13-24 months,16,Credit card,26.81,0,0,0.0207,Low
TC-02992,One year,Fiber optic,13-24 months,20,Bank transfer,77.88,0,0,0.1705,Medium
TC-02993,One year,Fiber optic,49+ months,66,Electronic check,73.64,3,0,0.0902,Low
TC-02994,Month-to-month,Fiber optic,49+ months,72,Bank transfer,93.16,1,0,0.1943,Medium
TC-02995,Month-to-month,Fiber optic,13-24 months,24,Mailed check,82.13,1,0,0.3582,Medium
TC-02996,Month-to-month,Fiber optic,13-24 months,15,Electronic check,103.1,0,1,0.7565,High
TC-02997,Month-to-month,Fiber optic,13-24 months,13,Mailed check,81.53,1,1,0.5854,High
TC-02998,One year,DSL,25-48 months,29,Electronic check,54.1,1,0,0.0835,Low
TC-02999,Month-to-month,Fiber optic,0-12 months,9,Electronic check,95.51,1,1,0.8576,High
TC-03000,Two year,Fiber optic,49+ months,72,Credit card,91.05,4,0,0.0393,Low
TC-03001,Month-to-month,DSL,13-24 months,19,Electronic check,71.73,0,1,0.4065,Medium
TC-03002,Two year,Fiber optic,25-48 months,40,Bank transfer,98.47,0,0,0.0224,Low
TC-03003,One year,Fiber optic,25-48 months,25,Mailed check,92.86,0,0,0.1671,Medium
TC-03004,Two year,No internet,49+ months,54,Electronic check,22.6,3,0,0.0046,Low
TC-03005,Two year,No internet,49+ months,64,Mailed check,21.89,1,0,0.001,Low
TC-03006,Month-to-month,Fiber optic,13-24 months,16,Electronic check,92.56,1,0,0.7714,High
TC-03007,Two year,No internet,25-48 months,37,Electronic check,20.2,2,0,0.0102,Low
TC-03008,Month-to-month,No internet,49+ months,61,Credit card,25.12,1,0,0.0303,Low
TC-03009,One year,DSL,13-24 months,14,Bank transfer,90.17,1,0,0.0904,Low
TC-03010,Two year,DSL,49+ months,60,Credit card,62.38,0,0,0.0037,Low
TC-03011,One year,DSL,49+ months,59,Electronic check,66.6,2,0,0.0438,Low
TC-03012,One year,No internet,0-12 months,11,Bank transfer,18.31,0,1,0.0373,Low
TC-03013,Month-to-month,Fiber optic,13-24 months,20,Electronic check,88.26,2,1,0.7389,High
TC-03014,One year,Fiber optic,13-24 months,18,Credit card,88.82,1,0,0.1391,Low
TC-03015,Month-to-month,Fiber optic,13-24 months,13,Electronic check,97.21,0,1,0.6068,High
TC-03016,Month-to-month,No internet,0-12 months,11,Electronic check,30.42,2,0,0.2854,Medium
TC-03017,Month-to-month,Fiber optic,25-48 months,37,Electronic check,94.26,2,0,0.516,High
TC-03018,Two year,No internet,25-48 months,43,Bank transfer,19.39,0,0,0.0024,Low
TC-03019,One year,No internet,13-24 months,21,Electronic check,26.04,0,0,0.0346,Low
TC-03020,One year,Fiber optic,0-12 months,11,Mailed check,98.72,3,1,0.2882,Medium
TC-03021,Month-to-month,DSL,0-12 months,7,Credit card,81.15,0,0,0.1996,Medium
TC-03022,Month-to-month,Fiber optic,0-12 months,4,Bank transfer,89.98,1,1,0.6914,High
TC-03023,Two year,No internet,49+ months,72,Mailed check,23.72,2,0,0.001,Low
TC-03024,Month-to-month,DSL,13-24 months,13,Mailed check,58.17,0,0,0.2684,Medium
TC-03025,Two year,DSL,25-48 months,40,Bank transfer,64.16,1,0,0.0105,Low
TC-03026,Month-to-month,DSL,13-24 months,18,Bank transfer,67.66,2,1,0.3757,Medium
TC-03027,Month-to-month,DSL,49+ months,52,Credit card,71.53,0,0,0.0983,Low
TC-03028,Month-to-month,Fiber optic,0-12 months,8,Credit card,80.59,0,0,0.4903,High
TC-03029,Month-to-month,Fiber optic,0-12 months,8,Mailed check,93.7,0,0,0.4379,Medium
TC-03030,Month-to-month,DSL,0-12 months,8,Mailed check,62.4,4,0,0.5162,High
TC-03031,Month-to-month,Fiber optic,13-24 months,15,Mailed check,85.37,2,1,0.7024,High
TC-03032,One year,No internet,25-48 months,29,Bank transfer,27.98,0,0,0.0135,Low
TC-03033,Month-to-month,Fiber optic,13-24 months,21,Mailed check,99.16,5,1,0.8044,High
TC-03034,Month-to-month,Fiber optic,0-12 months,4,Credit card,88.47,1,1,0.6828,High
TC-03035,Month-to-month,Fiber optic,13-24 months,18,Bank transfer,92.5,3,0,0.7167,High
TC-03036,Month-to-month,DSL,0-12 months,1,Bank transfer,56.11,2,0,0.4593,Medium
TC-03037,Month-to-month,Fiber optic,13-24 months,13,Credit card,90.6,5,1,0.8494,High
TC-03038,Month-to-month,No internet,0-12 months,8,Bank transfer,18.0,0,1,0.1649,Medium
TC-03039,Two year,DSL,49+ months,72,Credit card,63.52,0,0,0.0018,Low
TC-03040,Month-to-month,DSL,13-24 months,24,Electronic check,80.5,0,0,0.2555,Medium
TC-03041,Month-to-month,Fiber optic,25-48 months,37,Electronic check,85.56,0,0,0.3452,Medium
TC-03042,Two year,DSL,49+ months,69,Credit card,81.89,0,0,0.0032,Low
TC-03043,Month-to-month,Fiber optic,25-48 months,31,Credit card,109.2,0,0,0.5294,High
TC-03044,Two year,No internet,13-24 months,24,Mailed check,30.47,2,0,0.0077,Low
TC-03045,One year,No internet,25-48 months,28,Electronic check,18.0,0,0,0.0179,Low
TC-03046,Month-to-month,DSL,13-24 months,18,Electronic check,75.53,1,1,0.3475,Medium
TC-03047,Month-to-month,DSL,13-24 months,18,Electronic check,59.8,0,0,0.2817,Medium
TC-03048,Two year,DSL,49+ months,70,Electronic check,61.89,0,0,0.0028,Low
TC-03049,Month-to-month,Fiber optic,0-12 months,5,Electronic check,86.85,1,1,0.7996,High
TC-03050,One year,DSL,25-48 months,25,Electronic check,48.66,0,0,0.047,Low
TC-03051,Two year,No internet,49+ months,61,Credit card,22.36,0,0,0.0015,Low
TC-03052,One year,No internet,13-24 months,22,Electronic check,18.0,0,0,0.0343,Low
TC-03053,Month-to-month,Fiber optic,13-24 months,17,Electronic check,87.77,0,1,0.5459,High
TC-03054,Two year,Fiber optic,25-48 months,42,Electronic check,82.27,2,1,0.0733,Low
TC-03055,Month-to-month,DSL,13-24 months,17,Electronic check,67.3,0,0,0.2622,Medium
TC-03056,Month-to-month,Fiber optic,13-24 months,13,Mailed check,93.75,1,0,0.6509,High
TC-03057,Month-to-month,DSL,25-48 months,33,Mailed check,75.48,3,0,0.3112,Medium
TC-03058,One year,DSL,25-48 months,45,Mailed check,87.11,1,0,0.0426,Low
TC-03059,Two year,DSL,13-24 months,15,Credit card,73.54,1,0,0.0167,Low
TC-03060,One year,Fiber optic,49+ months,64,Electronic check,91.56,1,0,0.0797,Low
TC-03061,Month-to-month,Fiber optic,13-24 months,15,Electronic check,94.19,2,1,0.7982,High
TC-03062,Two year,DSL,25-48 months,47,Bank transfer,65.83,1,0,0.0103,Low
TC-03063,Month-to-month,No internet,49+ months,55,Electronic check,21.77,0,0,0.031,Low
TC-03064,Month-to-month,DSL,0-12 months,1,Credit card,67.09,0,0,0.4817,Medium
TC-03065,One year,DSL,13-24 months,21,Credit card,60.94,0,0,0.0404,Low
TC-03066,Month-to-month,DSL,13-24 months,24,Electronic check,59.39,0,0,0.3114,Medium
TC-03067,Month-to-month,Fiber optic,13-24 months,18,Mailed check,108.4,2,0,0.5781,High
TC-03068,One year,Fiber optic,25-48 months,45,Mailed check,95.42,2,0,0.1313,Low
TC-03069,One year,Fiber optic,25-48 months,41,Mailed check,94.46,2,1,0.0674,Low
TC-03070,Two year,Fiber optic,49+ months,56,Credit card,84.72,3,0,0.027,Low
TC-03071,Month-to-month,No internet,0-12 months,2,Mailed check,20.23,1,0,0.2082,Medium
TC-03072,Two year,Fiber optic,49+ months,51,Bank transfer,91.65,0,0,0.0159,Low
TC-03073,Two year,No internet,49+ months,51,Electronic check,18.0,1,0,0.0029,Low
TC-03074,Month-to-month,Fiber optic,25-48 months,27,Electronic check,83.14,2,1,0.7624,High
TC-03075,Month-to-month,Fiber optic,25-48 months,29,Mailed check,78.25,1,1,0.4893,High
TC-03076,One year,DSL,49+ months,63,Bank transfer,60.38,1,0,0.0163,Low
TC-03077,Month-to-month,Fiber optic,13-24 months,13,Bank transfer,96.82,0,0,0.4583,Medium
TC-03078,Month-to-month,Fiber optic,13-24 months,22,Electronic check,73.43,2,0,0.6945,High
TC-03079,Two year,DSL,49+ months,49,Bank transfer,73.58,2,0,0.0036,Low
TC-03080,Month-to-month,Fiber optic,13-24 months,21,Bank transfer,78.37,3,1,0.6304,High
TC-03081,Month-to-month,No internet,49+ months,63,Electronic check,18.0,2,0,0.0558,Low
TC-03082,Month-to-month,No internet,13-24 months,15,Mailed check,18.0,2,0,0.1159,Low
TC-03083,Two year,DSL,49+ months,72,Bank transfer,90.55,0,0,0.0022,Low
TC-03084,One year,DSL,49+ months,59,Mailed check,71.42,1,0,0.0129,Low
TC-03085,Month-to-month,Fiber optic,25-48 months,35,Electronic check,116.1,1,0,0.3849,Medium
TC-03086,Two year,Fiber optic,49+ months,49,Electronic check,88.28,4,0,0.0987,Low
TC-03087,Month-to-month,DSL,13-24 months,22,Electronic check,57.42,0,1,0.3266,Medium
TC-03088,One year,No internet,13-24 months,22,Mailed check,18.0,1,0,0.015,Low
TC-03089,Month-to-month,Fiber optic,13-24 months,16,Credit card,91.58,5,1,0.8448,High
TC-03090,One year,DSL,25-48 months,40,Electronic check,61.13,1,0,0.0696,Low
TC-03091,One year,DSL,13-24 months,15,Bank transfer,59.32,0,0,0.0601,Low
TC-03092,Two year,Fiber optic,49+ months,53,Credit card,90.31,2,0,0.0187,Low
TC-03093,Month-to-month,DSL,0-12 months,9,Mailed check,65.05,0,0,0.1943,Medium
TC-03094,Month-to-month,Fiber optic,13-24 months,18,Electronic check,82.37,4,1,0.6737,High
TC-03095,One year,No internet,49+ months,52,Electronic check,22.9,2,0,0.0165,Low
TC-03096,Two year,DSL,49+ months,62,Electronic check,75.73,3,0,0.0102,Low
TC-03097,Month-to-month,Fiber optic,0-12 months,3,Credit card,111.15,0,0,0.6611,High
TC-03098,Month-to-month,Fiber optic,13-24 months,20,Credit card,71.12,2,1,0.6485,High
TC-03099,Month-to-month,DSL,13-24 months,24,Bank transfer,71.32,0,0,0.097,Low
TC-03100,Two year,No internet,25-48 months,31,Bank transfer,21.51,2,0,0.0088,Low
TC-03101,Month-to-month,DSL,13-24 months,20,Electronic check,57.3,2,0,0.2954,Medium
TC-03102,Month-to-month,DSL,25-48 months,29,Mailed check,56.1,0,0,0.1326,Low
TC-03103,Month-to-month,DSL,0-12 months,11,Bank transfer,67.71,0,0,0.1871,Medium
TC-03104,Two year,No internet,49+ months,72,Mailed check,19.21,0,0,0.0007,Low
TC-03105,Month-to-month,DSL,25-48 months,27,Electronic check,66.86,0,0,0.1447,Low
TC-03106,One year,DSL,25-48 months,25,Bank transfer,64.73,1,0,0.0954,Low
TC-03107,One year,DSL,13-24 months,22,Credit card,62.12,2,0,0.0443,Low
TC-03108,Month-to-month,No internet,0-12 months,2,Electronic check,41.06,0,0,0.361,Medium
TC-03109,One year,DSL,25-48 months,41,Mailed check,74.49,1,0,0.0393,Low
TC-03110,Month-to-month,DSL,25-48 months,27,Electronic check,71.34,1,0,0.247,Medium
TC-03111,Month-to-month,Fiber optic,13-24 months,16,Credit card,72.87,1,0,0.5223,High
TC-03112,Month-to-month,DSL,0-12 months,2,Bank transfer,71.51,2,1,0.5646,High
TC-03113,Month-to-month,No internet,0-12 months,1,Electronic check,19.95,1,1,0.2972,Medium
TC-03114,One year,DSL,13-24 months,20,Mailed check,69.39,1,0,0.0677,Low
TC-03115,Month-to-month,Fiber optic,0-12 months,6,Mailed check,86.51,0,0,0.472,Medium
TC-03116,Month-to-month,DSL,0-12 months,11,Credit card,66.62,1,0,0.2788,Medium
TC-03117,Two year,Fiber optic,49+ months,67,Credit card,77.48,1,0,0.0115,Low
TC-03118,Month-to-month,No internet,25-48 months,27,Credit card,29.94,0,0,0.0796,Low
TC-03119,Month-to-month,No internet,0-12 months,5,Credit card,26.17,0,0,0.1339,Low
TC-03120,One year,Fiber optic,49+ months,62,Credit card,86.45,2,0,0.0415,Low
TC-03121,Month-to-month,DSL,13-24 months,14,Electronic check,57.2,2,0,0.5092,High
TC-03122,Month-to-month,No internet,13-24 months,14,Bank transfer,18.0,1,0,0.0961,Low
TC-03123,Month-to-month,Fiber optic,25-48 months,34,Electronic check,85.11,1,0,0.5694,High
TC-03124,One year,DSL,13-24 months,21,Electronic check,70.87,0,0,0.0703,Low
TC-03125,Month-to-month,DSL,25-48 months,43,Bank transfer,68.46,2,0,0.1054,Low
TC-03126,Two year,DSL,25-48 months,39,Credit card,65.8,2,0,0.0078,Low
TC-03127,Two year,Fiber optic,25-48 months,32,Electronic check,93.63,3,1,0.1478,Medium
TC-03128,Month-to-month,Fiber optic,13-24 months,13,Bank transfer,82.66,1,0,0.6696,High
TC-03129,Two year,No internet,49+ months,72,Electronic check,21.47,1,0,0.0026,Low
TC-03130,Month-to-month,Fiber optic,25-48 months,28,Credit card,85.11,1,0,0.3613,Medium
TC-03131,Month-to-month,No internet,25-48 months,37,Mailed check,32.51,0,0,0.0446,Low
TC-03132,Two year,DSL,49+ months,60,Electronic check,63.55,0,0,0.0091,Low
TC-03133,Month-to-month,No internet,0-12 months,6,Electronic check,30.9,0,0,0.2297,Medium
TC-03134,Month-to-month,No internet,0-12 months,8,Credit card,22.8,2,1,0.1955,Medium
TC-03135,One year,DSL,0-12 months,11,Electronic check,72.78,2,0,0.35,Medium
TC-03136,One year,Fiber optic,49+ months,52,Credit card,75.45,1,0,0.0433,Low
TC-03137,One year,Fiber optic,25-48 months,31,Credit card,117.33,0,0,0.0718,Low
TC-03138,Month-to-month,No internet,0-12 months,4,Mailed check,18.0,1,0,0.1573,Medium
TC-03139,Month-to-month,DSL,25-48 months,46,Mailed check,59.86,2,0,0.1026,Low
TC-03140,Month-to-month,DSL,25-48 months,32,Electronic check,61.99,0,1,0.2509,Medium
TC-03141,Month-to-month,Fiber optic,13-24 months,17,Bank transfer,92.23,2,0,0.687,High
TC-03142,Month-to-month,Fiber optic,0-12 months,10,Mailed check,99.86,2,1,0.6674,High
TC-03143,One year,DSL,25-48 months,37,Bank transfer,50.91,0,0,0.0243,Low
TC-03144,Month-to-month,Fiber optic,0-12 months,3,Bank transfer,94.74,2,1,0.6464,High
TC-03145,Month-to-month,DSL,0-12 months,8,Electronic check,78.32,0,0,0.3794,Medium
TC-03146,Two year,Fiber optic,25-48 months,43,Bank transfer,90.01,2,0,0.0475,Low
TC-03147,Month-to-month,DSL,13-24 months,13,Mailed check,70.05,2,0,0.2547,Medium
TC-03148,Two year,Fiber optic,49+ months,64,Credit card,88.71,3,0,0.0145,Low
TC-03149,One year,Fiber optic,13-24 months,22,Mailed check,89.81,2,0,0.1901,Medium
TC-03150,One year,Fiber optic,0-12 months,12,Electronic check,98.24,0,0,0.4087,Medium
TC-03151,Month-to-month,DSL,0-12 months,1,Electronic check,68.08,0,1,0.4113,Medium
TC-03152,One year,DSL,13-24 months,24,Mailed check,72.88,0,0,0.0167,Low
TC-03153,Month-to-month,Fiber optic,0-12 months,8,Electronic check,85.4,0,1,0.753,High
TC-03154,Month-to-month,Fiber optic,0-12 months,11,Electronic check,92.01,0,1,0.698,High
TC-03155,Two year,Fiber optic,25-48 months,34,Credit card,95.16,1,0,0.0155,Low
TC-03156,Month-to-month,Fiber optic,13-24 months,17,Mailed check,88.19,0,1,0.3812,Medium
TC-03157,Month-to-month,No internet,0-12 months,8,Credit card,18.0,0,0,0.1306,Low
TC-03158,One year,DSL,25-48 months,31,Mailed check,57.83,0,0,0.0203,Low
TC-03159,Month-to-month,DSL,13-24 months,21,Credit card,68.91,4,0,0.3607,Medium
TC-03160,Month-to-month,DSL,0-12 months,6,Electronic check,62.82,2,0,0.5941,High
TC-03161,Two year,Fiber optic,49+ months,61,Electronic check,78.43,1,0,0.0272,Low
TC-03162,Month-to-month,Fiber optic,25-48 months,42,Mailed check,115.58,2,0,0.4854,Medium
TC-03163,Month-to-month,Fiber optic,13-24 months,20,Bank transfer,76.5,1,1,0.5356,High
TC-03164,Two year,No internet,13-24 months,23,Bank transfer,22.02,2,0,0.0063,Low
TC-03165,Month-to-month,DSL,0-12 months,9,Bank transfer,71.74,2,0,0.2683,Medium
TC-03166,Month-to-month,Fiber optic,0-12 months,7,Credit card,81.99,1,1,0.4742,Medium
TC-03167,Two year,No internet,49+ months,60,Bank transfer,28.46,0,0,0.0014,Low
TC-03168,Month-to-month,DSL,0-12 months,5,Mailed check,60.29,0,1,0.3139,Medium
TC-03169,Two year,No internet,25-48 months,25,Electronic check,18.14,0,0,0.0065,Low
TC-03170,Two year,No internet,25-48 months,48,Credit card,19.5,1,0,0.0021,Low
TC-03171,Two year,DSL,49+ months,65,Credit card,49.64,2,0,0.0035,Low
TC-03172,Month-to-month,DSL,13-24 months,14,Bank transfer,74.05,0,1,0.2809,Medium
TC-03173,Month-to-month,Fiber optic,0-12 months,12,Mailed check,94.56,1,0,0.6499,High
TC-03174,One year,No internet,49+ months,57,Mailed check,18.0,1,0,0.004,Low
TC-03175,Two year,Fiber optic,13-24 months,23,Electronic check,90.97,0,0,0.1073,Low
TC-03176,Month-to-month,DSL,25-48 months,26,Mailed check,49.41,0,0,0.0866,Low
TC-03177,Month-to-month,Fiber optic,25-48 months,41,Electronic check,87.8,1,0,0.5644,High
TC-03178,Month-to-month,Fiber optic,13-24 months,23,Mailed check,93.84,2,1,0.4385,Medium
TC-03179,Month-to-month,Fiber optic,13-24 months,16,Credit card,84.81,2,0,0.637,High
TC-03180,Month-to-month,DSL,13-24 months,24,Credit card,65.93,2,1,0.2556,Medium
TC-03181,Month-to-month,No internet,25-48 months,33,Electronic check,28.87,1,0,0.0909,Low
TC-03182,One year,Fiber optic,49+ months,62,Electronic check,101.19,1,1,0.1269,Low
TC-03183,Month-to-month,Fiber optic,13-24 months,14,Electronic check,85.03,2,1,0.7538,High
TC-03184,Month-to-month,DSL,13-24 months,16,Credit card,69.43,1,0,0.2664,Medium
TC-03185,Month-to-month,Fiber optic,0-12 months,4,Electronic check,86.83,0,1,0.67,High
TC-03186,Month-to-month,Fiber optic,0-12 months,9,Electronic check,90.31,2,1,0.8195,High
TC-03187,Month-to-month,DSL,0-12 months,4,Bank transfer,71.02,0,0,0.1846,Medium
TC-03188,Two year,DSL,49+ months,50,Electronic check,59.34,1,0,0.0075,Low
TC-03189,Month-to-month,Fiber optic,13-24 months,13,Mailed check,99.04,0,1,0.6025,High
TC-03190,Month-to-month,DSL,25-48 months,33,Credit card,76.34,1,0,0.1262,Low
TC-03191,One year,No internet,25-48 months,43,Mailed check,26.94,0,0,0.0082,Low
TC-03192,Two year,No internet,49+ months,72,Electronic check,18.0,0,0,0.0013,Low
TC-03193,Two year,No internet,49+ months,61,Electronic check,23.79,2,0,0.0031,Low
TC-03194,One year,Fiber optic,13-24 months,16,Electronic check,96.21,2,1,0.2932,Medium
TC-03195,Month-to-month,Fiber optic,25-48 months,45,Electronic check,101.23,2,1,0.5858,High
TC-03196,Month-to-month,DSL,25-48 months,32,Electronic check,80.43,1,0,0.3175,Medium
TC-03197,Month-to-month,No internet,0-12 months,5,Electronic check,29.96,1,0,0.2856,Medium
TC-03198,Two year,Fiber optic,25-48 months,38,Bank transfer,84.93,1,0,0.0376,Low
TC-03199,Two year,No internet,25-48 months,38,Mailed check,21.33,1,0,0.0027,Low
TC-03200,Month-to-month,DSL,13-24 months,20,Bank transfer,64.11,1,0,0.1591,Medium
TC-03201,Two year,No internet,25-48 months,35,Bank transfer,18.0,1,0,0.0035,Low
TC-03202,One year,DSL,25-48 months,36,Electronic check,54.37,1,0,0.0717,Low
TC-03203,One year,DSL,49+ months,55,Bank transfer,49.35,1,0,0.0167,Low
TC-03204,Month-to-month,No internet,0-12 months,6,Mailed check,18.89,0,0,0.0941,Low
TC-03205,Month-to-month,DSL,0-12 months,7,Electronic check,87.6,0,0,0.2638,Medium
TC-03206,Month-to-month,No internet,49+ months,63,Electronic check,22.23,0,0,0.0206,Low
TC-03207,Two year,Fiber optic,25-48 months,36,Electronic check,86.71,0,1,0.0686,Low
TC-03208,Two year,Fiber optic,25-48 months,33,Bank transfer,74.2,2,1,0.0441,Low
TC-03209,Two year,DSL,49+ months,55,Credit card,63.87,0,0,0.0028,Low
TC-03210,Two year,Fiber optic,13-24 months,23,Bank transfer,109.6,2,0,0.1776,Medium
TC-03211,Two year,Fiber optic,25-48 months,46,Electronic check,81.58,1,0,0.0553,Low
TC-03212,Month-to-month,No internet,25-48 months,28,Mailed check,19.71,2,0,0.0931,Low
TC-03213,Two year,No internet,25-48 months,26,Credit card,41.91,3,0,0.0113,Low
TC-03214,Month-to-month,DSL,25-48 months,31,Bank transfer,70.46,2,0,0.3092,Medium
TC-03215,One year,Fiber optic,25-48 months,27,Mailed check,90.65,2,0,0.2066,Medium
TC-03216,Month-to-month,No internet,25-48 months,35,Electronic check,21.41,1,0,0.1073,Low
TC-03217,Two year,No internet,25-48 months,32,Credit card,18.0,0,0,0.0041,Low
TC-03218,Two year,DSL,25-48 months,48,Credit card,78.81,2,0,0.0093,Low
TC-03219,Month-to-month,DSL,13-24 months,16,Bank transfer,62.78,0,0,0.1395,Low
TC-03220,Two year,DSL,25-48 months,29,Bank transfer,58.76,0,0,0.0036,Low
TC-03221,Two year,Fiber optic,49+ months,72,Mailed check,89.82,2,0,0.0116,Low
TC-03222,Month-to-month,Fiber optic,0-12 months,11,Mailed check,93.72,1,1,0.4776,Medium
TC-03223,One year,DSL,25-48 months,32,Bank transfer,64.2,0,0,0.0302,Low
TC-03224,Month-to-month,No internet,13-24 months,18,Electronic check,23.77,0,0,0.1185,Low
TC-03225,One year,Fiber optic,25-48 months,34,Credit card,75.2,1,0,0.0712,Low
TC-03226,Two year,No internet,49+ months,57,Mailed check,31.2,2,0,0.0021,Low
TC-03227,One year,Fiber optic,49+ months,72,Electronic check,102.04,1,0,0.0217,Low
TC-03228,Month-to-month,No internet,0-12 months,8,Bank transfer,18.0,0,0,0.1045,Low
TC-03229,One year,Fiber optic,49+ months,54,Credit card,76.61,1,0,0.0628,Low
TC-03230,One year,Fiber optic,25-48 months,46,Electronic check,85.6,1,0,0.1858,Medium
TC-03231,Month-to-month,DSL,0-12 months,11,Electronic check,62.51,1,1,0.4984,High
TC-03232,Month-to-month,Fiber optic,13-24 months,18,Electronic check,105.9,2,1,0.7011,High
TC-03233,Month-to-month,Fiber optic,25-48 months,29,Electronic check,93.85,3,0,0.7446,High
TC-03234,Month-to-month,Fiber optic,0-12 months,8,Credit card,85.92,1,1,0.637,High
TC-03235,Month-to-month,No internet,0-12 months,7,Electronic check,18.0,0,0,0.1847,Medium
TC-03236,One year,DSL,13-24 months,20,Credit card,61.48,1,0,0.0846,Low
TC-03237,Two year,Fiber optic,25-48 months,31,Credit card,79.12,1,1,0.0416,Low
TC-03238,Month-to-month,Fiber optic,0-12 months,3,Electronic check,96.74,2,1,0.7918,High
TC-03239,One year,Fiber optic,49+ months,61,Bank transfer,89.05,1,0,0.0683,Low
TC-03240,Two year,No internet,25-48 months,35,Credit card,23.29,1,0,0.0051,Low
TC-03241,One year,DSL,13-24 months,19,Bank transfer,74.06,0,0,0.043,Low
TC-03242,One year,Fiber optic,49+ months,70,Electronic check,107.98,1,0,0.0388,Low
TC-03243,Month-to-month,No internet,13-24 months,15,Electronic check,18.0,3,0,0.2614,Medium
TC-03244,Two year,Fiber optic,49+ months,72,Bank transfer,93.22,0,0,0.0093,Low
TC-03245,Month-to-month,DSL,13-24 months,14,Mailed check,70.49,2,1,0.2408,Medium
TC-03246,Month-to-month,No internet,13-24 months,14,Electronic check,18.0,2,0,0.1824,Medium
TC-03247,Month-to-month,Fiber optic,0-12 months,5,Credit card,85.79,0,1,0.4868,Medium
TC-03248,One year,Fiber optic,25-48 months,29,Mailed check,101.04,2,0,0.2485,Medium
TC-03249,One year,No internet,25-48 months,42,Credit card,18.0,3,0,0.0128,Low
TC-03250,Month-to-month,DSL,0-12 months,3,Electronic check,64.8,1,1,0.6945,High
TC-03251,Two year,DSL,0-12 months,12,Electronic check,80.27,0,0,0.0359,Low
TC-03252,One year,Fiber optic,25-48 months,34,Mailed check,91.37,1,0,0.1127,Low
TC-03253,Two year,No internet,49+ months,56,Bank transfer,31.4,1,0,0.0021,Low
TC-03254,Month-to-month,Fiber optic,13-24 months,15,Bank transfer,88.16,1,0,0.5797,High
TC-03255,Month-to-month,DSL,13-24 months,16,Credit card,84.98,1,0,0.2856,Medium
TC-03256,Month-to-month,Fiber optic,25-48 months,44,Credit card,73.88,0,0,0.1575,Medium
TC-03257,One year,DSL,25-48 months,44,Mailed check,74.64,1,0,0.0215,Low
TC-03258,Month-to-month,No internet,25-48 months,31,Bank transfer,24.18,0,0,0.0596,Low
TC-03259,Month-to-month,Fiber optic,0-12 months,5,Bank transfer,93.68,5,1,0.7706,High
TC-03260,Month-to-month,Fiber optic,25-48 months,26,Electronic check,79.79,0,1,0.4682,Medium
TC-03261,Month-to-month,DSL,13-24 months,14,Bank transfer,62.42,0,0,0.175,Medium
TC-03262,Month-to-month,DSL,13-24 months,24,Mailed check,62.85,2,0,0.2673,Medium
TC-03263,Month-to-month,Fiber optic,0-12 months,7,Credit card,88.03,2,1,0.727,High
TC-03264,Two year,DSL,49+ months,50,Electronic check,65.78,0,0,0.0055,Low
TC-03265,Month-to-month,Fiber optic,13-24 months,21,Bank transfer,101.42,0,0,0.4529,Medium
TC-03266,Two year,Fiber optic,13-24 months,24,Electronic check,91.3,1,0,0.1262,Low
TC-03267,Two year,Fiber optic,49+ months,53,Credit card,93.98,1,0,0.02,Low
TC-03268,Month-to-month,Fiber optic,0-12 months,12,Mailed check,108.55,0,0,0.6179,High
TC-03269,Two year,DSL,25-48 months,35,Mailed check,60.4,0,0,0.0155,Low
TC-03270,One year,DSL,13-24 months,21,Bank transfer,70.03,1,0,0.064,Low
TC-03271,Month-to-month,Fiber optic,25-48 months,44,Electronic check,93.28,3,1,0.4836,Medium
TC-03272,Two year,Fiber optic,25-48 months,36,Electronic check,97.68,2,0,0.0771,Low
TC-03273,Two year,No internet,13-24 months,16,Electronic check,22.37,2,0,0.0132,Low
TC-03274,Month-to-month,No internet,25-48 months,29,Electronic check,31.35,1,0,0.1508,Medium
TC-03275,Two year,DSL,25-48 months,36,Bank transfer,59.84,1,0,0.0073,Low
TC-03276,Month-to-month,Fiber optic,25-48 months,37,Bank transfer,90.91,2,0,0.5013,High
TC-03277,Month-to-month,Fiber optic,25-48 months,31,Bank transfer,85.95,0,1,0.3075,Medium
TC-03278,Month-to-month,No internet,0-12 months,12,Credit card,32.1,0,0,0.1911,Medium
TC-03279,Month-to-month,Fiber optic,0-12 months,1,Mailed check,92.9,1,1,0.5977,High
TC-03280,Month-to-month,No internet,0-12 months,7,Bank transfer,29.89,1,1,0.1319,Low
TC-03281,Month-to-month,Fiber optic,13-24 months,18,Electronic check,107.22,1,1,0.6529,High
TC-03282,Month-to-month,Fiber optic,0-12 months,2,Electronic check,81.96,1,0,0.7135,High
TC-03283,Two year,DSL,25-48 months,43,Electronic check,71.55,2,0,0.014,Low
TC-03284,Two year,No internet,49+ months,66,Bank transfer,18.0,2,0,0.0012,Low
TC-03285,Month-to-month,No internet,0-12 months,6,Bank transfer,18.0,0,0,0.1263,Low
TC-03286,Month-to-month,DSL,13-24 months,16,Mailed check,55.67,1,0,0.1853,Medium
TC-03287,One year,DSL,25-48 months,34,Electronic check,52.07,1,0,0.0589,Low
TC-03288,Month-to-month,No internet,0-12 months,6,Electronic check,20.4,0,1,0.2045,Medium
TC-03289,Month-to-month,DSL,25-48 months,25,Electronic check,63.44,1,0,0.321,Medium
TC-03290,One year,DSL,13-24 months,18,Credit card,72.56,1,0,0.104,Low
TC-03291,Month-to-month,DSL,13-24 months,17,Electronic check,59.42,0,0,0.3309,Medium
TC-03292,Two year,DSL,25-48 months,31,Mailed check,49.12,2,0,0.0156,Low
TC-03293,One year,Fiber optic,49+ months,50,Credit card,99.72,3,0,0.1463,Low
TC-03294,Month-to-month,DSL,25-48 months,43,Electronic check,57.24,2,0,0.0787,Low
TC-03295,Month-to-month,Fiber optic,13-24 months,20,Credit card,93.75,1,0,0.4248,Medium
TC-03296,Month-to-month,DSL,0-12 months,10,Bank transfer,71.83,1,0,0.1468,Medium
TC-03297,Month-to-month,DSL,13-24 months,17,Electronic check,62.12,0,1,0.3386,Medium
TC-03298,Two year,DSL,49+ months,72,Bank transfer,48.35,2,0,0.0031,Low
TC-03299,One year,Fiber optic,13-24 months,17,Mailed check,105.54,0,0,0.1746,Medium
TC-03300,Month-to-month,No internet,13-24 months,15,Mailed check,23.51,1,0,0.1065,Low
TC-03301,Two year,No internet,49+ months,62,Electronic check,21.34,0,0,0.002,Low
TC-03302,One year,Fiber optic,49+ months,55,Electronic check,86.22,3,0,0.1021,Low
TC-03303,Month-to-month,No internet,25-48 months,45,Credit card,18.0,0,0,0.0299,Low
TC-03304,Month-to-month,DSL,13-24 months,13,Electronic check,61.49,2,1,0.4563,Medium
TC-03305,Month-to-month,DSL,13-24 months,24,Mailed check,74.93,0,0,0.2355,Medium
TC-03306,Two year,Fiber optic,49+ months,72,Bank transfer,100.36,1,0,0.0127,Low
TC-03307,Month-to-month,Fiber optic,13-24 months,15,Credit card,91.64,3,1,0.7594,High
TC-03308,Month-to-month,DSL,25-48 months,31,Electronic check,77.89,2,1,0.4729,Medium
TC-03309,Two year,Fiber optic,25-48 months,29,Credit card,98.54,1,0,0.0405,Low
TC-03310,Month-to-month,No internet,13-24 months,23,Credit card,19.26,1,0,0.0736,Low
TC-03311,Two year,Fiber optic,49+ months,60,Electronic check,100.09,4,0,0.0419,Low
TC-03312,Month-to-month,DSL,13-24 months,22,Mailed check,65.24,0,0,0.0742,Low
TC-03313,Month-to-month,No internet,0-12 months,10,Credit card,26.54,2,0,0.19,Medium
TC-03314,Month-to-month,Fiber optic,0-12 months,8,Electronic check,99.65,1,1,0.5917,High
TC-03315,Two year,DSL,49+ months,53,Electronic check,62.92,0,0,0.0065,Low
TC-03316,One year,No internet,49+ months,61,Bank transfer,28.2,0,0,0.0046,Low
TC-03317,Month-to-month,No internet,13-24 months,18,Bank transfer,20.3,0,0,0.0677,Low
TC-03318,Month-to-month,No internet,13-24 months,14,Credit card,18.0,3,1,0.1497,Medium
TC-03319,Month-to-month,Fiber optic,0-12 months,3,Bank transfer,84.02,2,1,0.8238,High
TC-03320,Month-to-month,No internet,13-24 months,14,Credit card,27.55,2,1,0.1737,Medium
TC-03321,Month-to-month,DSL,25-48 months,37,Electronic check,54.01,0,0,0.2123,Medium
TC-03322,One year,Fiber optic,25-48 months,33,Credit card,85.33,1,1,0.1772,Medium
TC-03323,Month-to-month,Fiber optic,0-12 months,8,Credit card,107.06,3,0,0.5986,High
TC-03324,Month-to-month,Fiber optic,25-48 months,25,Bank transfer,95.66,4,1,0.5945,High
TC-03325,Month-to-month,No internet,25-48 months,25,Credit card,18.0,1,0,0.0867,Low
TC-03326,Month-to-month,DSL,13-24 months,20,Bank transfer,51.65,2,0,0.2119,Medium
TC-03327,Two year,Fiber optic,25-48 months,37,Bank transfer,101.1,1,0,0.0258,Low
TC-03328,Month-to-month,Fiber optic,0-12 months,9,Bank transfer,104.61,0,0,0.3553,Medium
TC-03329,One year,DSL,13-24 months,23,Credit card,80.1,0,0,0.03,Low
TC-03330,Month-to-month,Fiber optic,25-48 months,25,Electronic check,107.58,0,0,0.3877,Medium
TC-03331,One year,DSL,49+ months,51,Electronic check,56.9,1,0,0.052,Low
TC-03332,Two year,DSL,13-24 months,20,Bank transfer,48.38,0,0,0.0146,Low
TC-03333,Month-to-month,DSL,0-12 months,5,Electronic check,57.64,3,0,0.4162,Medium
TC-03334,One year,No internet,49+ months,51,Mailed check,18.39,1,0,0.0064,Low
TC-03335,Two year,DSL,49+ months,72,Mailed check,59.58,0,0,0.0016,Low
TC-03336,One year,DSL,25-48 months,35,Electronic check,75.43,0,0,0.0361,Low
TC-03337,One year,Fiber optic,25-48 months,30,Electronic check,93.99,2,1,0.3016,Medium
TC-03338,Month-to-month,Fiber optic,0-12 months,5,Electronic check,94.04,1,1,0.8105,High
TC-03339,Month-to-month,DSL,0-12 months,9,Electronic check,75.18,1,1,0.5716,High
TC-03340,One year,No internet,0-12 months,11,Electronic check,24.3,0,0,0.0424,Low
TC-03341,Two year,Fiber optic,49+ months,72,Bank transfer,96.95,2,0,0.0179,Low
TC-03342,Month-to-month,DSL,49+ months,66,Bank transfer,68.49,2,0,0.0792,Low
TC-03343,Month-to-month,Fiber optic,25-48 months,26,Electronic check,93.09,2,1,0.6175,High
TC-03344,Month-to-month,Fiber optic,0-12 months,6,Electronic check,93.14,5,1,0.9155,High
TC-03345,One year,DSL,25-48 months,40,Credit card,74.24,3,0,0.0614,Low
TC-03346,Month-to-month,DSL,13-24 months,20,Credit card,67.9,2,1,0.3789,Medium
TC-03347,Two year,No internet,49+ months,72,Electronic check,26.42,1,0,0.0023,Low
TC-03348,Two year,No internet,49+ months,51,Electronic check,31.33,1,0,0.0037,Low
TC-03349,Two year,Fiber optic,49+ months,72,Mailed check,92.06,1,0,0.017,Low
TC-03350,One year,DSL,0-12 months,6,Electronic check,63.68,1,0,0.082,Low
TC-03351,One year,DSL,13-24 months,14,Mailed check,67.39,1,0,0.0721,Low
TC-03352,Two year,DSL,25-48 months,26,Electronic check,76.34,1,0,0.0496,Low
TC-03353,Month-to-month,DSL,25-48 months,36,Electronic check,70.5,0,0,0.2617,Medium
TC-03354,One year,DSL,13-24 months,20,Electronic check,67.15,0,0,0.1236,Low
TC-03355,Month-to-month,Fiber optic,25-48 months,34,Credit card,111.09,1,0,0.3653,Medium
TC-03356,Two year,No internet,25-48 months,30,Bank transfer,20.79,0,0,0.0038,Low
TC-03357,Month-to-month,No internet,0-12 months,5,Mailed check,21.43,1,0,0.1375,Low
TC-03358,One year,Fiber optic,25-48 months,30,Credit card,108.67,1,0,0.0785,Low
TC-03359,Month-to-month,Fiber optic,25-48 months,25,Credit card,84.25,2,0,0.5413,High
TC-03360,One year,DSL,13-24 months,15,Electronic check,56.57,1,0,0.0851,Low
TC-03361,One year,Fiber optic,25-48 months,45,Credit card,91.02,2,0,0.1188,Low
TC-03362,Two year,No internet,13-24 months,21,Electronic check,42.02,1,0,0.0171,Low
TC-03363,Two year,No internet,13-24 months,18,Mailed check,25.99,1,0,0.0053,Low
TC-03364,Month-to-month,No internet,13-24 months,19,Credit card,26.78,0,0,0.0995,Low
TC-03365,One year,DSL,25-48 months,33,Electronic check,50.62,0,0,0.0486,Low
TC-03366,Month-to-month,No internet,0-12 months,2,Mailed check,19.49,1,1,0.1531,Medium
TC-03367,Month-to-month,Fiber optic,13-24 months,16,Mailed check,102.89,2,0,0.4412,Medium
TC-03368,One year,Fiber optic,13-24 months,16,Credit card,100.09,1,0,0.2117,Medium
TC-03369,Two year,DSL,13-24 months,24,Mailed check,67.76,1,0,0.0104,Low
TC-03370,One year,DSL,25-48 months,28,Electronic check,57.26,0,0,0.0756,Low
TC-03371,Month-to-month,No internet,25-48 months,34,Electronic check,23.88,0,0,0.0975,Low
TC-03372,One year,No internet,25-48 months,48,Bank transfer,29.75,0,0,0.0075,Low
TC-03373,One year,Fiber optic,49+ months,51,Mailed check,98.34,2,0,0.1041,Low
TC-03374,One year,No internet,13-24 months,16,Electronic check,18.0,1,0,0.043,Low
TC-03375,Month-to-month,DSL,0-12 months,11,Bank transfer,70.77,1,0,0.2531,Medium
TC-03376,Two year,Fiber optic,49+ months,72,Bank transfer,86.82,1,0,0.0067,Low
TC-03377,Month-to-month,Fiber optic,25-48 months,28,Mailed check,88.8,3,1,0.5994,High
TC-03378,Two year,DSL,25-48 months,27,Mailed check,68.11,2,0,0.0187,Low
TC-03379,Two year,DSL,49+ months,70,Bank transfer,83.31,0,0,0.0024,Low
TC-03380,Two year,Fiber optic,13-24 months,16,Electronic check,86.99,1,0,0.1125,Low
TC-03381,Two year,No internet,49+ months,51,Credit card,21.84,0,0,0.0023,Low
TC-03382,Two year,Fiber optic,49+ months,69,Electronic check,85.1,2,0,0.015,Low
TC-03383,Two year,Fiber optic,49+ months,70,Credit card,81.44,1,0,0.0093,Low
TC-03384,Month-to-month,No internet,13-24 months,19,Electronic check,19.07,1,0,0.1484,Medium
TC-03385,Month-to-month,DSL,25-48 months,26,Electronic check,50.0,1,0,0.1903,Medium
TC-03386,One year,Fiber optic,49+ months,72,Electronic check,88.17,1,0,0.0482,Low
TC-03387,Two year,Fiber optic,49+ months,72,Bank transfer,100.26,3,0,0.0103,Low
TC-03388,One year,DSL,49+ months,50,Electronic check,66.24,1,0,0.0245,Low
TC-03389,Month-to-month,DSL,25-48 months,25,Electronic check,59.42,2,0,0.2998,Medium
TC-03390,Month-to-month,No internet,13-24 months,14,Electronic check,20.34,3,0,0.2472,Medium
TC-03391,Month-to-month,Fiber optic,0-12 months,7,Electronic check,92.02,2,1,0.81,High
TC-03392,Two year,Fiber optic,49+ months,72,Mailed check,92.63,1,0,0.0126,Low
TC-03393,Two year,Fiber optic,49+ months,72,Electronic check,101.56,2,0,0.0312,Low
TC-03394,Month-to-month,No internet,25-48 months,33,Bank transfer,25.65,0,0,0.061,Low
TC-03395,Month-to-month,DSL,25-48 months,37,Bank transfer,59.64,1,0,0.1508,Medium
TC-03396,Month-to-month,No internet,0-12 months,12,Electronic check,25.26,0,0,0.1664,Medium
TC-03397,Month-to-month,DSL,13-24 months,17,Bank transfer,63.13,0,0,0.2334,Medium
TC-03398,Month-to-month,No internet,25-48 months,29,Electronic check,30.82,1,0,0.1956,Medium
TC-03399,Month-to-month,DSL,0-12 months,9,Credit card,69.68,3,1,0.332,Medium
TC-03400,Month-to-month,Fiber optic,25-48 months,27,Credit card,85.41,0,0,0.5044,High
TC-03401,Two year,DSL,49+ months,72,Electronic check,66.09,0,0,0.0054,Low
TC-03402,Month-to-month,No internet,25-48 months,31,Electronic check,18.0,0,1,0.0783,Low
TC-03403,Two year,Fiber optic,13-24 months,14,Bank transfer,87.83,2,0,0.1028,Low
TC-03404,Month-to-month,Fiber optic,13-24 months,24,Electronic check,88.11,2,1,0.721,High
TC-03405,Month-to-month,DSL,0-12 months,6,Electronic check,56.14,2,0,0.4341,Medium
TC-03406,One year,DSL,13-24 months,20,Credit card,59.07,0,0,0.0318,Low
TC-03407,Month-to-month,DSL,13-24 months,15,Mailed check,76.5,1,1,0.2357,Medium
TC-03408,Two year,No internet,49+ months,72,Mailed check,23.46,0,0,0.0006,Low
TC-03409,Two year,No internet,49+ months,64,Credit card,30.65,1,0,0.0018,Low
TC-03410,Two year,Fiber optic,49+ months,72,Credit card,97.14,0,0,0.0124,Low
TC-03411,Month-to-month,Fiber optic,13-24 months,16,Bank transfer,89.79,1,0,0.4741,Medium
TC-03412,One year,DSL,0-12 months,9,Electronic check,75.82,0,0,0.189,Medium
TC-03413,One year,DSL,25-48 months,28,Credit card,63.37,0,0,0.047,Low
TC-03414,Two year,DSL,25-48 months,41,Bank transfer,50.78,0,0,0.0051,Low
TC-03415,Month-to-month,Fiber optic,13-24 months,20,Credit card,85.5,2,1,0.5115,High
TC-03416,Month-to-month,No internet,13-24 months,16,Credit card,20.49,0,0,0.1048,Low
TC-03417,Two year,DSL,25-48 months,38,Bank transfer,70.42,0,0,0.0131,Low
TC-03418,Month-to-month,DSL,13-24 months,24,Mailed check,57.62,0,0,0.1595,Medium
TC-03419,Month-to-month,Fiber optic,13-24 months,17,Mailed check,94.65,2,1,0.6641,High
TC-03420,Month-to-month,DSL,25-48 months,30,Credit card,73.65,1,0,0.2693,Medium
TC-03421,One year,Fiber optic,13-24 months,21,Mailed check,95.73,0,0,0.1664,Medium
TC-03422,Month-to-month,DSL,49+ months,65,Credit card,69.61,0,0,0.0372,Low
TC-03423,One year,DSL,0-12 months,6,Electronic check,65.12,0,0,0.1371,Low
TC-03424,Two year,Fiber optic,49+ months,72,Electronic check,100.86,2,0,0.0177,Low
TC-03425,Month-to-month,DSL,25-48 months,27,Credit card,62.57,1,0,0.3336,Medium
TC-03426,Two year,Fiber optic,25-48 months,25,Electronic check,87.5,0,0,0.0408,Low
TC-03427,Two year,DSL,25-48 months,44,Bank transfer,73.13,0,0,0.0081,Low
TC-03428,Two year,Fiber optic,25-48 months,38,Electronic check,99.91,2,0,0.0575,Low
TC-03429,Two year,No internet,25-48 months,31,Mailed check,18.0,0,0,0.0026,Low
TC-03430,Month-to-month,Fiber optic,25-48 months,25,Electronic check,89.65,0,0,0.4452,Medium
TC-03431,Month-to-month,No internet,0-12 months,0,Mailed check,33.3,0,0,0.1657,Medium
TC-03432,Two year,No internet,49+ months,65,Bank transfer,18.0,0,0,0.0007,Low
TC-03433,Month-to-month,Fiber optic,49+ months,51,Electronic check,95.38,0,0,0.3342,Medium
TC-03434,Month-to-month,No internet,0-12 months,0,Bank transfer,18.0,0,0,0.1218,Low
TC-03435,One year,Fiber optic,13-24 months,13,Credit card,93.54,0,0,0.1624,Medium
TC-03436,One year,DSL,25-48 months,34,Bank transfer,62.04,0,0,0.054,Low
TC-03437,One year,DSL,25-48 months,30,Electronic check,65.0,2,0,0.0729,Low
TC-03438,One year,No internet,25-48 months,33,Electronic check,20.21,0,0,0.0163,Low
TC-03439,Month-to-month,DSL,13-24 months,16,Bank transfer,55.46,1,0,0.2626,Medium
TC-03440,Two year,DSL,49+ months,72,Credit card,70.52,0,0,0.0024,Low
TC-03441,Month-to-month,Fiber optic,0-12 months,12,Electronic check,101.23,1,0,0.6464,High
TC-03442,Month-to-month,Fiber optic,0-12 months,4,Credit card,102.09,3,0,0.7244,High
TC-03443,Two year,Fiber optic,13-24 months,21,Electronic check,92.49,1,0,0.0789,Low
TC-03444,Two year,DSL,49+ months,72,Electronic check,57.66,1,0,0.0069,Low
TC-03445,One year,Fiber optic,13-24 months,23,Electronic check,97.55,2,1,0.5408,High
TC-03446,Month-to-month,DSL,13-24 months,20,Bank transfer,76.61,2,0,0.394,Medium
TC-03447,Month-to-month,DSL,0-12 months,12,Electronic check,53.08,1,0,0.3938,Medium
TC-03448,Two year,Fiber optic,49+ months,59,Credit card,107.82,1,0,0.0372,Low
TC-03449,Two year,DSL,25-48 months,30,Credit card,64.05,1,0,0.0158,Low
TC-03450,Month-to-month,DSL,13-24 months,14,Bank transfer,63.24,0,0,0.1718,Medium
TC-03451,One year,Fiber optic,25-48 months,32,Electronic check,93.48,1,0,0.1836,Medium
TC-03452,Month-to-month,Fiber optic,49+ months,61,Electronic check,99.98,2,1,0.3461,Medium
TC-03453,Month-to-month,Fiber optic,13-24 months,16,Electronic check,73.19,1,1,0.6541,High
TC-03454,One year,No internet,0-12 months,5,Mailed check,18.0,0,0,0.0269,Low
TC-03455,Month-to-month,No internet,0-12 months,2,Credit card,18.0,0,1,0.1502,Medium
TC-03456,Two year,Fiber optic,0-12 months,10,Mailed check,104.47,0,0,0.0556,Low
TC-03457,Two year,Fiber optic,25-48 months,43,Electronic check,104.54,1,0,0.0551,Low
TC-03458,Month-to-month,Fiber optic,0-12 months,3,Electronic check,103.41,0,1,0.7351,High
TC-03459,One year,Fiber optic,13-24 months,15,Credit card,113.3,0,0,0.1904,Medium
TC-03460,Month-to-month,DSL,0-12 months,12,Bank transfer,78.65,0,0,0.2656,Medium
TC-03461,Month-to-month,No internet,25-48 months,35,Electronic check,29.65,2,0,0.1456,Low
TC-03462,Month-to-month,DSL,49+ months,72,Mailed check,57.36,0,0,0.0424,Low
TC-03463,Month-to-month,DSL,13-24 months,16,Credit card,64.73,0,0,0.1982,Medium
TC-03464,Two year,No internet,25-48 months,26,Bank transfer,29.62,2,0,0.0062,Low
TC-03465,Two year,No internet,49+ months,72,Electronic check,33.87,3,0,0.0036,Low
TC-03466,Month-to-month,Fiber optic,13-24 months,24,Electronic check,100.14,1,1,0.6249,High
TC-03467,Month-to-month,Fiber optic,0-12 months,5,Electronic check,82.97,2,1,0.7951,High
TC-03468,Two year,No internet,49+ months,72,Mailed check,27.05,1,0,0.0014,Low
TC-03469,One year,No internet,0-12 months,11,Electronic check,29.1,1,0,0.0622,Low
TC-03470,One year,Fiber optic,49+ months,57,Credit card,95.38,1,0,0.0519,Low
TC-03471,Month-to-month,DSL,25-48 months,38,Bank transfer,57.25,0,0,0.0526,Low
TC-03472,Two year,No internet,25-48 months,26,Electronic check,18.3,3,0,0.016,Low
TC-03473,One year,No internet,25-48 months,31,Electronic check,25.3,1,0,0.0327,Low
TC-03474,One year,Fiber optic,0-12 months,10,Bank transfer,98.16,1,1,0.297,Medium
TC-03475,Month-to-month,Fiber optic,0-12 months,3,Bank transfer,86.92,1,1,0.758,High
TC-03476,Two year,Fiber optic,49+ months,66,Credit card,111.47,4,0,0.0293,Low
TC-03477,Month-to-month,Fiber optic,0-12 months,1,Mailed check,72.28,1,0,0.6158,High
TC-03478,Month-to-month,Fiber optic,0-12 months,6,Mailed check,93.24,1,1,0.5348,High
TC-03479,One year,Fiber optic,13-24 months,19,Mailed check,97.49,1,0,0.2215,Medium
TC-03480,Two year,No internet,25-48 months,40,Credit card,31.54,1,0,0.0063,Low
TC-03481,Month-to-month,DSL,0-12 months,6,Electronic check,54.71,0,1,0.4909,High
TC-03482,Month-to-month,DSL,0-12 months,7,Electronic check,87.79,0,1,0.3773,Medium
TC-03483,Month-to-month,DSL,13-24 months,14,Electronic check,65.79,1,0,0.5187,High
TC-03484,One year,No internet,49+ months,64,Bank transfer,18.0,1,0,0.0038,Low
TC-03485,Two year,Fiber optic,49+ months,72,Bank transfer,84.18,2,0,0.0078,Low
TC-03486,Month-to-month,DSL,13-24 months,19,Electronic check,73.2,0,1,0.3944,Medium
TC-03487,Month-to-month,Fiber optic,0-12 months,7,Credit card,113.07,1,1,0.7851,High
TC-03488,Month-to-month,No internet,25-48 months,31,Electronic check,20.53,1,0,0.1618,Medium
TC-03489,Month-to-month,DSL,0-12 months,1,Bank transfer,84.23,0,0,0.3719,Medium
TC-03490,Month-to-month,DSL,25-48 months,33,Bank transfer,55.48,1,0,0.1845,Medium
TC-03491,Month-to-month,Fiber optic,25-48 months,41,Electronic check,90.59,2,1,0.6054,High
TC-03492,Month-to-month,Fiber optic,13-24 months,13,Mailed check,96.43,0,0,0.516,High
TC-03493,Two year,Fiber optic,25-48 months,26,Bank transfer,99.18,0,0,0.0356,Low
TC-03494,Month-to-month,Fiber optic,0-12 months,8,Credit card,77.06,1,1,0.7196,High
TC-03495,Month-to-month,Fiber optic,0-12 months,4,Electronic check,92.44,3,1,0.8698,High
TC-03496,One year,Fiber optic,25-48 months,45,Credit card,78.19,2,0,0.0826,Low
TC-03497,Month-to-month,Fiber optic,13-24 months,16,Mailed check,91.08,3,1,0.6566,High
TC-03498,Month-to-month,DSL,0-12 months,1,Electronic check,79.49,0,1,0.674,High
TC-03499,Two year,Fiber optic,49+ months,72,Electronic check,101.85,1,0,0.0142,Low
TC-03500,Month-to-month,DSL,13-24 months,17,Bank transfer,54.24,1,1,0.2347,Medium
TC-03501,Month-to-month,Fiber optic,49+ months,61,Bank transfer,83.71,1,0,0.1354,Low
TC-03502,Two year,No internet,49+ months,72,Electronic check,18.0,2,0,0.0017,Low
TC-03503,Two year,DSL,25-48 months,47,Electronic check,52.46,0,0,0.0126,Low
TC-03504,Two year,DSL,25-48 months,45,Electronic check,66.93,1,0,0.0171,Low
TC-03505,Month-to-month,Fiber optic,25-48 months,25,Electronic check,85.73,1,1,0.454,Medium
TC-03506,One year,No internet,25-48 months,42,Bank transfer,21.69,1,0,0.01,Low
TC-03507,Two year,No internet,25-48 months,33,Credit card,23.96,0,0,0.0044,Low
TC-03508,Month-to-month,Fiber optic,0-12 months,12,Credit card,87.43,2,0,0.6826,High
TC-03509,Two year,DSL,49+ months,72,Mailed check,68.58,2,0,0.0052,Low
TC-03510,Month-to-month,DSL,0-12 months,4,Bank transfer,75.25,0,0,0.1682,Medium
TC-03511,One year,No internet,13-24 months,21,Mailed check,18.0,0,0,0.0125,Low
TC-03512,Month-to-month,DSL,0-12 months,10,Bank transfer,69.81,0,1,0.2606,Medium
TC-03513,Month-to-month,No internet,0-12 months,10,Bank transfer,20.27,2,1,0.1666,Medium
TC-03514,Month-to-month,No internet,13-24 months,14,Bank transfer,18.0,1,0,0.1047,Low
TC-03515,Two year,DSL,0-12 months,9,Electronic check,76.38,0,0,0.0376,Low
TC-03516,Month-to-month,No internet,25-48 months,31,Mailed check,21.17,1,0,0.0478,Low
TC-03517,Two year,Fiber optic,25-48 months,37,Credit card,87.35,3,0,0.1093,Low
TC-03518,Month-to-month,Fiber optic,0-12 months,10,Electronic check,93.1,2,1,0.683,High
TC-03519,Month-to-month,Fiber optic,25-48 months,45,Credit card,94.38,0,0,0.2567,Medium
TC-03520,Month-to-month,No internet,13-24 months,23,Bank transfer,19.64,1,0,0.0952,Low
TC-03521,Two year,No internet,49+ months,72,Bank transfer,18.0,0,0,0.0007,Low
TC-03522,Month-to-month,Fiber optic,0-12 months,10,Credit card,90.34,1,1,0.4856,Medium
TC-03523,Two year,Fiber optic,49+ months,60,Electronic check,97.09,1,0,0.0428,Low
TC-03524,Month-to-month,Fiber optic,25-48 months,28,Bank transfer,88.75,2,1,0.5797,High
TC-03525,Two year,No internet,49+ months,70,Electronic check,28.38,1,0,0.0017,Low
TC-03526,One year,No internet,49+ months,58,Bank transfer,21.77,1,0,0.0084,Low
TC-03527,Month-to-month,Fiber optic,0-12 months,11,Mailed check,90.1,2,0,0.7188,High
TC-03528,Month-to-month,Fiber optic,25-48 months,26,Bank transfer,90.44,0,0,0.1911,Medium
TC-03529,Month-to-month,Fiber optic,0-12 months,2,Mailed check,79.56,1,0,0.6927,High
TC-03530,Month-to-month,DSL,13-24 months,13,Mailed check,74.53,0,0,0.1185,Low
TC-03531,Month-to-month,No internet,13-24 months,15,Mailed check,30.13,0,0,0.0915,Low
TC-03532,One year,DSL,25-48 months,31,Bank transfer,58.49,1,0,0.0275,Low
TC-03533,One year,Fiber optic,49+ months,67,Electronic check,96.51,1,0,0.0759,Low
TC-03534,Month-to-month,DSL,13-24 months,20,Mailed check,54.61,3,0,0.3065,Medium
TC-03535,Month-to-month,DSL,0-12 months,1,Electronic check,52.81,1,0,0.4909,High
TC-03536,Two year,No internet,25-48 months,33,Bank transfer,19.47,1,0,0.0051,Low
TC-03537,Month-to-month,Fiber optic,0-12 months,5,Electronic check,82.53,2,0,0.7233,High
TC-03538,Month-to-month,No internet,13-24 months,21,Mailed check,18.0,0,0,0.0598,Low
TC-03539,Month-to-month,DSL,0-12 months,2,Credit card,54.58,1,0,0.2545,Medium
TC-03540,Month-to-month,No internet,13-24 months,14,Electronic check,28.76,2,1,0.2403,Medium
TC-03541,Month-to-month,DSL,0-12 months,7,Mailed check,65.51,2,1,0.4567,Medium
TC-03542,Month-to-month,DSL,13-24 months,14,Electronic check,56.91,0,0,0.35,Medium
TC-03543,Month-to-month,No internet,0-12 months,8,Electronic check,28.02,2,0,0.299,Medium
TC-03544,Month-to-month,DSL,13-24 months,16,Mailed check,62.03,1,0,0.2002,Medium
TC-03545,Two year,No internet,49+ months,72,Credit card,21.68,0,0,0.0012,Low
TC-03546,Month-to-month,Fiber optic,0-12 months,8,Bank transfer,99.63,6,1,0.8756,High
TC-03547,Month-to-month,DSL,25-48 months,35,Mailed check,64.22,0,0,0.1483,Medium
TC-03548,Month-to-month,Fiber optic,25-48 months,25,Bank transfer,105.69,5,0,0.6574,High
TC-03549,Month-to-month,Fiber optic,0-12 months,11,Bank transfer,95.29,3,1,0.7624,High
TC-03550,One year,Fiber optic,0-12 months,11,Electronic check,76.08,0,0,0.3499,Medium
TC-03551,Month-to-month,Fiber optic,0-12 months,6,Bank transfer,100.8,2,1,0.7473,High
TC-03552,Month-to-month,No internet,13-24 months,14,Mailed check,18.0,0,0,0.0834,Low
TC-03553,Month-to-month,Fiber optic,13-24 months,23,Bank transfer,93.61,3,1,0.4822,Medium
TC-03554,Month-to-month,DSL,25-48 months,27,Mailed check,66.16,1,1,0.103,Low
TC-03555,Two year,No internet,49+ months,72,Credit card,18.0,1,0,0.0009,Low
TC-03556,Month-to-month,DSL,49+ months,72,Mailed check,74.48,1,0,0.0324,Low
TC-03557,Month-to-month,DSL,13-24 months,14,Electronic check,66.51,0,0,0.1739,Medium
TC-03558,Month-to-month,Fiber optic,13-24 months,19,Electronic check,77.15,4,1,0.7663,High
TC-03559,Two year,DSL,25-48 months,27,Bank transfer,60.19,2,0,0.0217,Low
TC-03560,Month-to-month,Fiber optic,13-24 months,19,Credit card,80.17,2,0,0.6018,High
TC-03561,Two year,No internet,49+ months,58,Electronic check,24.45,2,0,0.0056,Low
TC-03562,Two year,DSL,25-48 months,33,Electronic check,58.61,2,0,0.0373,Low
TC-03563,Month-to-month,Fiber optic,25-48 months,34,Electronic check,87.45,1,1,0.6122,High
TC-03564,Month-to-month,Fiber optic,0-12 months,12,Bank transfer,98.37,3,1,0.4874,Medium
TC-03565,Two year,No internet,49+ months,59,Bank transfer,18.0,0,0,0.0014,Low
TC-03566,Month-to-month,Fiber optic,13-24 months,14,Electronic check,108.16,2,0,0.7335,High
TC-03567,Month-to-month,Fiber optic,0-12 months,10,Credit card,93.43,0,1,0.3393,Medium
TC-03568,Month-to-month,Fiber optic,0-12 months,10,Bank transfer,88.28,3,1,0.7148,High
TC-03569,One year,No internet,13-24 months,13,Credit card,18.0,0,0,0.0213,Low
TC-03570,Two year,No internet,49+ months,72,Electronic check,18.0,1,0,0.0016,Low
TC-03571,Two year,DSL,13-24 months,21,Electronic check,58.93,1,0,0.0309,Low
TC-03572,One year,No internet,13-24 months,17,Credit card,20.63,0,0,0.0259,Low
TC-03573,Month-to-month,DSL,13-24 months,15,Mailed check,56.02,1,0,0.2966,Medium
TC-03574,Two year,DSL,49+ months,63,Electronic check,57.13,1,0,0.0035,Low
TC-03575,One year,DSL,13-24 months,23,Electronic check,69.57,0,0,0.0912,Low
TC-03576,Two year,DSL,49+ months,53,Bank transfer,66.49,2,0,0.0064,Low
TC-03577,One year,Fiber optic,25-48 months,25,Electronic check,92.17,1,1,0.3084,Medium
TC-03578,One year,Fiber optic,49+ months,70,Electronic check,92.92,3,0,0.0564,Low
TC-03579,One year,Fiber optic,49+ months,52,Electronic check,75.39,1,0,0.1178,Low
TC-03580,Month-to-month,No internet,13-24 months,15,Bank transfer,23.52,1,0,0.1211,Low
TC-03581,Month-to-month,DSL,0-12 months,11,Electronic check,77.62,2,1,0.2926,Medium
TC-03582,Month-to-month,DSL,0-12 months,5,Bank transfer,90.54,2,1,0.4583,Medium
TC-03583,Two year,DSL,49+ months,61,Bank transfer,56.45,1,0,0.0029,Low
TC-03584,Two year,DSL,49+ months,72,Credit card,69.63,2,0,0.0049,Low
TC-03585,One year,DSL,0-12 months,9,Mailed check,54.18,2,0,0.1241,Low
TC-03586,Month-to-month,Fiber optic,25-48 months,26,Credit card,101.18,2,1,0.6651,High
TC-03587,Month-to-month,No internet,0-12 months,9,Bank transfer,24.89,0,0,0.1315,Low
TC-03588,Month-to-month,No internet,13-24 months,18,Bank transfer,27.13,0,0,0.0897,Low
TC-03589,Month-to-month,DSL,0-12 months,3,Bank transfer,69.89,1,1,0.4557,Medium
TC-03590,Month-to-month,DSL,0-12 months,7,Electronic check,46.16,0,1,0.4214,Medium
TC-03591,Month-to-month,No internet,0-12 months,11,Electronic check,18.0,1,0,0.2047,Medium
TC-03592,One year,DSL,25-48 months,47,Bank transfer,66.53,0,0,0.0068,Low
TC-03593,Two year,No internet,49+ months,50,Electronic check,18.0,1,0,0.0033,Low
TC-03594,Month-to-month,DSL,13-24 months,13,Bank transfer,53.69,0,0,0.3614,Medium
TC-03595,Month-to-month,No internet,13-24 months,14,Bank transfer,39.59,1,1,0.1403,Low
TC-03596,Month-to-month,Fiber optic,13-24 months,16,Electronic check,88.46,1,1,0.6761,High
TC-03597,Month-to-month,DSL,0-12 months,0,Mailed check,73.25,3,1,0.6149,High
TC-03598,One year,DSL,25-48 months,34,Bank transfer,58.35,0,0,0.0587,Low
TC-03599,Month-to-month,Fiber optic,0-12 months,11,Credit card,94.16,1,1,0.4475,Medium
TC-03600,Two year,Fiber optic,25-48 months,38,Electronic check,105.62,0,0,0.0204,Low
TC-03601,Month-to-month,No internet,13-24 months,15,Electronic check,22.07,1,1,0.1969,Medium
TC-03602,Month-to-month,Fiber optic,13-24 months,16,Credit card,85.4,2,1,0.6101,High
TC-03603,Two year,DSL,25-48 months,47,Mailed check,59.08,3,0,0.0116,Low
TC-03604,Two year,Fiber optic,25-48 months,41,Electronic check,85.04,4,0,0.0553,Low
TC-03605,Two year,DSL,49+ months,72,Bank transfer,69.52,3,0,0.0091,Low
TC-03606,Month-to-month,Fiber optic,49+ months,61,Credit card,107.86,1,0,0.123,Low
TC-03607,Month-to-month,Fiber optic,0-12 months,5,Credit card,89.4,2,1,0.6603,High
TC-03608,Month-to-month,No internet,13-24 months,16,Credit card,25.07,2,0,0.1521,Medium
TC-03609,Two year,Fiber optic,49+ months,72,Electronic check,91.88,2,0,0.0235,Low
TC-03610,One year,No internet,0-12 months,10,Electronic check,18.0,1,0,0.0448,Low
TC-03611,One year,Fiber optic,25-48 months,32,Electronic check,103.71,0,0,0.0907,Low
TC-03612,Month-to-month,No internet,13-24 months,15,Credit card,19.27,0,0,0.0878,Low
TC-03613,Two year,DSL,49+ months,72,Mailed check,59.95,3,0,0.0049,Low
TC-03614,Month-to-month,No internet,13-24 months,22,Mailed check,20.85,2,0,0.0812,Low
TC-03615,One year,No internet,49+ months,60,Electronic check,31.4,1,0,0.0119,Low
TC-03616,One year,DSL,13-24 months,19,Bank transfer,51.69,0,0,0.0682,Low
TC-03617,Two year,DSL,49+ months,72,Electronic check,69.98,2,0,0.005,Low
TC-03618,Two year,Fiber optic,25-48 months,29,Credit card,91.14,1,0,0.0579,Low
TC-03619,Month-to-month,DSL,49+ months,64,Electronic check,60.24,1,0,0.1089,Low
TC-03620,Month-to-month,DSL,13-24 months,16,Mailed check,57.94,0,1,0.2353,Medium
TC-03621,Two year,DSL,25-48 months,27,Bank transfer,74.52,0,0,0.011,Low
TC-03622,One year,Fiber optic,25-48 months,25,Mailed check,90.77,4,0,0.3248,Medium
TC-03623,Month-to-month,DSL,25-48 months,33,Credit card,54.76,0,0,0.1176,Low
TC-03624,Month-to-month,DSL,25-48 months,35,Credit card,67.47,1,0,0.1253,Low
TC-03625,Two year,No internet,49+ months,66,Bank transfer,30.25,0,0,0.0013,Low
TC-03626,Two year,Fiber optic,49+ months,72,Credit card,102.47,1,0,0.0102,Low
TC-03627,One year,DSL,25-48 months,33,Credit card,42.1,0,0,0.0208,Low
TC-03628,Month-to-month,Fiber optic,0-12 months,9,Credit card,92.95,2,1,0.7386,High
TC-03629,One year,No internet,49+ months,72,Credit card,21.76,1,0,0.0035,Low
TC-03630,Two year,Fiber optic,49+ months,62,Electronic check,97.24,2,0,0.0254,Low
TC-03631,One year,DSL,25-48 months,27,Credit card,82.11,0,0,0.0219,Low
TC-03632,Two year,Fiber optic,13-24 months,18,Credit card,91.0,3,1,0.0663,Low
TC-03633,Two year,No internet,25-48 months,35,Bank transfer,18.0,1,0,0.0038,Low
TC-03634,One year,Fiber optic,25-48 months,48,Bank transfer,97.38,0,0,0.0559,Low
TC-03635,Month-to-month,Fiber optic,0-12 months,7,Electronic check,84.23,2,1,0.715,High
TC-03636,Month-to-month,Fiber optic,13-24 months,22,Electronic check,99.22,1,0,0.6241,High
TC-03637,One year,DSL,0-12 months,12,Bank transfer,59.37,1,0,0.1021,Low
TC-03638,Two year,No internet,25-48 months,48,Bank transfer,18.0,2,0,0.0026,Low
TC-03639,Two year,Fiber optic,13-24 months,16,Electronic check,83.14,2,0,0.0959,Low
TC-03640,Month-to-month,Fiber optic,13-24 months,16,Bank transfer,91.52,0,1,0.7071,High
TC-03641,Month-to-month,No internet,13-24 months,15,Credit card,24.21,0,0,0.1097,Low
TC-03642,One year,No internet,25-48 months,30,Electronic check,24.84,1,0,0.0249,Low
TC-03643,Two year,Fiber optic,49+ months,70,Credit card,94.77,3,0,0.0092,Low
TC-03644,Month-to-month,No internet,13-24 months,22,Electronic check,33.37,3,0,0.2649,Medium
TC-03645,One year,Fiber optic,13-24 months,16,Electronic check,92.32,2,0,0.1768,Medium
TC-03646,Month-to-month,No internet,25-48 months,37,Electronic check,31.51,2,0,0.1376,Low
TC-03647,Two year,Fiber optic,49+ months,72,Bank transfer,98.49,0,0,0.0105,Low
TC-03648,Month-to-month,Fiber optic,0-12 months,7,Electronic check,97.05,3,1,0.8519,High
TC-03649,Month-to-month,No internet,0-12 months,5,Credit card,18.0,0,0,0.1588,Medium
TC-03650,Two year,No internet,49+ months,72,Mailed check,26.87,2,0,0.0014,Low
TC-03651,Month-to-month,DSL,13-24 months,18,Credit card,55.23,0,1,0.1382,Low
TC-03652,Month-to-month,No internet,25-48 months,32,Bank transfer,21.19,1,1,0.0586,Low
TC-03653,Month-to-month,DSL,0-12 months,9,Mailed check,63.75,1,0,0.1585,Medium
TC-03654,Month-to-month,Fiber optic,13-24 months,19,Electronic check,98.32,0,1,0.5588,High
TC-03655,Month-to-month,DSL,0-12 months,11,Credit card,80.63,0,1,0.2609,Medium
TC-03656,Month-to-month,Fiber optic,0-12 months,0,Electronic check,96.5,2,1,0.7897,High
TC-03657,One year,Fiber optic,13-24 months,17,Mailed check,104.57,0,0,0.1939,Medium
TC-03658,Month-to-month,No internet,0-12 months,8,Mailed check,21.99,0,0,0.1,Low
TC-03659,One year,Fiber optic,25-48 months,29,Credit card,86.82,4,0,0.2904,Medium
TC-03660,Two year,Fiber optic,49+ months,57,Bank transfer,100.84,1,0,0.0191,Low
TC-03661,One year,No internet,25-48 months,35,Bank transfer,18.0,2,0,0.0129,Low
TC-03662,Month-to-month,Fiber optic,25-48 months,29,Electronic check,94.32,0,1,0.7395,High
TC-03663,Two year,DSL,25-48 months,30,Electronic check,86.6,1,0,0.0201,Low
TC-03664,Month-to-month,DSL,0-12 months,10,Credit card,75.39,1,0,0.2931,Medium
TC-03665,Month-to-month,Fiber optic,0-12 months,5,Electronic check,86.82,2,1,0.6137,High
TC-03666,Month-to-month,Fiber optic,0-12 months,11,Credit card,83.22,3,1,0.6483,High
TC-03667,One year,DSL,25-48 months,42,Electronic check,49.91,0,0,0.0434,Low
TC-03668,Month-to-month,DSL,25-48 months,28,Mailed check,65.99,2,1,0.2348,Medium
TC-03669,Month-to-month,DSL,0-12 months,9,Bank transfer,69.68,0,0,0.2124,Medium
TC-03670,One year,No internet,13-24 months,23,Electronic check,24.18,1,0,0.0291,Low
TC-03671,Month-to-month,No internet,13-24 months,17,Bank transfer,18.0,0,0,0.067,Low
TC-03672,Month-to-month,DSL,0-12 months,10,Electronic check,56.88,1,1,0.4327,Medium
TC-03673,Month-to-month,Fiber optic,13-24 months,20,Electronic check,83.37,2,0,0.7028,High
TC-03674,Month-to-month,Fiber optic,0-12 months,7,Electronic check,81.58,1,1,0.6164,High
TC-03675,Month-to-month,Fiber optic,13-24 months,19,Credit card,100.23,2,0,0.6967,High
TC-03676,One year,Fiber optic,0-12 months,7,Bank transfer,89.52,3,1,0.3822,Medium
TC-03677,Month-to-month,DSL,13-24 months,15,Bank transfer,84.71,1,0,0.2597,Medium
TC-03678,Month-to-month,No internet,0-12 months,11,Credit card,18.0,0,0,0.1127,Low
TC-03679,One year,No internet,25-48 months,27,Bank transfer,24.57,0,0,0.0169,Low
TC-03680,Two year,Fiber optic,49+ months,55,Credit card,101.24,2,0,0.0271,Low
TC-03681,One year,Fiber optic,49+ months,58,Mailed check,96.1,0,0,0.048,Low
TC-03682,Month-to-month,DSL,0-12 months,11,Credit card,85.17,1,1,0.3208,Medium
TC-03683,Two year,No internet,49+ months,72,Electronic check,38.83,2,0,0.0023,Low
TC-03684,Month-to-month,DSL,13-24 months,15,Mailed check,65.89,0,0,0.2477,Medium
TC-03685,Two year,No internet,49+ months,61,Credit card,29.12,1,0,0.0013,Low
TC-03686,Month-to-month,DSL,13-24 months,20,Credit card,65.39,1,0,0.254,Medium
TC-03687,Month-to-month,Fiber optic,0-12 months,10,Credit card,100.74,1,1,0.7356,High
TC-03688,Two year,DSL,49+ months,59,Electronic check,51.26,0,0,0.0068,Low
TC-03689,One year,No internet,49+ months,54,Mailed check,18.0,0,0,0.0041,Low
TC-03690,Two year,No internet,25-48 months,39,Electronic check,18.0,2,0,0.0058,Low
TC-03691,Two year,Fiber optic,0-12 months,10,Electronic check,85.94,2,0,0.187,Medium
TC-03692,Month-to-month,Fiber optic,13-24 months,15,Bank transfer,99.33,1,0,0.3987,Medium
TC-03693,Month-to-month,Fiber optic,0-12 months,6,Mailed check,99.68,3,1,0.7756,High
TC-03694,Two year,Fiber optic,25-48 months,30,Electronic check,83.17,1,0,0.0701,Low
TC-03695,Month-to-month,Fiber optic,0-12 months,9,Mailed check,94.24,3,1,0.7199,High
TC-03696,Month-to-month,DSL,25-48 months,41,Electronic check,68.29,0,0,0.138,Low
TC-03697,Two year,Fiber optic,49+ months,61,Bank transfer,92.5,0,0,0.0184,Low
TC-03698,Month-to-month,Fiber optic,25-48 months,36,Credit card,106.72,2,0,0.3567,Medium
TC-03699,Month-to-month,Fiber optic,0-12 months,6,Bank transfer,91.51,2,1,0.7703,High
TC-03700,Month-to-month,DSL,13-24 months,24,Bank transfer,51.56,0,0,0.1648,Medium
TC-03701,Month-to-month,DSL,13-24 months,13,Mailed check,57.59,3,0,0.2569,Medium
TC-03702,Month-to-month,No internet,49+ months,55,Mailed check,31.48,0,0,0.0453,Low
TC-03703,Month-to-month,Fiber optic,0-12 months,9,Electronic check,94.67,1,1,0.7064,High
TC-03704,Two year,DSL,49+ months,56,Credit card,73.24,0,0,0.0065,Low
TC-03705,Month-to-month,Fiber optic,13-24 months,15,Bank transfer,107.65,1,0,0.6147,High
TC-03706,One year,Fiber optic,25-48 months,36,Credit card,100.44,0,0,0.099,Low
TC-03707,Month-to-month,Fiber optic,0-12 months,11,Electronic check,102.71,0,0,0.5365,High
TC-03708,Month-to-month,DSL,0-12 months,5,Credit card,65.76,0,0,0.2239,Medium
TC-03709,Two year,No internet,25-48 months,28,Credit card,24.01,0,0,0.0038,Low
TC-03710,Month-to-month,Fiber optic,0-12 months,9,Electronic check,92.78,1,1,0.7538,High
TC-03711,Two year,DSL,25-48 months,43,Electronic check,65.45,4,0,0.0447,Low
TC-03712,Month-to-month,Fiber optic,25-48 months,41,Credit card,101.34,0,1,0.2748,Medium
TC-03713,One year,Fiber optic,13-24 months,15,Electronic check,86.97,1,1,0.3831,Medium
TC-03714,One year,Fiber optic,25-48 months,43,Mailed check,72.26,1,0,0.0888,Low
TC-03715,Month-to-month,DSL,13-24 months,14,Mailed check,56.19,1,0,0.4026,Medium
TC-03716,Month-to-month,Fiber optic,49+ months,66,Credit card,92.33,1,0,0.2217,Medium
TC-03717,Month-to-month,No internet,0-12 months,5,Credit card,18.96,2,0,0.2795,Medium
TC-03718,Month-to-month,DSL,0-12 months,4,Electronic check,50.14,0,1,0.4577,Medium
TC-03719,Month-to-month,DSL,25-48 months,35,Credit card,60.96,0,0,0.0959,Low
TC-03720,Month-to-month,No internet,0-12 months,9,Mailed check,32.86,0,0,0.1062,Low
TC-03721,Month-to-month,Fiber optic,0-12 months,5,Credit card,85.24,1,1,0.6736,High
TC-03722,Month-to-month,DSL,13-24 months,18,Mailed check,56.45,1,1,0.2566,Medium
TC-03723,Month-to-month,DSL,0-12 months,6,Credit card,61.74,1,0,0.2419,Medium
TC-03724,Month-to-month,Fiber optic,0-12 months,9,Mailed check,86.31,2,1,0.646,High
TC-03725,Month-to-month,DSL,0-12 months,10,Bank transfer,62.41,2,0,0.4094,Medium
TC-03726,One year,Fiber optic,25-48 months,35,Credit card,87.33,1,0,0.1568,Medium
TC-03727,Month-to-month,DSL,0-12 months,10,Electronic check,81.43,0,0,0.2208,Medium
TC-03728,Two year,Fiber optic,25-48 months,42,Bank transfer,93.11,0,0,0.008,Low
TC-03729,Month-to-month,Fiber optic,13-24 months,22,Bank transfer,99.52,0,1,0.6417,High
TC-03730,Two year,Fiber optic,25-48 months,44,Credit card,88.1,0,0,0.0354,Low
TC-03731,Month-to-month,DSL,0-12 months,4,Credit card,56.06,1,0,0.1669,Medium
TC-03732,Month-to-month,Fiber optic,25-48 months,40,Electronic check,99.77,3,0,0.5758,High
TC-03733,Month-to-month,Fiber optic,25-48 months,29,Mailed check,94.77,0,1,0.4335,Medium
TC-03734,Two year,Fiber optic,49+ months,72,Bank transfer,90.07,0,0,0.0046,Low
TC-03735,Month-to-month,No internet,13-24 months,14,Credit card,22.98,0,0,0.0985,Low
TC-03736,Two year,DSL,49+ months,52,Mailed check,69.5,1,0,0.0022,Low
TC-03737,One year,Fiber optic,0-12 months,11,Mailed check,83.85,2,1,0.1888,Medium
TC-03738,Month-to-month,DSL,13-24 months,22,Mailed check,64.01,1,0,0.2212,Medium
TC-03739,Month-to-month,DSL,0-12 months,2,Bank transfer,75.4,0,0,0.175,Medium
TC-03740,Month-to-month,No internet,0-12 months,8,Electronic check,18.8,0,1,0.1887,Medium
TC-03741,Month-to-month,No internet,49+ months,66,Electronic check,22.47,1,0,0.035,Low
TC-03742,One year,Fiber optic,13-24 months,22,Bank transfer,88.48,0,0,0.0894,Low
TC-03743,Month-to-month,Fiber optic,0-12 months,3,Electronic check,90.13,1,1,0.7745,High
TC-03744,Two year,DSL,49+ months,63,Credit card,61.68,0,0,0.0027,Low
TC-03745,Month-to-month,Fiber optic,13-24 months,15,Bank transfer,107.92,0,0,0.5063,High
TC-03746,Month-to-month,DSL,13-24 months,20,Electronic check,68.3,0,0,0.3657,Medium
TC-03747,One year,Fiber optic,0-12 months,8,Bank transfer,79.59,2,0,0.3773,Medium
TC-03748,Month-to-month,DSL,25-48 months,35,Credit card,64.55,0,0,0.1839,Medium
TC-03749,One year,DSL,25-48 months,31,Electronic check,56.2,1,0,0.0997,Low
TC-03750,Month-to-month,DSL,49+ months,54,Bank transfer,57.91,2,1,0.1779,Medium
TC-03751,Month-to-month,DSL,0-12 months,1,Credit card,66.32,0,0,0.3124,Medium
TC-03752,Month-to-month,Fiber optic,13-24 months,17,Mailed check,93.84,1,1,0.5534,High
TC-03753,Month-to-month,DSL,13-24 months,13,Mailed check,67.35,0,0,0.255,Medium
TC-03754,Two year,Fiber optic,49+ months,69,Credit card,93.14,1,0,0.0176,Low
TC-03755,One year,Fiber optic,49+ months,62,Credit card,110.65,0,0,0.0432,Low
TC-03756,Month-to-month,No internet,13-24 months,16,Electronic check,21.6,2,0,0.2185,Medium
TC-03757,Two year,No internet,49+ months,68,Mailed check,28.12,1,0,0.0011,Low
TC-03758,Two year,DSL,49+ months,67,Electronic check,68.8,0,0,0.0062,Low
TC-03759,Month-to-month,Fiber optic,13-24 months,15,Electronic check,101.82,1,0,0.6659,High
TC-03760,Two year,DSL,25-48 months,38,Electronic check,55.19,0,0,0.0087,Low
TC-03761,Month-to-month,Fiber optic,49+ months,59,Electronic check,94.36,4,1,0.6435,High
TC-03762,One year,Fiber optic,25-48 months,26,Electronic check,86.84,1,0,0.2959,Medium
TC-03763,Month-to-month,DSL,13-24 months,13,Bank transfer,65.91,1,0,0.3228,Medium
TC-03764,Month-to-month,Fiber optic,13-24 months,21,Bank transfer,84.42,1,1,0.6697,High
TC-03765,Month-to-month,Fiber optic,0-12 months,6,Bank transfer,103.45,0,0,0.3911,Medium
TC-03766,One year,Fiber optic,13-24 months,19,Electronic check,107.6,2,1,0.2754,Medium
TC-03767,Month-to-month,Fiber optic,25-48 months,32,Bank transfer,89.63,1,1,0.3055,Medium
TC-03768,One year,DSL,25-48 months,29,Bank transfer,65.8,1,0,0.0279,Low
TC-03769,Two year,DSL,25-48 months,35,Credit card,68.34,1,0,0.0163,Low
TC-03770,Month-to-month,DSL,13-24 months,13,Bank transfer,46.66,0,0,0.3321,Medium
TC-03771,Month-to-month,No internet,0-12 months,5,Electronic check,20.46,0,1,0.2664,Medium
TC-03772,One year,No internet,13-24 months,24,Mailed check,28.16,0,1,0.0243,Low
TC-03773,Month-to-month,Fiber optic,13-24 months,19,Bank transfer,108.63,1,1,0.5428,High
TC-03774,Month-to-month,Fiber optic,0-12 months,8,Electronic check,90.05,2,1,0.7156,High
TC-03775,Month-to-month,No internet,0-12 months,7,Electronic check,28.83,0,0,0.2233,Medium
TC-03776,One year,Fiber optic,49+ months,69,Mailed check,77.09,1,0,0.0322,Low
TC-03777,Two year,Fiber optic,25-48 months,39,Electronic check,88.37,3,0,0.08,Low
TC-03778,Two year,Fiber optic,49+ months,66,Credit card,89.03,1,0,0.0251,Low
TC-03779,Two year,Fiber optic,25-48 months,48,Credit card,91.48,1,0,0.0331,Low
TC-03780,Month-to-month,DSL,25-48 months,27,Bank transfer,70.35,1,1,0.1786,Medium
TC-03781,Two year,Fiber optic,49+ months,60,Bank transfer,93.72,2,0,0.0118,Low
TC-03782,One year,Fiber optic,49+ months,72,Credit card,94.93,1,0,0.057,Low
TC-03783,Month-to-month,Fiber optic,13-24 months,16,Electronic check,86.15,2,1,0.7741,High
TC-03784,Two year,DSL,49+ months,72,Credit card,59.66,1,0,0.0032,Low
TC-03785,Month-to-month,Fiber optic,13-24 months,21,Bank transfer,101.01,2,0,0.3531,Medium
TC-03786,One year,Fiber optic,13-24 months,17,Mailed check,93.89,1,0,0.1505,Medium
TC-03787,One year,Fiber optic,25-48 months,42,Electronic check,96.54,1,0,0.124,Low
TC-03788,Two year,Fiber optic,25-48 months,25,Mailed check,89.22,2,0,0.0498,Low
TC-03789,One year,DSL,25-48 months,37,Electronic check,64.02,0,0,0.0878,Low
TC-03790,Two year,No internet,49+ months,72,Electronic check,28.4,0,0,0.0023,Low
TC-03791,Month-to-month,DSL,13-24 months,17,Credit card,44.07,0,0,0.1872,Medium
TC-03792,Month-to-month,No internet,25-48 months,26,Electronic check,18.0,1,0,0.1146,Low
TC-03793,Month-to-month,No internet,0-12 months,7,Mailed check,20.49,2,0,0.1347,Low
TC-03794,One year,DSL,0-12 months,10,Electronic check,64.42,0,0,0.1758,Medium
TC-03795,Month-to-month,DSL,13-24 months,18,Electronic check,72.06,2,0,0.5334,High
TC-03796,Month-to-month,Fiber optic,0-12 months,3,Bank transfer,89.89,2,0,0.7794,High
TC-03797,Month-to-month,DSL,13-24 months,14,Bank transfer,66.65,0,1,0.184,Medium
TC-03798,One year,DSL,25-48 months,33,Mailed check,70.1,1,0,0.0244,Low
TC-03799,Month-to-month,Fiber optic,25-48 months,38,Bank transfer,93.64,1,1,0.3863,Medium
TC-03800,Two year,DSL,13-24 months,17,Electronic check,77.14,0,0,0.0198,Low
TC-03801,Month-to-month,DSL,0-12 months,9,Mailed check,73.34,1,0,0.2636,Medium
TC-03802,Two year,No internet,49+ months,49,Credit card,19.09,0,0,0.0031,Low
TC-03803,One year,Fiber optic,25-48 months,40,Mailed check,84.46,1,1,0.0563,Low
TC-03804,Month-to-month,Fiber optic,13-24 months,19,Bank transfer,93.09,0,1,0.3678,Medium
TC-03805,Month-to-month,No internet,0-12 months,10,Electronic check,22.96,1,0,0.2086,Medium
TC-03806,Month-to-month,Fiber optic,0-12 months,10,Mailed check,79.53,4,0,0.7259,High
TC-03807,Month-to-month,Fiber optic,13-24 months,20,Mailed check,86.81,1,1,0.5683,High
TC-03808,Month-to-month,No internet,25-48 months,27,Bank transfer,19.66,0,1,0.0677,Low
TC-03809,Month-to-month,DSL,25-48 months,37,Credit card,83.8,0,0,0.1457,Low
TC-03810,Month-to-month,Fiber optic,25-48 months,31,Electronic check,87.1,2,0,0.6597,High
TC-03811,Month-to-month,Fiber optic,13-24 months,16,Bank transfer,80.92,5,1,0.8449,High
TC-03812,Month-to-month,No internet,0-12 months,0,Mailed check,21.97,1,0,0.1626,Medium
TC-03813,Two year,Fiber optic,25-48 months,34,Bank transfer,80.88,2,0,0.042,Low
TC-03814,One year,No internet,25-48 months,25,Mailed check,18.0,0,0,0.015,Low
TC-03815,Month-to-month,Fiber optic,0-12 months,6,Bank transfer,84.64,1,1,0.6711,High
TC-03816,Month-to-month,DSL,13-24 months,15,Electronic check,66.46,1,0,0.3373,Medium
TC-03817,Month-to-month,Fiber optic,13-24 months,17,Bank transfer,82.2,0,0,0.663,High
TC-03818,Month-to-month,Fiber optic,25-48 months,38,Electronic check,99.84,0,1,0.5462,High
TC-03819,Month-to-month,Fiber optic,13-24 months,14,Bank transfer,103.65,2,1,0.7034,High
TC-03820,Month-to-month,DSL,13-24 months,14,Electronic check,53.21,1,0,0.26,Medium
TC-03821,Month-to-month,No internet,0-12 months,11,Credit card,18.0,2,0,0.1721,Medium
TC-03822,One year,No internet,25-48 months,41,Electronic check,30.13,0,0,0.0149,Low
TC-03823,Month-to-month,DSL,49+ months,52,Electronic check,54.58,0,0,0.2278,Medium
TC-03824,One year,No internet,49+ months,72,Electronic check,24.8,1,0,0.0064,Low
TC-03825,Month-to-month,DSL,13-24 months,22,Mailed check,63.71,1,0,0.1746,Medium
TC-03826,Month-to-month,Fiber optic,13-24 months,16,Electronic check,104.55,3,1,0.8613,High
TC-03827,Month-to-month,No internet,25-48 months,42,Electronic check,33.66,0,0,0.062,Low
TC-03828,Month-to-month,DSL,13-24 months,20,Electronic check,74.63,1,0,0.5687,High
TC-03829,Month-to-month,No internet,49+ months,66,Electronic check,23.02,3,0,0.047,Low
TC-03830,Month-to-month,No internet,13-24 months,15,Credit card,23.92,1,0,0.1214,Low
TC-03831,Two year,Fiber optic,25-48 months,27,Electronic check,87.01,5,0,0.2448,Medium
TC-03832,Month-to-month,Fiber optic,0-12 months,9,Credit card,90.64,2,0,0.6849,High
TC-03833,Month-to-month,DSL,49+ months,55,Credit card,46.49,0,0,0.0709,Low
TC-03834,Month-to-month,Fiber optic,13-24 months,22,Bank transfer,89.82,3,1,0.6492,High
TC-03835,Two year,DSL,25-48 months,38,Mailed check,47.62,1,0,0.0113,Low
TC-03836,Two year,DSL,25-48 months,38,Electronic check,58.47,0,0,0.0124,Low
TC-03837,One year,No internet,25-48 months,37,Credit card,26.0,0,0,0.0117,Low
TC-03838,Month-to-month,Fiber optic,13-24 months,16,Mailed check,89.31,2,1,0.6019,High
TC-03839,One year,DSL,25-48 months,32,Bank transfer,51.07,1,0,0.0359,Low
TC-03840,Two year,DSL,49+ months,58,Bank transfer,73.36,1,0,0.0072,Low
TC-03841,Month-to-month,Fiber optic,0-12 months,8,Bank transfer,75.9,2,0,0.7062,High
TC-03842,One year,DSL,49+ months,51,Bank transfer,60.36,1,0,0.0197,Low
TC-03843,One year,No internet,0-12 months,6,Mailed check,21.25,1,0,0.0388,Low
TC-03844,Month-to-month,No internet,13-24 months,15,Bank transfer,21.06,0,0,0.1493,Medium
TC-03845,Month-to-month,Fiber optic,25-48 months,31,Mailed check,95.78,0,1,0.2962,Medium
TC-03846,One year,Fiber optic,49+ months,72,Credit card,106.13,0,0,0.0274,Low
TC-03847,Month-to-month,Fiber optic,0-12 months,11,Mailed check,89.0,1,1,0.6072,High
TC-03848,Month-to-month,Fiber optic,13-24 months,16,Electronic check,98.55,2,1,0.6939,High
TC-03849,Month-to-month,Fiber optic,0-12 months,9,Electronic check,93.97,3,0,0.8631,High
TC-03850,Two year,Fiber optic,25-48 months,38,Electronic check,98.09,6,1,0.2249,Medium
TC-03851,Month-to-month,DSL,0-12 months,6,Electronic check,55.03,3,1,0.6358,High
TC-03852,Month-to-month,Fiber optic,0-12 months,2,Mailed check,89.51,2,1,0.6515,High
TC-03853,Month-to-month,DSL,0-12 months,12,Bank transfer,79.23,1,0,0.3193,Medium
TC-03854,Two year,Fiber optic,49+ months,72,Electronic check,104.29,0,0,0.011,Low
TC-03855,Month-to-month,Fiber optic,0-12 months,10,Electronic check,94.54,2,1,0.8919,High
TC-03856,One year,Fiber optic,25-48 months,31,Electronic check,103.66,2,0,0.1564,Medium
TC-03857,Month-to-month,DSL,49+ months,54,Electronic check,66.77,2,1,0.2056,Medium
TC-03858,One year,DSL,25-48 months,26,Mailed check,60.69,1,0,0.018,Low
TC-03859,Month-to-month,Fiber optic,0-12 months,10,Electronic check,82.73,3,1,0.8036,High
TC-03860,One year,Fiber optic,13-24 months,23,Bank transfer,84.31,1,0,0.2204,Medium
TC-03861,Month-to-month,Fiber optic,0-12 months,4,Credit card,90.19,1,1,0.7323,High
TC-03862,One year,Fiber optic,25-48 months,26,Bank transfer,94.51,0,0,0.0875,Low
TC-03863,Month-to-month,Fiber optic,13-24 months,15,Electronic check,80.84,1,0,0.7392,High
TC-03864,Month-to-month,Fiber optic,25-48 months,38,Mailed check,114.36,1,1,0.4377,Medium
TC-03865,Month-to-month,DSL,0-12 months,12,Mailed check,77.81,0,0,0.1922,Medium
TC-03866,Month-to-month,Fiber optic,0-12 months,12,Bank transfer,77.05,2,1,0.766,High
TC-03867,Month-to-month,Fiber optic,13-24 months,15,Mailed check,86.96,1,1,0.4158,Medium
TC-03868,Month-to-month,No internet,25-48 months,25,Credit card,23.65,0,1,0.0663,Low
TC-03869,Month-to-month,Fiber optic,0-12 months,6,Mailed check,89.91,2,1,0.6839,High
TC-03870,Month-to-month,Fiber optic,13-24 months,13,Credit card,89.07,1,1,0.6299,High
TC-03871,Two year,No internet,25-48 months,40,Mailed check,36.19,0,0,0.0033,Low
TC-03872,Month-to-month,DSL,0-12 months,12,Bank transfer,47.07,0,0,0.2489,Medium
TC-03873,Month-to-month,No internet,0-12 months,11,Electronic check,29.64,1,1,0.2174,Medium
TC-03874,One year,No internet,25-48 months,43,Mailed check,22.34,0,0,0.0073,Low
TC-03875,Two year,DSL,25-48 months,35,Mailed check,53.72,1,0,0.0052,Low
TC-03876,One year,DSL,25-48 months,44,Credit card,57.97,0,0,0.014,Low
TC-03877,Month-to-month,Fiber optic,0-12 months,6,Electronic check,76.62,3,1,0.8072,High
TC-03878,Month-to-month,Fiber optic,13-24 months,13,Bank transfer,85.04,1,1,0.5807,High
TC-03879,Month-to-month,DSL,25-48 months,26,Credit card,83.51,1,0,0.2803,Medium
TC-03880,One year,No internet,25-48 months,30,Bank transfer,18.0,3,0,0.0374,Low
TC-03881,Month-to-month,DSL,13-24 months,22,Credit card,48.28,2,0,0.2893,Medium
TC-03882,Month-to-month,Fiber optic,25-48 months,33,Bank transfer,96.46,2,1,0.5626,High
TC-03883,Month-to-month,DSL,0-12 months,12,Mailed check,76.46,0,1,0.3129,Medium
TC-03884,Two year,Fiber optic,25-48 months,46,Electronic check,104.59,1,1,0.0703,Low
TC-03885,Month-to-month,DSL,25-48 months,44,Electronic check,61.73,0,0,0.113,Low
TC-03886,One year,DSL,25-48 months,29,Electronic check,66.68,2,0,0.0956,Low
TC-03887,One year,No internet,49+ months,58,Bank transfer,20.49,1,0,0.0078,Low
TC-03888,Month-to-month,Fiber optic,0-12 months,11,Electronic check,88.63,2,1,0.8077,High
TC-03889,One year,No internet,25-48 months,28,Bank transfer,18.0,2,0,0.0197,Low
TC-03890,Month-to-month,DSL,13-24 months,19,Credit card,71.57,0,0,0.2418,Medium
TC-03891,Month-to-month,Fiber optic,0-12 months,10,Credit card,92.87,1,1,0.7122,High
TC-03892,Month-to-month,Fiber optic,0-12 months,10,Bank transfer,88.81,2,0,0.5508,High
TC-03893,Month-to-month,Fiber optic,25-48 months,34,Credit card,93.47,2,0,0.5767,High
TC-03894,One year,DSL,25-48 months,26,Electronic check,73.53,1,0,0.0683,Low
TC-03895,Month-to-month,No internet,25-48 months,29,Credit card,20.18,2,0,0.0939,Low
TC-03896,Month-to-month,DSL,13-24 months,19,Electronic check,74.82,0,0,0.5484,High
TC-03897,Month-to-month,Fiber optic,0-12 months,5,Credit card,86.93,1,1,0.5898,High
TC-03898,Two year,DSL,25-48 months,38,Electronic check,72.44,0,0,0.0107,Low
TC-03899,Month-to-month,DSL,13-24 months,21,Bank transfer,62.83,1,1,0.1797,Medium
TC-03900,Month-to-month,DSL,0-12 months,4,Electronic check,61.11,1,1,0.4266,Medium
TC-03901,One year,Fiber optic,13-24 months,18,Mailed check,98.04,1,0,0.0853,Low
TC-03902,Two year,Fiber optic,25-48 months,41,Bank transfer,96.18,2,0,0.0792,Low
TC-03903,One year,Fiber optic,0-12 months,11,Bank transfer,99.21,5,0,0.3777,Medium
TC-03904,Month-to-month,DSL,0-12 months,2,Electronic check,59.47,3,0,0.684,High
TC-03905,Month-to-month,Fiber optic,0-12 months,4,Bank transfer,94.28,1,1,0.5933,High
TC-03906,Month-to-month,Fiber optic,25-48 months,26,Bank transfer,82.37,0,1,0.3328,Medium
TC-03907,Two year,DSL,25-48 months,46,Electronic check,51.23,2,0,0.0204,Low
TC-03908,One year,Fiber optic,25-48 months,37,Mailed check,89.6,2,0,0.0713,Low
TC-03909,Month-to-month,Fiber optic,0-12 months,6,Bank transfer,94.51,4,1,0.7044,High
TC-03910,Two year,DSL,49+ months,59,Bank transfer,60.76,1,0,0.0057,Low
TC-03911,Month-to-month,Fiber optic,25-48 months,30,Credit card,89.07,3,0,0.5863,High
TC-03912,Month-to-month,Fiber optic,13-24 months,24,Credit card,81.83,0,0,0.5317,High
TC-03913,Two year,No internet,49+ months,59,Mailed check,20.22,1,0,0.0013,Low
TC-03914,Two year,Fiber optic,49+ months,50,Mailed check,93.9,0,0,0.0148,Low
TC-03915,Month-to-month,No internet,25-48 months,36,Electronic check,22.12,2,0,0.1091,Low
TC-03916,Month-to-month,Fiber optic,0-12 months,11,Bank transfer,90.87,3,1,0.7573,High
TC-03917,Month-to-month,DSL,13-24 months,15,Bank transfer,70.72,1,1,0.3788,Medium
TC-03918,One year,Fiber optic,13-24 months,18,Bank transfer,95.0,2,1,0.346,Medium
TC-03919,Month-to-month,No internet,25-48 months,33,Credit card,18.0,2,0,0.0728,Low
TC-03920,One year,Fiber optic,25-48 months,36,Electronic check,67.67,2,0,0.2784,Medium
TC-03921,One year,DSL,25-48 months,31,Bank transfer,67.27,1,0,0.0489,Low
TC-03922,Month-to-month,No internet,0-12 months,4,Electronic check,18.0,0,0,0.1766,Medium
TC-03923,Two year,No internet,13-24 months,20,Bank transfer,22.25,1,0,0.0053,Low
TC-03924,Month-to-month,Fiber optic,0-12 months,10,Bank transfer,92.11,1,0,0.5741,High
TC-03925,One year,No internet,25-48 months,40,Electronic check,18.0,1,0,0.0196,Low
TC-03926,Month-to-month,No internet,13-24 months,19,Bank transfer,26.99,1,0,0.0856,Low
TC-03927,Month-to-month,Fiber optic,0-12 months,6,Credit card,100.49,2,0,0.8039,High
TC-03928,Month-to-month,DSL,0-12 months,11,Electronic check,58.96,0,1,0.242,Medium
TC-03929,Month-to-month,Fiber optic,25-48 months,30,Bank transfer,85.06,2,0,0.5562,High
TC-03930,Month-to-month,DSL,13-24 months,13,Bank transfer,91.94,1,1,0.2225,Medium
TC-03931,Month-to-month,No internet,13-24 months,16,Credit card,18.0,4,0,0.2018,Medium
TC-03932,Month-to-month,Fiber optic,0-12 months,4,Bank transfer,86.12,1,1,0.6988,High
TC-03933,Month-to-month,No internet,13-24 months,17,Bank transfer,20.92,0,0,0.0707,Low
TC-03934,Month-to-month,DSL,0-12 months,3,Credit card,61.31,2,0,0.3198,Medium
TC-03935,One year,Fiber optic,13-24 months,14,Bank transfer,86.99,3,0,0.3604,Medium
TC-03936,Two year,Fiber optic,13-24 months,21,Bank transfer,90.16,3,0,0.0888,Low
TC-03937,Month-to-month,Fiber optic,0-12 months,11,Electronic check,89.9,1,1,0.7612,High
TC-03938,Two year,Fiber optic,49+ months,67,Mailed check,98.08,1,0,0.0101,Low
TC-03939,One year,No internet,25-48 months,39,Mailed check,30.1,0,0,0.009,Low
TC-03940,Month-to-month,DSL,0-12 months,0,Electronic check,78.71,1,0,0.5918,High
TC-03941,Month-to-month,No internet,0-12 months,7,Mailed check,35.59,0,0,0.1082,Low
TC-03942,Two year,DSL,25-48 months,38,Electronic check,70.63,1,0,0.0138,Low
TC-03943,Month-to-month,DSL,0-12 months,4,Bank transfer,60.24,0,0,0.1951,Medium
TC-03944,Month-to-month,DSL,0-12 months,6,Bank transfer,78.76,0,1,0.1937,Medium
TC-03945,One year,Fiber optic,13-24 months,22,Credit card,97.39,0,1,0.2079,Medium
TC-03946,One year,Fiber optic,13-24 months,18,Electronic check,91.63,0,0,0.319,Medium
TC-03947,Two year,Fiber optic,25-48 months,25,Bank transfer,77.41,1,0,0.0466,Low
TC-03948,Month-to-month,Fiber optic,0-12 months,12,Electronic check,107.1,2,1,0.7505,High
TC-03949,Month-to-month,Fiber optic,13-24 months,13,Credit card,90.23,3,0,0.8339,High
TC-03950,Month-to-month,DSL,0-12 months,10,Bank transfer,53.08,0,0,0.2412,Medium
TC-03951,Month-to-month,Fiber optic,0-12 months,6,Bank transfer,89.35,3,1,0.7594,High
TC-03952,One year,Fiber optic,49+ months,55,Electronic check,96.43,1,0,0.0874,Low
TC-03953,Two year,Fiber optic,49+ months,69,Mailed check,100.96,4,0,0.0129,Low
TC-03954,Month-to-month,Fiber optic,25-48 months,33,Electronic check,97.72,0,0,0.3158,Medium
TC-03955,Month-to-month,Fiber optic,0-12 months,3,Bank transfer,86.39,2,1,0.6263,High
TC-03956,Month-to-month,Fiber optic,13-24 months,24,Electronic check,94.87,2,1,0.8014,High
TC-03957,Month-to-month,No internet,0-12 months,7,Electronic check,18.3,0,0,0.1449,Low
TC-03958,One year,No internet,25-48 months,46,Electronic check,25.98,1,0,0.0262,Low
TC-03959,Two year,Fiber optic,25-48 months,44,Electronic check,94.4,0,0,0.0389,Low
TC-03960,Month-to-month,No internet,0-12 months,5,Electronic check,38.44,1,0,0.315,Medium
TC-03961,One year,DSL,25-48 months,42,Credit card,54.86,1,0,0.0307,Low
TC-03962,Two year,No internet,25-48 months,30,Credit card,20.49,0,0,0.0034,Low
TC-03963,Month-to-month,DSL,25-48 months,29,Electronic check,56.73,2,0,0.3122,Medium
TC-03964,Two year,Fiber optic,49+ months,72,Credit card,89.69,2,0,0.0116,Low
TC-03965,One year,DSL,13-24 months,20,Electronic check,54.96,2,0,0.1556,Medium
TC-03966,One year,Fiber optic,25-48 months,25,Credit card,102.09,4,0,0.2598,Medium
TC-03967,Month-to-month,DSL,25-48 months,35,Electronic check,59.61,1,0,0.2,Medium
TC-03968,Month-to-month,No internet,25-48 months,28,Bank transfer,18.0,0,0,0.0919,Low
TC-03969,Month-to-month,DSL,13-24 months,22,Bank transfer,66.97,2,0,0.3062,Medium
TC-03970,Two year,No internet,25-48 months,48,Electronic check,33.39,2,0,0.0062,Low
TC-03971,Two year,DSL,49+ months,62,Bank transfer,61.98,1,0,0.0027,Low
TC-03972,Month-to-month,No internet,13-24 months,19,Mailed check,27.72,2,0,0.1252,Low
TC-03973,Month-to-month,Fiber optic,25-48 months,28,Credit card,91.31,2,0,0.4605,Medium
TC-03974,Month-to-month,DSL,25-48 months,37,Mailed check,71.23,0,0,0.1495,Medium
TC-03975,Two year,DSL,49+ months,53,Electronic check,78.0,0,0,0.0033,Low
TC-03976,One year,Fiber optic,25-48 months,40,Electronic check,107.45,0,0,0.1802,Medium
TC-03977,Two year,No internet,49+ months,67,Bank transfer,22.63,0,0,0.0017,Low
TC-03978,One year,Fiber optic,49+ months,71,Credit card,83.33,2,0,0.0559,Low
TC-03979,Month-to-month,Fiber optic,49+ months,72,Credit card,87.31,0,0,0.1043,Low
TC-03980,Month-to-month,Fiber optic,13-24 months,21,Mailed check,87.46,1,0,0.3885,Medium
TC-03981,One year,DSL,25-48 months,42,Credit card,87.8,2,0,0.0816,Low
TC-03982,Two year,DSL,49+ months,72,Electronic check,77.07,1,0,0.0044,Low
TC-03983,Month-to-month,Fiber optic,0-12 months,7,Credit card,100.37,2,1,0.7941,High
TC-03984,Month-to-month,DSL,0-12 months,8,Bank transfer,78.24,2,0,0.2568,Medium
TC-03985,Month-to-month,DSL,13-24 months,20,Electronic check,60.11,0,0,0.3928,Medium
TC-03986,Month-to-month,DSL,13-24 months,17,Credit card,76.46,1,0,0.1513,Medium
TC-03987,Month-to-month,DSL,0-12 months,7,Electronic check,67.72,1,0,0.4369,Medium
TC-03988,Month-to-month,Fiber optic,0-12 months,2,Electronic check,89.93,2,1,0.8668,High
TC-03989,Month-to-month,Fiber optic,25-48 months,27,Credit card,94.12,2,0,0.4859,Medium
TC-03990,Month-to-month,DSL,25-48 months,35,Bank transfer,70.93,2,0,0.2293,Medium
TC-03991,Two year,Fiber optic,25-48 months,45,Electronic check,92.94,0,1,0.0496,Low
TC-03992,Two year,Fiber optic,49+ months,72,Mailed check,88.85,3,0,0.0207,Low
TC-03993,Month-to-month,No internet,13-24 months,24,Electronic check,26.59,0,0,0.1181,Low
TC-03994,One year,DSL,25-48 months,32,Credit card,71.82,0,0,0.0248,Low
TC-03995,One year,No internet,13-24 months,24,Electronic check,23.6,1,0,0.0423,Low
TC-03996,Month-to-month,Fiber optic,0-12 months,2,Mailed check,96.63,1,1,0.7069,High
TC-03997,Month-to-month,Fiber optic,25-48 months,45,Electronic check,84.69,4,1,0.629,High
TC-03998,Month-to-month,Fiber optic,13-24 months,22,Electronic check,94.22,1,1,0.7887,High
TC-03999,Month-to-month,Fiber optic,0-12 months,11,Mailed check,97.09,1,1,0.7844,High
TC-04000,Month-to-month,Fiber optic,25-48 months,25,Bank transfer,83.8,1,1,0.6383,High
TC-04001,Two year,Fiber optic,49+ months,51,Credit card,83.54,1,0,0.0383,Low
TC-04002,Month-to-month,No internet,0-12 months,10,Mailed check,23.58,1,1,0.1742,Medium
TC-04003,Month-to-month,DSL,0-12 months,4,Bank transfer,60.79,2,1,0.4243,Medium
TC-04004,One year,DSL,13-24 months,18,Credit card,71.65,0,0,0.0688,Low
TC-04005,Month-to-month,DSL,25-48 months,35,Bank transfer,54.42,1,0,0.1566,Medium
TC-04006,Two year,DSL,25-48 months,35,Mailed check,69.47,3,0,0.016,Low
TC-04007,Month-to-month,Fiber optic,0-12 months,6,Bank transfer,96.71,3,1,0.7226,High
TC-04008,Month-to-month,DSL,25-48 months,29,Mailed check,63.28,2,0,0.1462,Low
TC-04009,One year,No internet,0-12 months,9,Electronic check,18.0,0,0,0.0706,Low
TC-04010,Month-to-month,Fiber optic,25-48 months,26,Bank transfer,96.71,1,1,0.408,Medium
TC-04011,One year,DSL,13-24 months,23,Bank transfer,56.6,1,0,0.0776,Low
TC-04012,Month-to-month,Fiber optic,13-24 months,17,Electronic check,97.66,2,0,0.7005,High
TC-04013,Month-to-month,DSL,13-24 months,23,Bank transfer,55.7,0,0,0.1702,Medium
TC-04014,One year,DSL,25-48 months,36,Electronic check,61.64,1,0,0.0801,Low
TC-04015,Month-to-month,Fiber optic,49+ months,60,Electronic check,94.23,0,1,0.1984,Medium
TC-04016,Two year,DSL,25-48 months,43,Mailed check,73.22,0,0,0.0048,Low
TC-04017,Month-to-month,Fiber optic,25-48 months,32,Electronic check,90.4,0,0,0.5654,High
TC-04018,Month-to-month,No internet,25-48 months,31,Electronic check,19.95,0,0,0.0997,Low
TC-04019,Two year,DSL,49+ months,50,Mailed check,72.59,1,0,0.0107,Low
TC-04020,Month-to-month,Fiber optic,0-12 months,12,Electronic check,95.77,2,0,0.8226,High
TC-04021,Month-to-month,DSL,0-12 months,5,Electronic check,52.54,0,0,0.4697,Medium
TC-04022,Month-to-month,No internet,13-24 months,20,Bank transfer,21.48,2,0,0.1238,Low
TC-04023,Two year,No internet,49+ months,51,Electronic check,31.44,0,0,0.005,Low
TC-04024,Month-to-month,Fiber optic,0-12 months,8,Bank transfer,83.48,2,1,0.5948,High
TC-04025,One year,Fiber optic,49+ months,72,Mailed check,92.12,0,0,0.0186,Low
TC-04026,Two year,Fiber optic,25-48 months,29,Credit card,92.01,0,0,0.0135,Low
TC-04027,One year,No internet,25-48 months,34,Credit card,18.0,2,0,0.0159,Low
TC-04028,One year,DSL,25-48 months,34,Mailed check,53.73,2,0,0.0146,Low
TC-04029,Two year,Fiber optic,49+ months,72,Bank transfer,104.86,1,0,0.0087,Low
TC-04030,Month-to-month,DSL,25-48 months,25,Credit card,78.27,2,1,0.232,Medium
TC-04031,Two year,DSL,49+ months,72,Mailed check,67.89,1,0,0.0017,Low
TC-04032,One year,No internet,25-48 months,46,Electronic check,42.9,1,0,0.0206,Low
TC-04033,Month-to-month,Fiber optic,13-24 months,13,Mailed check,86.91,2,1,0.5416,High
TC-04034,Month-to-month,No internet,0-12 months,5,Credit card,21.19,2,1,0.1777,Medium
TC-04035,Month-to-month,DSL,25-48 months,43,Mailed check,78.08,1,0,0.1493,Medium
TC-04036,Month-to-month,Fiber optic,25-48 months,26,Electronic check,79.92,2,1,0.674,High
TC-04037,Two year,Fiber optic,13-24 months,16,Credit card,90.34,0,1,0.0597,Low
TC-04038,One year,No internet,13-24 months,14,Bank transfer,18.0,4,0,0.0411,Low
TC-04039,Month-to-month,DSL,13-24 months,24,Bank transfer,64.27,2,0,0.3275,Medium
TC-04040,Two year,Fiber optic,49+ months,72,Electronic check,96.37,1,0,0.0139,Low
TC-04041,One year,No internet,13-24 months,22,Electronic check,23.74,1,0,0.0417,Low
TC-04042,Month-to-month,DSL,0-12 months,3,Bank transfer,51.49,1,0,0.3777,Medium
TC-04043,Month-to-month,Fiber optic,25-48 months,32,Credit card,70.88,2,0,0.4307,Medium
TC-04044,Month-to-month,No internet,25-48 months,32,Credit card,18.0,0,0,0.05,Low
TC-04045,Two year,Fiber optic,25-48 months,36,Electronic check,95.41,2,0,0.0818,Low
TC-04046,One year,No internet,25-48 months,29,Bank transfer,18.0,4,0,0.0265,Low
TC-04047,Month-to-month,DSL,13-24 months,23,Credit card,57.52,0,0,0.2339,Medium
TC-04048,One year,DSL,25-48 months,28,Mailed check,59.17,0,1,0.0232,Low
TC-04049,One year,Fiber optic,49+ months,72,Credit card,103.39,1,0,0.0595,Low
TC-04050,One year,DSL,49+ months,68,Credit card,64.43,0,0,0.009,Low
TC-04051,Month-to-month,DSL,25-48 months,31,Electronic check,70.88,1,0,0.227,Medium
TC-04052,Month-to-month,DSL,13-24 months,19,Credit card,50.48,0,0,0.2399,Medium
TC-04053,Month-to-month,No internet,0-12 months,5,Electronic check,19.03,0,0,0.2043,Medium
TC-04054,Two year,Fiber optic,49+ months,56,Bank transfer,95.23,0,0,0.0095,Low
TC-04055,Month-to-month,No internet,0-12 months,2,Credit card,20.17,0,1,0.1294,Low
TC-04056,Month-to-month,Fiber optic,49+ months,68,Mailed check,79.76,2,0,0.0898,Low
TC-04057,One year,Fiber optic,0-12 months,9,Credit card,81.15,0,0,0.2803,Medium
TC-04058,Month-to-month,DSL,49+ months,72,Electronic check,66.73,1,0,0.1266,Low
TC-04059,Two year,Fiber optic,49+ months,49,Credit card,83.25,1,1,0.0453,Low
TC-04060,Month-to-month,No internet,0-12 months,11,Bank transfer,26.45,2,0,0.1748,Medium
TC-04061,Month-to-month,No internet,0-12 months,7,Credit card,24.36,3,0,0.2365,Medium
TC-04062,Month-to-month,DSL,13-24 months,16,Electronic check,71.9,1,0,0.3487,Medium
TC-04063,Month-to-month,Fiber optic,13-24 months,16,Mailed check,88.79,1,1,0.5616,High
TC-04064,Month-to-month,Fiber optic,25-48 months,28,Mailed check,82.39,2,0,0.3363,Medium
TC-04065,Month-to-month,DSL,0-12 months,9,Electronic check,68.52,1,0,0.4232,Medium
TC-04066,One year,No internet,25-48 months,37,Bank transfer,18.0,2,0,0.0133,Low
TC-04067,Month-to-month,DSL,13-24 months,14,Bank transfer,55.92,1,1,0.2868,Medium
TC-04068,One year,Fiber optic,25-48 months,46,Electronic check,80.57,2,0,0.2037,Medium
TC-04069,Month-to-month,DSL,13-24 months,15,Mailed check,59.93,0,0,0.1257,Low
TC-04070,Month-to-month,Fiber optic,13-24 months,13,Electronic check,94.92,0,0,0.4461,Medium
TC-04071,Two year,Fiber optic,25-48 months,32,Mailed check,100.53,2,0,0.0648,Low
TC-04072,Two year,Fiber optic,13-24 months,20,Bank transfer,96.54,3,1,0.1183,Low
TC-04073,One year,DSL,49+ months,72,Mailed check,58.21,2,0,0.0123,Low
TC-04074,Two year,No internet,49+ months,62,Electronic check,27.51,0,0,0.0024,Low
TC-04075,Month-to-month,Fiber optic,0-12 months,6,Mailed check,87.85,1,0,0.6419,High
TC-04076,Month-to-month,DSL,13-24 months,13,Bank transfer,71.11,0,0,0.2766,Medium
TC-04077,Month-to-month,DSL,0-12 months,10,Mailed check,64.15,3,1,0.5382,High
TC-04078,Month-to-month,DSL,25-48 months,47,Bank transfer,61.13,1,0,0.1386,Low
TC-04079,Two year,DSL,25-48 months,31,Bank transfer,62.16,0,0,0.0159,Low
TC-04080,Month-to-month,Fiber optic,0-12 months,11,Mailed check,100.68,0,1,0.5808,High
TC-04081,Month-to-month,DSL,13-24 months,14,Bank transfer,65.25,1,1,0.3459,Medium
TC-04082,One year,Fiber optic,49+ months,72,Electronic check,94.44,1,1,0.0828,Low
TC-04083,Month-to-month,No internet,0-12 months,7,Bank transfer,19.39,2,0,0.149,Medium
TC-04084,Two year,DSL,25-48 months,28,Credit card,53.12,2,0,0.0273,Low
TC-04085,Month-to-month,DSL,0-12 months,11,Electronic check,65.34,2,0,0.5512,High
TC-04086,Month-to-month,DSL,25-48 months,29,Mailed check,60.26,2,0,0.2461,Medium
TC-04087,Month-to-month,Fiber optic,0-12 months,0,Mailed check,90.82,2,0,0.7611,High
TC-04088,Month-to-month,DSL,13-24 months,23,Electronic check,78.13,1,0,0.468,Medium
TC-04089,One year,DSL,25-48 months,31,Electronic check,51.85,1,0,0.0665,Low
TC-04090,Month-to-month,No internet,13-24 months,17,Electronic check,24.94,0,0,0.1446,Low
TC-04091,Month-to-month,No internet,0-12 months,12,Bank transfer,20.73,1,0,0.1324,Low
TC-04092,One year,No internet,49+ months,72,Bank transfer,20.86,1,0,0.004,Low
TC-04093,One year,No internet,49+ months,53,Bank transfer,25.31,0,0,0.0059,Low
TC-04094,Month-to-month,Fiber optic,13-24 months,19,Credit card,104.09,3,1,0.6158,High
TC-04095,Month-to-month,Fiber optic,0-12 months,5,Electronic check,96.06,2,1,0.8559,High
TC-04096,Month-to-month,Fiber optic,0-12 months,12,Electronic check,107.29,1,0,0.71,High
TC-04097,Month-to-month,DSL,0-12 months,8,Electronic check,80.91,0,1,0.6849,High
TC-04098,Month-to-month,Fiber optic,13-24 months,22,Mailed check,88.16,2,1,0.5438,High
TC-04099,Month-to-month,No internet,25-48 months,36,Electronic check,18.0,2,0,0.1002,Low
TC-04100,Two year,Fiber optic,49+ months,72,Credit card,91.58,1,0,0.0074,Low
TC-04101,Month-to-month,DSL,13-24 months,17,Mailed check,55.05,1,0,0.1752,Medium
TC-04102,One year,Fiber optic,49+ months,67,Electronic check,85.64,1,1,0.0881,Low
TC-04103,One year,Fiber optic,0-12 months,10,Electronic check,87.07,2,1,0.4299,Medium
TC-04104,Month-to-month,Fiber optic,0-12 months,6,Credit card,90.01,0,0,0.5524,High
TC-04105,Month-to-month,DSL,13-24 months,17,Bank transfer,80.45,2,0,0.4561,Medium
TC-04106,Month-to-month,DSL,13-24 months,15,Mailed check,61.98,2,0,0.378,Medium
TC-04107,Month-to-month,DSL,0-12 months,6,Credit card,58.0,2,0,0.2916,Medium
TC-04108,Month-to-month,Fiber optic,0-12 months,4,Bank transfer,88.71,4,1,0.8389,High
TC-04109,Two year,Fiber optic,25-48 months,44,Credit card,97.78,1,0,0.0414,Low
TC-04110,Month-to-month,DSL,13-24 months,17,Credit card,69.62,0,0,0.1864,Medium
TC-04111,Month-to-month,No internet,25-48 months,26,Electronic check,22.63,0,0,0.1077,Low
TC-04112,One year,DSL,25-48 months,32,Bank transfer,60.46,2,0,0.0666,Low
TC-04113,Month-to-month,DSL,13-24 months,18,Mailed check,72.91,2,1,0.3761,Medium
TC-04114,Month-to-month,DSL,0-12 months,10,Credit card,65.51,2,0,0.4402,Medium
TC-04115,Month-to-month,No internet,0-12 months,7,Mailed check,25.31,1,0,0.1982,Medium
TC-04116,Month-to-month,Fiber optic,25-48 months,31,Mailed check,86.54,0,0,0.266,Medium
TC-04117,Two year,Fiber optic,25-48 months,44,Mailed check,74.93,1,0,0.011,Low
TC-04118,Month-to-month,No internet,13-24 months,15,Electronic check,20.38,0,0,0.1575,Medium
TC-04119,Month-to-month,DSL,0-12 months,2,Credit card,76.75,0,1,0.3378,Medium
TC-04120,One year,Fiber optic,25-48 months,43,Electronic check,77.94,2,1,0.2234,Medium
TC-04121,Month-to-month,DSL,25-48 months,26,Electronic check,53.61,0,0,0.2834,Medium
TC-04122,Two year,DSL,25-48 months,26,Bank transfer,77.47,0,0,0.0057,Low
TC-04123,Month-to-month,Fiber optic,0-12 months,8,Credit card,95.58,3,1,0.6765,High
TC-04124,Month-to-month,DSL,25-48 months,30,Bank transfer,66.42,1,0,0.1257,Low
TC-04125,Month-to-month,Fiber optic,0-12 months,10,Electronic check,93.06,2,0,0.8535,High
TC-04126,Month-to-month,Fiber optic,13-24 months,13,Credit card,81.65,1,1,0.5979,High
TC-04127,Two year,No internet,49+ months,72,Credit card,23.32,0,0,0.0008,Low
TC-04128,Month-to-month,No internet,0-12 months,11,Bank transfer,18.0,1,0,0.1654,Medium
TC-04129,Month-to-month,Fiber optic,49+ months,50,Electronic check,90.51,1,1,0.4446,Medium
TC-04130,Two year,DSL,25-48 months,43,Electronic check,79.59,0,0,0.0163,Low
TC-04131,Month-to-month,Fiber optic,0-12 months,8,Credit card,104.54,1,1,0.5754,High
TC-04132,Month-to-month,Fiber optic,0-12 months,9,Mailed check,78.05,1,1,0.6299,High
TC-04133,Month-to-month,DSL,0-12 months,7,Electronic check,70.42,0,0,0.5111,High
TC-04134,Month-to-month,Fiber optic,13-24 months,21,Electronic check,104.62,1,0,0.7093,High
TC-04135,Month-to-month,Fiber optic,13-24 months,15,Electronic check,95.68,0,0,0.5826,High
TC-04136,One year,No internet,49+ months,67,Credit card,25.42,1,0,0.0056,Low
TC-04137,One year,DSL,49+ months,53,Electronic check,48.77,2,0,0.0436,Low
TC-04138,Two year,Fiber optic,49+ months,72,Credit card,81.75,3,0,0.0183,Low
TC-04139,One year,Fiber optic,13-24 months,23,Bank transfer,80.96,2,0,0.2287,Medium
TC-04140,Two year,DSL,25-48 months,36,Credit card,76.89,1,0,0.0193,Low
TC-04141,One year,No internet,25-48 months,39,Electronic check,20.63,3,0,0.0312,Low
TC-04142,Month-to-month,Fiber optic,25-48 months,44,Electronic check,81.29,2,1,0.4709,Medium
TC-04143,Month-to-month,Fiber optic,49+ months,54,Electronic check,94.61,0,0,0.2583,Medium
TC-04144,Month-to-month,Fiber optic,25-48 months,35,Bank transfer,98.98,0,0,0.339,Medium
TC-04145,Month-to-month,DSL,13-24 months,16,Bank transfer,75.29,0,0,0.2011,Medium
TC-04146,Month-to-month,Fiber optic,13-24 months,16,Electronic check,98.57,3,0,0.8282,High
TC-04147,One year,Fiber optic,25-48 months,38,Credit card,84.33,1,1,0.1729,Medium
TC-04148,One year,DSL,25-48 months,41,Credit card,66.99,2,0,0.0433,Low
TC-04149,One year,Fiber optic,13-24 months,20,Electronic check,93.74,2,1,0.3677,Medium
TC-04150,Month-to-month,DSL,49+ months,72,Bank transfer,53.98,0,0,0.0471,Low
TC-04151,Month-to-month,DSL,25-48 months,32,Electronic check,41.99,1,0,0.1931,Medium
TC-04152,Month-to-month,No internet,13-24 months,24,Mailed check,19.37,2,0,0.0793,Low
TC-04153,Two year,Fiber optic,25-48 months,28,Bank transfer,79.13,1,0,0.0457,Low
TC-04154,Month-to-month,Fiber optic,13-24 months,24,Electronic check,83.29,3,0,0.7044,High
TC-04155,Month-to-month,Fiber optic,25-48 months,36,Credit card,97.34,0,0,0.1617,Medium
TC-04156,One year,Fiber optic,25-48 months,40,Electronic check,78.17,2,0,0.1385,Low
TC-04157,Month-to-month,Fiber optic,0-12 months,2,Bank transfer,100.51,4,1,0.8822,High
TC-04158,Two year,Fiber optic,49+ months,62,Electronic check,89.25,0,0,0.0188,Low
TC-04159,Month-to-month,Fiber optic,25-48 months,31,Electronic check,89.1,1,1,0.434,Medium
TC-04160,Month-to-month,DSL,25-48 months,33,Credit card,73.29,2,0,0.177,Medium
TC-04161,Month-to-month,Fiber optic,0-12 months,4,Bank transfer,91.08,2,1,0.7799,High
TC-04162,Month-to-month,Fiber optic,0-12 months,8,Credit card,94.9,0,0,0.5037,High
TC-04163,One year,Fiber optic,25-48 months,38,Credit card,86.32,3,0,0.1301,Low
TC-04164,Month-to-month,No internet,0-12 months,4,Electronic check,18.0,0,0,0.173,Medium
TC-04165,Month-to-month,No internet,0-12 months,11,Electronic check,37.86,0,0,0.2541,Medium
TC-04166,One year,DSL,0-12 months,10,Electronic check,57.61,2,0,0.0957,Low
TC-04167,Month-to-month,No internet,13-24 months,18,Credit card,24.23,0,0,0.1027,Low
TC-04168,Two year,No internet,49+ months,72,Credit card,30.65,3,0,0.0022,Low
TC-04169,One year,DSL,25-48 months,47,Bank transfer,79.02,0,0,0.034,Low
TC-04170,One year,Fiber optic,25-48 months,41,Credit card,92.97,1,0,0.1539,Medium
TC-04171,Two year,Fiber optic,49+ months,54,Electronic check,85.03,2,0,0.025,Low
TC-04172,Two year,No internet,13-24 months,14,Credit card,25.53,1,0,0.0091,Low
TC-04173,Month-to-month,DSL,13-24 months,22,Electronic check,62.34,2,0,0.4393,Medium
TC-04174,One year,No internet,49+ months,50,Bank transfer,31.5,0,0,0.0073,Low
TC-04175,Month-to-month,No internet,0-12 months,4,Electronic check,28.78,0,0,0.2328,Medium
TC-04176,Month-to-month,Fiber optic,0-12 months,4,Electronic check,90.11,1,0,0.6861,High
TC-04177,Month-to-month,DSL,49+ months,65,Mailed check,50.98,0,0,0.0564,Low
TC-04178,Month-to-month,No internet,25-48 months,48,Electronic check,32.66,0,0,0.0602,Low
TC-04179,Month-to-month,DSL,25-48 months,43,Electronic check,58.4,0,0,0.2455,Medium
TC-04180,Month-to-month,Fiber optic,49+ months,49,Electronic check,99.34,1,0,0.2571,Medium
TC-04181,One year,DSL,13-24 months,19,Mailed check,72.11,1,0,0.0798,Low
TC-04182,Month-to-month,DSL,25-48 months,35,Credit card,54.43,3,0,0.128,Low
TC-04183,Month-to-month,Fiber optic,13-24 months,15,Credit card,82.97,3,1,0.6782,High
TC-04184,Month-to-month,No internet,13-24 months,23,Mailed check,18.0,1,0,0.0646,Low
TC-04185,Month-to-month,Fiber optic,25-48 months,36,Electronic check,109.51,1,0,0.5554,High
TC-04186,One year,No internet,25-48 months,39,Electronic check,18.0,0,0,0.0132,Low
TC-04187,Month-to-month,Fiber optic,0-12 months,12,Bank transfer,88.99,0,1,0.6324,High
TC-04188,One year,DSL,49+ months,72,Mailed check,61.44,1,0,0.0072,Low
TC-04189,Month-to-month,No internet,13-24 months,19,Electronic check,30.78,0,0,0.1173,Low
TC-04190,Month-to-month,Fiber optic,13-24 months,14,Credit card,89.04,0,1,0.6658,High
TC-04191,Two year,DSL,25-48 months,33,Bank transfer,63.45,2,0,0.0207,Low
TC-04192,Month-to-month,DSL,13-24 months,24,Electronic check,68.41,1,0,0.4016,Medium
TC-04193,Month-to-month,DSL,49+ months,58,Mailed check,82.85,0,0,0.0472,Low
TC-04194,Month-to-month,Fiber optic,25-48 months,33,Bank transfer,90.19,2,0,0.5293,High
TC-04195,Month-to-month,Fiber optic,13-24 months,20,Credit card,97.06,1,0,0.5074,High
TC-04196,Month-to-month,Fiber optic,25-48 months,31,Credit card,88.13,1,0,0.6231,High
TC-04197,Two year,DSL,49+ months,56,Mailed check,64.52,0,0,0.0026,Low
TC-04198,Month-to-month,No internet,13-24 months,18,Mailed check,22.78,0,0,0.0781,Low
TC-04199,One year,Fiber optic,0-12 months,7,Mailed check,76.33,0,0,0.1249,Low
TC-04200,Month-to-month,DSL,13-24 months,20,Electronic check,74.93,0,1,0.1424,Low
TC-04201,Two year,DSL,49+ months,72,Credit card,62.14,2,0,0.006,Low
TC-04202,Month-to-month,Fiber optic,25-48 months,27,Bank transfer,106.2,5,1,0.8346,High
TC-04203,Month-to-month,DSL,0-12 months,7,Bank transfer,70.15,0,1,0.3654,Medium
TC-04204,Month-to-month,Fiber optic,25-48 months,40,Electronic check,85.03,1,0,0.3825,Medium
TC-04205,Two year,Fiber optic,25-48 months,37,Electronic check,100.24,0,0,0.079,Low
TC-04206,Month-to-month,Fiber optic,25-48 months,33,Credit card,82.54,4,1,0.4642,Medium
TC-04207,Month-to-month,Fiber optic,49+ months,49,Credit card,98.75,1,0,0.1609,Medium
TC-04208,Month-to-month,DSL,0-12 months,7,Bank transfer,65.6,0,0,0.2556,Medium
TC-04209,One year,Fiber optic,25-48 months,38,Mailed check,90.22,3,0,0.12,Low
TC-04210,Month-to-month,Fiber optic,25-48 months,39,Bank transfer,99.73,0,0,0.263,Medium
TC-04211,Month-to-month,No internet,25-48 months,25,Electronic check,25.28,1,0,0.134,Low
TC-04212,One year,DSL,49+ months,72,Credit card,55.56,0,0,0.0131,Low
TC-04213,One year,Fiber optic,13-24 months,23,Bank transfer,91.37,0,0,0.1092,Low
TC-04214,Month-to-month,Fiber optic,0-12 months,9,Bank transfer,99.1,1,1,0.5289,High
TC-04215,Month-to-month,Fiber optic,25-48 months,48,Mailed check,94.39,2,1,0.4859,Medium
TC-04216,Month-to-month,DSL,13-24 months,16,Credit card,74.19,4,1,0.4755,Medium
TC-04217,Month-to-month,DSL,25-48 months,40,Electronic check,67.59,1,0,0.1761,Medium
TC-04218,Month-to-month,No internet,13-24 months,19,Electronic check,21.04,1,0,0.1662,Medium
TC-04219,Two year,DSL,25-48 months,29,Electronic check,58.94,1,0,0.0154,Low
TC-04220,Month-to-month,Fiber optic,13-24 months,20,Electronic check,77.7,3,1,0.8296,High
TC-04221,Two year,DSL,49+ months,64,Credit card,58.11,0,0,0.0038,Low
TC-04222,Month-to-month,Fiber optic,13-24 months,14,Electronic check,89.47,0,1,0.5825,High
TC-04223,Month-to-month,Fiber optic,25-48 months,44,Credit card,110.2,0,0,0.3645,Medium
TC-04224,Month-to-month,Fiber optic,0-12 months,9,Credit card,92.21,4,0,0.8288,High
TC-04225,Month-to-month,No internet,13-24 months,16,Electronic check,26.37,0,1,0.1308,Low
TC-04226,Two year,Fiber optic,49+ months,72,Mailed check,105.24,1,0,0.0049,Low
TC-04227,Two year,Fiber optic,0-12 months,8,Electronic check,87.1,0,0,0.0749,Low
TC-04228,Two year,No internet,25-48 months,44,Electronic check,19.05,0,0,0.0058,Low
TC-04229,Month-to-month,No internet,0-12 months,3,Bank transfer,35.47,1,0,0.2221,Medium
TC-04230,Month-to-month,No internet,0-12 months,2,Mailed check,27.94,2,1,0.2113,Medium
TC-04231,One year,Fiber optic,25-48 months,31,Bank transfer,91.9,3,1,0.2684,Medium
TC-04232,Two year,Fiber optic,25-48 months,28,Mailed check,87.68,0,0,0.0344,Low
TC-04233,Month-to-month,DSL,13-24 months,13,Mailed check,73.94,2,1,0.3973,Medium
TC-04234,Two year,Fiber optic,25-48 months,45,Bank transfer,85.18,2,0,0.0427,Low
TC-04235,Month-to-month,Fiber optic,25-48 months,48,Credit card,87.76,1,1,0.3819,Medium
TC-04236,One year,DSL,13-24 months,17,Electronic check,58.56,0,1,0.0613,Low
TC-04237,Month-to-month,DSL,13-24 months,22,Bank transfer,66.74,0,0,0.21,Medium
TC-04238,Two year,Fiber optic,49+ months,54,Credit card,101.35,0,0,0.013,Low
TC-04239,Two year,No internet,25-48 months,34,Credit card,24.68,2,0,0.005,Low
TC-04240,Month-to-month,Fiber optic,0-12 months,8,Credit card,108.82,1,1,0.5902,High
TC-04241,Month-to-month,No internet,13-24 months,14,Bank transfer,27.45,3,1,0.1911,Medium
TC-04242,Month-to-month,No internet,0-12 months,3,Bank transfer,18.0,1,0,0.1586,Medium
TC-04243,Month-to-month,Fiber optic,13-24 months,15,Electronic check,95.37,2,1,0.7058,High
TC-04244,Month-to-month,Fiber optic,13-24 months,16,Electronic check,76.65,1,1,0.6536,High
TC-04245,Month-to-month,DSL,0-12 months,3,Mailed check,74.7,0,0,0.2753,Medium
TC-04246,Month-to-month,No internet,0-12 months,5,Bank transfer,21.96,2,0,0.1977,Medium
TC-04247,Month-to-month,No internet,25-48 months,36,Credit card,18.0,2,0,0.1044,Low
TC-04248,Month-to-month,Fiber optic,25-48 months,34,Electronic check,107.82,4,1,0.6737,High
TC-04249,Two year,DSL,49+ months,72,Mailed check,63.77,0,0,0.0014,Low
TC-04250,Month-to-month,No internet,25-48 months,48,Mailed check,23.55,1,0,0.0374,Low
TC-04251,Two year,Fiber optic,49+ months,49,Electronic check,88.54,0,0,0.036,Low
TC-04252,Month-to-month,Fiber optic,0-12 months,4,Electronic check,89.58,2,1,0.8547,High
TC-04253,Month-to-month,No internet,0-12 months,2,Bank transfer,18.0,0,0,0.1975,Medium
TC-04254,Two year,DSL,13-24 months,23,Credit card,49.59,3,0,0.0316,Low
TC-04255,Month-to-month,No internet,13-24 months,15,Mailed check,20.03,1,0,0.0932,Low
TC-04256,Month-to-month,Fiber optic,13-24 months,21,Electronic check,91.01,0,1,0.6438,High
TC-04257,Month-to-month,Fiber optic,13-24 months,14,Bank transfer,95.79,1,0,0.5159,High
TC-04258,Two year,Fiber optic,13-24 months,24,Electronic check,107.67,3,0,0.1925,Medium
TC-04259,Month-to-month,DSL,13-24 months,22,Electronic check,65.44,0,0,0.3202,Medium
TC-04260,Month-to-month,No internet,0-12 months,1,Credit card,29.69,1,0,0.1759,Medium
TC-04261,Month-to-month,No internet,25-48 months,28,Credit card,26.81,2,0,0.1589,Medium
TC-04262,Month-to-month,Fiber optic,49+ months,58,Electronic check,108.49,0,0,0.2729,Medium
TC-04263,Two year,DSL,25-48 months,28,Electronic check,60.08,3,0,0.0246,Low
TC-04264,Month-to-month,DSL,25-48 months,33,Mailed check,69.18,0,0,0.1049,Low
TC-04265,One year,Fiber optic,13-24 months,13,Electronic check,103.16,1,0,0.4495,Medium
TC-04266,Two year,DSL,25-48 months,45,Electronic check,60.32,1,0,0.0125,Low
TC-04267,Month-to-month,No internet,25-48 months,28,Electronic check,18.0,0,0,0.081,Low
TC-04268,Month-to-month,Fiber optic,0-12 months,3,Mailed check,78.0,2,1,0.6122,High
TC-04269,Month-to-month,Fiber optic,13-24 months,19,Bank transfer,96.78,2,0,0.5601,High
TC-04270,Month-to-month,Fiber optic,13-24 months,22,Mailed check,88.65,1,1,0.236,Medium
TC-04271,Month-to-month,Fiber optic,13-24 months,15,Bank transfer,102.14,2,1,0.7555,High
TC-04272,Month-to-month,Fiber optic,0-12 months,5,Mailed check,82.54,2,1,0.664,High
TC-04273,Month-to-month,Fiber optic,0-12 months,7,Mailed check,91.57,3,0,0.6189,High
TC-04274,One year,DSL,0-12 months,8,Electronic check,54.49,1,0,0.1889,Medium
TC-04275,Month-to-month,No internet,0-12 months,10,Bank transfer,18.0,1,0,0.1371,Low
TC-04276,Two year,DSL,25-48 months,37,Bank transfer,77.16,3,0,0.0149,Low
TC-04277,Month-to-month,DSL,13-24 months,16,Bank transfer,56.88,1,0,0.1848,Medium
TC-04278,Month-to-month,Fiber optic,25-48 months,30,Electronic check,95.66,2,1,0.5874,High
TC-04279,Month-to-month,DSL,13-24 months,20,Electronic check,67.42,1,0,0.4317,Medium
TC-04280,Month-to-month,DSL,0-12 months,10,Electronic check,63.99,0,0,0.4518,Medium
TC-04281,Month-to-month,No internet,13-24 months,16,Electronic check,24.86,1,0,0.1757,Medium
TC-04282,One year,DSL,25-48 months,48,Credit card,70.15,0,0,0.0303,Low
TC-04283,Two year,DSL,49+ months,72,Mailed check,58.86,2,0,0.005,Low
TC-04284,Month-to-month,DSL,0-12 months,9,Mailed check,79.31,0,0,0.2611,Medium
TC-04285,Two year,Fiber optic,25-48 months,31,Bank transfer,106.13,1,0,0.0426,Low
TC-04286,Month-to-month,Fiber optic,25-48 months,26,Credit card,103.64,0,0,0.4165,Medium
TC-04287,Month-to-month,Fiber optic,13-24 months,22,Credit card,92.71,2,1,0.7544,High
TC-04288,Month-to-month,Fiber optic,0-12 months,8,Bank transfer,99.6,0,1,0.5178,High
TC-04289,Two year,Fiber optic,49+ months,63,Mailed check,93.21,1,0,0.008,Low
TC-04290,Month-to-month,DSL,13-24 months,23,Mailed check,59.18,1,0,0.2073,Medium
TC-04291,One year,Fiber optic,13-24 months,15,Mailed check,80.38,3,0,0.3322,Medium
TC-04292,Month-to-month,No internet,13-24 months,23,Credit card,26.59,0,0,0.0815,Low
TC-04293,One year,Fiber optic,0-12 months,10,Credit card,81.44,1,0,0.3234,Medium
TC-04294,Month-to-month,Fiber optic,25-48 months,29,Bank transfer,97.67,2,0,0.5754,High
TC-04295,Month-to-month,Fiber optic,13-24 months,16,Electronic check,98.31,3,1,0.7478,High
TC-04296,One year,Fiber optic,25-48 months,28,Credit card,90.91,4,1,0.2772,Medium
TC-04297,Month-to-month,Fiber optic,25-48 months,32,Mailed check,99.27,2,1,0.4057,Medium
TC-04298,Month-to-month,DSL,0-12 months,5,Bank transfer,56.94,0,0,0.1523,Medium
TC-04299,Two year,Fiber optic,49+ months,68,Electronic check,84.25,2,0,0.0317,Low
TC-04300,Month-to-month,No internet,0-12 months,1,Bank transfer,29.42,0,0,0.1755,Medium
TC-04301,Month-to-month,Fiber optic,25-48 months,36,Credit card,97.62,0,0,0.434,Medium
TC-04302,Month-to-month,No internet,13-24 months,14,Credit card,26.8,1,0,0.1501,Medium
TC-04303,Month-to-month,No internet,25-48 months,30,Mailed check,18.0,1,0,0.047,Low
TC-04304,Month-to-month,DSL,25-48 months,25,Bank transfer,60.71,0,1,0.2183,Medium
TC-04305,Month-to-month,Fiber optic,0-12 months,2,Electronic check,86.09,0,1,0.6622,High
TC-04306,One year,DSL,49+ months,62,Electronic check,69.64,0,0,0.0287,Low
TC-04307,Two year,Fiber optic,49+ months,72,Mailed check,88.96,4,0,0.0148,Low
TC-04308,One year,DSL,25-48 months,26,Credit card,69.71,0,1,0.0432,Low
TC-04309,Month-to-month,No internet,0-12 months,3,Bank transfer,19.97,1,0,0.1768,Medium
TC-04310,Month-to-month,No internet,13-24 months,21,Credit card,25.98,2,0,0.1339,Low
TC-04311,One year,DSL,13-24 months,24,Mailed check,73.78,1,0,0.0242,Low
TC-04312,Two year,Fiber optic,25-48 months,38,Electronic check,82.99,2,0,0.1377,Low
TC-04313,One year,DSL,49+ months,68,Electronic check,63.91,2,0,0.0341,Low
TC-04314,Month-to-month,No internet,13-24 months,14,Electronic check,18.0,1,0,0.1748,Medium
TC-04315,Month-to-month,DSL,13-24 months,24,Bank transfer,65.28,0,0,0.1473,Medium
TC-04316,Two year,No internet,13-24 months,23,Electronic check,26.14,0,0,0.0073,Low
TC-04317,Month-to-month,DSL,0-12 months,2,Credit card,64.61,1,1,0.4998,High
TC-04318,Month-to-month,DSL,25-48 months,28,Credit card,39.19,0,0,0.1577,Medium
TC-04319,Two year,DSL,25-48 months,41,Electronic check,64.0,1,0,0.0123,Low
TC-04320,Month-to-month,No internet,13-24 months,24,Bank transfer,26.0,0,0,0.0818,Low
TC-04321,Two year,DSL,49+ months,61,Bank transfer,91.12,1,0,0.0071,Low
TC-04322,Month-to-month,DSL,13-24 months,17,Electronic check,71.36,0,1,0.2348,Medium
TC-04323,Month-to-month,Fiber optic,25-48 months,36,Electronic check,95.44,1,1,0.3094,Medium
TC-04324,Month-to-month,Fiber optic,0-12 months,10,Mailed check,114.25,4,1,0.842,High
TC-04325,Two year,No internet,49+ months,57,Electronic check,27.89,2,0,0.0043,Low
TC-04326,Month-to-month,Fiber optic,0-12 months,12,Electronic check,83.05,0,1,0.7045,High
TC-04327,Two year,DSL,49+ months,52,Electronic check,73.96,1,0,0.0247,Low
TC-04328,Month-to-month,DSL,13-24 months,22,Electronic check,62.64,0,0,0.2015,Medium
TC-04329,Two year,Fiber optic,49+ months,72,Mailed check,91.98,0,0,0.0097,Low
TC-04330,Month-to-month,Fiber optic,0-12 months,3,Bank transfer,91.12,1,1,0.59,High
TC-04331,Month-to-month,Fiber optic,0-12 months,4,Electronic check,113.62,4,1,0.8879,High
TC-04332,Month-to-month,Fiber optic,0-12 months,10,Bank transfer,94.87,1,1,0.5164,High
TC-04333,One year,DSL,49+ months,52,Credit card,66.78,0,1,0.009,Low
TC-04334,Month-to-month,No internet,13-24 months,19,Bank transfer,18.0,1,0,0.1395,Low
TC-04335,One year,No internet,25-48 months,39,Mailed check,18.0,0,0,0.009,Low
TC-04336,Month-to-month,DSL,25-48 months,43,Bank transfer,44.35,1,0,0.1352,Low
TC-04337,One year,DSL,13-24 months,19,Credit card,76.01,0,0,0.0386,Low
TC-04338,Two year,Fiber optic,49+ months,72,Bank transfer,86.84,1,0,0.01,Low
TC-04339,Month-to-month,DSL,49+ months,54,Credit card,78.63,1,0,0.0536,Low
TC-04340,Month-to-month,DSL,0-12 months,4,Mailed check,75.82,1,1,0.3484,Medium
TC-04341,Two year,Fiber optic,49+ months,54,Electronic check,91.01,1,0,0.0429,Low
TC-04342,Two year,Fiber optic,25-48 months,43,Mailed check,84.67,1,0,0.0293,Low
TC-04343,Two year,Fiber optic,49+ months,72,Credit card,86.07,2,0,0.0108,Low
TC-04344,Month-to-month,Fiber optic,13-24 months,19,Credit card,98.95,0,0,0.5049,High
TC-04345,One year,No internet,25-48 months,43,Bank transfer,34.4,0,0,0.01,Low
TC-04346,Month-to-month,Fiber optic,13-24 months,24,Mailed check,92.67,2,0,0.3702,Medium
TC-04347,Month-to-month,DSL,0-12 months,1,Mailed check,80.92,1,0,0.251,Medium
TC-04348,One year,DSL,25-48 months,48,Bank transfer,62.35,1,0,0.027,Low
TC-04349,Month-to-month,No internet,25-48 months,34,Credit card,18.63,1,0,0.0813,Low
TC-04350,Month-to-month,DSL,0-12 months,9,Mailed check,62.0,2,0,0.4272,Medium
TC-04351,Month-to-month,Fiber optic,25-48 months,34,Electronic check,88.52,1,0,0.5432,High
TC-04352,Month-to-month,No internet,25-48 months,44,Electronic check,18.0,1,0,0.0597,Low
TC-04353,Month-to-month,DSL,25-48 months,29,Electronic check,67.26,0,1,0.3038,Medium
TC-04354,Two year,No internet,49+ months,72,Electronic check,21.09,0,0,0.0021,Low
TC-04355,Month-to-month,DSL,25-48 months,25,Mailed check,56.2,0,0,0.1741,Medium
TC-04356,Two year,DSL,49+ months,63,Mailed check,62.3,3,0,0.007,Low
TC-04357,Two year,DSL,49+ months,67,Mailed check,68.53,0,0,0.0027,Low
TC-04358,Two year,DSL,49+ months,70,Mailed check,84.38,2,0,0.0041,Low
TC-04359,Two year,Fiber optic,49+ months,63,Electronic check,84.71,0,0,0.0144,Low
TC-04360,Month-to-month,DSL,25-48 months,28,Electronic check,51.53,0,1,0.2904,Medium
TC-04361,Month-to-month,No internet,0-12 months,12,Bank transfer,19.72,1,0,0.1295,Low
TC-04362,Month-to-month,DSL,13-24 months,22,Credit card,74.05,3,1,0.2888,Medium
TC-04363,Month-to-month,Fiber optic,49+ months,58,Mailed check,92.42,0,0,0.2268,Medium
TC-04364,Month-to-month,DSL,25-48 months,32,Electronic check,53.42,2,0,0.3251,Medium
TC-04365,Two year,No internet,49+ months,60,Mailed check,23.01,2,0,0.0021,Low
TC-04366,Two year,Fiber optic,25-48 months,45,Electronic check,79.94,1,0,0.0467,Low
TC-04367,Two year,DSL,49+ months,70,Bank transfer,77.07,0,0,0.003,Low
TC-04368,Month-to-month,No internet,25-48 months,30,Mailed check,23.37,0,0,0.0509,Low
TC-04369,Two year,No internet,49+ months,72,Mailed check,18.78,1,0,0.0007,Low
TC-04370,Two year,Fiber optic,25-48 months,41,Mailed check,87.74,0,0,0.0216,Low
TC-04371,Month-to-month,Fiber optic,0-12 months,6,Credit card,85.99,3,1,0.6464,High
TC-04372,Month-to-month,Fiber optic,0-12 months,5,Bank transfer,89.97,1,0,0.5543,High
TC-04373,Month-to-month,Fiber optic,0-12 months,1,Bank transfer,84.8,0,1,0.6758,High
TC-04374,Month-to-month,No internet,0-12 months,9,Credit card,18.0,0,0,0.14,Low
TC-04375,Two year,Fiber optic,49+ months,51,Bank transfer,82.69,1,1,0.0263,Low
TC-04376,Month-to-month,DSL,0-12 months,10,Mailed check,80.54,0,0,0.2412,Medium
TC-04377,Month-to-month,DSL,13-24 months,19,Electronic check,70.96,0,0,0.2426,Medium
TC-04378,Month-to-month,No internet,25-48 months,41,Bank transfer,18.67,2,0,0.0501,Low
TC-04379,Two year,No internet,49+ months,56,Bank transfer,18.0,3,0,0.0035,Low
TC-04380,Month-to-month,No internet,25-48 months,25,Bank transfer,18.0,3,0,0.1207,Low
TC-04381,One year,Fiber optic,0-12 months,9,Credit card,96.78,2,1,0.4208,Medium
TC-04382,Month-to-month,Fiber optic,0-12 months,4,Bank transfer,95.88,1,1,0.7475,High
TC-04383,One year,Fiber optic,49+ months,72,Electronic check,83.56,0,0,0.0389,Low
TC-04384,Two year,Fiber optic,49+ months,58,Credit card,89.6,0,0,0.0138,Low
TC-04385,Two year,DSL,49+ months,57,Mailed check,74.08,0,0,0.0055,Low
TC-04386,Two year,No internet,13-24 months,17,Electronic check,21.88,4,0,0.0208,Low
TC-04387,Month-to-month,DSL,25-48 months,27,Electronic check,67.53,1,0,0.138,Low
TC-04388,Month-to-month,DSL,13-24 months,17,Credit card,56.55,1,0,0.1307,Low
TC-04389,Month-to-month,Fiber optic,0-12 months,12,Electronic check,95.59,6,1,0.8956,High
TC-04390,Month-to-month,DSL,0-12 months,2,Mailed check,65.58,0,0,0.3613,Medium
TC-04391,Month-to-month,DSL,0-12 months,7,Mailed check,61.21,0,0,0.288,Medium
TC-04392,Two year,Fiber optic,25-48 months,34,Electronic check,91.42,0,0,0.0361,Low
TC-04393,Month-to-month,Fiber optic,0-12 months,6,Electronic check,98.8,0,0,0.5537,High
TC-04394,Month-to-month,DSL,25-48 months,25,Electronic check,68.84,0,0,0.2495,Medium
TC-04395,Two year,DSL,49+ months,64,Credit card,62.72,0,0,0.008,Low
TC-04396,Two year,DSL,0-12 months,12,Credit card,56.03,0,0,0.0411,Low
TC-04397,Two year,No internet,49+ months,61,Credit card,23.71,1,0,0.0024,Low
TC-04398,Month-to-month,DSL,0-12 months,5,Credit card,64.17,2,0,0.316,Medium
TC-04399,Month-to-month,No internet,0-12 months,6,Bank transfer,28.1,3,0,0.2234,Medium
TC-04400,Two year,Fiber optic,49+ months,63,Credit card,97.72,1,0,0.0163,Low
TC-04401,Month-to-month,Fiber optic,0-12 months,4,Mailed check,97.21,2,0,0.667,High
TC-04402,Two year,No internet,49+ months,52,Credit card,23.37,0,0,0.002,Low
TC-04403,Month-to-month,DSL,49+ months,49,Bank transfer,54.58,1,0,0.063,Low
TC-04404,Month-to-month,No internet,0-12 months,12,Mailed check,19.11,0,0,0.0906,Low
TC-04405,One year,Fiber optic,49+ months,58,Electronic check,73.28,5,0,0.1838,Medium
TC-04406,One year,DSL,25-48 months,28,Credit card,75.06,3,0,0.1725,Medium
TC-04407,One year,Fiber optic,13-24 months,14,Electronic check,91.25,1,1,0.2231,Medium
TC-04408,Month-to-month,Fiber optic,25-48 months,38,Electronic check,87.99,1,1,0.523,High
TC-04409,One year,No internet,25-48 months,28,Electronic check,18.0,0,0,0.0236,Low
TC-04410,Month-to-month,No internet,13-24 months,13,Credit card,21.93,1,0,0.1194,Low
TC-04411,Month-to-month,No internet,0-12 months,6,Mailed check,31.3,3,0,0.2367,Medium
TC-04412,Month-to-month,No internet,0-12 months,6,Mailed check,24.66,0,0,0.11,Low
TC-04413,Month-to-month,Fiber optic,0-12 months,11,Bank transfer,93.13,2,1,0.675,High
TC-04414,Month-to-month,DSL,0-12 months,11,Bank transfer,64.89,0,1,0.1844,Medium
TC-04415,Month-to-month,DSL,0-12 months,2,Credit card,79.44,1,1,0.5067,High
TC-04416,Month-to-month,Fiber optic,0-12 months,6,Electronic check,93.83,0,1,0.6591,High
TC-04417,Month-to-month,Fiber optic,25-48 months,33,Credit card,91.47,2,0,0.5141,High
TC-04418,Month-to-month,Fiber optic,13-24 months,23,Electronic check,83.15,0,0,0.7063,High
TC-04419,Two year,DSL,25-48 months,39,Bank transfer,71.29,1,0,0.0106,Low
TC-04420,Two year,No internet,49+ months,61,Mailed check,19.02,1,0,0.0014,Low
TC-04421,Month-to-month,No internet,13-24 months,18,Electronic check,21.29,2,0,0.1698,Medium
TC-04422,Month-to-month,No internet,0-12 months,6,Credit card,23.77,0,0,0.1635,Medium
TC-04423,Month-to-month,No internet,0-12 months,12,Credit card,28.26,0,0,0.0963,Low
TC-04424,Month-to-month,Fiber optic,0-12 months,10,Bank transfer,107.66,0,1,0.5643,High
TC-04425,Month-to-month,Fiber optic,25-48 months,41,Bank transfer,93.95,1,0,0.2397,Medium
TC-04426,Month-to-month,DSL,49+ months,56,Credit card,58.64,0,1,0.0707,Low
TC-04427,Month-to-month,Fiber optic,13-24 months,16,Bank transfer,86.24,1,1,0.5647,High
TC-04428,Month-to-month,Fiber optic,13-24 months,15,Bank transfer,101.84,1,0,0.5567,High
TC-04429,One year,DSL,0-12 months,8,Credit card,66.31,2,0,0.1762,Medium
TC-04430,Month-to-month,Fiber optic,0-12 months,12,Bank transfer,97.59,2,0,0.7001,High
TC-04431,Two year,DSL,25-48 months,45,Bank transfer,77.49,0,0,0.0057,Low
TC-04432,Two year,No internet,0-12 months,12,Credit card,18.0,0,0,0.0071,Low
TC-04433,Month-to-month,DSL,25-48 months,39,Credit card,66.76,0,1,0.0776,Low
TC-04434,One year,DSL,49+ months,72,Credit card,64.11,0,0,0.0192,Low
TC-04435,Two year,No internet,49+ months,68,Bank transfer,24.83,0,0,0.0009,Low
TC-04436,Month-to-month,Fiber optic,0-12 months,8,Electronic check,84.49,2,1,0.8621,High
TC-04437,One year,DSL,49+ months,69,Electronic check,69.65,1,0,0.011,Low
TC-04438,Month-to-month,Fiber optic,0-12 months,12,Electronic check,88.8,4,0,0.8534,High
TC-04439,Month-to-month,Fiber optic,13-24 months,13,Electronic check,102.56,2,1,0.5651,High
TC-04440,Month-to-month,No internet,0-12 months,12,Bank transfer,18.67,1,0,0.1286,Low
TC-04441,Month-to-month,DSL,49+ months,52,Credit card,65.95,2,0,0.1063,Low
TC-04442,One year,DSL,25-48 months,28,Credit card,75.39,1,0,0.0814,Low
TC-04443,Month-to-month,DSL,13-24 months,17,Credit card,54.27,0,0,0.2832,Medium
TC-04444,Month-to-month,Fiber optic,25-48 months,29,Credit card,95.57,1,1,0.4205,Medium
TC-04445,Two year,Fiber optic,49+ months,72,Bank transfer,94.77,2,0,0.0095,Low
TC-04446,Month-to-month,DSL,13-24 months,14,Bank transfer,53.94,1,0,0.1824,Medium
TC-04447,Month-to-month,No internet,49+ months,51,Bank transfer,18.0,1,0,0.0292,Low
TC-04448,Two year,Fiber optic,25-48 months,39,Mailed check,81.06,6,0,0.1009,Low
TC-04449,One year,DSL,13-24 months,13,Mailed check,54.12,1,0,0.1239,Low
TC-04450,One year,DSL,49+ months,72,Credit card,77.63,1,0,0.0075,Low
TC-04451,Month-to-month,Fiber optic,13-24 months,16,Credit card,82.4,1,1,0.4838,Medium
TC-04452,One year,No internet,49+ months,49,Bank transfer,31.22,3,0,0.0152,Low
TC-04453,Month-to-month,No internet,25-48 months,33,Electronic check,18.0,1,0,0.1132,Low
TC-04454,Month-to-month,Fiber optic,25-48 months,32,Electronic check,88.96,2,1,0.5052,High
TC-04455,Month-to-month,No internet,0-12 months,4,Bank transfer,18.25,0,1,0.1273,Low
TC-04456,Month-to-month,No internet,0-12 months,2,Bank transfer,18.0,1,0,0.1493,Medium
TC-04457,Two year,Fiber optic,49+ months,50,Electronic check,88.32,0,0,0.0191,Low
TC-04458,One year,DSL,25-48 months,42,Electronic check,68.49,0,0,0.0484,Low
TC-04459,Two year,DSL,25-48 months,44,Mailed check,63.32,0,0,0.0067,Low
TC-04460,Month-to-month,Fiber optic,0-12 months,6,Bank transfer,87.12,1,1,0.5059,High
TC-04461,Month-to-month,No internet,25-48 months,47,Credit card,29.02,0,1,0.0422,Low
TC-04462,Month-to-month,No internet,13-24 months,15,Electronic check,18.0,1,0,0.1504,Medium
TC-04463,Month-to-month,Fiber optic,13-24 months,16,Credit card,107.76,0,0,0.6441,High
TC-04464,Month-to-month,Fiber optic,13-24 months,19,Bank transfer,97.81,1,1,0.4403,Medium
TC-04465,Month-to-month,DSL,0-12 months,1,Bank transfer,60.19,2,1,0.4717,Medium
TC-04466,Month-to-month,DSL,0-12 months,12,Bank transfer,70.4,2,1,0.4239,Medium
TC-04467,Month-to-month,Fiber optic,25-48 months,35,Credit card,82.83,2,0,0.3294,Medium
TC-04468,Two year,Fiber optic,49+ months,56,Credit card,104.01,2,0,0.0322,Low
TC-04469,Month-to-month,DSL,25-48 months,48,Electronic check,65.86,0,1,0.1754,Medium
TC-04470,Two year,Fiber optic,25-48 months,45,Electronic check,102.86,1,0,0.0568,Low
TC-04471,Month-to-month,Fiber optic,0-12 months,10,Electronic check,92.57,2,1,0.8114,High
TC-04472,Month-to-month,Fiber optic,13-24 months,21,Credit card,83.85,2,1,0.7337,High
TC-04473,Two year,Fiber optic,49+ months,72,Bank transfer,90.84,3,0,0.0212,Low
TC-04474,Month-to-month,No internet,13-24 months,16,Electronic check,22.02,0,0,0.1284,Low
TC-04475,Month-to-month,DSL,13-24 months,20,Credit card,47.76,0,0,0.2464,Medium
TC-04476,Month-to-month,No internet,13-24 months,23,Credit card,23.88,0,0,0.0638,Low
TC-04477,Month-to-month,DSL,0-12 months,5,Credit card,51.59,0,1,0.2828,Medium
TC-04478,Month-to-month,Fiber optic,0-12 months,11,Electronic check,86.94,2,1,0.8166,High
TC-04479,One year,Fiber optic,49+ months,52,Electronic check,97.48,0,0,0.113,Low
TC-04480,One year,Fiber optic,13-24 months,17,Electronic check,99.78,3,0,0.6512,High
TC-04481,Month-to-month,Fiber optic,13-24 months,13,Electronic check,106.53,0,1,0.45,Medium
TC-04482,Month-to-month,No internet,25-48 months,30,Electronic check,18.0,1,0,0.1141,Low
TC-04483,Month-to-month,DSL,13-24 months,15,Electronic check,69.73,2,1,0.405,Medium
TC-04484,Two year,Fiber optic,25-48 months,45,Electronic check,96.26,1,0,0.0284,Low
TC-04485,Month-to-month,No internet,13-24 months,23,Credit card,38.35,0,0,0.1177,Low
TC-04486,Month-to-month,DSL,13-24 months,16,Credit card,62.2,0,1,0.2534,Medium
TC-04487,One year,Fiber optic,25-48 months,39,Credit card,91.26,0,0,0.067,Low
TC-04488,Month-to-month,DSL,13-24 months,22,Bank transfer,66.94,1,1,0.2605,Medium
TC-04489,Two year,DSL,49+ months,72,Bank transfer,70.96,3,0,0.0062,Low
TC-04490,Two year,Fiber optic,25-48 months,48,Bank transfer,89.74,0,0,0.0269,Low
TC-04491,Month-to-month,Fiber optic,13-24 months,23,Mailed check,93.09,1,0,0.554,High
TC-04492,Two year,DSL,49+ months,61,Bank transfer,72.51,2,0,0.0041,Low
TC-04493,Month-to-month,DSL,0-12 months,4,Mailed check,56.83,1,1,0.472,Medium
TC-04494,Two year,DSL,25-48 months,32,Credit card,59.47,1,0,0.0171,Low
TC-04495,Month-to-month,DSL,0-12 months,6,Credit card,63.12,2,1,0.4253,Medium
TC-04496,Month-to-month,No internet,25-48 months,32,Credit card,36.15,0,1,0.0608,Low
TC-04497,Month-to-month,DSL,13-24 months,16,Credit card,66.46,0,1,0.2723,Medium
TC-04498,Month-to-month,DSL,13-24 months,17,Credit card,55.37,0,0,0.1755,Medium
TC-04499,Month-to-month,No internet,0-12 months,11,Mailed check,22.21,2,0,0.1623,Medium
TC-04500,Two year,No internet,25-48 months,48,Electronic check,21.18,1,0,0.0065,Low
TC-04501,One year,Fiber optic,0-12 months,10,Bank transfer,101.43,2,1,0.4218,Medium
TC-04502,One year,DSL,49+ months,53,Bank transfer,60.05,1,0,0.0248,Low
TC-04503,One year,DSL,49+ months,53,Credit card,64.04,0,0,0.0116,Low
TC-04504,Month-to-month,Fiber optic,0-12 months,5,Mailed check,97.63,1,0,0.5389,High
TC-04505,Two year,Fiber optic,49+ months,72,Electronic check,82.77,1,0,0.0146,Low
TC-04506,One year,Fiber optic,25-48 months,43,Credit card,84.21,1,0,0.1874,Medium
TC-04507,Month-to-month,Fiber optic,0-12 months,9,Credit card,96.72,3,0,0.7471,High
TC-04508,Month-to-month,Fiber optic,0-12 months,9,Credit card,101.9,0,0,0.3749,Medium
TC-04509,Month-to-month,Fiber optic,25-48 months,26,Bank transfer,74.93,0,0,0.4288,Medium
TC-04510,Month-to-month,DSL,0-12 months,0,Bank transfer,71.45,1,1,0.4984,High
TC-04511,Month-to-month,Fiber optic,0-12 months,5,Credit card,103.64,2,1,0.7122,High
TC-04512,Month-to-month,Fiber optic,0-12 months,10,Credit card,88.4,6,1,0.863,High
TC-04513,Two year,Fiber optic,49+ months,72,Electronic check,98.04,2,0,0.0347,Low
TC-04514,Month-to-month,DSL,25-48 months,32,Bank transfer,69.36,1,1,0.1226,Low
TC-04515,Month-to-month,Fiber optic,0-12 months,7,Electronic check,99.41,1,1,0.785,High
TC-04516,Month-to-month,Fiber optic,13-24 months,19,Credit card,98.41,1,0,0.4665,Medium
TC-04517,One year,DSL,25-48 months,33,Electronic check,53.35,2,0,0.0892,Low
TC-04518,One year,DSL,13-24 months,24,Credit card,53.3,0,0,0.0615,Low
TC-04519,Month-to-month,Fiber optic,0-12 months,4,Credit card,89.92,1,1,0.6116,High
TC-04520,Two year,DSL,49+ months,72,Electronic check,60.15,1,0,0.0061,Low
TC-04521,Month-to-month,DSL,0-12 months,9,Mailed check,80.49,0,0,0.1654,Medium
TC-04522,Month-to-month,Fiber optic,0-12 months,9,Electronic check,90.65,1,1,0.6918,High
TC-04523,One year,DSL,49+ months,66,Credit card,63.39,0,0,0.0121,Low
TC-04524,Month-to-month,Fiber optic,25-48 months,32,Credit card,103.22,1,0,0.2321,Medium
TC-04525,Two year,No internet,25-48 months,38,Electronic check,21.83,0,0,0.0073,Low
TC-04526,Month-to-month,Fiber optic,25-48 months,28,Bank transfer,91.75,2,0,0.2847,Medium
TC-04527,Month-to-month,No internet,0-12 months,10,Electronic check,18.0,1,0,0.2638,Medium
TC-04528,One year,DSL,49+ months,55,Credit card,82.8,1,0,0.0127,Low
TC-04529,Two year,Fiber optic,49+ months,64,Mailed check,93.07,2,0,0.0239,Low
TC-04530,Two year,Fiber optic,49+ months,56,Credit card,79.42,1,0,0.0143,Low
TC-04531,Month-to-month,No internet,13-24 months,16,Mailed check,24.98,0,0,0.0694,Low
TC-04532,Month-to-month,No internet,25-48 months,41,Electronic check,18.0,1,0,0.0691,Low
TC-04533,Month-to-month,Fiber optic,13-24 months,20,Electronic check,93.15,1,0,0.7475,High
TC-04534,One year,Fiber optic,25-48 months,31,Credit card,90.7,1,0,0.1654,Medium
TC-04535,Month-to-month,Fiber optic,25-48 months,25,Mailed check,108.04,1,1,0.4039,Medium
TC-04536,Two year,DSL,13-24 months,22,Electronic check,63.69,1,0,0.0197,Low
TC-04537,One year,DSL,13-24 months,13,Bank transfer,70.99,1,0,0.0804,Low
TC-04538,Month-to-month,DSL,13-24 months,23,Credit card,63.27,1,0,0.2233,Medium
TC-04539,Month-to-month,Fiber optic,13-24 months,15,Bank transfer,76.62,2,1,0.642,High
TC-04540,Month-to-month,DSL,0-12 months,8,Bank transfer,70.15,0,1,0.2973,Medium
TC-04541,Two year,DSL,25-48 months,36,Credit card,65.9,0,0,0.0034,Low
TC-04542,Month-to-month,No internet,0-12 months,11,Bank transfer,21.88,2,0,0.1632,Medium
TC-04543,One year,Fiber optic,25-48 months,30,Mailed check,97.05,4,1,0.3886,Medium
TC-04544,Two year,No internet,49+ months,72,Electronic check,18.0,0,0,0.0012,Low
TC-04545,Month-to-month,Fiber optic,0-12 months,8,Mailed check,87.66,1,0,0.5684,High
TC-04546,Two year,Fiber optic,49+ months,59,Bank transfer,91.7,2,0,0.0286,Low
TC-04547,Month-to-month,Fiber optic,0-12 months,4,Credit card,93.78,0,0,0.7228,High
TC-04548,Month-to-month,Fiber optic,13-24 months,14,Electronic check,91.19,1,1,0.762,High
TC-04549,Month-to-month,DSL,25-48 months,27,Credit card,85.82,0,1,0.2444,Medium
TC-04550,One year,DSL,49+ months,56,Credit card,69.94,2,0,0.0235,Low
TC-04551,Month-to-month,Fiber optic,25-48 months,32,Credit card,88.67,0,0,0.2661,Medium
TC-04552,Two year,DSL,49+ months,67,Electronic check,64.65,2,0,0.0116,Low
TC-04553,Month-to-month,Fiber optic,25-48 months,29,Credit card,93.04,2,0,0.5756,High
TC-04554,One year,No internet,49+ months,61,Mailed check,19.78,0,0,0.0037,Low
TC-04555,Month-to-month,Fiber optic,0-12 months,11,Electronic check,78.78,4,1,0.8691,High
TC-04556,One year,No internet,25-48 months,28,Credit card,18.0,0,0,0.01,Low
TC-04557,One year,Fiber optic,49+ months,50,Bank transfer,89.95,1,0,0.0543,Low
TC-04558,Month-to-month,No internet,13-24 months,22,Credit card,18.0,0,0,0.0581,Low
TC-04559,Month-to-month,Fiber optic,0-12 months,6,Electronic check,84.47,2,1,0.8275,High
TC-04560,Two year,DSL,13-24 months,21,Mailed check,68.93,2,0,0.0275,Low
TC-04561,Two year,Fiber optic,49+ months,71,Bank transfer,89.42,1,0,0.0081,Low
TC-04562,Month-to-month,Fiber optic,0-12 months,7,Bank transfer,94.24,0,1,0.6911,High
TC-04563,Month-to-month,Fiber optic,25-48 months,27,Bank transfer,101.23,1,0,0.2512,Medium
TC-04564,Two year,Fiber optic,25-48 months,38,Electronic check,88.32,1,0,0.0341,Low
TC-04565,Month-to-month,DSL,25-48 months,27,Electronic check,60.79,1,0,0.1857,Medium
TC-04566,Two year,Fiber optic,49+ months,51,Mailed check,81.57,2,0,0.029,Low
TC-04567,Two year,Fiber optic,25-48 months,34,Bank transfer,102.37,1,0,0.0345,Low
TC-04568,Month-to-month,Fiber optic,13-24 months,22,Credit card,103.26,1,1,0.4556,Medium
TC-04569,Two year,DSL,25-48 months,42,Mailed check,68.0,1,0,0.0045,Low
TC-04570,Month-to-month,DSL,25-48 months,30,Electronic check,68.11,0,1,0.2411,Medium
TC-04571,One year,DSL,25-48 months,34,Credit card,66.36,2,0,0.0209,Low
TC-04572,Two year,No internet,25-48 months,41,Bank transfer,25.16,1,0,0.0041,Low
TC-04573,One year,Fiber optic,13-24 months,23,Credit card,80.99,1,0,0.1967,Medium
TC-04574,Two year,DSL,25-48 months,47,Credit card,66.14,0,0,0.0067,Low
TC-04575,Month-to-month,Fiber optic,25-48 months,34,Mailed check,73.71,2,1,0.4208,Medium
TC-04576,Month-to-month,Fiber optic,13-24 months,24,Bank transfer,85.48,5,0,0.5797,High
TC-04577,One year,DSL,25-48 months,27,Mailed check,64.99,0,0,0.053,Low
TC-04578,Month-to-month,DSL,13-24 months,13,Credit card,70.38,2,0,0.2132,Medium
TC-04579,One year,No internet,25-48 months,40,Credit card,25.08,0,0,0.0114,Low
TC-04580,Month-to-month,Fiber optic,25-48 months,42,Electronic check,88.1,3,0,0.6535,High
TC-04581,One year,No internet,25-48 months,29,Bank transfer,18.0,1,0,0.0157,Low
TC-04582,Two year,Fiber optic,49+ months,72,Bank transfer,92.32,1,0,0.0125,Low
TC-04583,One year,No internet,49+ months,56,Bank transfer,18.0,0,0,0.0037,Low
TC-04584,Two year,DSL,13-24 months,13,Mailed check,63.62,2,0,0.0328,Low
TC-04585,Two year,No internet,49+ months,58,Credit card,18.0,2,0,0.0015,Low
TC-04586,Two year,DSL,49+ months,65,Credit card,61.07,0,0,0.0022,Low
TC-04587,Month-to-month,No internet,49+ months,60,Bank transfer,23.76,3,0,0.0381,Low
TC-04588,Month-to-month,No internet,13-24 months,15,Credit card,18.76,4,0,0.2281,Medium
TC-04589,One year,Fiber optic,49+ months,72,Bank transfer,101.13,1,0,0.0627,Low
TC-04590,Month-to-month,Fiber optic,13-24 months,19,Electronic check,98.91,2,0,0.774,High
TC-04591,Two year,No internet,49+ months,72,Credit card,35.53,1,0,0.001,Low
TC-04592,Month-to-month,Fiber optic,25-48 months,26,Bank transfer,96.75,2,1,0.4846,Medium
TC-04593,One year,No internet,25-48 months,26,Electronic check,22.04,1,0,0.0315,Low
TC-04594,Month-to-month,Fiber optic,13-24 months,16,Electronic check,88.83,3,1,0.7146,High
TC-04595,One year,DSL,49+ months,56,Bank transfer,73.15,0,0,0.0281,Low
TC-04596,Two year,No internet,49+ months,72,Electronic check,18.0,0,0,0.0011,Low
TC-04597,Two year,No internet,49+ months,62,Credit card,18.0,1,0,0.0013,Low
TC-04598,Month-to-month,DSL,25-48 months,39,Electronic check,53.67,0,0,0.1187,Low
TC-04599,Month-to-month,No internet,13-24 months,16,Mailed check,27.26,0,1,0.0905,Low
TC-04600,Month-to-month,No internet,0-12 months,3,Mailed check,18.0,0,0,0.1221,Low
TC-04601,Month-to-month,No internet,49+ months,72,Mailed check,24.58,2,0,0.0174,Low
TC-04602,Month-to-month,Fiber optic,0-12 months,9,Electronic check,84.66,1,1,0.7714,High
TC-04603,Two year,DSL,13-24 months,23,Bank transfer,58.93,0,0,0.0104,Low
TC-04604,Two year,DSL,25-48 months,32,Electronic check,65.84,1,0,0.0279,Low
TC-04605,Month-to-month,Fiber optic,0-12 months,10,Mailed check,96.04,2,1,0.7936,High
TC-04606,One year,DSL,49+ months,50,Mailed check,72.4,0,0,0.0226,Low
TC-04607,Two year,Fiber optic,25-48 months,25,Mailed check,89.48,3,0,0.092,Low
TC-04608,Month-to-month,Fiber optic,25-48 months,36,Bank transfer,83.22,1,1,0.2147,Medium
TC-04609,Two year,No internet,25-48 months,37,Bank transfer,20.24,0,0,0.0033,Low
TC-04610,Two year,No internet,0-12 months,12,Bank transfer,32.65,1,0,0.016,Low
TC-04611,Two year,No internet,0-12 months,11,Credit card,36.4,0,0,0.0096,Low
TC-04612,Month-to-month,DSL,13-24 months,20,Bank transfer,67.91,0,1,0.1759,Medium
TC-04613,Two year,DSL,49+ months,56,Credit card,66.0,3,0,0.0106,Low
TC-04614,Two year,DSL,49+ months,64,Credit card,83.39,0,0,0.0024,Low
TC-04615,Month-to-month,No internet,25-48 months,39,Mailed check,18.0,1,0,0.0502,Low
TC-04616,One year,Fiber optic,13-24 months,17,Bank transfer,87.33,0,0,0.1776,Medium
TC-04617,Month-to-month,No internet,49+ months,72,Electronic check,21.21,1,0,0.0292,Low
TC-04618,One year,Fiber optic,13-24 months,21,Electronic check,81.79,3,0,0.3895,Medium
TC-04619,One year,DSL,49+ months,56,Electronic check,65.68,1,0,0.0199,Low
TC-04620,One year,No internet,25-48 months,25,Bank transfer,18.36,1,0,0.0185,Low
TC-04621,Two year,No internet,49+ months,72,Credit card,18.0,1,0,0.001,Low
TC-04622,Month-to-month,DSL,0-12 months,9,Credit card,50.83,2,0,0.4139,Medium
TC-04623,Month-to-month,No internet,13-24 months,14,Mailed check,18.0,2,0,0.1244,Low
TC-04624,Two year,No internet,49+ months,72,Credit card,39.52,0,0,0.001,Low
TC-04625,Month-to-month,Fiber optic,0-12 months,4,Credit card,97.22,0,1,0.692,High
TC-04626,Month-to-month,DSL,0-12 months,12,Electronic check,62.12,0,1,0.2939,Medium
TC-04627,Month-to-month,Fiber optic,25-48 months,45,Bank transfer,85.35,1,0,0.2328,Medium
TC-04628,Two year,DSL,49+ months,72,Electronic check,65.55,1,0,0.0081,Low
TC-04629,Month-to-month,Fiber optic,0-12 months,12,Credit card,96.69,3,1,0.6854,High
TC-04630,Two year,Fiber optic,49+ months,72,Electronic check,79.65,1,0,0.0207,Low
TC-04631,One year,Fiber optic,49+ months,72,Electronic check,90.77,1,0,0.0384,Low
TC-04632,Two year,DSL,25-48 months,30,Mailed check,70.77,1,0,0.0084,Low
TC-04633,Two year,No internet,25-48 months,48,Credit card,19.38,1,0,0.0027,Low
TC-04634,Two year,No internet,49+ months,72,Bank transfer,18.04,2,0,0.0013,Low
TC-04635,Month-to-month,DSL,0-12 months,4,Credit card,58.16,0,0,0.1611,Medium
TC-04636,Month-to-month,DSL,0-12 months,4,Electronic check,59.19,2,0,0.4015,Medium
TC-04637,One year,Fiber optic,25-48 months,35,Credit card,98.93,7,0,0.452,Medium
TC-04638,One year,DSL,25-48 months,29,Electronic check,59.21,0,0,0.0604,Low
TC-04639,Two year,DSL,25-48 months,48,Bank transfer,63.72,0,0,0.0064,Low
TC-04640,Two year,Fiber optic,25-48 months,45,Credit card,86.28,0,0,0.0304,Low
TC-04641,Month-to-month,Fiber optic,0-12 months,5,Mailed check,92.01,0,0,0.658,High
TC-04642,Month-to-month,DSL,0-12 months,9,Credit card,58.87,0,0,0.2383,Medium
TC-04643,One year,DSL,49+ months,72,Bank transfer,59.51,1,0,0.013,Low
TC-04644,One year,No internet,25-48 months,27,Electronic check,30.71,1,0,0.0347,Low
TC-04645,Month-to-month,Fiber optic,0-12 months,12,Electronic check,90.43,2,1,0.8328,High
TC-04646,Month-to-month,No internet,13-24 months,23,Credit card,22.41,1,0,0.0865,Low
TC-04647,Month-to-month,No internet,13-24 months,21,Mailed check,18.0,1,1,0.08,Low
TC-04648,Month-to-month,Fiber optic,0-12 months,2,Electronic check,97.66,2,1,0.8611,High
TC-04649,Month-to-month,Fiber optic,0-12 months,10,Electronic check,98.37,2,1,0.753,High
TC-04650,Month-to-month,No internet,13-24 months,16,Bank transfer,25.39,0,0,0.0953,Low
TC-04651,Month-to-month,Fiber optic,13-24 months,17,Electronic check,91.42,1,1,0.6325,High
TC-04652,Month-to-month,No internet,13-24 months,18,Electronic check,27.47,2,0,0.3034,Medium
TC-04653,Month-to-month,No internet,13-24 months,24,Electronic check,26.31,3,0,0.2285,Medium
TC-04654,Month-to-month,Fiber optic,0-12 months,11,Electronic check,86.18,2,1,0.8073,High
TC-04655,Month-to-month,No internet,0-12 months,4,Bank transfer,22.48,1,0,0.1621,Medium
TC-04656,Month-to-month,No internet,13-24 months,19,Bank transfer,23.87,3,0,0.1311,Low
TC-04657,Two year,DSL,49+ months,55,Credit card,75.6,1,0,0.0092,Low
TC-04658,Two year,No internet,49+ months,52,Credit card,18.0,0,0,0.0014,Low
TC-04659,Month-to-month,Fiber optic,0-12 months,5,Electronic check,90.21,0,1,0.6484,High
TC-04660,Month-to-month,Fiber optic,13-24 months,24,Credit card,94.99,1,1,0.5473,High
TC-04661,Month-to-month,Fiber optic,0-12 months,6,Bank transfer,83.7,2,1,0.7422,High
TC-04662,One year,DSL,49+ months,58,Electronic check,56.26,1,0,0.0149,Low
TC-04663,Month-to-month,No internet,0-12 months,5,Electronic check,18.0,0,0,0.1969,Medium
TC-04664,One year,Fiber optic,49+ months,55,Bank transfer,100.82,1,0,0.0787,Low
TC-04665,One year,Fiber optic,13-24 months,24,Credit card,90.75,0,0,0.1835,Medium
TC-04666,One year,Fiber optic,25-48 months,31,Bank transfer,85.06,3,0,0.2615,Medium
TC-04667,Two year,Fiber optic,25-48 months,32,Credit card,95.21,1,0,0.0374,Low
TC-04668,Month-to-month,DSL,0-12 months,5,Mailed check,65.7,1,0,0.1874,Medium
TC-04669,Month-to-month,Fiber optic,13-24 months,21,Bank transfer,84.8,0,1,0.3062,Medium
TC-04670,Month-to-month,DSL,49+ months,72,Bank transfer,68.71,1,0,0.0315,Low
TC-04671,Month-to-month,Fiber optic,0-12 months,7,Electronic check,95.49,4,0,0.8343,High
TC-04672,One year,Fiber optic,13-24 months,19,Bank transfer,77.62,3,1,0.2906,Medium
TC-04673,Month-to-month,DSL,13-24 months,14,Electronic check,66.72,0,1,0.5323,High
TC-04674,Month-to-month,No internet,25-48 months,43,Bank transfer,18.0,2,0,0.0424,Low
TC-04675,Month-to-month,DSL,25-48 months,35,Electronic check,60.99,2,0,0.2507,Medium
TC-04676,Month-to-month,DSL,0-12 months,3,Credit card,54.6,0,1,0.3172,Medium
TC-04677,Month-to-month,Fiber optic,0-12 months,9,Credit card,80.48,1,1,0.6747,High
TC-04678,Month-to-month,DSL,13-24 months,16,Credit card,65.18,0,1,0.1638,Medium
TC-04679,Two year,DSL,25-48 months,34,Mailed check,60.73,0,0,0.0105,Low
TC-04680,Month-to-month,Fiber optic,0-12 months,4,Credit card,84.9,2,1,0.8356,High
TC-04681,One year,No internet,25-48 months,47,Credit card,18.0,2,0,0.0114,Low
TC-04682,Month-to-month,Fiber optic,0-12 months,11,Electronic check,89.84,1,1,0.7936,High
TC-04683,Month-to-month,Fiber optic,25-48 months,44,Electronic check,81.59,0,0,0.1741,Medium
TC-04684,Month-to-month,Fiber optic,25-48 months,45,Credit card,94.59,1,1,0.4375,Medium
TC-04685,Month-to-month,Fiber optic,13-24 months,14,Mailed check,96.3,1,1,0.6404,High
TC-04686,Two year,No internet,25-48 months,26,Credit card,30.0,3,0,0.0128,Low
TC-04687,Month-to-month,Fiber optic,0-12 months,9,Bank transfer,99.1,4,1,0.7152,High
TC-04688,Month-to-month,DSL,0-12 months,9,Mailed check,49.6,0,0,0.2609,Medium
TC-04689,Two year,DSL,25-48 months,43,Credit card,58.18,0,0,0.003,Low
TC-04690,Two year,DSL,0-12 months,6,Credit card,68.93,0,0,0.0162,Low
TC-04691,Month-to-month,Fiber optic,0-12 months,6,Mailed check,102.26,1,0,0.6985,High
TC-04692,Month-to-month,Fiber optic,25-48 months,34,Credit card,83.18,4,1,0.5665,High
TC-04693,One year,DSL,25-48 months,31,Mailed check,62.81,0,0,0.0107,Low
TC-04694,Month-to-month,DSL,0-12 months,7,Mailed check,64.88,2,1,0.4317,Medium
TC-04695,Month-to-month,No internet,0-12 months,7,Electronic check,18.49,0,0,0.1596,Medium
TC-04696,Month-to-month,No internet,13-24 months,21,Mailed check,22.84,1,0,0.0849,Low
TC-04697,Two year,Fiber optic,25-48 months,46,Bank transfer,98.85,2,0,0.0215,Low
TC-04698,Month-to-month,No internet,0-12 months,7,Electronic check,28.4,0,1,0.1863,Medium
TC-04699,Two year,Fiber optic,25-48 months,25,Credit card,89.3,0,0,0.0412,Low
TC-04700,Month-to-month,DSL,25-48 months,29,Mailed check,76.33,0,0,0.1866,Medium
TC-04701,Month-to-month,DSL,0-12 months,9,Credit card,69.07,2,1,0.4735,Medium
TC-04702,Month-to-month,No internet,13-24 months,20,Credit card,20.48,1,0,0.0828,Low
TC-04703,Two year,DSL,49+ months,53,Electronic check,79.23,1,0,0.0048,Low
TC-04704,Two year,DSL,25-48 months,48,Electronic check,72.22,1,0,0.0066,Low
TC-04705,Month-to-month,Fiber optic,0-12 months,10,Electronic check,83.27,0,1,0.7628,High
TC-04706,Month-to-month,Fiber optic,0-12 months,3,Credit card,85.55,1,0,0.407,Medium
TC-04707,Month-to-month,Fiber optic,25-48 months,28,Mailed check,112.75,0,0,0.2711,Medium
TC-04708,One year,DSL,25-48 months,46,Credit card,57.6,0,0,0.0291,Low
TC-04709,Month-to-month,DSL,0-12 months,9,Mailed check,63.73,1,1,0.3775,Medium
TC-04710,Two year,Fiber optic,13-24 months,23,Credit card,79.2,0,0,0.0252,Low
TC-04711,Month-to-month,No internet,0-12 months,5,Mailed check,23.4,1,0,0.1237,Low
TC-04712,Two year,Fiber optic,25-48 months,44,Bank transfer,90.29,3,0,0.0299,Low
TC-04713,Month-to-month,DSL,13-24 months,18,Bank transfer,53.47,1,0,0.3096,Medium
TC-04714,One year,Fiber optic,13-24 months,20,Credit card,99.27,0,0,0.1337,Low
TC-04715,Month-to-month,DSL,25-48 months,34,Mailed check,84.77,0,0,0.1119,Low
TC-04716,Month-to-month,Fiber optic,13-24 months,15,Bank transfer,100.51,3,1,0.7763,High
TC-04717,Month-to-month,No internet,13-24 months,22,Electronic check,34.0,0,0,0.1193,Low
TC-04718,One year,No internet,25-48 months,29,Bank transfer,28.47,1,0,0.0155,Low
TC-04719,Month-to-month,DSL,13-24 months,16,Electronic check,71.76,0,0,0.2713,Medium
TC-04720,Month-to-month,Fiber optic,0-12 months,5,Electronic check,91.59,3,1,0.8736,High
TC-04721,Two year,DSL,49+ months,72,Electronic check,60.16,1,0,0.0033,Low
TC-04722,Month-to-month,No internet,25-48 months,38,Credit card,25.93,0,0,0.0443,Low
TC-04723,Month-to-month,No internet,25-48 months,36,Mailed check,32.62,1,1,0.047,Low
TC-04724,Month-to-month,Fiber optic,13-24 months,14,Credit card,95.27,2,1,0.7214,High
TC-04725,One year,Fiber optic,13-24 months,20,Mailed check,92.22,0,0,0.1145,Low
TC-04726,Two year,Fiber optic,13-24 months,13,Electronic check,88.36,1,0,0.2359,Medium
TC-04727,Month-to-month,DSL,13-24 months,24,Electronic check,78.26,0,0,0.1569,Medium
TC-04728,Month-to-month,Fiber optic,0-12 months,3,Bank transfer,90.72,4,1,0.7423,High
TC-04729,Month-to-month,Fiber optic,25-48 months,36,Mailed check,101.84,2,0,0.3281,Medium
TC-04730,Month-to-month,Fiber optic,13-24 months,18,Mailed check,88.65,5,1,0.7786,High
TC-04731,Month-to-month,No internet,0-12 months,0,Mailed check,20.42,2,0,0.1711,Medium
TC-04732,Month-to-month,No internet,0-12 months,7,Mailed check,27.52,2,0,0.1501,Medium
TC-04733,Month-to-month,Fiber optic,49+ months,51,Mailed check,79.52,3,0,0.3248,Medium
TC-04734,Two year,Fiber optic,49+ months,72,Credit card,92.49,2,0,0.0165,Low
TC-04735,Month-to-month,Fiber optic,13-24 months,16,Mailed check,92.52,1,1,0.4466,Medium
TC-04736,Month-to-month,Fiber optic,25-48 months,42,Electronic check,90.34,1,1,0.6864,High
TC-04737,Month-to-month,DSL,13-24 months,21,Credit card,63.5,1,0,0.2701,Medium
TC-04738,Month-to-month,Fiber optic,13-24 months,14,Mailed check,88.23,1,1,0.6188,High
TC-04739,Two year,DSL,25-48 months,41,Credit card,64.04,0,0,0.0051,Low
TC-04740,Month-to-month,DSL,13-24 months,22,Electronic check,63.15,0,0,0.1247,Low
TC-04741,Month-to-month,No internet,0-12 months,5,Credit card,22.94,0,0,0.1286,Low
TC-04742,Two year,Fiber optic,25-48 months,28,Bank transfer,110.06,2,0,0.0998,Low
TC-04743,Month-to-month,DSL,25-48 months,44,Electronic check,77.38,2,0,0.3165,Medium
TC-04744,Month-to-month,DSL,49+ months,72,Electronic check,63.07,2,0,0.1021,Low
TC-04745,Two year,No internet,25-48 months,47,Mailed check,23.48,2,0,0.0026,Low
TC-04746,Month-to-month,Fiber optic,25-48 months,30,Credit card,102.57,1,0,0.5662,High
TC-04747,Two year,Fiber optic,25-48 months,28,Electronic check,82.64,1,0,0.0666,Low
TC-04748,Month-to-month,DSL,13-24 months,18,Bank transfer,40.2,2,0,0.2507,Medium
TC-04749,One year,DSL,49+ months,63,Electronic check,60.01,2,0,0.0181,Low
TC-04750,Month-to-month,No internet,13-24 months,14,Credit card,22.56,0,0,0.1056,Low
TC-04751,Month-to-month,DSL,25-48 months,42,Bank transfer,64.56,1,1,0.0904,Low
TC-04752,Two year,DSL,49+ months,50,Electronic check,62.28,3,0,0.0099,Low
TC-04753,Two year,DSL,25-48 months,40,Credit card,49.57,1,0,0.0162,Low
TC-04754,Month-to-month,Fiber optic,0-12 months,2,Mailed check,90.22,1,1,0.5966,High
TC-04755,One year,No internet,13-24 months,23,Bank transfer,36.94,2,0,0.0377,Low
TC-04756,Month-to-month,DSL,13-24 months,15,Bank transfer,64.8,1,1,0.3112,Medium
TC-04757,Month-to-month,DSL,13-24 months,18,Bank transfer,75.94,1,0,0.349,Medium
TC-04758,Month-to-month,No internet,13-24 months,14,Electronic check,18.0,2,1,0.172,Medium
TC-04759,One year,DSL,49+ months,53,Mailed check,63.91,1,0,0.0257,Low
TC-04760,One year,No internet,25-48 months,30,Bank transfer,20.82,1,0,0.0252,Low
TC-04761,One year,DSL,13-24 months,19,Electronic check,72.3,1,1,0.1357,Low
TC-04762,Two year,No internet,25-48 months,35,Credit card,23.42,2,0,0.0047,Low
TC-04763,Month-to-month,DSL,0-12 months,10,Electronic check,70.59,1,0,0.3828,Medium
TC-04764,Month-to-month,DSL,25-48 months,34,Electronic check,69.8,0,0,0.2956,Medium
TC-04765,Month-to-month,DSL,25-48 months,25,Electronic check,72.78,0,0,0.1209,Low
TC-04766,Month-to-month,Fiber optic,0-12 months,4,Electronic check,102.09,1,1,0.7812,High
TC-04767,Two year,Fiber optic,49+ months,56,Electronic check,91.29,1,0,0.0316,Low
TC-04768,Month-to-month,Fiber optic,25-48 months,35,Bank transfer,90.4,1,1,0.4137,Medium
TC-04769,One year,DSL,25-48 months,25,Electronic check,58.92,1,0,0.0633,Low
TC-04770,Two year,No internet,49+ months,54,Electronic check,25.62,2,0,0.0038,Low
TC-04771,Two year,Fiber optic,25-48 months,47,Credit card,86.42,3,0,0.0528,Low
TC-04772,One year,Fiber optic,49+ months,72,Electronic check,85.14,0,0,0.0239,Low
TC-04773,One year,Fiber optic,49+ months,72,Electronic check,96.66,3,0,0.0673,Low
TC-04774,Month-to-month,DSL,13-24 months,15,Mailed check,42.11,0,0,0.1571,Medium
TC-04775,One year,DSL,13-24 months,20,Credit card,56.49,1,0,0.0718,Low
TC-04776,Month-to-month,Fiber optic,0-12 months,7,Credit card,93.11,1,0,0.7373,High
TC-04777,One year,No internet,25-48 months,42,Electronic check,18.0,1,0,0.017,Low
TC-04778,Month-to-month,Fiber optic,25-48 months,30,Mailed check,85.44,0,0,0.3122,Medium
TC-04779,Two year,No internet,25-48 months,27,Mailed check,30.94,0,0,0.0062,Low
TC-04780,Month-to-month,No internet,0-12 months,5,Electronic check,18.0,0,0,0.1862,Medium
TC-04781,Two year,No internet,49+ months,64,Credit card,30.66,1,0,0.0017,Low
TC-04782,Two year,Fiber optic,49+ months,72,Electronic check,71.64,3,0,0.0271,Low
TC-04783,Month-to-month,No internet,25-48 months,42,Electronic check,23.78,2,0,0.1004,Low
TC-04784,Two year,DSL,25-48 months,33,Credit card,65.09,1,0,0.0138,Low
TC-04785,One year,DSL,49+ months,62,Electronic check,55.48,1,0,0.0161,Low
TC-04786,One year,Fiber optic,13-24 months,22,Bank transfer,87.84,1,0,0.2288,Medium
TC-04787,Month-to-month,DSL,13-24 months,13,Electronic check,61.59,0,0,0.4198,Medium
TC-04788,Month-to-month,Fiber optic,13-24 months,18,Credit card,72.92,1,1,0.6702,High
TC-04789,Month-to-month,Fiber optic,25-48 months,25,Credit card,74.33,2,1,0.6636,High
TC-04790,Month-to-month,DSL,0-12 months,2,Bank transfer,76.05,3,1,0.5796,High
TC-04791,One year,Fiber optic,25-48 months,37,Credit card,87.03,1,0,0.0838,Low
TC-04792,One year,Fiber optic,49+ months,61,Mailed check,99.93,1,0,0.0626,Low
TC-04793,One year,Fiber optic,25-48 months,28,Credit card,86.22,0,0,0.1228,Low
TC-04794,Month-to-month,DSL,13-24 months,13,Bank transfer,76.24,1,0,0.1818,Medium
TC-04795,Month-to-month,DSL,13-24 months,16,Bank transfer,75.86,0,0,0.1245,Low
TC-04796,Two year,DSL,13-24 months,21,Electronic check,59.65,0,0,0.0267,Low
TC-04797,Two year,Fiber optic,49+ months,72,Electronic check,89.65,1,0,0.024,Low
TC-04798,Month-to-month,Fiber optic,13-24 months,13,Credit card,94.64,0,0,0.6449,High
TC-04799,Month-to-month,Fiber optic,0-12 months,5,Electronic check,94.55,1,1,0.8803,High
TC-04800,Month-to-month,Fiber optic,0-12 months,4,Mailed check,106.91,1,1,0.5081,High
TC-04801,Two year,Fiber optic,49+ months,72,Electronic check,108.57,1,0,0.0078,Low
TC-04802,Month-to-month,No internet,0-12 months,5,Credit card,18.0,0,1,0.1122,Low
TC-04803,Two year,Fiber optic,0-12 months,11,Electronic check,93.19,0,0,0.0853,Low
TC-04804,Two year,No internet,49+ months,52,Credit card,19.49,0,0,0.0018,Low
TC-04805,Month-to-month,Fiber optic,0-12 months,11,Bank transfer,107.34,1,0,0.6073,High
TC-04806,One year,DSL,49+ months,49,Credit card,77.06,1,0,0.0219,Low
TC-04807,Month-to-month,No internet,25-48 months,40,Mailed check,21.79,4,0,0.0679,Low
TC-04808,One year,No internet,49+ months,51,Credit card,20.75,1,0,0.0073,Low
TC-04809,Month-to-month,Fiber optic,13-24 months,24,Credit card,97.6,0,0,0.2581,Medium
TC-04810,Two year,Fiber optic,25-48 months,35,Bank transfer,91.14,1,0,0.012,Low
TC-04811,Month-to-month,Fiber optic,13-24 months,15,Credit card,93.74,1,1,0.6069,High
TC-04812,Two year,Fiber optic,49+ months,72,Electronic check,98.19,1,0,0.0248,Low
TC-04813,One year,DSL,49+ months,72,Bank transfer,56.4,3,0,0.0185,Low
TC-04814,Month-to-month,DSL,25-48 months,30,Electronic check,49.61,4,1,0.4288,Medium
TC-04815,Two year,Fiber optic,49+ months,66,Mailed check,93.0,2,0,0.0168,Low
TC-04816,Month-to-month,No internet,25-48 months,26,Credit card,24.31,3,1,0.1063,Low
TC-04817,Two year,DSL,13-24 months,19,Electronic check,71.88,2,0,0.0302,Low
TC-04818,Two year,DSL,49+ months,72,Mailed check,54.58,0,0,0.0034,Low
TC-04819,Two year,DSL,49+ months,71,Electronic check,77.01,2,0,0.006,Low
TC-04820,One year,DSL,49+ months,56,Electronic check,70.3,0,0,0.0211,Low
TC-04821,One year,Fiber optic,0-12 months,9,Electronic check,90.33,2,0,0.5081,High
TC-04822,Two year,No internet,25-48 months,37,Electronic check,25.39,2,0,0.0083,Low
TC-04823,Month-to-month,DSL,0-12 months,2,Electronic check,70.06,2,0,0.6621,High
TC-04824,Two year,No internet,49+ months,51,Credit card,19.26,0,0,0.002,Low
TC-04825,Two year,Fiber optic,49+ months,72,Mailed check,93.57,1,0,0.0141,Low
TC-04826,Two year,DSL,49+ months,63,Mailed check,53.76,3,0,0.0058,Low
TC-04827,Month-to-month,Fiber optic,25-48 months,33,Bank transfer,87.45,4,0,0.6375,High
TC-04828,One year,Fiber optic,25-48 months,37,Bank transfer,84.71,2,0,0.1546,Medium
TC-04829,Month-to-month,DSL,0-12 months,8,Bank transfer,60.01,1,0,0.3932,Medium
TC-04830,Month-to-month,DSL,0-12 months,11,Credit card,78.89,1,1,0.328,Medium
TC-04831,Month-to-month,DSL,13-24 months,14,Electronic check,63.55,1,1,0.4789,Medium
TC-04832,One year,DSL,49+ months,62,Electronic check,68.15,1,0,0.0242,Low
TC-04833,Month-to-month,DSL,0-12 months,6,Electronic check,84.79,0,1,0.5587,High
TC-04834,Two year,No internet,49+ months,72,Bank transfer,18.0,5,0,0.0019,Low
TC-04835,Month-to-month,No internet,13-24 months,15,Electronic check,18.0,2,0,0.2445,Medium
TC-04836,Month-to-month,DSL,25-48 months,48,Bank transfer,64.36,1,0,0.1395,Low
TC-04837,Two year,Fiber optic,25-48 months,30,Electronic check,91.3,0,0,0.0388,Low
TC-04838,Month-to-month,No internet,0-12 months,11,Credit card,18.0,1,0,0.1194,Low
TC-04839,Month-to-month,Fiber optic,0-12 months,5,Mailed check,89.29,3,1,0.7882,High
TC-04840,Two year,No internet,25-48 months,42,Mailed check,35.28,1,0,0.0033,Low
TC-04841,Month-to-month,Fiber optic,0-12 months,9,Electronic check,82.67,2,1,0.7841,High
TC-04842,Two year,Fiber optic,25-48 months,37,Bank transfer,100.37,2,0,0.0384,Low
TC-04843,Month-to-month,DSL,0-12 months,5,Mailed check,50.97,1,0,0.2855,Medium
TC-04844,Two year,Fiber optic,13-24 months,21,Bank transfer,99.64,0,0,0.0521,Low
TC-04845,Month-to-month,Fiber optic,13-24 months,22,Credit card,105.12,2,1,0.5326,High
TC-04846,Two year,No internet,25-48 months,47,Electronic check,24.08,1,0,0.0036,Low
TC-04847,Month-to-month,No internet,0-12 months,11,Bank transfer,28.83,1,0,0.1328,Low
TC-04848,Two year,No internet,25-48 months,47,Mailed check,18.0,0,0,0.0029,Low
TC-04849,Month-to-month,No internet,49+ months,54,Electronic check,23.33,2,0,0.0638,Low
TC-04850,Month-to-month,Fiber optic,13-24 months,18,Electronic check,87.13,0,1,0.6189,High
TC-04851,One year,Fiber optic,49+ months,61,Electronic check,90.92,3,0,0.0951,Low
TC-04852,One year,DSL,25-48 months,35,Electronic check,70.86,3,0,0.1421,Low
TC-04853,One year,No internet,25-48 months,38,Bank transfer,18.0,2,0,0.0162,Low
TC-04854,One year,No internet,13-24 months,15,Bank transfer,18.0,0,0,0.0189,Low
TC-04855,Month-to-month,No internet,13-24 months,21,Mailed check,18.0,0,0,0.075,Low
TC-04856,Month-to-month,DSL,25-48 months,33,Electronic check,71.94,4,0,0.5295,High
TC-04857,One year,DSL,49+ months,50,Credit card,63.8,1,0,0.0321,Low
TC-04858,One year,DSL,13-24 months,16,Electronic check,71.47,1,0,0.1823,Medium
TC-04859,One year,Fiber optic,13-24 months,14,Bank transfer,92.55,3,0,0.3911,Medium
TC-04860,Month-to-month,DSL,0-12 months,11,Bank transfer,52.35,1,1,0.358,Medium
TC-04861,Two year,DSL,25-48 months,38,Mailed check,53.16,1,0,0.0058,Low
TC-04862,Month-to-month,No internet,13-24 months,13,Electronic check,18.0,0,0,0.17,Medium
TC-04863,Two year,No internet,13-24 months,22,Bank transfer,18.0,1,0,0.005,Low
TC-04864,Month-to-month,DSL,13-24 months,14,Bank transfer,67.12,0,0,0.211,Medium
TC-04865,One year,No internet,13-24 months,19,Bank transfer,26.23,1,0,0.0428,Low
TC-04866,Two year,No internet,13-24 months,16,Mailed check,27.14,0,0,0.0071,Low
TC-04867,Month-to-month,DSL,0-12 months,8,Bank transfer,69.31,0,1,0.2284,Medium
TC-04868,Two year,DSL,13-24 months,24,Credit card,60.44,0,0,0.0194,Low
TC-04869,Month-to-month,Fiber optic,0-12 months,4,Electronic check,78.77,2,1,0.7058,High
TC-04870,Month-to-month,DSL,0-12 months,12,Bank transfer,68.15,0,1,0.4376,Medium
TC-04871,Month-to-month,Fiber optic,13-24 months,13,Credit card,96.44,2,1,0.5495,High
TC-04872,One year,Fiber optic,49+ months,65,Electronic check,93.76,1,0,0.068,Low
TC-04873,Month-to-month,Fiber optic,13-24 months,18,Credit card,93.41,4,0,0.7489,High
TC-04874,Two year,Fiber optic,49+ months,56,Bank transfer,92.14,1,0,0.0136,Low
TC-04875,Month-to-month,No internet,0-12 months,6,Electronic check,18.0,0,0,0.2831,Medium
TC-04876,Month-to-month,No internet,0-12 months,4,Mailed check,24.97,0,0,0.1224,Low
TC-04877,Month-to-month,DSL,13-24 months,20,Electronic check,55.35,0,1,0.2856,Medium
TC-04878,Month-to-month,DSL,49+ months,72,Credit card,79.9,0,0,0.0619,Low
TC-04879,Month-to-month,Fiber optic,25-48 months,35,Credit card,97.16,2,0,0.4066,Medium
TC-04880,Month-to-month,Fiber optic,0-12 months,3,Electronic check,93.11,0,0,0.5151,High
TC-04881,Month-to-month,Fiber optic,0-12 months,6,Electronic check,78.11,2,1,0.8381,High
TC-04882,Month-to-month,No internet,0-12 months,3,Credit card,18.0,1,0,0.2467,Medium
TC-04883,One year,DSL,25-48 months,27,Credit card,68.82,2,0,0.0713,Low
TC-04884,Month-to-month,DSL,25-48 months,40,Credit card,68.05,1,0,0.1556,Medium
TC-04885,One year,DSL,13-24 months,24,Electronic check,63.89,1,0,0.0591,Low
TC-04886,Month-to-month,Fiber optic,0-12 months,10,Electronic check,83.62,1,0,0.7602,High
TC-04887,Month-to-month,Fiber optic,13-24 months,15,Electronic check,89.48,0,0,0.5164,High
TC-04888,Month-to-month,Fiber optic,0-12 months,7,Mailed check,88.01,2,0,0.5464,High
TC-04889,Month-to-month,Fiber optic,25-48 months,25,Bank transfer,107.67,1,1,0.3396,Medium
TC-04890,Two year,DSL,49+ months,49,Mailed check,52.22,0,0,0.0045,Low
TC-04891,Month-to-month,No internet,0-12 months,11,Credit card,22.69,2,0,0.2443,Medium
TC-04892,Month-to-month,DSL,0-12 months,10,Credit card,71.03,2,0,0.4212,Medium
TC-04893,Month-to-month,No internet,0-12 months,7,Mailed check,25.42,2,0,0.1498,Medium
TC-04894,Two year,No internet,25-48 months,36,Credit card,18.0,0,0,0.0031,Low
TC-04895,One year,DSL,49+ months,50,Electronic check,51.38,1,0,0.0239,Low
TC-04896,One year,Fiber optic,49+ months,49,Electronic check,85.56,2,0,0.1055,Low
TC-04897,Two year,DSL,49+ months,72,Mailed check,61.6,0,0,0.0031,Low
TC-04898,Month-to-month,Fiber optic,25-48 months,37,Electronic check,90.4,1,0,0.5993,High
TC-04899,One year,No internet,13-24 months,13,Bank transfer,18.0,2,0,0.031,Low
TC-04900,Month-to-month,Fiber optic,25-48 months,42,Credit card,86.58,1,1,0.4117,Medium
TC-04901,One year,DSL,13-24 months,18,Mailed check,56.93,3,0,0.0595,Low
TC-04902,Month-to-month,No internet,0-12 months,12,Credit card,32.75,0,0,0.1382,Low
TC-04903,One year,DSL,25-48 months,47,Credit card,74.01,2,0,0.038,Low
TC-04904,Month-to-month,Fiber optic,0-12 months,11,Bank transfer,90.07,4,1,0.8049,High
TC-04905,Month-to-month,No internet,25-48 months,29,Credit card,24.56,0,1,0.0611,Low
TC-04906,One year,DSL,25-48 months,36,Credit card,70.58,0,0,0.0226,Low
TC-04907,Two year,No internet,49+ months,49,Credit card,32.54,1,0,0.0032,Low
TC-04908,Month-to-month,DSL,0-12 months,3,Bank transfer,68.7,1,1,0.4276,Medium
TC-04909,Month-to-month,DSL,0-12 months,4,Mailed check,64.88,4,0,0.5661,High
TC-04910,Month-to-month,Fiber optic,25-48 months,25,Credit card,93.03,0,0,0.2013,Medium
TC-04911,One year,Fiber optic,25-48 months,34,Electronic check,79.27,2,0,0.2278,Medium
TC-04912,Two year,Fiber optic,13-24 months,21,Electronic check,98.83,1,0,0.086,Low
TC-04913,Month-to-month,Fiber optic,25-48 months,32,Electronic check,78.22,5,0,0.5918,High
TC-04914,Month-to-month,No internet,49+ months,72,Credit card,18.0,1,0,0.0155,Low
TC-04915,Month-to-month,DSL,25-48 months,25,Electronic check,60.71,2,0,0.2878,Medium
TC-04916,Two year,DSL,49+ months,65,Electronic check,58.13,3,0,0.0131,Low
TC-04917,Month-to-month,Fiber optic,0-12 months,2,Electronic check,87.76,2,0,0.736,High
TC-04918,Month-to-month,Fiber optic,0-12 months,10,Credit card,92.4,3,1,0.6659,High
TC-04919,Two year,DSL,25-48 months,44,Electronic check,68.91,0,0,0.0126,Low
TC-04920,Two year,DSL,49+ months,72,Electronic check,58.98,1,0,0.0072,Low
TC-04921,Two year,No internet,25-48 months,45,Electronic check,23.42,1,0,0.0044,Low
TC-04922,Month-to-month,DSL,0-12 months,0,Mailed check,78.07,1,0,0.3127,Medium
TC-04923,Month-to-month,No internet,25-48 months,38,Mailed check,18.0,2,0,0.0533,Low
TC-04924,Month-to-month,Fiber optic,25-48 months,38,Electronic check,92.36,5,1,0.7915,High
TC-04925,Two year,Fiber optic,49+ months,53,Credit card,83.98,1,0,0.0179,Low
TC-04926,One year,DSL,0-12 months,10,Electronic check,67.58,1,0,0.105,Low
TC-04927,Month-to-month,Fiber optic,13-24 months,13,Electronic check,100.94,1,1,0.8005,High
TC-04928,Month-to-month,Fiber optic,13-24 months,15,Electronic check,83.23,0,1,0.5354,High
TC-04929,Two year,Fiber optic,25-48 months,36,Electronic check,85.01,0,0,0.0454,Low
TC-04930,Month-to-month,Fiber optic,0-12 months,5,Credit card,107.81,3,1,0.7749,High
TC-04931,One year,DSL,49+ months,58,Electronic check,72.7,1,0,0.021,Low
TC-04932,Two year,DSL,25-48 months,32,Mailed check,66.78,1,0,0.0069,Low
TC-04933,Two year,Fiber optic,49+ months,51,Electronic check,94.08,2,0,0.0636,Low
TC-04934,Two year,Fiber optic,49+ months,72,Bank transfer,81.23,1,0,0.0117,Low
TC-04935,One year,DSL,25-48 months,43,Bank transfer,72.16,0,0,0.021,Low
TC-04936,Month-to-month,DSL,25-48 months,37,Electronic check,77.05,1,1,0.3185,Medium
TC-04937,Month-to-month,DSL,13-24 months,22,Bank transfer,61.21,1,0,0.3269,Medium
TC-04938,Month-to-month,DSL,0-12 months,3,Credit card,82.67,1,0,0.3614,Medium
TC-04939,One year,DSL,25-48 months,31,Electronic check,59.61,1,0,0.0976,Low
TC-04940,Two year,DSL,49+ months,72,Electronic check,54.81,1,0,0.0059,Low
TC-04941,Two year,Fiber optic,0-12 months,10,Credit card,87.44,0,0,0.0437,Low
TC-04942,Two year,No internet,25-48 months,34,Credit card,21.77,1,0,0.0034,Low
TC-04943,Month-to-month,DSL,13-24 months,24,Electronic check,64.45,1,0,0.2537,Medium
TC-04944,Month-to-month,No internet,13-24 months,13,Bank transfer,21.94,1,0,0.1257,Low
TC-04945,Month-to-month,Fiber optic,0-12 months,7,Electronic check,103.61,0,0,0.7101,High
TC-04946,Month-to-month,DSL,0-12 months,1,Mailed check,64.24,0,0,0.1483,Medium
TC-04947,Two year,Fiber optic,25-48 months,27,Bank transfer,91.62,4,0,0.1245,Low
TC-04948,One year,DSL,25-48 months,27,Electronic check,72.99,1,0,0.1058,Low
TC-04949,Month-to-month,DSL,0-12 months,7,Bank transfer,68.65,4,0,0.4587,Medium
TC-04950,Month-to-month,DSL,25-48 months,34,Bank transfer,64.7,2,0,0.3244,Medium
TC-04951,Two year,Fiber optic,49+ months,55,Electronic check,107.03,0,0,0.0347,Low
TC-04952,Two year,DSL,49+ months,63,Bank transfer,51.76,2,0,0.0041,Low
TC-04953,Two year,DSL,25-48 months,25,Electronic check,71.58,1,0,0.0129,Low
TC-04954,Month-to-month,No internet,25-48 months,37,Electronic check,21.34,0,0,0.0669,Low
TC-04955,Month-to-month,DSL,13-24 months,14,Electronic check,73.95,0,0,0.3277,Medium
TC-04956,One year,DSL,25-48 months,42,Electronic check,59.03,1,0,0.026,Low
TC-04957,Two year,DSL,49+ months,65,Electronic check,52.03,1,0,0.0103,Low
TC-04958,Month-to-month,DSL,0-12 months,2,Credit card,55.64,1,0,0.2245,Medium
TC-04959,Month-to-month,DSL,0-12 months,2,Electronic check,65.24,0,1,0.5195,High
TC-04960,Month-to-month,Fiber optic,25-48 months,32,Mailed check,99.18,4,1,0.7556,High
TC-04961,Month-to-month,No internet,25-48 months,25,Bank transfer,24.66,1,1,0.0762,Low
TC-04962,Month-to-month,Fiber optic,25-48 months,35,Credit card,87.51,1,1,0.3734,Medium
TC-04963,Two year,Fiber optic,25-48 months,46,Electronic check,106.57,0,0,0.0174,Low
TC-04964,One year,DSL,25-48 months,25,Bank transfer,62.71,1,0,0.0784,Low
TC-04965,Month-to-month,Fiber optic,25-48 months,26,Electronic check,94.77,2,0,0.5427,High
TC-04966,Month-to-month,DSL,0-12 months,9,Electronic check,60.71,1,1,0.5109,High
TC-04967,Month-to-month,Fiber optic,25-48 months,30,Mailed check,88.12,2,0,0.4143,Medium
TC-04968,Two year,DSL,25-48 months,41,Credit card,67.92,0,0,0.0088,Low
TC-04969,Month-to-month,DSL,0-12 months,12,Bank transfer,69.55,1,0,0.3214,Medium
TC-04970,Month-to-month,Fiber optic,25-48 months,36,Electronic check,86.32,2,1,0.5631,High
TC-04971,One year,Fiber optic,49+ months,53,Mailed check,85.41,1,0,0.0658,Low
TC-04972,Two year,DSL,49+ months,72,Credit card,70.28,0,0,0.0023,Low
TC-04973,Month-to-month,Fiber optic,13-24 months,14,Bank transfer,91.2,2,1,0.7059,High
TC-04974,Two year,No internet,25-48 months,43,Credit card,27.07,0,0,0.0031,Low
TC-04975,Month-to-month,DSL,13-24 months,18,Credit card,65.05,2,0,0.267,Medium
TC-04976,Month-to-month,DSL,13-24 months,23,Electronic check,75.2,1,1,0.2964,Medium
TC-04977,Two year,Fiber optic,25-48 months,41,Credit card,99.17,2,0,0.0745,Low
TC-04978,Two year,Fiber optic,49+ months,52,Electronic check,85.02,3,0,0.0332,Low
TC-04979,Month-to-month,DSL,0-12 months,2,Credit card,55.35,0,1,0.3863,Medium
TC-04980,One year,No internet,49+ months,72,Electronic check,28.85,0,0,0.0052,Low
TC-04981,One year,Fiber optic,13-24 months,21,Credit card,89.13,0,0,0.0944,Low
TC-04982,Month-to-month,Fiber optic,25-48 months,47,Mailed check,104.69,4,0,0.4014,Medium
TC-04983,Two year,DSL,49+ months,49,Credit card,71.69,0,0,0.0158,Low
TC-04984,One year,No internet,0-12 months,4,Electronic check,18.0,1,1,0.0665,Low
TC-04985,Month-to-month,DSL,13-24 months,14,Mailed check,66.04,0,0,0.2699,Medium
TC-04986,Month-to-month,Fiber optic,0-12 months,6,Credit card,91.82,4,1,0.8432,High
TC-04987,One year,Fiber optic,13-24 months,20,Credit card,99.04,2,0,0.1927,Medium
TC-04988,One year,No internet,13-24 months,22,Electronic check,27.24,1,0,0.0598,Low
TC-04989,Month-to-month,DSL,13-24 months,24,Bank transfer,66.07,0,0,0.2177,Medium
TC-04990,One year,Fiber optic,25-48 months,33,Bank transfer,93.86,2,0,0.1861,Medium
TC-04991,Month-to-month,DSL,0-12 months,7,Electronic check,55.21,0,1,0.2984,Medium
TC-04992,Month-to-month,No internet,13-24 months,13,Bank transfer,23.2,1,0,0.1139,Low
TC-04993,Month-to-month,Fiber optic,25-48 months,27,Mailed check,86.64,3,0,0.4072,Medium
TC-04994,One year,No internet,0-12 months,10,Bank transfer,19.48,1,1,0.0259,Low
TC-04995,Month-to-month,DSL,0-12 months,3,Credit card,84.01,0,1,0.2725,Medium
TC-04996,Two year,DSL,49+ months,61,Credit card,80.7,0,0,0.0029,Low
TC-04997,Two year,Fiber optic,25-48 months,38,Mailed check,98.93,2,0,0.0318,Low
TC-04998,Month-to-month,Fiber optic,25-48 months,42,Electronic check,81.74,5,0,0.6536,High
TC-04999,Month-to-month,DSL,0-12 months,7,Electronic check,73.21,0,0,0.5956,High
TC-05000,Month-to-month,Fiber optic,0-12 months,8,Electronic check,78.64,5,1,0.9238,High
TC-05001,Month-to-month,DSL,0-12 months,4,Mailed check,57.88,1,0,0.2323,Medium
TC-05002,Two year,DSL,13-24 months,21,Electronic check,65.92,1,0,0.022,Low
TC-05003,One year,Fiber optic,0-12 months,4,Electronic check,86.94,1,0,0.4817,Medium
TC-05004,Month-to-month,Fiber optic,0-12 months,8,Mailed check,90.6,1,0,0.545,High
TC-05005,One year,DSL,13-24 months,19,Electronic check,54.57,0,0,0.0672,Low
TC-05006,Month-to-month,No internet,13-24 months,23,Electronic check,18.0,1,0,0.1937,Medium
TC-05007,One year,No internet,25-48 months,38,Bank transfer,22.9,1,1,0.0142,Low
TC-05008,Month-to-month,Fiber optic,13-24 months,19,Electronic check,86.03,4,1,0.841,High
TC-05009,One year,No internet,25-48 months,46,Credit card,27.79,0,0,0.007,Low
TC-05010,Month-to-month,Fiber optic,0-12 months,6,Electronic check,98.91,3,1,0.8712,High
TC-05011,One year,DSL,49+ months,58,Electronic check,64.47,0,0,0.0257,Low
TC-05012,One year,DSL,25-48 months,35,Electronic check,60.19,2,0,0.0529,Low
TC-05013,One year,Fiber optic,13-24 months,15,Electronic check,84.02,1,0,0.3692,Medium
TC-05014,One year,Fiber optic,13-24 months,23,Credit card,103.82,4,1,0.4606,Medium
TC-05015,Month-to-month,Fiber optic,25-48 months,32,Electronic check,102.45,1,1,0.6008,High
TC-05016,One year,Fiber optic,13-24 months,20,Credit card,89.93,1,0,0.27,Medium
TC-05017,One year,Fiber optic,25-48 months,28,Bank transfer,95.37,3,0,0.1776,Medium
TC-05018,One year,DSL,25-48 months,39,Bank transfer,55.12,2,0,0.0465,Low
TC-05019,Month-to-month,No internet,0-12 months,5,Electronic check,18.0,1,1,0.2259,Medium
TC-05020,Month-to-month,DSL,49+ months,72,Bank transfer,75.32,0,0,0.0155,Low
TC-05021,Two year,No internet,13-24 months,24,Electronic check,29.62,1,0,0.0116,Low
TC-05022,Two year,Fiber optic,49+ months,65,Credit card,100.74,2,0,0.0147,Low
TC-05023,Two year,Fiber optic,25-48 months,34,Mailed check,82.77,1,1,0.0391,Low
TC-05024,Month-to-month,Fiber optic,0-12 months,12,Electronic check,95.1,1,1,0.7905,High
TC-05025,Two year,DSL,25-48 months,27,Mailed check,61.07,0,0,0.02,Low
TC-05026,Two year,No internet,49+ months,72,Credit card,24.82,0,0,0.0013,Low
TC-05027,Month-to-month,DSL,13-24 months,19,Electronic check,65.04,0,0,0.349,Medium
TC-05028,Two year,Fiber optic,49+ months,60,Credit card,87.47,0,0,0.0138,Low
TC-05029,Two year,Fiber optic,13-24 months,17,Mailed check,79.71,2,0,0.126,Low
TC-05030,Month-to-month,DSL,0-12 months,8,Credit card,62.71,0,1,0.1908,Medium
TC-05031,Month-to-month,Fiber optic,0-12 months,5,Bank transfer,83.64,0,1,0.5058,High
TC-05032,Month-to-month,Fiber optic,25-48 months,40,Electronic check,105.52,0,0,0.4558,Medium
TC-05033,Month-to-month,No internet,0-12 months,4,Credit card,32.66,1,1,0.2901,Medium
TC-05034,One year,No internet,25-48 months,29,Electronic check,18.42,3,0,0.0375,Low
TC-05035,One year,Fiber optic,25-48 months,31,Mailed check,106.24,2,0,0.2335,Medium
TC-05036,Two year,Fiber optic,25-48 months,38,Mailed check,87.3,3,0,0.0713,Low
TC-05037,Two year,Fiber optic,49+ months,54,Bank transfer,85.36,1,0,0.0192,Low
TC-05038,Month-to-month,DSL,0-12 months,2,Mailed check,59.67,0,1,0.3429,Medium
TC-05039,Month-to-month,Fiber optic,25-48 months,39,Credit card,93.75,1,0,0.2618,Medium
TC-05040,Two year,No internet,49+ months,53,Credit card,18.63,1,0,0.0033,Low
TC-05041,One year,No internet,25-48 months,44,Bank transfer,22.69,2,0,0.0192,Low
TC-05042,Month-to-month,Fiber optic,0-12 months,11,Mailed check,93.5,4,0,0.8437,High
TC-05043,One year,Fiber optic,25-48 months,32,Credit card,67.83,1,0,0.1124,Low
TC-05044,Month-to-month,DSL,25-48 months,27,Bank transfer,65.14,0,0,0.1992,Medium
TC-05045,Month-to-month,Fiber optic,0-12 months,7,Mailed check,95.58,3,0,0.749,High
TC-05046,Two year,Fiber optic,25-48 months,44,Electronic check,99.36,0,0,0.0621,Low
TC-05047,Month-to-month,Fiber optic,13-24 months,16,Bank transfer,91.43,0,0,0.2869,Medium
TC-05048,Two year,Fiber optic,49+ months,64,Electronic check,91.22,1,0,0.0138,Low
TC-05049,Month-to-month,DSL,0-12 months,11,Mailed check,71.53,3,0,0.4553,Medium
TC-05050,Two year,DSL,25-48 months,32,Credit card,69.12,0,0,0.012,Low
TC-05051,Two year,DSL,49+ months,72,Mailed check,62.59,2,0,0.0036,Low
TC-05052,Month-to-month,Fiber optic,13-24 months,24,Credit card,83.67,3,1,0.5956,High
TC-05053,One year,DSL,13-24 months,23,Bank transfer,58.53,3,0,0.1051,Low
TC-05054,Two year,Fiber optic,13-24 months,18,Bank transfer,93.4,2,0,0.1014,Low
TC-05055,Month-to-month,Fiber optic,0-12 months,11,Electronic check,81.68,0,0,0.4763,Medium
TC-05056,One year,Fiber optic,25-48 months,43,Bank transfer,96.56,4,1,0.1582,Medium
TC-05057,Month-to-month,DSL,0-12 months,11,Mailed check,54.48,1,1,0.2109,Medium
TC-05058,Month-to-month,Fiber optic,0-12 months,7,Electronic check,92.52,2,1,0.8042,High
TC-05059,Month-to-month,Fiber optic,25-48 months,26,Credit card,86.85,2,1,0.427,Medium
TC-05060,Month-to-month,Fiber optic,25-48 months,44,Mailed check,86.02,3,0,0.437,Medium
TC-05061,Two year,DSL,49+ months,66,Bank transfer,72.29,1,0,0.0066,Low
TC-05062,Month-to-month,Fiber optic,0-12 months,10,Mailed check,89.28,3,1,0.7801,High
TC-05063,Month-to-month,No internet,25-48 months,27,Mailed check,18.0,3,0,0.0994,Low
TC-05064,Month-to-month,DSL,0-12 months,5,Electronic check,56.36,2,0,0.5421,High
TC-05065,One year,DSL,25-48 months,36,Bank transfer,69.8,0,0,0.0181,Low
TC-05066,Two year,Fiber optic,49+ months,59,Credit card,87.55,1,0,0.0108,Low
TC-05067,One year,DSL,13-24 months,24,Electronic check,68.93,2,0,0.1036,Low
TC-05068,Two year,DSL,25-48 months,27,Bank transfer,68.55,2,0,0.0255,Low
TC-05069,Month-to-month,Fiber optic,49+ months,59,Credit card,92.04,3,1,0.4145,Medium
TC-05070,One year,Fiber optic,49+ months,72,Bank transfer,83.85,3,0,0.0645,Low
TC-05071,Month-to-month,Fiber optic,0-12 months,7,Electronic check,81.7,0,0,0.7368,High
TC-05072,Two year,Fiber optic,25-48 months,31,Credit card,96.86,0,0,0.0456,Low
TC-05073,One year,DSL,25-48 months,36,Mailed check,55.28,0,0,0.029,Low
TC-05074,Month-to-month,DSL,13-24 months,20,Bank transfer,53.74,0,0,0.1753,Medium
TC-05075,Two year,DSL,49+ months,69,Credit card,65.08,2,0,0.0031,Low
TC-05076,Month-to-month,Fiber optic,25-48 months,29,Credit card,88.7,1,0,0.6511,High
TC-05077,Month-to-month,No internet,0-12 months,8,Mailed check,19.09,1,0,0.1036,Low
TC-05078,Month-to-month,Fiber optic,0-12 months,9,Electronic check,99.89,3,1,0.8766,High
TC-05079,Two year,No internet,13-24 months,22,Electronic check,18.0,2,0,0.0114,Low
TC-05080,Month-to-month,Fiber optic,25-48 months,31,Credit card,99.1,3,1,0.667,High
TC-05081,Two year,No internet,25-48 months,33,Mailed check,27.85,4,0,0.0094,Low
TC-05082,Month-to-month,DSL,0-12 months,1,Electronic check,68.51,0,1,0.3643,Medium
TC-05083,One year,DSL,25-48 months,47,Mailed check,67.46,3,0,0.0267,Low
TC-05084,Month-to-month,Fiber optic,13-24 months,15,Credit card,87.81,3,1,0.7094,High
TC-05085,Month-to-month,No internet,0-12 months,4,Bank transfer,18.0,1,0,0.147,Medium
TC-05086,One year,DSL,25-48 months,47,Electronic check,74.59,1,0,0.0215,Low
TC-05087,Two year,DSL,49+ months,72,Credit card,69.16,1,0,0.0012,Low
TC-05088,Two year,No internet,49+ months,72,Electronic check,36.52,2,0,0.005,Low
TC-05089,Month-to-month,DSL,49+ months,56,Mailed check,80.42,0,0,0.0514,Low
TC-05090,Two year,Fiber optic,49+ months,53,Credit card,98.31,1,0,0.0271,Low
TC-05091,Month-to-month,Fiber optic,13-24 months,13,Bank transfer,95.61,0,0,0.7417,High
TC-05092,Month-to-month,Fiber optic,0-12 months,3,Electronic check,93.5,0,1,0.7988,High
TC-05093,Month-to-month,Fiber optic,25-48 months,27,Electronic check,96.3,2,1,0.4174,Medium
TC-05094,Month-to-month,Fiber optic,0-12 months,10,Credit card,97.31,1,1,0.6391,High
TC-05095,Two year,DSL,25-48 months,29,Electronic check,62.85,1,0,0.0182,Low
TC-05096,One year,DSL,25-48 months,40,Credit card,81.09,0,0,0.0169,Low
TC-05097,Month-to-month,DSL,25-48 months,27,Credit card,70.01,0,0,0.1948,Medium
TC-05098,Two year,DSL,49+ months,72,Mailed check,60.1,3,0,0.004,Low
TC-05099,Two year,Fiber optic,25-48 months,39,Electronic check,84.7,3,0,0.1069,Low
TC-05100,One year,Fiber optic,25-48 months,38,Electronic check,84.57,2,1,0.2064,Medium
TC-05101,One year,Fiber optic,49+ months,72,Electronic check,89.02,2,0,0.0228,Low
TC-05102,Two year,DSL,25-48 months,45,Credit card,45.17,2,0,0.0105,Low
TC-05103,Month-to-month,No internet,13-24 months,15,Mailed check,18.0,3,0,0.1355,Low
TC-05104,Two year,DSL,49+ months,49,Mailed check,62.33,2,0,0.008,Low
TC-05105,Month-to-month,Fiber optic,13-24 months,18,Electronic check,84.12,3,0,0.7805,High
TC-05106,Month-to-month,No internet,0-12 months,8,Electronic check,18.16,0,0,0.1943,Medium
TC-05107,Two year,No internet,49+ months,72,Electronic check,18.0,1,0,0.0018,Low
TC-05108,Month-to-month,Fiber optic,0-12 months,4,Mailed check,74.17,2,1,0.6985,High
TC-05109,Month-to-month,DSL,0-12 months,2,Credit card,62.3,0,1,0.2464,Medium
TC-05110,Month-to-month,Fiber optic,25-48 months,26,Credit card,81.47,0,1,0.2882,Medium
TC-05111,Month-to-month,DSL,0-12 months,10,Bank transfer,63.37,1,0,0.2328,Medium
TC-05112,Month-to-month,No internet,13-24 months,13,Electronic check,18.0,0,0,0.1239,Low
TC-05113,Month-to-month,DSL,0-12 months,10,Electronic check,67.73,0,1,0.3254,Medium
TC-05114,Month-to-month,No internet,13-24 months,15,Bank transfer,26.45,0,0,0.1105,Low
TC-05115,One year,No internet,25-48 months,30,Bank transfer,18.0,0,0,0.0126,Low
TC-05116,Month-to-month,DSL,0-12 months,9,Mailed check,66.9,1,0,0.2743,Medium
TC-05117,Month-to-month,Fiber optic,13-24 months,22,Bank transfer,105.54,3,1,0.7334,High
TC-05118,Two year,No internet,49+ months,62,Electronic check,28.78,1,0,0.0035,Low
TC-05119,Month-to-month,Fiber optic,25-48 months,28,Bank transfer,85.09,2,1,0.614,High
TC-05120,Month-to-month,Fiber optic,0-12 months,3,Mailed check,102.34,2,1,0.8007,High
TC-05121,Two year,Fiber optic,49+ months,72,Electronic check,110.44,1,0,0.0195,Low
TC-05122,Month-to-month,DSL,13-24 months,16,Credit card,65.38,1,0,0.2217,Medium
TC-05123,Month-to-month,No internet,25-48 months,33,Bank transfer,33.53,0,0,0.0479,Low
TC-05124,Month-to-month,No internet,49+ months,67,Electronic check,33.06,0,0,0.0277,Low
TC-05125,Month-to-month,Fiber optic,0-12 months,5,Credit card,74.08,0,1,0.5842,High
TC-05126,Month-to-month,Fiber optic,25-48 months,35,Electronic check,103.12,1,1,0.5019,High
TC-05127,Month-to-month,DSL,25-48 months,44,Bank transfer,66.5,0,0,0.0795,Low
TC-05128,Month-to-month,Fiber optic,13-24 months,16,Mailed check,97.4,1,0,0.4757,Medium
TC-05129,Month-to-month,Fiber optic,13-24 months,15,Bank transfer,83.18,2,1,0.6223,High
TC-05130,One year,Fiber optic,25-48 months,26,Electronic check,103.4,4,0,0.4199,Medium
TC-05131,Month-to-month,No internet,0-12 months,9,Electronic check,40.13,3,0,0.3428,Medium
TC-05132,Month-to-month,Fiber optic,0-12 months,8,Electronic check,84.05,3,1,0.8506,High
TC-05133,Month-to-month,Fiber optic,13-24 months,15,Electronic check,106.87,2,0,0.7344,High
TC-05134,Month-to-month,Fiber optic,0-12 months,1,Mailed check,89.04,1,1,0.6876,High
TC-05135,Month-to-month,No internet,49+ months,52,Electronic check,26.77,0,0,0.0528,Low
TC-05136,One year,DSL,25-48 months,29,Electronic check,68.95,3,0,0.1528,Medium
TC-05137,Two year,Fiber optic,25-48 months,46,Credit card,76.81,0,0,0.0223,Low
TC-05138,Two year,No internet,25-48 months,32,Mailed check,18.0,0,0,0.0026,Low
TC-05139,Month-to-month,Fiber optic,0-12 months,8,Electronic check,106.43,2,0,0.7666,High
TC-05140,Two year,Fiber optic,49+ months,72,Mailed check,98.81,2,0,0.0171,Low
TC-05141,Two year,Fiber optic,49+ months,72,Mailed check,105.11,3,0,0.0121,Low
TC-05142,One year,DSL,25-48 months,45,Credit card,84.21,1,0,0.033,Low
TC-05143,Two year,DSL,13-24 months,21,Bank transfer,66.71,1,0,0.0266,Low
TC-05144,Month-to-month,DSL,0-12 months,9,Credit card,67.06,0,0,0.3008,Medium
TC-05145,One year,Fiber optic,25-48 months,47,Bank transfer,100.9,4,0,0.1182,Low
TC-05146,Month-to-month,No internet,0-12 months,6,Mailed check,18.46,0,1,0.156,Medium
TC-05147,One year,Fiber optic,13-24 months,22,Mailed check,92.46,1,0,0.2174,Medium
TC-05148,One year,DSL,13-24 months,18,Electronic check,63.27,0,0,0.1142,Low
TC-05149,Month-to-month,No internet,25-48 months,31,Mailed check,18.08,2,0,0.066,Low
TC-05150,Two year,DSL,25-48 months,45,Bank transfer,70.22,1,0,0.0062,Low
TC-05151,Month-to-month,Fiber optic,13-24 months,21,Bank transfer,111.73,2,0,0.5354,High
TC-05152,Month-to-month,Fiber optic,13-24 months,22,Electronic check,88.84,0,0,0.5977,High
TC-05153,One year,Fiber optic,13-24 months,22,Electronic check,90.4,2,0,0.397,Medium
TC-05154,Two year,DSL,25-48 months,43,Credit card,70.19,0,0,0.0046,Low
TC-05155,Month-to-month,Fiber optic,0-12 months,6,Bank transfer,93.43,3,1,0.795,High
TC-05156,One year,DSL,0-12 months,12,Mailed check,58.01,1,0,0.0791,Low
TC-05157,Month-to-month,Fiber optic,13-24 months,19,Electronic check,81.09,2,1,0.7108,High
TC-05158,Month-to-month,Fiber optic,13-24 months,24,Electronic check,78.3,4,1,0.7342,High
TC-05159,Month-to-month,No internet,13-24 months,14,Credit card,27.91,0,0,0.163,Medium
TC-05160,One year,DSL,49+ months,60,Bank transfer,65.55,0,0,0.0251,Low
TC-05161,Month-to-month,No internet,0-12 months,2,Credit card,19.03,0,0,0.1579,Medium
TC-05162,Two year,DSL,49+ months,56,Credit card,73.4,1,0,0.0067,Low
TC-05163,Month-to-month,DSL,0-12 months,7,Bank transfer,78.76,0,0,0.1853,Medium
TC-05164,Month-to-month,No internet,25-48 months,31,Bank transfer,18.0,2,0,0.1261,Low
TC-05165,Month-to-month,Fiber optic,13-24 months,23,Credit card,93.89,1,1,0.5684,High
TC-05166,Month-to-month,DSL,25-48 months,25,Credit card,77.43,0,0,0.1928,Medium
TC-05167,Two year,Fiber optic,25-48 months,40,Electronic check,81.72,2,0,0.0206,Low
TC-05168,Two year,Fiber optic,49+ months,64,Credit card,98.5,1,0,0.0169,Low
TC-05169,Two year,DSL,49+ months,69,Electronic check,67.24,0,0,0.0027,Low
TC-05170,Month-to-month,No internet,0-12 months,10,Mailed check,30.85,1,0,0.1379,Low
TC-05171,Two year,DSL,49+ months,49,Mailed check,67.55,0,0,0.0016,Low
TC-05172,Month-to-month,DSL,25-48 months,34,Credit card,65.86,2,0,0.3597,Medium
TC-05173,Month-to-month,No internet,13-24 months,22,Electronic check,30.2,2,0,0.2313,Medium
TC-05174,One year,Fiber optic,0-12 months,9,Mailed check,84.32,3,1,0.1841,Medium
TC-05175,Month-to-month,No internet,25-48 months,39,Mailed check,26.23,1,0,0.047,Low
TC-05176,Month-to-month,DSL,13-24 months,21,Mailed check,68.4,0,0,0.2107,Medium
TC-05177,Two year,DSL,25-48 months,40,Credit card,54.17,2,0,0.0049,Low
TC-05178,Month-to-month,DSL,13-24 months,22,Bank transfer,66.98,0,0,0.1272,Low
TC-05179,Two year,DSL,49+ months,72,Credit card,57.78,0,0,0.0029,Low
TC-05180,Month-to-month,Fiber optic,49+ months,72,Mailed check,75.64,1,0,0.1375,Low
TC-05181,Month-to-month,DSL,25-48 months,39,Credit card,70.8,0,1,0.0587,Low
TC-05182,Month-to-month,DSL,0-12 months,10,Credit card,57.79,0,0,0.3288,Medium
TC-05183,Month-to-month,Fiber optic,13-24 months,13,Electronic check,94.62,1,1,0.6048,High
TC-05184,Month-to-month,DSL,13-24 months,20,Mailed check,66.31,0,0,0.1495,Medium
TC-05185,Month-to-month,DSL,13-24 months,21,Bank transfer,69.13,2,0,0.2297,Medium
TC-05186,Month-to-month,DSL,13-24 months,15,Credit card,64.98,0,0,0.1684,Medium
TC-05187,Month-to-month,Fiber optic,49+ months,58,Bank transfer,103.23,5,0,0.2589,Medium
TC-05188,Month-to-month,DSL,0-12 months,10,Electronic check,72.45,1,1,0.3966,Medium
TC-05189,Two year,Fiber optic,13-24 months,13,Bank transfer,89.79,1,0,0.0289,Low
TC-05190,Two year,Fiber optic,25-48 months,40,Credit card,104.5,2,0,0.0551,Low
TC-05191,One year,DSL,25-48 months,33,Mailed check,69.59,0,0,0.0467,Low
TC-05192,Month-to-month,No internet,49+ months,60,Credit card,22.55,1,0,0.0444,Low
TC-05193,One year,Fiber optic,25-48 months,27,Mailed check,90.38,5,1,0.5103,High
TC-05194,One year,Fiber optic,0-12 months,6,Electronic check,98.77,1,1,0.3599,Medium
TC-05195,Month-to-month,DSL,25-48 months,28,Credit card,84.91,4,0,0.4123,Medium
TC-05196,Month-to-month,Fiber optic,25-48 months,45,Bank transfer,86.37,2,0,0.2784,Medium
TC-05197,Month-to-month,No internet,25-48 months,31,Electronic check,24.65,1,0,0.1866,Medium
TC-05198,Month-to-month,DSL,0-12 months,10,Credit card,46.24,0,0,0.2868,Medium
TC-05199,Month-to-month,Fiber optic,25-48 months,30,Credit card,87.89,3,1,0.6027,High
TC-05200,Two year,No internet,49+ months,49,Credit card,18.0,2,0,0.0025,Low
TC-05201,Month-to-month,Fiber optic,25-48 months,32,Mailed check,66.76,4,1,0.6701,High
TC-05202,One year,Fiber optic,13-24 months,23,Bank transfer,102.57,1,0,0.0968,Low
TC-05203,Two year,DSL,25-48 months,32,Bank transfer,71.08,2,1,0.0221,Low
TC-05204,One year,DSL,0-12 months,8,Bank transfer,53.68,0,0,0.0987,Low
TC-05205,Month-to-month,No internet,13-24 months,22,Electronic check,22.93,3,0,0.2321,Medium
TC-05206,Month-to-month,Fiber optic,13-24 months,20,Mailed check,87.48,2,1,0.4636,Medium
TC-05207,Two year,No internet,49+ months,72,Mailed check,22.88,2,0,0.0011,Low
TC-05208,Month-to-month,Fiber optic,0-12 months,7,Electronic check,75.23,1,1,0.5828,High
TC-05209,Month-to-month,Fiber optic,13-24 months,15,Electronic check,93.1,1,0,0.6489,High
TC-05210,One year,Fiber optic,25-48 months,40,Bank transfer,77.25,2,1,0.1313,Low
TC-05211,Two year,Fiber optic,25-48 months,36,Mailed check,89.98,1,0,0.0226,Low
TC-05212,Two year,Fiber optic,49+ months,56,Mailed check,93.78,0,0,0.0293,Low
TC-05213,One year,Fiber optic,25-48 months,29,Electronic check,97.34,1,0,0.2028,Medium
TC-05214,One year,DSL,13-24 months,18,Bank transfer,72.12,1,0,0.0975,Low
TC-05215,Month-to-month,Fiber optic,25-48 months,28,Bank transfer,78.53,2,0,0.5426,High
TC-05216,Month-to-month,Fiber optic,13-24 months,23,Electronic check,87.24,3,1,0.6306,High
TC-05217,One year,Fiber optic,25-48 months,40,Electronic check,100.83,2,0,0.2667,Medium
TC-05218,Month-to-month,No internet,0-12 months,4,Electronic check,31.75,2,1,0.3522,Medium
TC-05219,Two year,DSL,13-24 months,22,Bank transfer,62.13,0,0,0.0171,Low
TC-05220,Month-to-month,Fiber optic,49+ months,62,Credit card,87.93,1,0,0.3191,Medium
TC-05221,Month-to-month,Fiber optic,0-12 months,7,Electronic check,101.56,2,1,0.8458,High
TC-05222,Two year,Fiber optic,49+ months,50,Credit card,87.12,2,0,0.0246,Low
TC-05223,Month-to-month,Fiber optic,0-12 months,9,Mailed check,91.1,1,1,0.5209,High
TC-05224,One year,Fiber optic,13-24 months,19,Electronic check,88.93,1,0,0.2004,Medium
TC-05225,Month-to-month,DSL,0-12 months,12,Bank transfer,52.54,1,0,0.4298,Medium
TC-05226,Two year,DSL,25-48 months,43,Mailed check,66.21,2,0,0.0072,Low
TC-05227,Month-to-month,Fiber optic,0-12 months,9,Credit card,81.58,1,0,0.5586,High
TC-05228,One year,Fiber optic,49+ months,72,Credit card,94.84,2,0,0.0285,Low
TC-05229,Two year,No internet,25-48 months,47,Credit card,21.82,0,0,0.0025,Low
TC-05230,Month-to-month,Fiber optic,0-12 months,4,Bank transfer,92.61,3,0,0.7855,High
TC-05231,Month-to-month,Fiber optic,13-24 months,18,Mailed check,93.15,0,0,0.4347,Medium
TC-05232,Month-to-month,Fiber optic,0-12 months,6,Bank transfer,84.21,1,1,0.6447,High
TC-05233,Month-to-month,No internet,0-12 months,10,Bank transfer,18.0,1,0,0.1021,Low
TC-05234,One year,No internet,25-48 months,43,Credit card,35.02,4,0,0.021,Low
TC-05235,Month-to-month,DSL,13-24 months,19,Mailed check,58.62,1,0,0.2363,Medium
TC-05236,Two year,DSL,25-48 months,33,Bank transfer,60.54,0,0,0.015,Low
TC-05237,One year,Fiber optic,25-48 months,25,Mailed check,99.12,3,1,0.2054,Medium
TC-05238,One year,DSL,13-24 months,14,Mailed check,59.42,0,0,0.0639,Low
TC-05239,Month-to-month,No internet,25-48 months,45,Electronic check,18.7,2,0,0.0847,Low
TC-05240,Month-to-month,Fiber optic,0-12 months,7,Electronic check,99.15,0,0,0.6197,High
TC-05241,Two year,Fiber optic,0-12 months,4,Mailed check,100.58,3,0,0.1745,Medium
TC-05242,Two year,Fiber optic,49+ months,72,Electronic check,93.77,1,0,0.0201,Low
TC-05243,Month-to-month,Fiber optic,0-12 months,3,Electronic check,101.76,3,1,0.8941,High
TC-05244,Two year,Fiber optic,49+ months,72,Mailed check,85.19,2,0,0.0111,Low
TC-05245,One year,No internet,49+ months,72,Electronic check,18.0,0,0,0.0047,Low
TC-05246,Month-to-month,DSL,0-12 months,8,Mailed check,65.35,2,1,0.2765,Medium
TC-05247,Month-to-month,DSL,0-12 months,9,Credit card,78.93,2,0,0.4828,Medium
TC-05248,One year,DSL,25-48 months,41,Mailed check,77.11,0,0,0.0184,Low
TC-05249,Two year,Fiber optic,49+ months,49,Mailed check,77.41,2,0,0.0256,Low
TC-05250,Two year,No internet,49+ months,58,Bank transfer,30.11,1,0,0.0017,Low
TC-05251,Month-to-month,Fiber optic,13-24 months,20,Electronic check,99.5,2,1,0.7725,High
TC-05252,Month-to-month,DSL,13-24 months,15,Credit card,74.49,1,0,0.2622,Medium
TC-05253,Month-to-month,Fiber optic,0-12 months,7,Electronic check,100.83,1,1,0.8203,High
TC-05254,Month-to-month,DSL,0-12 months,7,Credit card,72.7,0,0,0.1481,Medium
TC-05255,Two year,Fiber optic,25-48 months,39,Bank transfer,87.49,1,0,0.049,Low
TC-05256,Month-to-month,No internet,25-48 months,36,Electronic check,26.95,2,0,0.116,Low
TC-05257,Two year,DSL,49+ months,72,Mailed check,55.27,0,0,0.0025,Low
TC-05258,Month-to-month,DSL,0-12 months,4,Bank transfer,62.84,0,0,0.1652,Medium
TC-05259,Two year,Fiber optic,25-48 months,33,Mailed check,89.64,3,1,0.0712,Low
TC-05260,Month-to-month,DSL,13-24 months,21,Bank transfer,78.44,0,0,0.2102,Medium
TC-05261,Two year,No internet,25-48 months,40,Mailed check,18.0,0,0,0.0024,Low
TC-05262,One year,No internet,49+ months,61,Mailed check,20.34,0,0,0.0055,Low
TC-05263,Two year,DSL,49+ months,49,Electronic check,51.7,0,0,0.0049,Low
TC-05264,Month-to-month,Fiber optic,13-24 months,23,Bank transfer,92.55,1,0,0.5839,High
TC-05265,Month-to-month,DSL,13-24 months,19,Electronic check,57.9,0,1,0.3388,Medium
TC-05266,Month-to-month,Fiber optic,25-48 months,27,Credit card,98.58,0,1,0.3541,Medium
TC-05267,Two year,Fiber optic,49+ months,64,Electronic check,86.59,1,0,0.0305,Low
TC-05268,Two year,DSL,49+ months,60,Electronic check,54.41,1,0,0.0079,Low
TC-05269,One year,DSL,13-24 months,15,Electronic check,59.59,1,0,0.1478,Medium
TC-05270,One year,DSL,13-24 months,21,Mailed check,67.53,1,0,0.0754,Low
TC-05271,Month-to-month,No internet,0-12 months,7,Mailed check,21.42,0,0,0.1226,Low
TC-05272,Two year,DSL,25-48 months,44,Credit card,64.0,0,0,0.0052,Low
TC-05273,One year,Fiber optic,25-48 months,31,Bank transfer,96.55,0,0,0.0764,Low
TC-05274,One year,DSL,25-48 months,25,Credit card,58.4,1,0,0.0553,Low
TC-05275,Two year,DSL,49+ months,72,Credit card,58.9,2,0,0.0031,Low
TC-05276,Month-to-month,DSL,25-48 months,29,Electronic check,58.41,1,0,0.3602,Medium
TC-05277,One year,No internet,13-24 months,18,Bank transfer,18.0,0,0,0.0172,Low
TC-05278,One year,Fiber optic,49+ months,72,Electronic check,101.43,3,0,0.1522,Medium
TC-05279,One year,DSL,25-48 months,29,Electronic check,56.76,0,0,0.0757,Low
TC-05280,Month-to-month,Fiber optic,0-12 months,5,Electronic check,82.32,2,1,0.8933,High
TC-05281,One year,Fiber optic,13-24 months,16,Electronic check,107.79,2,1,0.2525,Medium
TC-05282,Two year,Fiber optic,25-48 months,44,Electronic check,87.33,0,0,0.0369,Low
TC-05283,One year,DSL,49+ months,67,Credit card,70.47,1,0,0.012,Low
TC-05284,Month-to-month,No internet,0-12 months,6,Bank transfer,18.0,0,0,0.1067,Low
TC-05285,Two year,No internet,25-48 months,45,Credit card,18.0,0,0,0.0019,Low
TC-05286,Month-to-month,Fiber optic,25-48 months,36,Credit card,86.5,0,0,0.387,Medium
TC-05287,Month-to-month,DSL,13-24 months,21,Mailed check,48.07,1,0,0.1437,Low
TC-05288,Two year,Fiber optic,25-48 months,25,Mailed check,95.53,3,0,0.0587,Low
TC-05289,One year,Fiber optic,13-24 months,14,Electronic check,75.12,1,0,0.3421,Medium
TC-05290,Month-to-month,No internet,0-12 months,10,Mailed check,23.36,1,0,0.1072,Low
TC-05291,Two year,DSL,13-24 months,18,Credit card,42.38,0,0,0.0217,Low
TC-05292,One year,DSL,49+ months,70,Credit card,70.41,0,0,0.006,Low
TC-05293,Month-to-month,Fiber optic,13-24 months,23,Bank transfer,89.43,2,0,0.5704,High
TC-05294,Month-to-month,DSL,0-12 months,3,Mailed check,62.51,1,0,0.3914,Medium
TC-05295,Two year,DSL,13-24 months,21,Mailed check,67.81,1,0,0.0092,Low
TC-05296,Two year,DSL,49+ months,50,Mailed check,60.87,1,0,0.003,Low
TC-05297,Month-to-month,DSL,25-48 months,30,Electronic check,70.05,0,0,0.1098,Low
TC-05298,Month-to-month,Fiber optic,25-48 months,38,Mailed check,81.94,3,0,0.5007,High
TC-05299,One year,DSL,0-12 months,5,Electronic check,47.71,0,0,0.0527,Low
TC-05300,Month-to-month,DSL,13-24 months,19,Mailed check,68.68,0,0,0.0892,Low
TC-05301,Month-to-month,DSL,25-48 months,32,Bank transfer,67.99,1,1,0.3418,Medium
TC-05302,Month-to-month,Fiber optic,0-12 months,11,Bank transfer,97.51,0,1,0.394,Medium
TC-05303,Two year,Fiber optic,13-24 months,23,Bank transfer,95.34,4,0,0.126,Low
TC-05304,One year,No internet,25-48 months,35,Electronic check,20.93,1,0,0.0392,Low
TC-05305,Month-to-month,Fiber optic,0-12 months,3,Mailed check,98.88,2,0,0.6922,High
TC-05306,Two year,DSL,25-48 months,48,Electronic check,69.91,2,0,0.0224,Low
TC-05307,One year,Fiber optic,25-48 months,35,Credit card,100.56,3,0,0.1685,Medium
TC-05308,Month-to-month,No internet,49+ months,59,Credit card,19.39,1,0,0.0249,Low
TC-05309,Month-to-month,Fiber optic,0-12 months,10,Electronic check,92.02,1,1,0.7861,High
TC-05310,Month-to-month,No internet,0-12 months,3,Electronic check,26.73,0,1,0.3425,Medium
TC-05311,Month-to-month,DSL,49+ months,49,Bank transfer,53.11,1,0,0.0908,Low
TC-05312,Month-to-month,DSL,13-24 months,13,Credit card,65.69,0,0,0.2712,Medium
TC-05313,Month-to-month,DSL,13-24 months,24,Electronic check,60.37,1,0,0.4801,Medium
TC-05314,Two year,Fiber optic,25-48 months,29,Credit card,85.23,4,0,0.1519,Medium
TC-05315,Two year,DSL,25-48 months,33,Bank transfer,61.05,0,0,0.0066,Low
TC-05316,Month-to-month,No internet,13-24 months,16,Bank transfer,24.37,0,1,0.1036,Low
TC-05317,Two year,Fiber optic,25-48 months,33,Credit card,108.3,3,0,0.06,Low
TC-05318,One year,DSL,13-24 months,19,Mailed check,66.48,1,0,0.0382,Low
TC-05319,Two year,No internet,25-48 months,34,Bank transfer,20.23,2,0,0.0042,Low
TC-05320,Two year,DSL,13-24 months,19,Bank transfer,64.53,2,0,0.0169,Low
TC-05321,One year,No internet,49+ months,66,Electronic check,18.0,1,0,0.0078,Low
TC-05322,One year,Fiber optic,13-24 months,22,Credit card,80.5,2,1,0.2642,Medium
TC-05323,Two year,Fiber optic,25-48 months,31,Mailed check,92.0,2,0,0.0362,Low
TC-05324,One year,No internet,49+ months,72,Bank transfer,18.0,1,0,0.0027,Low
TC-05325,Two year,DSL,25-48 months,29,Electronic check,67.22,1,0,0.0287,Low
TC-05326,Month-to-month,No internet,25-48 months,46,Credit card,18.0,3,1,0.0577,Low
TC-05327,Month-to-month,DSL,13-24 months,20,Credit card,57.97,1,1,0.1601,Medium
TC-05328,Month-to-month,DSL,0-12 months,2,Bank transfer,61.76,1,1,0.4294,Medium
TC-05329,Two year,Fiber optic,25-48 months,28,Credit card,94.49,0,0,0.03,Low
TC-05330,Two year,DSL,25-48 months,47,Mailed check,70.39,0,0,0.0043,Low
TC-05331,Month-to-month,No internet,13-24 months,15,Credit card,23.78,0,0,0.1113,Low
TC-05332,Month-to-month,Fiber optic,13-24 months,18,Mailed check,99.09,2,1,0.362,Medium
TC-05333,Month-to-month,No internet,0-12 months,2,Electronic check,31.23,3,1,0.4132,Medium
TC-05334,Two year,DSL,49+ months,59,Mailed check,68.68,1,0,0.0017,Low
TC-05335,One year,No internet,25-48 months,32,Credit card,19.14,0,0,0.0104,Low
TC-05336,Two year,DSL,25-48 months,40,Mailed check,72.95,0,0,0.0056,Low
TC-05337,One year,No internet,25-48 months,42,Bank transfer,28.34,1,0,0.0133,Low
TC-05338,Month-to-month,DSL,0-12 months,12,Electronic check,65.88,1,1,0.5883,High
TC-05339,One year,Fiber optic,25-48 months,41,Electronic check,95.95,1,0,0.2129,Medium
TC-05340,Two year,Fiber optic,25-48 months,40,Mailed check,96.08,0,0,0.0138,Low
TC-05341,Two year,DSL,49+ months,54,Electronic check,59.71,0,0,0.0083,Low
TC-05342,Month-to-month,No internet,13-24 months,19,Credit card,23.75,0,0,0.1241,Low
TC-05343,Month-to-month,Fiber optic,25-48 months,26,Mailed check,81.45,5,0,0.6578,High
TC-05344,Two year,DSL,25-48 months,31,Mailed check,59.9,1,0,0.0106,Low
TC-05345,Month-to-month,No internet,13-24 months,13,Credit card,26.98,1,0,0.144,Low
TC-05346,Two year,No internet,49+ months,72,Electronic check,20.71,0,0,0.0014,Low
TC-05347,Month-to-month,DSL,0-12 months,10,Electronic check,64.14,1,0,0.4573,Medium
TC-05348,Two year,Fiber optic,13-24 months,24,Credit card,76.78,0,0,0.0202,Low
TC-05349,Month-to-month,Fiber optic,13-24 months,13,Credit card,98.11,0,1,0.4561,Medium
TC-05350,Month-to-month,DSL,13-24 months,20,Credit card,66.62,1,0,0.2898,Medium
TC-05351,Month-to-month,Fiber optic,0-12 months,6,Mailed check,80.16,1,1,0.6403,High
TC-05352,Month-to-month,Fiber optic,49+ months,55,Electronic check,96.53,2,1,0.3943,Medium
TC-05353,Month-to-month,DSL,0-12 months,3,Mailed check,55.09,0,1,0.2255,Medium
TC-05354,Two year,DSL,13-24 months,15,Electronic check,62.58,0,0,0.0361,Low
TC-05355,Two year,DSL,49+ months,72,Electronic check,64.6,2,0,0.0096,Low
TC-05356,Month-to-month,DSL,25-48 months,29,Bank transfer,78.18,2,0,0.3358,Medium
TC-05357,Two year,DSL,25-48 months,31,Electronic check,65.82,0,0,0.0127,Low
TC-05358,Month-to-month,No internet,0-12 months,2,Credit card,18.0,1,0,0.1844,Medium
TC-05359,Two year,Fiber optic,25-48 months,38,Electronic check,91.16,0,0,0.0665,Low
TC-05360,Month-to-month,Fiber optic,13-24 months,20,Mailed check,91.88,5,1,0.7588,High
TC-05361,Two year,DSL,49+ months,66,Mailed check,72.87,0,0,0.004,Low
TC-05362,Month-to-month,Fiber optic,49+ months,56,Credit card,82.3,1,0,0.2749,Medium
TC-05363,Month-to-month,Fiber optic,25-48 months,34,Bank transfer,90.87,3,0,0.5524,High
TC-05364,Month-to-month,Fiber optic,0-12 months,7,Electronic check,90.57,2,1,0.6901,High
TC-05365,Month-to-month,Fiber optic,25-48 months,40,Credit card,97.76,2,0,0.3174,Medium
TC-05366,Month-to-month,DSL,49+ months,53,Credit card,59.03,2,0,0.0726,Low
TC-05367,Month-to-month,DSL,0-12 months,2,Electronic check,66.04,0,0,0.3778,Medium
TC-05368,Month-to-month,DSL,13-24 months,17,Bank transfer,45.01,1,0,0.2336,Medium
TC-05369,Month-to-month,Fiber optic,0-12 months,11,Electronic check,92.16,1,0,0.6694,High
TC-05370,One year,Fiber optic,0-12 months,12,Bank transfer,97.31,1,0,0.205,Medium
TC-05371,Two year,DSL,13-24 months,17,Bank transfer,60.62,0,0,0.0146,Low
TC-05372,Two year,No internet,25-48 months,46,Mailed check,25.97,1,0,0.0023,Low
TC-05373,One year,No internet,0-12 months,7,Electronic check,18.0,1,0,0.0559,Low
TC-05374,Month-to-month,Fiber optic,25-48 months,42,Mailed check,101.9,1,0,0.2165,Medium
TC-05375,One year,Fiber optic,25-48 months,25,Credit card,88.31,2,0,0.2355,Medium
TC-05376,Month-to-month,DSL,0-12 months,6,Electronic check,71.0,0,1,0.3312,Medium
TC-05377,Month-to-month,DSL,25-48 months,26,Credit card,40.22,0,0,0.1672,Medium
TC-05378,Month-to-month,Fiber optic,25-48 months,46,Bank transfer,91.71,1,1,0.3993,Medium
TC-05379,Month-to-month,DSL,13-24 months,20,Mailed check,67.32,1,0,0.0905,Low
TC-05380,Month-to-month,Fiber optic,0-12 months,8,Bank transfer,84.65,1,0,0.6332,High
TC-05381,Month-to-month,DSL,25-48 months,25,Credit card,85.26,1,0,0.3084,Medium
TC-05382,Month-to-month,DSL,0-12 months,5,Electronic check,66.74,3,0,0.4244,Medium
TC-05383,Month-to-month,Fiber optic,0-12 months,7,Bank transfer,96.1,3,0,0.6919,High
TC-05384,Month-to-month,DSL,25-48 months,40,Bank transfer,63.82,0,0,0.0754,Low
TC-05385,Month-to-month,Fiber optic,0-12 months,8,Mailed check,88.94,1,1,0.4795,Medium
TC-05386,Two year,Fiber optic,49+ months,52,Electronic check,108.23,1,0,0.0492,Low
TC-05387,One year,No internet,13-24 months,18,Credit card,18.18,2,0,0.0332,Low
TC-05388,Month-to-month,Fiber optic,25-48 months,25,Electronic check,100.06,2,1,0.7528,High
TC-05389,One year,DSL,13-24 months,14,Electronic check,58.27,3,0,0.1209,Low
TC-05390,One year,Fiber optic,13-24 months,14,Bank transfer,91.23,2,0,0.2775,Medium
TC-05391,Month-to-month,Fiber optic,49+ months,56,Electronic check,88.1,3,1,0.2988,Medium
TC-05392,Month-to-month,DSL,25-48 months,45,Electronic check,68.79,1,0,0.1352,Low
TC-05393,Month-to-month,Fiber optic,0-12 months,3,Bank transfer,89.9,2,1,0.7534,High
TC-05394,Month-to-month,DSL,25-48 months,40,Credit card,72.72,1,0,0.1006,Low
TC-05395,Two year,Fiber optic,25-48 months,48,Electronic check,94.72,2,1,0.0921,Low
TC-05396,Month-to-month,No internet,0-12 months,8,Bank transfer,19.0,0,0,0.168,Medium
TC-05397,Month-to-month,DSL,0-12 months,10,Bank transfer,63.06,1,0,0.3393,Medium
TC-05398,Month-to-month,Fiber optic,13-24 months,22,Electronic check,94.23,5,1,0.8593,High
TC-05399,One year,DSL,25-48 months,30,Mailed check,63.52,0,0,0.0305,Low
TC-05400,Month-to-month,Fiber optic,13-24 months,14,Bank transfer,76.73,2,0,0.7478,High
TC-05401,Month-to-month,No internet,0-12 months,10,Mailed check,30.01,0,0,0.1121,Low
TC-05402,Two year,DSL,25-48 months,33,Credit card,45.46,2,0,0.0074,Low
TC-05403,Two year,Fiber optic,49+ months,49,Credit card,88.43,4,0,0.0626,Low
TC-05404,One year,Fiber optic,13-24 months,23,Electronic check,98.34,2,0,0.4108,Medium
TC-05405,Month-to-month,No internet,25-48 months,36,Bank transfer,22.6,2,0,0.0763,Low
TC-05406,Month-to-month,DSL,13-24 months,14,Credit card,65.0,1,0,0.1864,Medium
TC-05407,Month-to-month,Fiber optic,0-12 months,10,Credit card,98.7,0,0,0.5535,High
TC-05408,Month-to-month,No internet,13-24 months,19,Mailed check,18.42,0,0,0.0644,Low
TC-05409,Month-to-month,Fiber optic,25-48 months,33,Credit card,84.56,4,0,0.5849,High
TC-05410,Month-to-month,Fiber optic,0-12 months,7,Electronic check,88.76,6,1,0.9271,High
TC-05411,Two year,DSL,25-48 months,42,Credit card,63.81,0,0,0.0098,Low
TC-05412,Two year,Fiber optic,49+ months,57,Electronic check,92.05,1,0,0.0421,Low
TC-05413,Month-to-month,Fiber optic,0-12 months,6,Credit card,90.86,1,0,0.5108,High
TC-05414,Two year,Fiber optic,49+ months,49,Electronic check,108.6,1,0,0.0476,Low
TC-05415,Month-to-month,No internet,25-48 months,34,Electronic check,30.3,0,0,0.085,Low
TC-05416,Month-to-month,Fiber optic,0-12 months,10,Electronic check,99.0,3,1,0.906,High
TC-05417,Two year,Fiber optic,25-48 months,37,Credit card,100.43,1,0,0.0418,Low
TC-05418,Two year,Fiber optic,49+ months,70,Mailed check,93.81,0,0,0.0085,Low
TC-05419,Month-to-month,DSL,25-48 months,27,Bank transfer,73.76,0,0,0.0812,Low
TC-05420,One year,DSL,49+ months,52,Mailed check,60.93,1,0,0.0199,Low
TC-05421,Month-to-month,DSL,0-12 months,12,Electronic check,58.98,1,1,0.4806,Medium
TC-05422,Two year,Fiber optic,25-48 months,28,Bank transfer,77.54,0,0,0.0417,Low
TC-05423,Month-to-month,No internet,0-12 months,1,Mailed check,20.26,0,0,0.1344,Low
TC-05424,Month-to-month,Fiber optic,13-24 months,22,Electronic check,84.64,3,1,0.7786,High
TC-05425,Month-to-month,No internet,0-12 months,10,Credit card,18.0,1,1,0.1196,Low
TC-05426,One year,Fiber optic,13-24 months,19,Bank transfer,97.06,0,0,0.2215,Medium
TC-05427,One year,DSL,25-48 months,30,Electronic check,64.6,0,0,0.051,Low
TC-05428,Two year,Fiber optic,25-48 months,28,Electronic check,84.62,3,0,0.1024,Low
TC-05429,Month-to-month,DSL,0-12 months,1,Electronic check,68.49,1,0,0.3196,Medium
TC-05430,Two year,No internet,49+ months,72,Credit card,29.39,0,0,0.001,Low
TC-05431,Two year,No internet,49+ months,51,Mailed check,27.49,1,0,0.0017,Low
TC-05432,One year,Fiber optic,13-24 months,19,Electronic check,88.16,1,0,0.1847,Medium
TC-05433,Month-to-month,No internet,49+ months,50,Credit card,26.14,2,0,0.0813,Low
TC-05434,Month-to-month,Fiber optic,0-12 months,4,Credit card,87.58,3,1,0.8127,High
TC-05435,Month-to-month,Fiber optic,25-48 months,38,Mailed check,77.81,2,0,0.4136,Medium
TC-05436,Month-to-month,DSL,13-24 months,21,Bank transfer,73.08,0,1,0.1713,Medium
TC-05437,One year,No internet,13-24 months,24,Electronic check,20.34,0,0,0.0262,Low
TC-05438,Month-to-month,No internet,49+ months,51,Mailed check,25.29,2,0,0.0544,Low
TC-05439,Month-to-month,DSL,49+ months,64,Electronic check,66.81,1,0,0.1373,Low
TC-05440,Month-to-month,DSL,25-48 months,32,Electronic check,54.16,0,0,0.134,Low
TC-05441,One year,Fiber optic,13-24 months,23,Electronic check,92.29,2,0,0.2671,Medium
TC-05442,Month-to-month,Fiber optic,25-48 months,35,Mailed check,81.8,3,0,0.4042,Medium
TC-05443,Two year,Fiber optic,49+ months,53,Credit card,91.78,1,0,0.0117,Low
TC-05444,One year,Fiber optic,49+ months,50,Mailed check,79.43,1,0,0.0408,Low
TC-05445,Month-to-month,DSL,0-12 months,7,Credit card,67.73,2,0,0.3319,Medium
TC-05446,One year,Fiber optic,0-12 months,10,Mailed check,89.91,7,1,0.4136,Medium
TC-05447,Month-to-month,Fiber optic,49+ months,60,Credit card,108.02,0,0,0.1787,Medium
TC-05448,Month-to-month,DSL,25-48 months,28,Bank transfer,70.38,4,1,0.211,Medium
TC-05449,One year,DSL,13-24 months,22,Electronic check,67.48,3,0,0.1103,Low
TC-05450,Month-to-month,Fiber optic,13-24 months,20,Bank transfer,100.12,4,1,0.7477,High
TC-05451,Month-to-month,DSL,49+ months,49,Mailed check,71.71,0,0,0.0562,Low
TC-05452,Two year,Fiber optic,49+ months,67,Credit card,99.19,2,0,0.0238,Low
TC-05453,Two year,No internet,49+ months,55,Credit card,25.9,0,0,0.0019,Low
TC-05454,Two year,Fiber optic,0-12 months,8,Credit card,88.05,1,0,0.0791,Low
TC-05455,One year,Fiber optic,25-48 months,30,Mailed check,94.96,2,0,0.1926,Medium
TC-05456,Two year,DSL,13-24 months,19,Bank transfer,76.65,1,0,0.0187,Low
TC-05457,Month-to-month,DSL,49+ months,50,Bank transfer,56.92,1,0,0.0494,Low
TC-05458,Two year,Fiber optic,49+ months,63,Electronic check,104.83,1,0,0.0237,Low
TC-05459,Month-to-month,Fiber optic,25-48 months,27,Bank transfer,84.18,1,1,0.5334,High
TC-05460,Two year,Fiber optic,49+ months,65,Bank transfer,75.82,2,0,0.0158,Low
TC-05461,Two year,No internet,25-48 months,34,Credit card,27.35,0,0,0.0027,Low
TC-05462,Month-to-month,DSL,13-24 months,23,Credit card,76.57,1,0,0.2148,Medium
TC-05463,Two year,Fiber optic,49+ months,72,Credit card,103.12,1,0,0.0136,Low
TC-05464,Two year,Fiber optic,49+ months,72,Electronic check,106.54,0,0,0.013,Low
TC-05465,Month-to-month,DSL,13-24 months,19,Bank transfer,81.13,2,0,0.3066,Medium
TC-05466,One year,DSL,25-48 months,28,Bank transfer,79.36,0,0,0.0176,Low
TC-05467,Month-to-month,DSL,25-48 months,27,Electronic check,72.92,0,0,0.2113,Medium
TC-05468,One year,DSL,25-48 months,45,Electronic check,66.52,1,0,0.074,Low
TC-05469,Month-to-month,DSL,13-24 months,19,Credit card,58.99,0,0,0.2254,Medium
TC-05470,One year,No internet,13-24 months,23,Mailed check,23.18,0,0,0.0255,Low
TC-05471,Month-to-month,No internet,25-48 months,33,Electronic check,21.47,0,0,0.0773,Low
TC-05472,Month-to-month,DSL,0-12 months,1,Credit card,66.57,0,0,0.3813,Medium
TC-05473,Two year,DSL,25-48 months,38,Electronic check,59.36,0,0,0.0149,Low
TC-05474,Month-to-month,Fiber optic,13-24 months,19,Electronic check,84.43,0,0,0.6723,High
TC-05475,Two year,Fiber optic,49+ months,72,Credit card,81.97,0,0,0.0092,Low
TC-05476,Month-to-month,Fiber optic,13-24 months,14,Bank transfer,84.93,1,0,0.7084,High
TC-05477,Month-to-month,DSL,0-12 months,11,Mailed check,56.94,0,0,0.286,Medium
TC-05478,Two year,DSL,25-48 months,35,Bank transfer,81.73,1,0,0.0192,Low
TC-05479,Month-to-month,Fiber optic,0-12 months,8,Credit card,104.12,1,0,0.518,High
TC-05480,One year,No internet,49+ months,72,Electronic check,22.5,1,0,0.0068,Low
TC-05481,Two year,No internet,49+ months,72,Mailed check,22.81,3,0,0.0024,Low
TC-05482,Two year,DSL,49+ months,70,Credit card,79.21,1,0,0.0034,Low
TC-05483,One year,DSL,0-12 months,11,Credit card,58.92,0,0,0.0589,Low
TC-05484,Month-to-month,DSL,0-12 months,5,Electronic check,70.28,2,1,0.5873,High
TC-05485,Month-to-month,Fiber optic,25-48 months,44,Mailed check,70.51,3,0,0.3298,Medium
TC-05486,Month-to-month,No internet,13-24 months,13,Mailed check,24.86,0,0,0.0909,Low
TC-05487,Month-to-month,Fiber optic,13-24 months,14,Electronic check,86.21,2,0,0.7509,High
TC-05488,Month-to-month,DSL,13-24 months,21,Bank transfer,71.4,1,0,0.3189,Medium
TC-05489,Month-to-month,Fiber optic,13-24 months,20,Bank transfer,89.05,1,1,0.6095,High
TC-05490,Month-to-month,DSL,0-12 months,11,Credit card,81.1,1,0,0.2697,Medium
TC-05491,One year,Fiber optic,13-24 months,22,Bank transfer,72.08,1,0,0.208,Medium
TC-05492,Month-to-month,Fiber optic,0-12 months,9,Credit card,83.3,5,1,0.8452,High
TC-05493,One year,Fiber optic,25-48 months,43,Mailed check,93.89,1,0,0.1248,Low
TC-05494,Month-to-month,DSL,0-12 months,4,Bank transfer,61.91,0,1,0.3168,Medium
TC-05495,One year,DSL,25-48 months,33,Bank transfer,79.19,0,0,0.0167,Low
TC-05496,One year,No internet,0-12 months,12,Electronic check,24.48,0,0,0.0441,Low
TC-05497,Month-to-month,Fiber optic,25-48 months,31,Credit card,89.86,0,1,0.3638,Medium
TC-05498,Two year,Fiber optic,49+ months,56,Bank transfer,100.45,1,0,0.0319,Low
TC-05499,One year,No internet,13-24 months,17,Credit card,18.0,0,0,0.0233,Low
TC-05500,Two year,DSL,49+ months,58,Credit card,60.06,1,0,0.0098,Low
TC-05501,One year,Fiber optic,25-48 months,26,Bank transfer,83.49,1,0,0.1937,Medium
TC-05502,Two year,Fiber optic,49+ months,57,Electronic check,92.82,1,0,0.0257,Low
TC-05503,Two year,DSL,49+ months,70,Bank transfer,81.11,0,0,0.0035,Low
TC-05504,One year,DSL,25-48 months,26,Credit card,58.17,0,0,0.0305,Low
TC-05505,Month-to-month,No internet,25-48 months,43,Mailed check,22.89,0,0,0.0384,Low
TC-05506,Month-to-month,Fiber optic,13-24 months,19,Electronic check,105.16,1,1,0.632,High
TC-05507,Month-to-month,No internet,0-12 months,2,Bank transfer,18.0,0,0,0.1124,Low
TC-05508,One year,Fiber optic,25-48 months,45,Electronic check,99.39,0,0,0.1013,Low
TC-05509,One year,Fiber optic,25-48 months,33,Electronic check,97.59,0,0,0.1212,Low
TC-05510,Two year,DSL,13-24 months,17,Electronic check,55.52,1,0,0.0358,Low
TC-05511,Month-to-month,Fiber optic,13-24 months,23,Electronic check,78.82,1,1,0.6135,High
TC-05512,Month-to-month,DSL,0-12 months,11,Electronic check,83.79,1,1,0.5543,High
TC-05513,One year,DSL,13-24 months,24,Mailed check,64.44,1,0,0.0343,Low
TC-05514,One year,Fiber optic,49+ months,72,Credit card,97.24,7,0,0.187,Medium
TC-05515,Month-to-month,DSL,0-12 months,0,Credit card,46.29,0,1,0.4938,High
TC-05516,Month-to-month,No internet,0-12 months,10,Credit card,18.0,1,0,0.1478,Medium
TC-05517,Month-to-month,Fiber optic,25-48 months,39,Electronic check,81.6,2,1,0.3596,Medium
TC-05518,Month-to-month,Fiber optic,0-12 months,4,Credit card,85.28,1,1,0.5839,High
TC-05519,Month-to-month,Fiber optic,25-48 months,32,Mailed check,96.66,0,1,0.2485,Medium
TC-05520,Month-to-month,Fiber optic,0-12 months,5,Electronic check,104.75,0,1,0.8201,High
TC-05521,Month-to-month,DSL,0-12 months,10,Bank transfer,69.36,0,0,0.2236,Medium
TC-05522,Month-to-month,Fiber optic,25-48 months,26,Credit card,86.45,2,1,0.6045,High
TC-05523,Month-to-month,No internet,25-48 months,27,Electronic check,26.18,1,1,0.1988,Medium
TC-05524,Month-to-month,Fiber optic,13-24 months,13,Electronic check,115.99,1,1,0.7968,High
TC-05525,Month-to-month,DSL,0-12 months,10,Electronic check,68.55,2,1,0.441,Medium
TC-05526,One year,DSL,0-12 months,12,Electronic check,56.07,1,0,0.159,Medium
TC-05527,One year,No internet,49+ months,68,Credit card,37.65,0,0,0.0038,Low
TC-05528,One year,DSL,13-24 months,21,Electronic check,77.34,2,0,0.1008,Low
TC-05529,Month-to-month,No internet,0-12 months,3,Bank transfer,18.09,0,0,0.1103,Low
TC-05530,Month-to-month,No internet,0-12 months,11,Credit card,24.59,2,1,0.2588,Medium
TC-05531,Month-to-month,Fiber optic,0-12 months,11,Credit card,81.37,3,1,0.7488,High
TC-05532,Month-to-month,DSL,0-12 months,8,Electronic check,69.19,0,0,0.3045,Medium
TC-05533,Two year,DSL,25-48 months,40,Credit card,53.78,0,0,0.0063,Low
TC-05534,Two year,DSL,0-12 months,12,Electronic check,67.76,3,0,0.0462,Low
TC-05535,One year,DSL,13-24 months,22,Bank transfer,53.57,0,0,0.0532,Low
TC-05536,One year,DSL,25-48 months,42,Credit card,75.72,0,0,0.0335,Low
TC-05537,One year,Fiber optic,13-24 months,20,Mailed check,104.66,2,1,0.3197,Medium
TC-05538,Two year,No internet,49+ months,70,Mailed check,33.9,1,0,0.001,Low
TC-05539,Month-to-month,DSL,13-24 months,24,Electronic check,63.89,1,0,0.1449,Low
TC-05540,Two year,Fiber optic,25-48 months,40,Electronic check,79.03,2,0,0.0568,Low
TC-05541,One year,DSL,25-48 months,26,Electronic check,59.29,1,0,0.0825,Low
TC-05542,Month-to-month,Fiber optic,0-12 months,11,Bank transfer,92.59,2,1,0.7326,High
TC-05543,Month-to-month,No internet,0-12 months,12,Credit card,31.77,2,0,0.1735,Medium
TC-05544,Month-to-month,DSL,13-24 months,17,Credit card,81.6,0,0,0.223,Medium
TC-05545,Month-to-month,DSL,0-12 months,7,Bank transfer,46.16,0,0,0.1802,Medium
TC-05546,Two year,Fiber optic,49+ months,58,Electronic check,95.44,3,0,0.0954,Low
TC-05547,Two year,Fiber optic,49+ months,72,Electronic check,88.37,1,0,0.0125,Low
TC-05548,Month-to-month,No internet,0-12 months,7,Electronic check,18.0,0,0,0.1608,Medium
TC-05549,Month-to-month,Fiber optic,25-48 months,28,Mailed check,87.3,0,0,0.2915,Medium
TC-05550,Month-to-month,DSL,25-48 months,42,Electronic check,59.02,2,0,0.2682,Medium
TC-05551,Month-to-month,Fiber optic,0-12 months,5,Bank transfer,86.01,0,1,0.7331,High
TC-05552,Month-to-month,No internet,13-24 months,23,Electronic check,18.0,1,0,0.1184,Low
TC-05553,One year,No internet,25-48 months,42,Credit card,18.0,0,0,0.0084,Low
TC-05554,Month-to-month,No internet,25-48 months,40,Bank transfer,18.0,0,0,0.0373,Low
TC-05555,One year,Fiber optic,25-48 months,27,Credit card,84.61,1,0,0.1843,Medium
TC-05556,Month-to-month,Fiber optic,0-12 months,6,Mailed check,94.22,1,1,0.6998,High
TC-05557,Two year,No internet,25-48 months,33,Electronic check,34.35,0,0,0.0097,Low
TC-05558,One year,Fiber optic,25-48 months,27,Mailed check,92.93,3,0,0.1115,Low
TC-05559,Month-to-month,No internet,13-24 months,23,Bank transfer,18.0,0,0,0.0671,Low
TC-05560,Two year,Fiber optic,13-24 months,17,Mailed check,86.25,3,0,0.1754,Medium
TC-05561,Month-to-month,No internet,13-24 months,15,Credit card,32.24,2,0,0.145,Low
TC-05562,Month-to-month,Fiber optic,13-24 months,13,Mailed check,84.28,2,0,0.6496,High
TC-05563,Month-to-month,No internet,25-48 months,41,Bank transfer,18.0,2,0,0.0435,Low
TC-05564,Month-to-month,Fiber optic,0-12 months,12,Electronic check,95.69,2,1,0.6897,High
TC-05565,Month-to-month,Fiber optic,13-24 months,22,Credit card,70.75,1,1,0.5256,High
TC-05566,Month-to-month,No internet,13-24 months,22,Mailed check,18.0,2,0,0.0821,Low
TC-05567,Month-to-month,Fiber optic,25-48 months,33,Electronic check,89.17,1,0,0.444,Medium
TC-05568,Two year,No internet,49+ months,68,Electronic check,19.7,1,0,0.0016,Low
TC-05569,Month-to-month,Fiber optic,25-48 months,32,Electronic check,82.84,0,0,0.5011,High
TC-05570,Month-to-month,Fiber optic,0-12 months,3,Bank transfer,95.18,3,1,0.7341,High
TC-05571,Month-to-month,DSL,0-12 months,12,Credit card,82.25,0,0,0.1454,Low
TC-05572,Month-to-month,DSL,0-12 months,10,Bank transfer,74.73,0,1,0.3254,Medium
TC-05573,Month-to-month,Fiber optic,25-48 months,36,Credit card,89.79,1,1,0.4809,Medium
TC-05574,Month-to-month,No internet,13-24 months,19,Credit card,30.07,1,0,0.1846,Medium
TC-05575,One year,No internet,25-48 months,34,Bank transfer,25.98,0,1,0.0108,Low
TC-05576,Month-to-month,No internet,25-48 months,32,Mailed check,35.04,1,0,0.0773,Low
TC-05577,Month-to-month,DSL,0-12 months,11,Bank transfer,68.5,0,0,0.1176,Low
TC-05578,One year,Fiber optic,49+ months,72,Mailed check,101.0,2,0,0.0551,Low
TC-05579,One year,No internet,25-48 months,45,Electronic check,31.9,1,0,0.0207,Low
TC-05580,Month-to-month,DSL,25-48 months,27,Credit card,65.84,1,0,0.2468,Medium
TC-05581,Month-to-month,Fiber optic,13-24 months,13,Bank transfer,96.1,1,1,0.5145,High
TC-05582,One year,Fiber optic,49+ months,59,Electronic check,93.28,2,1,0.1188,Low
TC-05583,Month-to-month,No internet,0-12 months,4,Bank transfer,24.19,2,0,0.1962,Medium
TC-05584,Two year,DSL,49+ months,61,Electronic check,46.57,2,0,0.0102,Low
TC-05585,Month-to-month,Fiber optic,13-24 months,15,Bank transfer,84.74,3,0,0.7271,High
TC-05586,Month-to-month,DSL,25-48 months,28,Electronic check,71.74,2,0,0.2627,Medium
TC-05587,Month-to-month,DSL,25-48 months,29,Credit card,61.1,2,1,0.172,Medium
TC-05588,Month-to-month,No internet,13-24 months,23,Credit card,18.0,1,0,0.0815,Low
TC-05589,Two year,DSL,25-48 months,34,Electronic check,57.15,2,0,0.0242,Low
TC-05590,Month-to-month,DSL,0-12 months,6,Credit card,66.42,1,1,0.3335,Medium
TC-05591,Two year,DSL,49+ months,72,Electronic check,63.49,1,0,0.0027,Low
TC-05592,Two year,Fiber optic,49+ months,50,Electronic check,82.17,1,0,0.0204,Low
TC-05593,Two year,Fiber optic,25-48 months,35,Electronic check,88.39,2,1,0.0927,Low
TC-05594,Month-to-month,Fiber optic,0-12 months,11,Electronic check,99.69,1,0,0.7746,High
TC-05595,Month-to-month,DSL,0-12 months,7,Bank transfer,79.0,2,1,0.3058,Medium
TC-05596,Month-to-month,DSL,0-12 months,7,Electronic check,58.97,2,1,0.6703,High
TC-05597,Month-to-month,Fiber optic,13-24 months,24,Credit card,87.49,3,0,0.5494,High
TC-05598,Two year,No internet,25-48 months,36,Credit card,18.0,1,0,0.0025,Low
TC-05599,One year,DSL,13-24 months,24,Mailed check,59.37,2,0,0.0397,Low
TC-05600,Month-to-month,Fiber optic,0-12 months,8,Bank transfer,83.47,1,0,0.5564,High
TC-05601,Month-to-month,Fiber optic,13-24 months,17,Bank transfer,100.62,1,0,0.5712,High
TC-05602,One year,DSL,25-48 months,46,Electronic check,77.9,0,0,0.0303,Low
TC-05603,One year,DSL,0-12 months,12,Electronic check,72.96,0,0,0.1129,Low
TC-05604,Month-to-month,Fiber optic,0-12 months,1,Mailed check,101.07,2,1,0.7605,High
TC-05605,One year,Fiber optic,0-12 months,7,Bank transfer,86.42,2,0,0.3299,Medium
TC-05606,Month-to-month,Fiber optic,13-24 months,15,Credit card,101.66,0,0,0.3976,Medium
TC-05607,Month-to-month,No internet,0-12 months,6,Credit card,18.0,2,0,0.1892,Medium
TC-05608,Month-to-month,Fiber optic,25-48 months,26,Bank transfer,100.91,1,0,0.5865,High
TC-05609,Two year,Fiber optic,25-48 months,31,Electronic check,90.53,0,0,0.0415,Low
TC-05610,Month-to-month,No internet,0-12 months,12,Electronic check,26.35,2,0,0.268,Medium
TC-05611,One year,DSL,49+ months,57,Bank transfer,64.94,2,0,0.0157,Low
TC-05612,Month-to-month,No internet,25-48 months,42,Electronic check,18.0,2,0,0.0964,Low
TC-05613,Month-to-month,Fiber optic,0-12 months,5,Credit card,107.91,1,0,0.7934,High
TC-05614,One year,Fiber optic,25-48 months,33,Mailed check,92.12,2,0,0.1514,Medium
TC-05615,One year,No internet,49+ months,51,Mailed check,26.44,1,0,0.0086,Low
TC-05616,Two year,DSL,25-48 months,41,Electronic check,73.21,2,0,0.0084,Low
TC-05617,Month-to-month,DSL,0-12 months,10,Credit card,59.68,0,0,0.3151,Medium
TC-05618,Month-to-month,DSL,0-12 months,4,Electronic check,76.29,0,0,0.4116,Medium
TC-05619,Month-to-month,No internet,25-48 months,27,Electronic check,32.21,0,0,0.1286,Low
TC-05620,Month-to-month,Fiber optic,25-48 months,29,Bank transfer,101.63,2,1,0.4145,Medium
TC-05621,Two year,Fiber optic,49+ months,72,Credit card,89.19,2,0,0.0147,Low
TC-05622,Month-to-month,DSL,25-48 months,39,Mailed check,59.34,2,0,0.192,Medium
TC-05623,Month-to-month,DSL,13-24 months,14,Electronic check,62.87,1,1,0.2662,Medium
TC-05624,Month-to-month,DSL,0-12 months,6,Credit card,70.77,0,0,0.2511,Medium
TC-05625,One year,No internet,0-12 months,10,Electronic check,22.37,1,0,0.0603,Low
TC-05626,Month-to-month,No internet,25-48 months,30,Credit card,27.88,2,1,0.153,Medium
TC-05627,Month-to-month,Fiber optic,25-48 months,47,Electronic check,111.66,2,0,0.4643,Medium
TC-05628,One year,DSL,49+ months,62,Electronic check,69.3,1,0,0.0346,Low
TC-05629,Month-to-month,Fiber optic,49+ months,53,Credit card,88.69,0,0,0.168,Medium
TC-05630,Two year,No internet,25-48 months,37,Electronic check,27.54,1,0,0.007,Low
TC-05631,Month-to-month,DSL,25-48 months,25,Electronic check,52.81,2,0,0.3921,Medium
TC-05632,Month-to-month,No internet,0-12 months,12,Mailed check,18.0,0,0,0.0879,Low
TC-05633,Month-to-month,DSL,0-12 months,8,Electronic check,52.87,4,1,0.6343,High
TC-05634,Two year,No internet,49+ months,68,Credit card,22.45,2,0,0.0011,Low
TC-05635,Month-to-month,DSL,13-24 months,23,Mailed check,86.32,1,0,0.1121,Low
TC-05636,Month-to-month,DSL,0-12 months,5,Credit card,82.85,0,0,0.1844,Medium
TC-05637,Month-to-month,Fiber optic,0-12 months,2,Electronic check,87.04,0,1,0.488,Medium
TC-05638,Month-to-month,Fiber optic,0-12 months,12,Bank transfer,91.9,2,1,0.7231,High
TC-05639,Month-to-month,Fiber optic,13-24 months,20,Electronic check,96.83,2,1,0.8363,High
TC-05640,Two year,Fiber optic,25-48 months,28,Electronic check,87.02,3,0,0.1455,Low
TC-05641,Two year,No internet,49+ months,71,Credit card,38.33,1,0,0.0016,Low
TC-05642,Month-to-month,Fiber optic,0-12 months,6,Credit card,89.64,0,0,0.6802,High
TC-05643,Two year,No internet,49+ months,57,Bank transfer,26.63,0,0,0.0017,Low
TC-05644,Month-to-month,Fiber optic,0-12 months,12,Credit card,100.69,1,1,0.7262,High
TC-05645,One year,DSL,49+ months,72,Electronic check,61.74,0,0,0.0177,Low
TC-05646,Month-to-month,DSL,0-12 months,6,Bank transfer,59.14,1,0,0.2892,Medium
TC-05647,Month-to-month,Fiber optic,49+ months,55,Bank transfer,72.44,0,1,0.2042,Medium
TC-05648,Month-to-month,Fiber optic,0-12 months,8,Mailed check,92.03,4,1,0.8197,High
TC-05649,Month-to-month,Fiber optic,13-24 months,14,Credit card,93.38,1,1,0.7211,High
TC-05650,Two year,No internet,25-48 months,29,Electronic check,18.0,1,0,0.0088,Low
TC-05651,Month-to-month,No internet,25-48 months,37,Bank transfer,18.0,2,0,0.0688,Low
TC-05652,Month-to-month,No internet,13-24 months,15,Credit card,25.09,0,0,0.1319,Low
TC-05653,Month-to-month,Fiber optic,0-12 months,2,Mailed check,90.1,3,1,0.7337,High
TC-05654,One year,DSL,49+ months,54,Credit card,52.09,1,0,0.024,Low
TC-05655,Month-to-month,Fiber optic,0-12 months,11,Electronic check,92.9,3,1,0.8083,High
TC-05656,Month-to-month,DSL,13-24 months,21,Mailed check,53.57,2,1,0.276,Medium
TC-05657,Month-to-month,DSL,13-24 months,16,Electronic check,66.0,1,1,0.469,Medium
TC-05658,Two year,DSL,25-48 months,25,Credit card,67.89,0,0,0.0113,Low
TC-05659,Month-to-month,Fiber optic,13-24 months,13,Mailed check,93.23,2,0,0.4652,Medium
TC-05660,Month-to-month,No internet,25-48 months,28,Bank transfer,24.33,0,0,0.0644,Low
TC-05661,One year,No internet,13-24 months,23,Electronic check,27.5,4,0,0.0761,Low
TC-05662,Month-to-month,Fiber optic,13-24 months,19,Bank transfer,100.22,1,0,0.6639,High
TC-05663,One year,DSL,25-48 months,32,Mailed check,54.83,2,0,0.0385,Low
TC-05664,Two year,DSL,49+ months,66,Credit card,81.43,0,0,0.0016,Low
TC-05665,One year,DSL,49+ months,56,Credit card,63.93,1,0,0.0191,Low
TC-05666,Month-to-month,No internet,25-48 months,25,Mailed check,26.56,1,0,0.071,Low
TC-05667,Two year,Fiber optic,49+ months,72,Electronic check,97.18,2,0,0.0459,Low
TC-05668,Month-to-month,DSL,13-24 months,19,Credit card,62.75,0,0,0.2089,Medium
TC-05669,Month-to-month,DSL,25-48 months,29,Bank transfer,65.92,0,0,0.1905,Medium
TC-05670,Two year,DSL,25-48 months,48,Credit card,69.62,1,0,0.0047,Low
TC-05671,Two year,Fiber optic,49+ months,72,Bank transfer,91.9,1,0,0.0148,Low
TC-05672,One year,No internet,13-24 months,14,Mailed check,20.29,1,0,0.0239,Low
TC-05673,Month-to-month,DSL,13-24 months,19,Electronic check,61.26,0,0,0.3306,Medium
TC-05674,Month-to-month,Fiber optic,0-12 months,2,Mailed check,101.99,1,0,0.4496,Medium
TC-05675,Month-to-month,No internet,25-48 months,25,Electronic check,26.68,0,0,0.1098,Low
TC-05676,Month-to-month,No internet,25-48 months,25,Credit card,18.0,4,0,0.125,Low
TC-05677,Two year,Fiber optic,25-48 months,44,Electronic check,87.62,2,0,0.0419,Low
TC-05678,Month-to-month,Fiber optic,13-24 months,20,Bank transfer,97.05,0,0,0.5737,High
TC-05679,Two year,DSL,49+ months,53,Bank transfer,64.04,1,0,0.0054,Low
TC-05680,One year,DSL,0-12 months,11,Mailed check,77.17,1,0,0.1374,Low
TC-05681,One year,No internet,25-48 months,30,Credit card,20.96,0,0,0.0139,Low
TC-05682,Two year,No internet,0-12 months,12,Bank transfer,29.33,1,0,0.0076,Low
TC-05683,Month-to-month,Fiber optic,13-24 months,21,Mailed check,101.8,0,0,0.2651,Medium
TC-05684,One year,No internet,25-48 months,46,Electronic check,20.02,0,0,0.009,Low
TC-05685,Month-to-month,No internet,0-12 months,3,Electronic check,21.03,0,0,0.2185,Medium
TC-05686,Month-to-month,Fiber optic,25-48 months,36,Credit card,104.9,1,1,0.5626,High
TC-05687,Two year,DSL,25-48 months,25,Electronic check,64.05,0,0,0.0281,Low
TC-05688,Month-to-month,Fiber optic,0-12 months,8,Electronic check,85.55,0,0,0.6104,High
TC-05689,Two year,Fiber optic,25-48 months,44,Electronic check,83.18,0,0,0.0426,Low
TC-05690,Two year,No internet,49+ months,51,Bank transfer,22.31,4,0,0.0041,Low
TC-05691,Two year,No internet,25-48 months,38,Mailed check,18.0,0,0,0.0033,Low
TC-05692,Month-to-month,Fiber optic,49+ months,64,Electronic check,101.08,3,0,0.3147,Medium
TC-05693,Month-to-month,No internet,0-12 months,12,Electronic check,28.59,0,0,0.2597,Medium
TC-05694,Month-to-month,Fiber optic,13-24 months,19,Bank transfer,96.24,2,1,0.7646,High
TC-05695,Month-to-month,No internet,0-12 months,9,Mailed check,28.3,0,0,0.0892,Low
TC-05696,Month-to-month,No internet,13-24 months,19,Credit card,25.59,0,0,0.0781,Low
TC-05697,Two year,No internet,25-48 months,36,Electronic check,30.21,0,0,0.0047,Low
TC-05698,Two year,Fiber optic,49+ months,63,Bank transfer,111.45,0,0,0.0111,Low
TC-05699,Month-to-month,No internet,0-12 months,10,Bank transfer,26.19,1,1,0.114,Low
TC-05700,Two year,Fiber optic,25-48 months,44,Electronic check,84.02,3,0,0.0956,Low
TC-05701,Month-to-month,DSL,0-12 months,6,Electronic check,63.61,2,0,0.3681,Medium
TC-05702,Two year,Fiber optic,25-48 months,41,Credit card,97.74,1,0,0.0194,Low
TC-05703,Two year,Fiber optic,49+ months,65,Credit card,82.23,0,0,0.0149,Low
TC-05704,One year,Fiber optic,25-48 months,27,Bank transfer,94.14,2,0,0.2429,Medium
TC-05705,Two year,Fiber optic,25-48 months,39,Electronic check,81.76,2,0,0.0513,Low
TC-05706,One year,Fiber optic,25-48 months,39,Mailed check,83.87,1,0,0.1123,Low
TC-05707,One year,DSL,49+ months,60,Bank transfer,53.59,1,0,0.0283,Low
TC-05708,Month-to-month,Fiber optic,0-12 months,3,Credit card,85.83,1,1,0.6168,High
TC-05709,Month-to-month,No internet,0-12 months,12,Bank transfer,24.98,2,0,0.1685,Medium
TC-05710,Month-to-month,No internet,0-12 months,9,Electronic check,27.29,2,0,0.2915,Medium
TC-05711,Two year,DSL,49+ months,72,Electronic check,64.55,0,0,0.0057,Low
TC-05712,Month-to-month,Fiber optic,13-24 months,16,Credit card,89.56,1,1,0.5185,High
TC-05713,One year,Fiber optic,25-48 months,28,Mailed check,84.22,2,0,0.1724,Medium
TC-05714,Month-to-month,No internet,13-24 months,13,Mailed check,26.04,1,1,0.0984,Low
TC-05715,One year,DSL,25-48 months,27,Credit card,54.98,1,0,0.0627,Low
TC-05716,Two year,Fiber optic,25-48 months,26,Credit card,86.04,0,0,0.0435,Low
TC-05717,One year,DSL,25-48 months,45,Credit card,55.42,0,0,0.0153,Low
TC-05718,Month-to-month,Fiber optic,13-24 months,20,Mailed check,88.12,1,0,0.4166,Medium
TC-05719,One year,DSL,13-24 months,19,Bank transfer,91.12,0,0,0.0665,Low
TC-05720,Month-to-month,Fiber optic,13-24 months,13,Credit card,96.69,4,0,0.7949,High
TC-05721,Two year,No internet,25-48 months,26,Mailed check,18.0,1,0,0.0051,Low
TC-05722,Month-to-month,Fiber optic,0-12 months,10,Credit card,90.34,3,1,0.7625,High
TC-05723,Month-to-month,DSL,13-24 months,15,Bank transfer,59.93,3,1,0.3869,Medium
TC-05724,Two year,Fiber optic,49+ months,63,Mailed check,88.62,0,0,0.0116,Low
TC-05725,Two year,No internet,49+ months,49,Electronic check,18.0,1,0,0.0035,Low
TC-05726,Two year,DSL,25-48 months,34,Bank transfer,60.76,0,0,0.0117,Low
TC-05727,Month-to-month,DSL,0-12 months,5,Mailed check,77.09,0,1,0.259,Medium
TC-05728,One year,No internet,49+ months,54,Electronic check,22.69,1,0,0.0209,Low
TC-05729,Two year,DSL,49+ months,72,Mailed check,55.31,0,0,0.0024,Low
TC-05730,One year,Fiber optic,13-24 months,20,Mailed check,88.27,2,0,0.2201,Medium
TC-05731,Month-to-month,DSL,0-12 months,6,Bank transfer,69.01,0,1,0.2332,Medium
TC-05732,Month-to-month,DSL,25-48 months,43,Credit card,70.18,1,0,0.1764,Medium
TC-05733,Month-to-month,Fiber optic,0-12 months,3,Credit card,91.65,0,1,0.6362,High
TC-05734,Month-to-month,DSL,0-12 months,10,Credit card,81.7,1,0,0.2927,Medium
TC-05735,Month-to-month,Fiber optic,0-12 months,7,Mailed check,104.33,1,0,0.605,High
TC-05736,Month-to-month,No internet,13-24 months,15,Bank transfer,18.0,0,0,0.0899,Low
TC-05737,One year,No internet,13-24 months,19,Bank transfer,19.6,1,0,0.0183,Low
TC-05738,Two year,Fiber optic,13-24 months,23,Mailed check,92.32,0,0,0.024,Low
TC-05739,Month-to-month,DSL,0-12 months,10,Mailed check,58.84,1,1,0.3146,Medium
TC-05740,Month-to-month,Fiber optic,25-48 months,45,Electronic check,82.81,0,0,0.4151,Medium
TC-05741,Two year,Fiber optic,13-24 months,23,Electronic check,98.39,1,0,0.1311,Low
TC-05742,Two year,DSL,13-24 months,24,Mailed check,69.25,0,0,0.0169,Low
TC-05743,Two year,No internet,49+ months,70,Credit card,18.79,0,0,0.0015,Low
TC-05744,Month-to-month,Fiber optic,13-24 months,13,Credit card,106.03,1,1,0.5336,High
TC-05745,One year,Fiber optic,49+ months,67,Electronic check,84.95,4,0,0.1503,Medium
TC-05746,One year,DSL,0-12 months,4,Credit card,57.45,1,0,0.0641,Low
TC-05747,Month-to-month,No internet,0-12 months,8,Electronic check,18.0,0,0,0.1938,Medium
TC-05748,Month-to-month,Fiber optic,25-48 months,29,Electronic check,93.63,1,0,0.5048,High
TC-05749,Two year,Fiber optic,25-48 months,39,Bank transfer,91.94,1,0,0.0408,Low
TC-05750,Month-to-month,No internet,0-12 months,8,Credit card,19.99,1,1,0.1176,Low
TC-05751,Month-to-month,Fiber optic,0-12 months,3,Credit card,106.37,0,1,0.6394,High
TC-05752,Month-to-month,Fiber optic,0-12 months,9,Mailed check,86.07,4,1,0.7627,High
TC-05753,One year,Fiber optic,25-48 months,41,Electronic check,85.61,3,0,0.1779,Medium
TC-05754,Month-to-month,DSL,49+ months,49,Mailed check,46.71,1,0,0.0854,Low
TC-05755,Two year,Fiber optic,13-24 months,20,Bank transfer,92.97,1,0,0.0769,Low
TC-05756,Month-to-month,DSL,0-12 months,6,Bank transfer,58.09,0,0,0.2465,Medium
TC-05757,Month-to-month,DSL,25-48 months,36,Electronic check,71.95,0,0,0.0817,Low
TC-05758,Month-to-month,Fiber optic,0-12 months,11,Credit card,100.1,0,1,0.6762,High
TC-05759,Month-to-month,No internet,13-24 months,20,Mailed check,32.49,3,0,0.1435,Low
TC-05760,Two year,DSL,49+ months,51,Credit card,84.04,1,0,0.0085,Low
TC-05761,Month-to-month,Fiber optic,0-12 months,9,Mailed check,78.2,2,1,0.6781,High
TC-05762,One year,Fiber optic,49+ months,49,Bank transfer,102.74,1,0,0.0696,Low
TC-05763,Two year,Fiber optic,25-48 months,39,Electronic check,102.32,0,0,0.021,Low
TC-05764,Month-to-month,Fiber optic,0-12 months,7,Bank transfer,93.52,1,0,0.4058,Medium
TC-05765,Month-to-month,Fiber optic,25-48 months,43,Electronic check,90.74,1,0,0.5592,High
TC-05766,Month-to-month,Fiber optic,13-24 months,15,Credit card,79.5,1,0,0.5878,High
TC-05767,Month-to-month,No internet,0-12 months,9,Credit card,18.0,1,0,0.1432,Low
TC-05768,Two year,Fiber optic,49+ months,72,Credit card,102.92,1,0,0.0162,Low
TC-05769,Month-to-month,Fiber optic,13-24 months,13,Electronic check,94.75,1,1,0.7954,High
TC-05770,One year,Fiber optic,13-24 months,23,Electronic check,75.16,2,1,0.357,Medium
TC-05771,Month-to-month,DSL,25-48 months,36,Credit card,58.49,0,0,0.1254,Low
TC-05772,Month-to-month,DSL,25-48 months,43,Credit card,67.19,0,0,0.0839,Low
TC-05773,Month-to-month,DSL,25-48 months,40,Credit card,80.92,1,0,0.1044,Low
TC-05774,Two year,DSL,49+ months,72,Electronic check,68.58,0,0,0.0097,Low
TC-05775,One year,No internet,49+ months,52,Electronic check,20.64,1,0,0.0114,Low
TC-05776,One year,No internet,25-48 months,36,Electronic check,25.11,2,0,0.0257,Low
TC-05777,Month-to-month,DSL,13-24 months,22,Credit card,72.04,1,0,0.3206,Medium
TC-05778,Month-to-month,No internet,49+ months,52,Credit card,23.71,0,0,0.0325,Low
TC-05779,Two year,Fiber optic,13-24 months,17,Mailed check,104.16,2,0,0.0752,Low
TC-05780,One year,No internet,25-48 months,26,Electronic check,29.75,1,0,0.0352,Low
TC-05781,One year,Fiber optic,13-24 months,17,Bank transfer,95.8,1,0,0.2017,Medium
TC-05782,Month-to-month,No internet,13-24 months,14,Bank transfer,36.82,0,0,0.1212,Low
TC-05783,Month-to-month,Fiber optic,0-12 months,4,Bank transfer,91.5,1,0,0.7375,High
TC-05784,Two year,No internet,25-48 months,39,Bank transfer,18.0,3,0,0.0054,Low
TC-05785,Month-to-month,No internet,0-12 months,3,Mailed check,23.28,0,0,0.1261,Low
TC-05786,Month-to-month,DSL,25-48 months,40,Electronic check,61.99,3,0,0.3727,Medium
TC-05787,One year,No internet,49+ months,59,Credit card,23.29,2,0,0.0089,Low
TC-05788,Month-to-month,DSL,0-12 months,1,Credit card,70.83,2,0,0.5501,High
TC-05789,Two year,Fiber optic,25-48 months,30,Electronic check,91.19,2,0,0.115,Low
TC-05790,One year,DSL,49+ months,57,Mailed check,67.49,2,0,0.0171,Low
TC-05791,Month-to-month,Fiber optic,0-12 months,8,Mailed check,100.5,0,0,0.4675,Medium
TC-05792,Month-to-month,DSL,25-48 months,29,Bank transfer,70.56,0,0,0.1302,Low
TC-05793,Month-to-month,DSL,13-24 months,21,Credit card,66.83,0,0,0.113,Low
TC-05794,Month-to-month,Fiber optic,0-12 months,6,Credit card,94.66,1,1,0.5707,High
TC-05795,Month-to-month,No internet,13-24 months,18,Credit card,21.0,2,0,0.144,Low
TC-05796,Month-to-month,No internet,0-12 months,8,Credit card,22.49,1,1,0.1587,Medium
TC-05797,Month-to-month,Fiber optic,0-12 months,10,Mailed check,93.22,0,0,0.4813,Medium
TC-05798,Month-to-month,No internet,0-12 months,4,Bank transfer,19.19,1,0,0.155,Medium
TC-05799,Month-to-month,DSL,13-24 months,22,Electronic check,62.11,2,0,0.4046,Medium
TC-05800,One year,Fiber optic,0-12 months,12,Electronic check,86.68,2,0,0.4234,Medium
TC-05801,Month-to-month,Fiber optic,25-48 months,40,Bank transfer,88.31,1,0,0.3934,Medium
TC-05802,Month-to-month,No internet,0-12 months,2,Bank transfer,23.21,1,0,0.2602,Medium
TC-05803,One year,Fiber optic,25-48 months,30,Credit card,90.17,3,0,0.2288,Medium
TC-05804,Two year,DSL,49+ months,63,Credit card,52.46,0,0,0.0032,Low
TC-05805,One year,Fiber optic,0-12 months,7,Electronic check,77.37,0,0,0.1929,Medium
TC-05806,One year,DSL,13-24 months,24,Electronic check,70.52,1,0,0.038,Low
TC-05807,Month-to-month,DSL,0-12 months,7,Mailed check,59.77,0,0,0.1671,Medium
TC-05808,Two year,No internet,49+ months,72,Electronic check,18.0,0,0,0.0016,Low
TC-05809,One year,DSL,49+ months,52,Mailed check,63.73,0,0,0.0143,Low
TC-05810,Month-to-month,DSL,0-12 months,11,Mailed check,70.36,0,0,0.1909,Medium
TC-05811,One year,Fiber optic,49+ months,53,Mailed check,84.17,1,0,0.0375,Low
TC-05812,One year,DSL,49+ months,72,Mailed check,59.57,2,0,0.0203,Low
TC-05813,One year,No internet,49+ months,53,Electronic check,33.22,2,0,0.0291,Low
TC-05814,Month-to-month,Fiber optic,13-24 months,17,Electronic check,94.47,0,1,0.6933,High
TC-05815,Two year,No internet,0-12 months,4,Mailed check,18.8,2,0,0.0099,Low
TC-05816,One year,DSL,25-48 months,33,Electronic check,72.8,0,0,0.0811,Low
TC-05817,One year,No internet,25-48 months,26,Credit card,26.05,2,0,0.0279,Low
TC-05818,Month-to-month,Fiber optic,13-24 months,24,Electronic check,88.46,0,0,0.5693,High
TC-05819,Month-to-month,No internet,0-12 months,9,Mailed check,18.0,2,1,0.1524,Medium
TC-05820,Two year,Fiber optic,49+ months,68,Electronic check,93.66,4,0,0.057,Low
TC-05821,Month-to-month,No internet,0-12 months,12,Mailed check,20.6,3,0,0.1731,Medium
TC-05822,One year,Fiber optic,49+ months,72,Bank transfer,90.83,1,0,0.0348,Low
TC-05823,Month-to-month,DSL,49+ months,52,Electronic check,76.51,1,0,0.1215,Low
TC-05824,One year,Fiber optic,0-12 months,7,Electronic check,97.97,0,1,0.4749,Medium
TC-05825,One year,Fiber optic,13-24 months,21,Mailed check,81.59,0,0,0.1287,Low
TC-05826,Two year,DSL,49+ months,72,Electronic check,74.84,0,0,0.0033,Low
TC-05827,Two year,Fiber optic,13-24 months,14,Electronic check,93.71,2,0,0.068,Low
TC-05828,Month-to-month,DSL,25-48 months,46,Electronic check,48.48,2,0,0.2197,Medium
TC-05829,Month-to-month,Fiber optic,0-12 months,3,Electronic check,109.67,1,0,0.7939,High
TC-05830,Month-to-month,Fiber optic,13-24 months,18,Mailed check,81.96,0,0,0.3901,Medium
TC-05831,Month-to-month,DSL,25-48 months,29,Mailed check,68.19,0,0,0.1166,Low
TC-05832,Month-to-month,DSL,0-12 months,1,Bank transfer,71.81,2,0,0.4377,Medium
TC-05833,Two year,Fiber optic,25-48 months,26,Electronic check,104.09,4,1,0.1786,Medium
TC-05834,Month-to-month,No internet,25-48 months,27,Electronic check,33.85,0,0,0.1822,Medium
TC-05835,One year,DSL,49+ months,53,Bank transfer,64.45,2,0,0.0211,Low
TC-05836,One year,No internet,13-24 months,21,Mailed check,24.7,1,0,0.0177,Low
TC-05837,Month-to-month,DSL,0-12 months,10,Mailed check,82.32,0,0,0.2212,Medium
TC-05838,Month-to-month,Fiber optic,25-48 months,31,Credit card,99.0,2,0,0.7008,High
TC-05839,Month-to-month,Fiber optic,25-48 months,41,Bank transfer,95.69,1,1,0.2812,Medium
TC-05840,Month-to-month,DSL,25-48 months,35,Credit card,67.8,1,0,0.2265,Medium
TC-05841,Month-to-month,DSL,0-12 months,11,Mailed check,54.75,0,0,0.2711,Medium
TC-05842,One year,DSL,0-12 months,7,Electronic check,64.47,2,0,0.1015,Low
TC-05843,One year,DSL,25-48 months,34,Electronic check,64.9,2,1,0.054,Low
TC-05844,Month-to-month,DSL,13-24 months,17,Credit card,79.58,1,0,0.1754,Medium
TC-05845,Month-to-month,Fiber optic,13-24 months,20,Electronic check,79.59,2,0,0.6916,High
TC-05846,Two year,DSL,0-12 months,5,Bank transfer,41.0,0,0,0.032,Low
TC-05847,Month-to-month,Fiber optic,25-48 months,29,Mailed check,77.47,1,0,0.3085,Medium
TC-05848,Month-to-month,No internet,13-24 months,21,Bank transfer,18.0,3,1,0.122,Low
TC-05849,One year,Fiber optic,25-48 months,43,Electronic check,81.21,1,0,0.1416,Low
TC-05850,One year,No internet,25-48 months,26,Mailed check,22.12,0,0,0.0183,Low
TC-05851,Two year,DSL,49+ months,59,Mailed check,52.38,2,0,0.0048,Low
TC-05852,Month-to-month,DSL,49+ months,65,Bank transfer,45.03,1,1,0.029,Low
TC-05853,Two year,DSL,13-24 months,21,Bank transfer,64.81,0,0,0.0144,Low
TC-05854,Month-to-month,Fiber optic,13-24 months,22,Electronic check,104.94,2,0,0.5142,High
TC-05855,Month-to-month,DSL,25-48 months,25,Bank transfer,60.07,0,1,0.2191,Medium
TC-05856,Month-to-month,Fiber optic,0-12 months,5,Bank transfer,92.99,0,0,0.5179,High
TC-05857,Month-to-month,Fiber optic,25-48 months,25,Credit card,91.49,1,0,0.6591,High
TC-05858,Month-to-month,No internet,13-24 months,16,Credit card,26.69,0,1,0.0877,Low
TC-05859,Month-to-month,No internet,0-12 months,2,Electronic check,28.82,0,1,0.2358,Medium
TC-05860,One year,Fiber optic,0-12 months,10,Mailed check,71.75,0,0,0.132,Low
TC-05861,One year,DSL,25-48 months,36,Electronic check,55.05,0,0,0.0327,Low
TC-05862,Month-to-month,Fiber optic,13-24 months,17,Credit card,104.74,0,0,0.4689,Medium
TC-05863,Month-to-month,No internet,13-24 months,15,Credit card,25.19,0,0,0.0947,Low
TC-05864,Two year,Fiber optic,49+ months,72,Electronic check,79.95,3,0,0.0307,Low
TC-05865,Month-to-month,Fiber optic,0-12 months,10,Mailed check,96.91,1,1,0.6176,High
TC-05866,Month-to-month,DSL,25-48 months,38,Credit card,55.08,0,0,0.2008,Medium
TC-05867,Two year,No internet,25-48 months,44,Credit card,18.0,0,0,0.0025,Low
TC-05868,Month-to-month,No internet,13-24 months,22,Mailed check,18.0,0,0,0.0581,Low
TC-05869,Month-to-month,Fiber optic,49+ months,52,Mailed check,81.02,0,1,0.1362,Low
TC-05870,One year,No internet,25-48 months,45,Electronic check,18.0,2,0,0.0203,Low
TC-05871,Month-to-month,Fiber optic,49+ months,51,Electronic check,87.26,1,0,0.3023,Medium
TC-05872,Month-to-month,DSL,0-12 months,2,Mailed check,62.38,0,0,0.347,Medium
TC-05873,Two year,No internet,13-24 months,17,Mailed check,26.18,1,0,0.0064,Low
TC-05874,One year,Fiber optic,49+ months,52,Electronic check,79.39,1,1,0.127,Low
TC-05875,Two year,Fiber optic,25-48 months,36,Bank transfer,69.11,1,0,0.0519,Low
TC-05876,Month-to-month,DSL,13-24 months,13,Electronic check,69.54,0,1,0.2965,Medium
TC-05877,Month-to-month,Fiber optic,25-48 months,25,Bank transfer,86.38,0,0,0.4153,Medium
TC-05878,Month-to-month,Fiber optic,0-12 months,2,Electronic check,95.12,0,0,0.6414,High
TC-05879,Month-to-month,Fiber optic,13-24 months,19,Credit card,88.36,1,1,0.5184,High
TC-05880,Month-to-month,Fiber optic,13-24 months,22,Electronic check,89.94,2,1,0.5655,High
TC-05881,Month-to-month,Fiber optic,0-12 months,8,Bank transfer,83.59,3,0,0.7408,High
TC-05882,Month-to-month,No internet,13-24 months,22,Electronic check,26.54,3,0,0.2249,Medium
TC-05883,Month-to-month,Fiber optic,0-12 months,8,Bank transfer,74.74,2,0,0.6595,High
TC-05884,Month-to-month,DSL,0-12 months,1,Mailed check,64.68,0,1,0.2509,Medium
TC-05885,Two year,DSL,25-48 months,44,Bank transfer,67.66,3,0,0.0085,Low
TC-05886,Two year,DSL,13-24 months,22,Mailed check,66.03,1,0,0.0178,Low
TC-05887,Month-to-month,DSL,13-24 months,20,Electronic check,57.02,1,0,0.2811,Medium
TC-05888,One year,DSL,49+ months,49,Bank transfer,55.2,3,0,0.039,Low
TC-05889,Month-to-month,Fiber optic,0-12 months,7,Credit card,82.07,3,1,0.7888,High
TC-05890,Month-to-month,DSL,13-24 months,15,Bank transfer,70.96,1,0,0.2176,Medium
TC-05891,Month-to-month,Fiber optic,25-48 months,40,Electronic check,75.25,0,1,0.4092,Medium
TC-05892,One year,No internet,25-48 months,40,Bank transfer,18.11,2,0,0.0128,Low
TC-05893,Two year,Fiber optic,13-24 months,17,Mailed check,99.9,0,0,0.0236,Low
TC-05894,Two year,DSL,25-48 months,42,Electronic check,60.12,1,0,0.0212,Low
TC-05895,Month-to-month,DSL,0-12 months,9,Mailed check,68.05,0,0,0.3423,Medium
TC-05896,One year,DSL,25-48 months,37,Bank transfer,56.51,1,0,0.064,Low
TC-05897,Month-to-month,Fiber optic,25-48 months,36,Credit card,85.56,6,1,0.8051,High
TC-05898,One year,DSL,25-48 months,28,Bank transfer,57.65,3,0,0.0806,Low
TC-05899,Two year,DSL,49+ months,72,Electronic check,62.91,0,0,0.0047,Low
TC-05900,One year,DSL,25-48 months,35,Bank transfer,58.14,2,0,0.0763,Low
TC-05901,Month-to-month,DSL,25-48 months,35,Credit card,51.5,0,0,0.0838,Low
TC-05902,Month-to-month,Fiber optic,25-48 months,38,Electronic check,80.56,1,0,0.5336,High
TC-05903,Month-to-month,Fiber optic,49+ months,72,Electronic check,89.47,1,0,0.1552,Medium
TC-05904,One year,DSL,49+ months,52,Electronic check,58.24,2,0,0.0784,Low
TC-05905,One year,Fiber optic,49+ months,57,Credit card,99.34,1,1,0.133,Low
TC-05906,One year,DSL,25-48 months,37,Credit card,73.64,2,0,0.0349,Low
TC-05907,Month-to-month,Fiber optic,13-24 months,16,Bank transfer,92.23,3,1,0.7318,High
TC-05908,One year,Fiber optic,49+ months,62,Electronic check,86.0,3,0,0.2138,Medium
TC-05909,Month-to-month,DSL,0-12 months,3,Credit card,74.71,0,1,0.182,Medium
TC-05910,Two year,DSL,25-48 months,27,Electronic check,54.2,1,0,0.0235,Low
TC-05911,Two year,Fiber optic,25-48 months,45,Electronic check,89.8,0,0,0.0437,Low
TC-05912,Month-to-month,No internet,13-24 months,22,Mailed check,25.24,1,0,0.0805,Low
TC-05913,One year,DSL,49+ months,53,Mailed check,78.75,1,0,0.0257,Low
TC-05914,One year,DSL,25-48 months,34,Mailed check,66.95,3,0,0.0351,Low
TC-05915,Month-to-month,Fiber optic,25-48 months,27,Credit card,88.28,0,1,0.429,Medium
TC-05916,Month-to-month,Fiber optic,0-12 months,7,Electronic check,96.6,3,0,0.8018,High
TC-05917,Month-to-month,No internet,0-12 months,1,Credit card,18.0,4,0,0.2404,Medium
TC-05918,One year,Fiber optic,25-48 months,44,Electronic check,90.99,2,0,0.1155,Low
TC-05919,Month-to-month,Fiber optic,0-12 months,6,Bank transfer,82.23,3,1,0.7323,High
TC-05920,Month-to-month,DSL,0-12 months,12,Credit card,63.47,0,0,0.3188,Medium
TC-05921,Two year,Fiber optic,25-48 months,46,Credit card,96.11,0,0,0.0182,Low
TC-05922,Month-to-month,No internet,13-24 months,13,Bank transfer,21.52,0,0,0.0953,Low
TC-05923,One year,Fiber optic,49+ months,50,Credit card,76.66,1,0,0.0871,Low
TC-05924,Month-to-month,Fiber optic,13-24 months,17,Bank transfer,86.67,1,1,0.5589,High
TC-05925,Month-to-month,DSL,0-12 months,4,Mailed check,59.63,1,1,0.3508,Medium
TC-05926,Month-to-month,Fiber optic,0-12 months,1,Electronic check,88.97,1,1,0.6813,High
TC-05927,Month-to-month,DSL,25-48 months,33,Electronic check,64.3,0,0,0.299,Medium
TC-05928,Two year,DSL,25-48 months,28,Electronic check,75.48,0,0,0.0315,Low
TC-05929,One year,DSL,25-48 months,46,Credit card,67.39,1,0,0.0572,Low
TC-05930,Month-to-month,Fiber optic,25-48 months,46,Electronic check,88.96,1,1,0.4945,High
TC-05931,Month-to-month,DSL,13-24 months,23,Mailed check,82.76,0,0,0.0841,Low
TC-05932,Month-to-month,DSL,13-24 months,21,Bank transfer,57.77,0,0,0.2222,Medium
TC-05933,Two year,DSL,13-24 months,24,Credit card,76.37,0,0,0.0089,Low
TC-05934,Two year,Fiber optic,49+ months,72,Electronic check,89.89,2,0,0.0156,Low
TC-05935,Month-to-month,DSL,0-12 months,11,Credit card,54.86,2,0,0.2971,Medium
TC-05936,Month-to-month,Fiber optic,0-12 months,9,Electronic check,100.98,3,1,0.7767,High
TC-05937,Month-to-month,Fiber optic,0-12 months,8,Bank transfer,103.43,2,0,0.6221,High
TC-05938,Month-to-month,No internet,25-48 months,40,Bank transfer,18.94,0,0,0.0385,Low
TC-05939,Month-to-month,DSL,0-12 months,2,Electronic check,63.37,3,1,0.6545,High
TC-05940,Month-to-month,DSL,13-24 months,15,Credit card,55.72,1,0,0.1707,Medium
TC-05941,Month-to-month,Fiber optic,0-12 months,6,Credit card,102.11,0,0,0.5445,High
TC-05942,One year,DSL,25-48 months,39,Electronic check,61.99,1,0,0.0671,Low
TC-05943,One year,Fiber optic,49+ months,54,Bank transfer,91.19,0,0,0.0428,Low
TC-05944,One year,Fiber optic,25-48 months,34,Electronic check,106.28,0,1,0.1805,Medium
TC-05945,One year,No internet,49+ months,57,Credit card,20.27,0,0,0.0046,Low
TC-05946,Month-to-month,Fiber optic,25-48 months,32,Mailed check,104.34,1,0,0.342,Medium
TC-05947,Month-to-month,No internet,25-48 months,36,Electronic check,26.69,1,1,0.0849,Low
TC-05948,Month-to-month,Fiber optic,0-12 months,7,Mailed check,87.31,4,0,0.7679,High
TC-05949,Month-to-month,Fiber optic,13-24 months,22,Mailed check,96.33,0,1,0.518,High
TC-05950,Month-to-month,No internet,13-24 months,22,Electronic check,30.99,0,0,0.1287,Low
TC-05951,Month-to-month,Fiber optic,13-24 months,19,Electronic check,95.33,2,0,0.7256,High
TC-05952,Month-to-month,Fiber optic,49+ months,65,Bank transfer,95.67,2,0,0.1677,Medium
TC-05953,Month-to-month,Fiber optic,13-24 months,19,Bank transfer,102.23,0,1,0.4541,Medium
TC-05954,Two year,No internet,13-24 months,16,Credit card,29.43,0,0,0.0081,Low
TC-05955,Two year,Fiber optic,49+ months,60,Credit card,94.9,3,0,0.0281,Low
TC-05956,One year,No internet,49+ months,72,Electronic check,19.29,1,0,0.0064,Low
TC-05957,Month-to-month,No internet,13-24 months,17,Electronic check,18.0,3,0,0.2778,Medium
TC-05958,Month-to-month,Fiber optic,0-12 months,3,Electronic check,92.12,0,1,0.7786,High
TC-05959,Two year,Fiber optic,13-24 months,24,Mailed check,107.42,3,0,0.0625,Low
TC-05960,One year,Fiber optic,13-24 months,13,Credit card,91.81,5,0,0.5417,High
TC-05961,One year,Fiber optic,25-48 months,30,Mailed check,95.18,0,1,0.0864,Low
TC-05962,One year,Fiber optic,25-48 months,27,Electronic check,85.84,3,1,0.3831,Medium
TC-05963,Two year,Fiber optic,49+ months,72,Mailed check,86.41,3,0,0.0164,Low
TC-05964,One year,No internet,25-48 months,47,Bank transfer,18.0,2,0,0.0102,Low
TC-05965,Month-to-month,DSL,25-48 months,33,Mailed check,56.07,0,0,0.0922,Low
TC-05966,Month-to-month,DSL,13-24 months,23,Electronic check,55.17,0,0,0.1152,Low
TC-05967,Two year,DSL,49+ months,64,Bank transfer,48.9,3,0,0.008,Low
TC-05968,Month-to-month,Fiber optic,0-12 months,1,Mailed check,86.12,3,1,0.7751,High
TC-05969,Month-to-month,Fiber optic,0-12 months,10,Electronic check,78.5,0,1,0.7539,High
TC-05970,Month-to-month,Fiber optic,25-48 months,29,Mailed check,94.52,2,0,0.4292,Medium
TC-05971,Month-to-month,DSL,0-12 months,5,Mailed check,70.01,1,0,0.2521,Medium
TC-05972,Month-to-month,Fiber optic,25-48 months,39,Electronic check,93.04,0,0,0.3004,Medium
TC-05973,Two year,Fiber optic,49+ months,72,Bank transfer,103.2,1,0,0.0117,Low
TC-05974,One year,DSL,49+ months,52,Credit card,62.73,0,0,0.0138,Low
TC-05975,One year,Fiber optic,25-48 months,38,Electronic check,82.41,2,0,0.194,Medium
TC-05976,One year,No internet,25-48 months,42,Electronic check,27.31,2,0,0.024,Low
TC-05977,Month-to-month,DSL,13-24 months,16,Credit card,61.05,1,0,0.2279,Medium
TC-05978,Two year,Fiber optic,25-48 months,37,Electronic check,93.39,3,0,0.0913,Low
TC-05979,Month-to-month,Fiber optic,0-12 months,8,Bank transfer,92.18,4,1,0.7876,High
TC-05980,Month-to-month,Fiber optic,0-12 months,11,Bank transfer,89.75,2,0,0.6974,High
TC-05981,Month-to-month,No internet,13-24 months,19,Bank transfer,23.44,1,0,0.0849,Low
TC-05982,One year,Fiber optic,25-48 months,36,Electronic check,89.12,4,1,0.2483,Medium
TC-05983,Two year,DSL,13-24 months,20,Electronic check,56.9,0,0,0.014,Low
TC-05984,One year,Fiber optic,0-12 months,9,Electronic check,95.01,1,0,0.3375,Medium
TC-05985,One year,DSL,49+ months,50,Credit card,69.62,2,0,0.0464,Low
TC-05986,Month-to-month,DSL,0-12 months,2,Credit card,51.77,1,0,0.2634,Medium
TC-05987,One year,DSL,49+ months,66,Mailed check,76.9,3,0,0.0094,Low
TC-05988,Two year,DSL,49+ months,72,Electronic check,50.06,1,0,0.0055,Low
TC-05989,Month-to-month,DSL,0-12 months,5,Mailed check,76.7,0,0,0.2795,Medium
TC-05990,One year,Fiber optic,25-48 months,48,Electronic check,88.56,4,0,0.1462,Low
TC-05991,Month-to-month,DSL,0-12 months,4,Bank transfer,74.72,0,0,0.4587,Medium
TC-05992,Month-to-month,Fiber optic,25-48 months,26,Mailed check,77.13,2,1,0.5263,High
TC-05993,One year,No internet,25-48 months,45,Bank transfer,25.74,3,0,0.0132,Low
TC-05994,Month-to-month,DSL,25-48 months,26,Electronic check,69.46,0,0,0.2247,Medium
TC-05995,Month-to-month,DSL,0-12 months,9,Bank transfer,85.46,1,0,0.3161,Medium
TC-05996,Month-to-month,Fiber optic,13-24 months,20,Mailed check,95.77,2,1,0.6384,High
TC-05997,Month-to-month,Fiber optic,0-12 months,5,Credit card,95.08,3,1,0.8274,High
TC-05998,One year,No internet,13-24 months,23,Credit card,25.45,0,0,0.0214,Low
TC-05999,One year,Fiber optic,25-48 months,38,Electronic check,98.68,0,0,0.145,Low
TC-06000,Month-to-month,DSL,25-48 months,38,Mailed check,69.84,2,0,0.1166,Low
