customer_id,gender,senior_citizen,partner,dependents,tenure_months,phone_service,internet_service,online_security,tech_support,streaming_tv,contract,paperless_billing,payment_method,monthly_charges,total_charges,churned,tenure_band,charge_band,ticket_count,avg_resolution_hours,avg_satisfaction
TC-00001,Male,0,No,Yes,14,Yes,No internet,No internet service,No internet service,No internet service,One year,Yes,Electronic check,18.0,249.85,1,13-24 months,Low (<40),0,,
TC-00002,Female,0,No,No,72,Yes,Fiber optic,No,Yes,No,Two year,No,Electronic check,79.97,5824.66,0,49+ months,Medium (40-79),0,,
TC-00003,Female,0,No,Yes,72,Yes,DSL,No,No,No,Two year,Yes,Bank transfer,67.39,4811.05,0,49+ months,Medium (40-79),3,16.7,3.67
TC-00004,Male,0,Yes,No,23,Yes,No internet,No internet service,No internet service,No internet service,Month-to-month,Yes,Bank transfer,22.73,519.81,0,13-24 months,Low (<40),4,15.1,3.0
TC-00005,Female,0,Yes,No,35,Yes,No internet,No internet service,No internet service,No internet service,Month-to-month,Yes,Electronic check,18.0,627.28,0,25-48 months,Low (<40),0,,
TC-00006,Female,0,Yes,No,35,Yes,Fiber optic,No,No,No,Two year,No,Credit card,83.45,2889.92,0,25-48 months,High (80+),4,18.6,3.75
TC-00007,Male,0,No,Yes,25,Yes,Fiber optic,No,No,Yes,Month-to-month,No,Credit card,90.5,2279.89,1,25-48 months,High (80+),4,23.2,3.0
TC-00008,Male,0,Yes,Yes,71,Yes,Fiber optic,No,Yes,No,Two year,No,Credit card,98.9,7054.92,0,49+ months,High (80+),1,7.9,2.0
TC-00009,Female,0,Yes,No,72,Yes,Fiber optic,Yes,Yes,No,Two year,No,Credit card,101.17,7304.13,0,49+ months,High (80+),2,14.9,2.5
TC-00010,Female,0,No,No,28,Yes,No internet,No internet service,No internet service,No internet service,Month-to-month,No,Electronic check,18.0,493.71,0,25-48 months,Low (<40),2,16.9,3.5
TC-00011,Female,1,Yes,No,72,Yes,No internet,No internet service,No internet service,No internet service,Month-to-month,Yes,Bank transfer,24.78,1787.75,0,49+ months,Low (<40),2,23.1,4.5
TC-00012,Female,0,Yes,No,15,Yes,Fiber optic,No,Yes,Yes,Month-to-month,Yes,Mailed check,106.78,1616.45,1,13-24 months,High (80+),2,5.4,3.0
TC-00013,Female,0,No,No,42,Yes,Fiber optic,No,No,No,Month-to-month,No,Bank transfer,81.41,3372.88,1,25-48 months,High (80+),1,14.1,3.0
TC-00014,Male,0,Yes,Yes,31,Yes,No internet,No internet service,No internet service,No internet service,Month-to-month,Yes,Mailed check,21.2,664.96,0,25-48 months,Low (<40),1,24.6,3.0
TC-00015,Male,0,Yes,No,15,Yes,Fiber optic,No,No,No,Month-to-month,Yes,Mailed check,77.74,1146.34,0,13-24 months,Medium (40-79),0,,
TC-00016,Female,0,No,Yes,30,Yes,Fiber optic,No,No,Yes,One year,No,Bank transfer,98.54,2944.38,0,25-48 months,High (80+),2,21.5,4.5
TC-00017,Female,0,No,Yes,33,Yes,DSL,No,No,No,Two year,Yes,Credit card,47.59,1554.4,0,25-48 months,Medium (40-79),1,12.8,4.0
TC-00018,Male,1,No,No,42,Yes,No internet,No internet service,No internet service,No internet service,Two year,No,Electronic check,19.72,809.6,0,25-48 months,Low (<40),0,,
TC-00019,Female,0,No,No,53,Yes,Fiber optic,Yes,No,Yes,One year,Yes,Mailed check,98.58,5084.74,0,49+ months,High (80+),1,10.3,4.0
TC-00020,Male,0,No,No,44,Yes,DSL,No,No,No,Two year,Yes,Mailed check,55.67,2425.42,0,25-48 months,Medium (40-79),3,12.5,3.67
TC-00021,Male,0,Yes,No,3,Yes,No internet,No internet service,No internet service,No internet service,Month-to-month,Yes,Bank transfer,25.65,76.31,0,0-12 months,Low (<40),2,66.0,2.5
TC-00022,Female,0,Yes,No,17,Yes,DSL,No,No,No,Month-to-month,No,Electronic check,58.89,975.75,1,13-24 months,Medium (40-79),1,20.6,3.0
TC-00023,Female,0,Yes,No,34,No,Fiber optic,No,No,No,One year,No,Credit card,89.56,3039.41,0,25-48 months,High (80+),1,9.8,5.0
TC-00024,Male,0,No,No,23,Yes,Fiber optic,No,No,No,Month-to-month,Yes,Electronic check,92.84,2174.67,1,13-24 months,High (80+),2,17.1,2.0
TC-00025,Male,0,Yes,No,27,Yes,Fiber optic,Yes,Yes,Yes,Month-to-month,Yes,Mailed check,111.98,2943.13,0,25-48 months,High (80+),0,,
TC-00026,Male,1,No,No,15,Yes,Fiber optic,No,No,No,Month-to-month,Yes,Electronic check,103.25,1523.67,1,13-24 months,High (80+),0,,
TC-00027,Female,1,No,No,2,Yes,DSL,No,Yes,No,Month-to-month,Yes,Mailed check,59.51,116.05,1,0-12 months,Medium (40-79),2,16.3,2.0
TC-00028,Female,0,No,No,24,Yes,No internet,No internet service,No internet service,No internet service,Two year,Yes,Electronic check,30.87,759.91,0,13-24 months,Low (<40),1,11.6,3.0
TC-00029,Female,0,Yes,Yes,40,Yes,Fiber optic,Yes,No,Yes,One year,Yes,Electronic check,93.96,3664.92,1,25-48 months,High (80+),1,13.6,3.0
TC-00030,Female,0,Yes,No,16,Yes,No internet,No internet service,No internet service,No internet service,Month-to-month,Yes,Credit card,18.0,287.78,0,13-24 months,Low (<40),0,,
TC-00031,Female,0,Yes,No,36,Yes,DSL,No,No,No,Month-to-month,Yes,Credit card,53.57,1901.0,0,25-48 months,Medium (40-79),3,29.7,4.33
TC-00032,Male,0,Yes,No,18,Yes,Fiber optic,Yes,Yes,Yes,Month-to-month,No,Mailed check,108.15,1907.38,0,13-24 months,High (80+),1,17.3,4.0
TC-00033,Female,0,Yes,No,34,Yes,Fiber optic,No,No,Yes,Month-to-month,Yes,Electronic check,89.87,3059.9,1,25-48 months,High (80+),1,9.7,2.0
TC-00034,Female,0,No,Yes,19,Yes,DSL,Yes,No,Yes,Month-to-month,Yes,Bank transfer,68.93,1306.41,0,13-24 months,Medium (40-79),2,18.4,3.5
TC-00035,Female,0,No,No,5,Yes,DSL,No,No,No,One year,Yes,Electronic check,56.54,287.71,0,0-12 months,Medium (40-79),1,27.8,5.0
TC-00036,Male,0,Yes,No,56,No,Fiber optic,Yes,No,No,Month-to-month,Yes,Credit card,89.42,5121.09,0,49+ months,High (80+),0,,
TC-00037,Female,1,Yes,No,15,Yes,No internet,No internet service,No internet service,No internet service,Month-to-month,Yes,Electronic check,36.24,559.05,0,13-24 months,Low (<40),1,33.6,4.0
TC-00038,Male,0,Yes,Yes,14,Yes,Fiber optic,Yes,Yes,No,Month-to-month,No,Bank transfer,95.03,1315.04,0,13-24 months,High (80+),0,,
TC-00039,Female,0,Yes,No,24,Yes,No internet,No internet service,No internet service,No internet service,Two year,No,Electronic check,19.77,471.56,0,13-24 months,Low (<40),1,40.8,3.0
TC-00040,Male,0,Yes,No,33,Yes,Fiber optic,No,No,No,Month-to-month,No,Electronic check,85.47,2773.75,1,25-48 months,High (80+),2,12.9,2.5
TC-00041,Male,1,No,No,12,Yes,DSL,Yes,No,No,Month-to-month,No,Credit card,57.58,686.17,0,0-12 months,Medium (40-79),1,32.6,3.0
TC-00042,Male,1,Yes,No,27,Yes,Fiber optic,No,No,No,Two year,No,Electronic check,79.09,2140.47,0,25-48 months,Medium (40-79),2,33.9,2.5
TC-00043,Male,0,No,No,9,Yes,DSL,Yes,No,No,Month-to-month,No,Credit card,63.64,578.26,1,0-12 months,Medium (40-79),0,,
TC-00044,Female,0,No,Yes,72,Yes,No internet,No internet service,No internet service,No internet service,Two year,Yes,Electronic check,26.27,1909.79,0,49+ months,Low (<40),3,15.3,4.67
TC-00045,Female,0,No,Yes,14,Yes,Fiber optic,No,No,No,One year,No,Credit card,82.06,1127.04,0,13-24 months,High (80+),2,14.5,3.5
TC-00046,Female,0,No,No,34,Yes,DSL,Yes,Yes,No,One year,Yes,Electronic check,64.27,2167.86,0,25-48 months,Medium (40-79),1,19.1,4.0
TC-00047,Female,0,No,No,9,Yes,Fiber optic,Yes,Yes,Yes,Month-to-month,Yes,Credit card,110.76,992.0,1,0-12 months,High (80+),1,11.7,3.0
TC-00048,Female,0,Yes,Yes,13,Yes,DSL,No,Yes,Yes,Month-to-month,Yes,Credit card,60.53,789.42,0,13-24 months,Medium (40-79),1,8.5,3.0
TC-00049,Male,0,No,Yes,10,Yes,DSL,No,No,No,Month-to-month,Yes,Credit card,49.06,479.53,1,0-12 months,Medium (40-79),0,,
TC-00050,Male,0,No,Yes,72,Yes,Fiber optic,No,No,No,Two year,Yes,Electronic check,85.11,6142.47,0,49+ months,High (80+),0,,
TC-00051,Female,0,No,Yes,28,Yes,DSL,No,No,No,Month-to-month,Yes,Mailed check,72.18,1970.81,0,25-48 months,Medium (40-79),1,11.5,3.0
TC-00052,Male,0,No,No,15,Yes,DSL,Yes,Yes,No,One year,Yes,Bank transfer,65.3,978.67,0,13-24 months,Medium (40-79),0,,
TC-00053,Female,0,No,No,19,Yes,No internet,No internet service,No internet service,No internet service,Month-to-month,Yes,Bank transfer,33.03,611.1,0,13-24 months,Low (<40),0,,
TC-00054,Male,1,No,No,45,Yes,DSL,No,Yes,No,Month-to-month,Yes,Electronic check,62.23,2849.88,1,25-48 months,Medium (40-79),0,,
TC-00055,Female,0,Yes,Yes,9,Yes,Fiber optic,No,No,No,Month-to-month,Yes,Credit card,70.07,611.86,0,0-12 months,Medium (40-79),3,26.7,3.67
TC-00056,Male,0,Yes,No,12,Yes,DSL,Yes,No,No,Month-to-month,No,Bank transfer,74.19,906.56,0,0-12 months,Medium (40-79),0,,
TC-00057,Male,0,No,No,53,Yes,Fiber optic,Yes,No,No,Two year,No,Electronic check,95.94,5182.95,0,49+ months,High (80+),4,8.9,3.75
TC-00058,Male,0,No,Yes,3,Yes,Fiber optic,No,No,No,Month-to-month,Yes,Bank transfer,80.74,236.38,0,0-12 months,High (80+),0,,
TC-00059,Female,0,No,Yes,29,Yes,No internet,No internet service,No internet service,No internet service,Two year,Yes,Bank transfer,18.86,534.57,0,25-48 months,Low (<40),1,18.4,3.0
TC-00060,Male,0,No,No,15,Yes,No internet,No internet service,No internet service,No internet service,One year,Yes,Mailed check,31.31,467.33,0,13-24 months,Low (<40),0,,
TC-00061,Male,0,No,Yes,11,Yes,Fiber optic,Yes,No,Yes,One year,Yes,Electronic check,99.48,1113.54,1,0-12 months,High (80+),3,26.1,2.0
TC-00062,Female,0,No,No,18,Yes,No internet,No internet service,No internet service,No internet service,One year,Yes,Electronic check,29.61,518.9,0,13-24 months,Low (<40),1,11.7,1.0
TC-00063,Male,0,No,No,46,Yes,No internet,No internet service,No internet service,No internet service,One year,No,Mailed check,27.83,1291.86,0,25-48 months,Low (<40),0,,
TC-00064,Male,0,Yes,Yes,4,Yes,DSL,Yes,Yes,No,Month-to-month,No,Mailed check,66.25,269.74,0,0-12 months,Medium (40-79),2,23.2,4.5
TC-00065,Female,0,Yes,Yes,63,Yes,DSL,No,Yes,No,Month-to-month,Yes,Electronic check,61.27,3899.32,0,49+ months,Medium (40-79),1,5.8,4.0
TC-00066,Female,1,No,Yes,25,Yes,Fiber optic,No,Yes,No,Month-to-month,Yes,Mailed check,96.18,2386.67,0,25-48 months,High (80+),0,,
TC-00067,Male,0,No,No,14,Yes,Fiber optic,No,No,No,Month-to-month,Yes,Electronic check,100.24,1400.17,1,13-24 months,High (80+),3,19.5,2.0
TC-00068,Female,0,No,No,12,Yes,Fiber optic,No,Yes,No,Month-to-month,Yes,Electronic check,91.81,1093.98,1,0-12 months,High (80+),0,,
TC-00069,Female,0,Yes,Yes,43,No,DSL,No,Yes,Yes,Two year,Yes,Electronic check,62.59,2690.89,0,25-48 months,Medium (40-79),0,,
TC-00070,Female,0,No,Yes,49,Yes,DSL,No,Yes,Yes,Month-to-month,Yes,Credit card,74.17,3657.07,1,49+ months,Medium (40-79),1,32.7,5.0
TC-00071,Female,0,No,No,59,Yes,Fiber optic,No,Yes,Yes,One year,No,Credit card,90.04,5293.48,0,49+ months,High (80+),3,25.3,4.0
TC-00072,Male,0,Yes,No,40,Yes,Fiber optic,No,Yes,No,Month-to-month,Yes,Mailed check,90.17,3669.32,0,25-48 months,High (80+),1,20.2,4.0
TC-00073,Male,0,Yes,No,33,Yes,Fiber optic,No,Yes,Yes,Two year,Yes,Credit card,101.79,3363.66,0,25-48 months,High (80+),1,8.4,3.0
TC-00074,Female,0,Yes,No,26,Yes,No internet,No internet service,No internet service,No internet service,One year,No,Credit card,19.18,510.49,0,25-48 months,Low (<40),5,21.6,3.2
TC-00075,Male,0,No,Yes,69,Yes,Fiber optic,Yes,No,No,Month-to-month,Yes,Mailed check,86.2,5999.28,0,49+ months,High (80+),3,14.3,4.67
TC-00076,Female,0,No,No,26,Yes,Fiber optic,Yes,No,No,Two year,No,Mailed check,86.26,2249.23,0,25-48 months,High (80+),1,9.8,5.0
TC-00077,Female,1,No,No,21,Yes,Fiber optic,Yes,No,Yes,Two year,Yes,Electronic check,102.21,2145.0,0,13-24 months,High (80+),2,14.2,3.5
TC-00078,Female,0,No,No,72,Yes,Fiber optic,Yes,Yes,No,Two year,Yes,Credit card,99.25,7083.91,0,49+ months,High (80+),2,32.0,2.0
TC-00079,Male,0,No,No,21,Yes,DSL,No,No,No,One year,Yes,Credit card,57.69,1206.78,0,13-24 months,Medium (40-79),1,33.7,4.0
TC-00080,Male,0,No,No,3,Yes,DSL,Yes,Yes,Yes,Month-to-month,Yes,Bank transfer,74.58,224.52,0,0-12 months,Medium (40-79),2,42.4,4.0
TC-00081,Male,1,No,Yes,13,Yes,No internet,No internet service,No internet service,No internet service,Month-to-month,No,Credit card,18.0,228.25,0,13-24 months,Low (<40),2,16.3,3.0
TC-00082,Male,0,No,Yes,52,No,Fiber optic,No,Yes,Yes,Two year,No,Credit card,84.49,4404.34,0,49+ months,High (80+),1,27.3,2.0
TC-00083,Male,0,No,No,7,Yes,DSL,No,No,Yes,One year,No,Mailed check,65.0,453.53,0,0-12 months,Medium (40-79),1,12.1,2.0
TC-00084,Female,0,No,Yes,15,Yes,Fiber optic,Yes,No,No,Month-to-month,Yes,Credit card,95.41,1470.94,0,13-24 months,High (80+),1,41.2,1.0
TC-00085,Male,0,Yes,No,72,Yes,Fiber optic,No,No,No,Two year,No,Credit card,72.38,5068.53,0,49+ months,Medium (40-79),2,39.8,5.0
TC-00086,Female,0,Yes,No,24,Yes,DSL,No,No,No,One year,No,Electronic check,59.46,1461.4,1,13-24 months,Medium (40-79),0,,
TC-00087,Male,0,No,No,63,Yes,No internet,No internet service,No internet service,No internet service,One year,Yes,Credit card,23.75,1459.07,0,49+ months,Low (<40),1,12.4,3.0
TC-00088,Female,0,Yes,No,31,Yes,No internet,No internet service,No internet service,No internet service,Month-to-month,Yes,Mailed check,27.45,876.4,0,25-48 months,Low (<40),0,,
TC-00089,Female,0,No,No,31,Yes,Fiber optic,No,Yes,Yes,Month-to-month,No,Electronic check,105.59,3224.11,1,25-48 months,High (80+),1,28.9,1.0
TC-00090,Female,0,Yes,Yes,18,Yes,Fiber optic,No,Yes,No,Month-to-month,Yes,Credit card,90.32,1642.44,0,13-24 months,High (80+),2,9.1,4.5
TC-00091,Male,0,No,No,21,Yes,Fiber optic,No,No,Yes,Month-to-month,Yes,Electronic check,105.44,2247.84,1,13-24 months,High (80+),0,,
TC-00092,Male,0,No,Yes,16,Yes,No internet,No internet service,No internet service,No internet service,Two year,Yes,Mailed check,23.48,364.76,0,13-24 months,Low (<40),1,5.9,4.0
TC-00093,Female,0,Yes,No,25,Yes,Fiber optic,Yes,No,No,Month-to-month,No,Mailed check,80.97,1990.93,0,25-48 months,High (80+),0,,
TC-00094,Male,0,Yes,No,11,Yes,Fiber optic,No,No,No,Month-to-month,Yes,Electronic check,83.26,901.36,1,0-12 months,High (80+),1,4.6,1.0
TC-00095,Male,0,No,Yes,16,Yes,No internet,No internet service,No internet service,No internet service,Month-to-month,Yes,Bank transfer,22.49,369.91,0,13-24 months,Low (<40),3,20.1,4.0
TC-00096,Male,0,No,No,66,Yes,Fiber optic,No,No,Yes,One year,No,Credit card,101.23,6780.96,0,49+ months,High (80+),2,14.1,2.5
TC-00097,Male,1,No,No,19,Yes,Fiber optic,Yes,Yes,No,Month-to-month,Yes,Electronic check,96.41,1850.08,1,13-24 months,High (80+),1,21.5,2.0
TC-00098,Female,0,Yes,Yes,18,Yes,No internet,No internet service,No internet service,No internet service,Month-to-month,No,Electronic check,23.88,426.82,0,13-24 months,Low (<40),1,29.9,3.0
TC-00099,Male,0,No,No,49,Yes,DSL,No,Yes,No,Month-to-month,No,Bank transfer,55.01,2726.65,0,49+ months,Medium (40-79),1,22.0,3.0
TC-00100,Male,0,Yes,Yes,14,Yes,Fiber optic,Yes,Yes,Yes,Month-to-month,No,Credit card,101.77,1410.6,1,13-24 months,High (80+),0,,
TC-00101,Female,0,No,No,56,No,Fiber optic,No,No,Yes,Two year,No,Bank transfer,97.79,5631.88,0,49+ months,High (80+),3,5.6,3.33
TC-00102,Female,0,Yes,Yes,61,Yes,No internet,No internet service,No internet service,No internet service,One year,Yes,Bank transfer,18.0,1105.96,0,49+ months,Low (<40),2,15.6,4.5
TC-00103,Female,0,No,No,11,Yes,Fiber optic,No,No,Yes,Month-to-month,No,Electronic check,98.97,1059.29,0,0-12 months,High (80+),0,,
TC-00104,Male,0,Yes,Yes,12,Yes,DSL,Yes,No,Yes,Month-to-month,No,Bank transfer,76.4,914.79,0,0-12 months,Medium (40-79),0,,
TC-00105,Male,0,No,No,66,Yes,No internet,No internet service,No internet service,No internet service,Two year,Yes,Electronic check,18.16,1168.45,0,49+ months,Low (<40),3,20.1,4.0
TC-00106,Male,0,No,Yes,57,Yes,DSL,Yes,Yes,Yes,Month-to-month,Yes,Bank transfer,80.38,4633.17,0,49+ months,High (80+),1,13.0,3.0
TC-00107,Male,0,No,No,26,Yes,DSL,No,No,No,One year,Yes,Bank transfer,64.07,1649.74,0,25-48 months,Medium (40-79),0,,
TC-00108,Female,0,No,Yes,35,Yes,DSL,No,No,No,One year,Yes,Electronic check,63.73,2195.15,0,25-48 months,Medium (40-79),0,,
TC-00109,Female,0,No,No,48,Yes,DSL,No,No,No,Month-to-month,No,Mailed check,65.42,3064.13,0,25-48 months,Medium (40-79),0,,
TC-00110,Female,0,Yes,No,33,No,Fiber optic,No,No,No,Month-to-month,Yes,Electronic check,80.21,2582.16,1,25-48 months,High (80+),3,19.3,3.0
TC-00111,Female,0,Yes,Yes,12,Yes,Fiber optic,Yes,No,No,Two year,Yes,Electronic check,87.12,1069.74,0,0-12 months,High (80+),0,,
TC-00112,Female,0,No,Yes,70,No,Fiber optic,No,No,Yes,Two year,Yes,Credit card,86.91,6074.07,0,49+ months,High (80+),0,,
TC-00113,Female,0,Yes,Yes,39,Yes,Fiber optic,Yes,Yes,No,Month-to-month,Yes,Bank transfer,81.84,3267.44,1,25-48 months,High (80+),0,,
TC-00114,Female,0,No,No,65,Yes,Fiber optic,No,Yes,No,Two year,Yes,Bank transfer,94.95,6171.78,0,49+ months,High (80+),2,6.5,5.0
TC-00115,Female,0,No,Yes,34,Yes,DSL,No,Yes,No,Month-to-month,Yes,Electronic check,65.29,2189.78,0,25-48 months,Medium (40-79),3,26.5,3.67
TC-00116,Male,1,Yes,No,59,Yes,DSL,Yes,No,Yes,One year,No,Credit card,62.66,3612.34,0,49+ months,Medium (40-79),3,10.9,3.0
TC-00117,Female,0,No,No,52,Yes,DSL,No,No,Yes,Two year,Yes,Bank transfer,71.84,3813.82,0,49+ months,Medium (40-79),0,,
TC-00118,Male,0,Yes,No,12,Yes,Fiber optic,No,No,Yes,Month-to-month,No,Credit card,97.54,1161.43,0,0-12 months,High (80+),0,,
TC-00119,Male,0,Yes,No,8,No,Fiber optic,No,No,Yes,Month-to-month,Yes,Credit card,91.44,743.46,1,0-12 months,High (80+),2,18.3,2.5
TC-00120,Female,0,No,No,72,Yes,Fiber optic,No,No,No,Two year,No,Credit card,60.22,4288.85,0,49+ months,Medium (40-79),1,27.9,1.0
TC-00121,Male,0,No,No,27,Yes,Fiber optic,No,No,Yes,Month-to-month,Yes,Bank transfer,92.6,2436.81,1,25-48 months,High (80+),2,12.8,1.5
TC-00122,Female,1,No,No,19,Yes,Fiber optic,Yes,No,Yes,One year,Yes,Mailed check,96.1,1792.33,0,13-24 months,High (80+),1,16.7,5.0
TC-00123,Male,0,Yes,No,36,Yes,No internet,No internet service,No internet service,No internet service,Two year,Yes,Bank transfer,28.24,1010.52,0,25-48 months,Low (<40),4,28.6,3.5
TC-00124,Female,0,Yes,Yes,30,Yes,DSL,Yes,No,Yes,Month-to-month,Yes,Electronic check,71.34,2172.42,0,25-48 months,Medium (40-79),1,5.5,2.0
TC-00125,Male,0,Yes,Yes,51,Yes,No internet,No internet service,No internet service,No internet service,One year,Yes,Mailed check,18.0,918.82,0,49+ months,Low (<40),1,22.3,4.0
TC-00126,Male,0,No,No,62,Yes,Fiber optic,No,Yes,Yes,Month-to-month,Yes,Electronic check,103.73,6411.34,1,49+ months,High (80+),1,25.8,1.0
TC-00127,Male,0,Yes,Yes,5,Yes,Fiber optic,No,No,No,Month-to-month,No,Credit card,90.85,453.91,0,0-12 months,High (80+),2,14.0,3.5
TC-00128,Male,1,Yes,No,6,Yes,DSL,No,Yes,Yes,Month-to-month,Yes,Bank transfer,81.05,500.27,0,0-12 months,High (80+),2,29.7,4.0
TC-00129,Male,0,Yes,No,16,Yes,Fiber optic,Yes,No,Yes,Month-to-month,Yes,Electronic check,105.25,1659.19,0,13-24 months,High (80+),1,18.2,3.0
TC-00130,Male,0,No,No,19,Yes,No internet,No internet service,No internet service,No internet service,Month-to-month,No,Mailed check,18.0,349.79,0,13-24 months,Low (<40),0,,
TC-00131,Female,0,Yes,No,54,Yes,Fiber optic,No,Yes,No,Two year,No,Mailed check,88.46,4663.87,0,49+ months,High (80+),1,14.7,3.0
TC-00132,Male,0,Yes,Yes,58,Yes,Fiber optic,Yes,No,Yes,One year,Yes,Electronic check,102.63,5963.42,0,49+ months,High (80+),1,6.1,4.0
TC-00133,Male,0,No,No,30,Yes,Fiber optic,Yes,No,Yes,Month-to-month,No,Credit card,88.59,2721.54,0,25-48 months,High (80+),2,3.1,4.0
TC-00134,Male,0,No,No,2,Yes,Fiber optic,No,No,Yes,Month-to-month,Yes,Mailed check,87.82,177.11,0,0-12 months,High (80+),3,19.1,3.67
TC-00135,Female,0,No,Yes,72,Yes,Fiber optic,Yes,No,Yes,Two year,No,Bank transfer,92.17,6471.13,0,49+ months,High (80+),0,,
TC-00136,Male,0,Yes,No,10,Yes,No internet,No internet service,No internet service,No internet service,Month-to-month,Yes,Electronic check,25.01,247.33,0,0-12 months,Low (<40),0,,
TC-00137,Female,0,No,No,43,Yes,No internet,No internet service,No internet service,No internet service,Two year,No,Credit card,18.0,764.3,0,25-48 months,Low (<40),1,20.0,1.0
TC-00138,Female,0,No,No,55,Yes,Fiber optic,No,No,Yes,Month-to-month,Yes,Credit card,101.7,5584.14,0,49+ months,High (80+),1,5.6,3.0
TC-00139,Male,0,Yes,No,13,Yes,DSL,No,No,Yes,Month-to-month,No,Credit card,70.87,934.55,1,13-24 months,Medium (40-79),2,25.9,3.0
TC-00140,Female,0,No,No,67,No,DSL,Yes,No,No,Two year,No,Credit card,71.67,4774.37,0,49+ months,Medium (40-79),0,,
TC-00141,Female,0,Yes,Yes,52,Yes,DSL,No,Yes,No,One year,Yes,Mailed check,62.62,3244.59,0,49+ months,Medium (40-79),0,,
TC-00142,Male,0,Yes,No,20,Yes,Fiber optic,No,Yes,Yes,One year,No,Electronic check,103.67,2111.87,0,13-24 months,High (80+),2,14.6,2.5
TC-00143,Female,0,No,No,17,Yes,No internet,No internet service,No internet service,No internet service,Month-to-month,Yes,Electronic check,18.0,309.81,0,13-24 months,Low (<40),2,21.8,4.0
TC-00144,Male,0,Yes,No,49,Yes,Fiber optic,No,Yes,Yes,Two year,Yes,Electronic check,94.15,4652.47,0,49+ months,High (80+),1,10.4,3.0
TC-00145,Female,0,Yes,No,19,Yes,No internet,No internet service,No internet service,No internet service,Month-to-month,Yes,Bank transfer,24.45,458.75,0,13-24 months,Low (<40),1,21.1,4.0
TC-00146,Female,0,No,No,47,Yes,Fiber optic,No,No,No,Two year,Yes,Credit card,85.81,3921.38,0,25-48 months,High (80+),2,12.8,4.0
TC-00147,Female,0,Yes,No,34,No,Fiber optic,No,Yes,No,Month-to-month,Yes,Electronic check,94.97,3276.94,0,25-48 months,High (80+),3,23.2,4.33
TC-00148,Male,0,Yes,Yes,19,Yes,Fiber optic,No,No,No,Month-to-month,No,Credit card,88.61,1728.46,0,13-24 months,High (80+),2,24.6,3.5
TC-00149,Male,0,No,No,18,Yes,Fiber optic,No,Yes,Yes,Month-to-month,Yes,Credit card,101.32,1774.25,1,13-24 months,High (80+),1,38.1,2.0
TC-00150,Female,0,Yes,No,32,Yes,Fiber optic,Yes,No,Yes,Two year,Yes,Credit card,83.41,2710.89,0,25-48 months,High (80+),2,13.1,4.0
TC-00151,Female,0,Yes,No,23,Yes,DSL,No,No,Yes,Month-to-month,Yes,Electronic check,78.4,1759.05,0,13-24 months,Medium (40-79),0,,
TC-00152,Male,0,Yes,Yes,50,Yes,No internet,No internet service,No internet service,No internet service,Two year,No,Electronic check,18.0,893.05,0,49+ months,Low (<40),0,,
TC-00153,Male,0,Yes,No,66,Yes,Fiber optic,No,No,No,One year,No,Mailed check,92.19,6207.72,1,49+ months,High (80+),3,9.6,3.67
TC-00154,Female,0,No,Yes,27,Yes,Fiber optic,No,No,No,One year,No,Mailed check,77.96,2158.89,0,25-48 months,Medium (40-79),1,2.7,4.0
TC-00155,Female,1,Yes,Yes,21,Yes,DSL,Yes,No,No,One year,Yes,Electronic check,68.74,1468.25,0,13-24 months,Medium (40-79),0,,
TC-00156,Male,1,Yes,No,72,Yes,Fiber optic,No,No,Yes,Two year,Yes,Credit card,100.7,7179.35,0,49+ months,High (80+),0,,
TC-00157,Male,0,No,No,15,Yes,Fiber optic,No,No,No,Month-to-month,Yes,Bank transfer,82.04,1236.33,1,13-24 months,High (80+),0,,
TC-00158,Female,0,No,No,6,Yes,DSL,Yes,No,Yes,Month-to-month,Yes,Credit card,69.09,413.07,1,0-12 months,Medium (40-79),0,,
TC-00159,Male,0,No,No,26,Yes,Fiber optic,No,No,No,Month-to-month,No,Mailed check,76.33,1935.53,0,25-48 months,Medium (40-79),1,1.2,2.0
TC-00160,Female,1,Yes,No,20,Yes,No internet,No internet service,No internet service,No internet service,Month-to-month,Yes,Credit card,18.62,372.97,0,13-24 months,Low (<40),2,16.8,4.0
TC-00161,Male,0,Yes,No,4,Yes,No internet,No internet service,No internet service,No internet service,Month-to-month,Yes,Electronic check,20.77,82.81,0,0-12 months,Low (<40),5,19.9,4.0
TC-00162,Female,0,Yes,No,26,Yes,No internet,No internet service,No internet service,No internet service,Two year,Yes,Credit card,18.0,456.96,0,25-48 months,Low (<40),3,23.2,3.33
TC-00163,Male,0,Yes,No,49,Yes,Fiber optic,Yes,No,No,Two year,Yes,Electronic check,81.87,3914.84,0,49+ months,High (80+),3,7.8,2.33
TC-00164,Male,0,No,Yes,20,Yes,No internet,No internet service,No internet service,No internet service,Month-to-month,No,Electronic check,18.0,367.85,1,13-24 months,Low (<40),2,16.9,2.5
TC-00165,Female,0,Yes,No,70,Yes,DSL,Yes,Yes,Yes,One year,Yes,Credit card,73.14,5056.08,0,49+ months,Medium (40-79),0,,
TC-00166,Female,0,Yes,No,11,Yes,No internet,No internet service,No internet service,No internet service,Month-to-month,Yes,Mailed check,22.33,244.04,0,0-12 months,Low (<40),0,,
TC-00167,Male,0,No,Yes,38,Yes,No internet,No internet service,No internet service,No internet service,One year,No,Bank transfer,33.04,1241.57,0,25-48 months,Low (<40),0,,
TC-00168,Male,0,No,No,41,Yes,No internet,No internet service,No internet service,No internet service,One year,Yes,Electronic check,18.0,758.68,0,25-48 months,Low (<40),0,,
TC-00169,Male,1,No,Yes,18,Yes,Fiber optic,No,No,No,Month-to-month,Yes,Electronic check,75.03,1320.44,0,13-24 months,Medium (40-79),3,51.6,3.67
TC-00170,Male,0,No,Yes,26,Yes,DSL,No,Yes,No,Two year,No,Credit card,62.26,1613.2,0,25-48 months,Medium (40-79),1,3.9,1.0
TC-00171,Female,1,No,No,5,Yes,DSL,No,No,Yes,Month-to-month,Yes,Mailed check,66.46,324.03,1,0-12 months,Medium (40-79),0,,
TC-00172,Male,0,Yes,Yes,21,Yes,DSL,No,No,Yes,One year,Yes,Bank transfer,77.22,1609.97,0,13-24 months,Medium (40-79),0,,
TC-00173,Female,1,Yes,No,62,Yes,DSL,Yes,Yes,Yes,One year,Yes,Credit card,84.06,5119.18,0,49+ months,High (80+),2,11.1,3.0
TC-00174,Female,0,Yes,Yes,22,Yes,No internet,No internet service,No internet service,No internet service,Month-to-month,Yes,Electronic check,23.79,510.75,0,13-24 months,Low (<40),3,13.0,1.67
TC-00175,Female,0,No,No,22,Yes,No internet,No internet service,No internet service,No internet service,Month-to-month,Yes,Bank transfer,24.13,522.63,0,13-24 months,Low (<40),1,32.7,3.0
TC-00176,Male,0,No,Yes,19,Yes,DSL,No,No,No,Month-to-month,Yes,Credit card,57.96,1125.02,0,13-24 months,Medium (40-79),2,18.9,4.5
TC-00177,Female,0,Yes,No,72,Yes,Fiber optic,Yes,No,No,Two year,Yes,Bank transfer,94.31,6907.88,0,49+ months,High (80+),2,30.3,4.0
TC-00178,Female,0,Yes,No,44,Yes,Fiber optic,Yes,No,No,Two year,Yes,Bank transfer,98.81,4338.43,0,25-48 months,High (80+),3,21.4,4.33
TC-00179,Female,0,No,No,46,Yes,Fiber optic,Yes,Yes,No,One year,No,Bank transfer,76.6,3446.66,0,25-48 months,Medium (40-79),2,17.6,3.0
TC-00180,Male,0,No,No,16,Yes,Fiber optic,Yes,No,No,Month-to-month,Yes,Electronic check,87.35,1438.3,1,13-24 months,High (80+),1,12.8,2.0
TC-00181,Female,0,Yes,Yes,72,Yes,Fiber optic,No,Yes,No,Two year,Yes,Bank transfer,95.9,6829.29,0,49+ months,High (80+),1,5.8,2.0
TC-00182,Female,0,Yes,No,22,Yes,Fiber optic,Yes,No,No,Two year,Yes,Electronic check,81.84,1839.45,0,13-24 months,High (80+),1,12.3,4.0
TC-00183,Female,0,No,No,33,Yes,Fiber optic,Yes,No,Yes,Two year,Yes,Electronic check,87.55,2861.41,0,25-48 months,High (80+),3,14.8,3.67
TC-00184,Female,0,No,No,72,Yes,Fiber optic,No,No,No,Month-to-month,Yes,Credit card,89.28,6514.79,0,49+ months,High (80+),1,11.4,4.0
TC-00185,Male,0,No,No,60,Yes,No internet,No internet service,No internet service,No internet service,Two year,Yes,Credit card,18.0,1070.41,0,49+ months,Low (<40),1,13.1,4.0
TC-00186,Male,1,Yes,Yes,7,Yes,No internet,No internet service,No internet service,No internet service,Month-to-month,Yes,Electronic check,18.0,126.96,0,0-12 months,Low (<40),1,16.5,3.0
TC-00187,Male,0,No,Yes,2,Yes,No internet,No internet service,No internet service,No internet service,Month-to-month,Yes,Credit card,23.98,49.01,0,0-12 months,Low (<40),0,,
TC-00188,Female,0,No,No,13,Yes,DSL,No,No,Yes,Month-to-month,Yes,Electronic check,76.32,988.27,1,13-24 months,Medium (40-79),0,,
TC-00189,Male,0,No,No,43,Yes,Fiber optic,Yes,No,No,Month-to-month,No,Mailed check,81.17,3426.17,1,25-48 months,High (80+),1,7.9,4.0
TC-00190,Male,0,No,Yes,7,Yes,Fiber optic,Yes,No,No,Month-to-month,Yes,Credit card,95.57,664.48,1,0-12 months,High (80+),2,9.4,2.0
TC-00191,Male,0,Yes,No,24,Yes,DSL,No,No,No,Month-to-month,No,Electronic check,57.62,1366.91,0,13-24 months,Medium (40-79),4,18.1,3.5
TC-00192,Female,0,Yes,No,44,Yes,Fiber optic,No,No,No,One year,No,Credit card,79.15,3551.78,0,25-48 months,Medium (40-79),3,28.4,3.67
TC-00193,Male,0,No,No,9,Yes,DSL,No,No,Yes,Month-to-month,Yes,Credit card,69.69,620.78,0,0-12 months,Medium (40-79),1,25.4,4.0
TC-00194,Male,0,No,Yes,38,Yes,Fiber optic,No,No,No,One year,No,Credit card,81.46,3140.71,0,25-48 months,High (80+),2,19.9,3.5
TC-00195,Male,0,Yes,No,11,Yes,Fiber optic,No,Yes,No,Month-to-month,Yes,Electronic check,88.25,971.78,0,0-12 months,High (80+),0,,
TC-00196,Female,0,No,No,5,Yes,Fiber optic,Yes,Yes,No,One year,No,Electronic check,109.59,546.75,0,0-12 months,High (80+),1,8.9,1.0
TC-00197,Female,0,Yes,No,9,Yes,Fiber optic,No,No,No,Month-to-month,No,Electronic check,87.67,794.23,1,0-12 months,High (80+),1,15.1,3.0
TC-00198,Female,1,Yes,Yes,20,Yes,No internet,No internet service,No internet service,No internet service,Month-to-month,Yes,Electronic check,23.98,487.89,0,13-24 months,Low (<40),1,10.5,5.0
TC-00199,Male,1,No,No,72,Yes,Fiber optic,No,Yes,Yes,Two year,No,Electronic check,106.82,7674.88,0,49+ months,High (80+),0,,
TC-00200,Female,0,No,Yes,35,Yes,DSL,No,No,Yes,Month-to-month,Yes,Credit card,53.66,1824.2,0,25-48 months,Medium (40-79),2,26.3,3.5
TC-00201,Male,1,No,No,51,Yes,No internet,No internet service,No internet service,No internet service,Two year,Yes,Electronic check,32.4,1646.94,0,49+ months,Low (<40),0,,
TC-00202,Male,0,No,No,19,Yes,DSL,No,No,Yes,One year,Yes,Electronic check,69.7,1303.63,0,13-24 months,Medium (40-79),1,10.8,3.0
TC-00203,Female,0,Yes,No,51,No,Fiber optic,Yes,No,No,One year,No,Bank transfer,90.9,4629.69,0,49+ months,High (80+),1,23.4,5.0
TC-00204,Male,0,Yes,Yes,6,Yes,Fiber optic,Yes,Yes,No,Month-to-month,Yes,Credit card,89.35,533.01,0,0-12 months,High (80+),1,9.8,5.0
TC-00205,Female,0,Yes,No,34,Yes,Fiber optic,Yes,No,No,One year,Yes,Electronic check,96.23,3266.07,0,25-48 months,High (80+),2,12.3,4.0
TC-00206,Male,1,No,No,22,Yes,No internet,No internet service,No internet service,No internet service,Month-to-month,Yes,Electronic check,18.71,403.47,1,13-24 months,Low (<40),2,12.2,2.0
TC-00207,Male,0,Yes,No,65,Yes,Fiber optic,No,Yes,Yes,Two year,Yes,Credit card,93.68,6187.58,0,49+ months,High (80+),0,,
TC-00208,Female,0,No,Yes,31,Yes,No internet,No internet service,No internet service,No internet service,Two year,No,Credit card,18.0,557.42,0,25-48 months,Low (<40),1,36.1,5.0
TC-00209,Female,0,Yes,No,26,Yes,No internet,No internet service,No internet service,No internet service,Two year,No,Electronic check,30.53,776.29,0,25-48 months,Low (<40),0,,
TC-00210,Female,0,No,No,3,Yes,Fiber optic,No,Yes,Yes,Month-to-month,Yes,Bank transfer,93.71,277.75,0,0-12 months,High (80+),0,,
TC-00211,Male,0,No,Yes,5,Yes,DSL,No,Yes,Yes,Month-to-month,Yes,Bank transfer,68.47,345.81,0,0-12 months,Medium (40-79),1,10.1,4.0
TC-00212,Female,1,No,Yes,24,Yes,DSL,No,Yes,Yes,Month-to-month,Yes,Bank transfer,74.67,1813.1,0,13-24 months,Medium (40-79),0,,
TC-00213,Female,0,No,No,5,No,Fiber optic,No,Yes,No,Month-to-month,Yes,Electronic check,93.97,459.14,1,0-12 months,High (80+),3,19.6,3.67
TC-00214,Female,0,No,No,72,Yes,Fiber optic,No,No,No,One year,No,Bank transfer,95.86,6910.6,0,49+ months,High (80+),2,20.4,3.0
TC-00215,Female,1,No,Yes,47,Yes,DSL,No,Yes,Yes,Two year,Yes,Bank transfer,68.01,3259.76,0,25-48 months,Medium (40-79),0,,
TC-00216,Male,0,No,Yes,15,Yes,DSL,Yes,No,Yes,Month-to-month,Yes,Electronic check,63.48,945.31,0,13-24 months,Medium (40-79),0,,
TC-00217,Female,1,Yes,No,72,Yes,Fiber optic,No,No,Yes,Two year,No,Credit card,91.2,6372.66,0,49+ months,High (80+),2,44.0,4.0
TC-00218,Female,0,No,No,48,Yes,Fiber optic,No,No,Yes,Two year,Yes,Credit card,87.86,4095.35,0,25-48 months,High (80+),2,10.0,3.5
TC-00219,Male,1,Yes,Yes,19,Yes,Fiber optic,No,No,Yes,Month-to-month,No,Credit card,88.46,1647.72,0,13-24 months,High (80+),1,9.0,3.0
TC-00220,Female,1,No,No,61,Yes,Fiber optic,Yes,Yes,No,Two year,Yes,Mailed check,87.78,5400.19,0,49+ months,High (80+),0,,
TC-00221,Female,0,No,Yes,36,Yes,DSL,Yes,No,Yes,Two year,No,Bank transfer,74.53,2668.04,0,25-48 months,Medium (40-79),1,15.3,4.0
TC-00222,Male,1,No,No,11,Yes,No internet,No internet service,No internet service,No internet service,Month-to-month,No,Electronic check,28.34,305.0,0,0-12 months,Low (<40),2,8.0,2.5
TC-00223,Male,0,Yes,No,45,Yes,Fiber optic,No,No,No,One year,Yes,Credit card,88.93,4066.93,0,25-48 months,High (80+),0,,
TC-00224,Male,0,No,Yes,51,No,Fiber optic,No,Yes,Yes,One year,Yes,Electronic check,84.26,4178.66,1,49+ months,High (80+),1,21.8,3.0
TC-00225,Female,1,No,Yes,49,Yes,Fiber optic,No,Yes,Yes,One year,Yes,Electronic check,85.51,4094.39,0,49+ months,High (80+),0,,
TC-00226,Female,0,Yes,No,2,Yes,No internet,No internet service,No internet service,No internet service,Month-to-month,Yes,Electronic check,29.31,58.67,0,0-12 months,Low (<40),3,25.6,2.67
TC-00227,Male,0,Yes,No,24,Yes,DSL,No,Yes,No,One year,No,Electronic check,52.76,1295.18,0,13-24 months,Medium (40-79),0,,
TC-00228,Male,0,No,No,42,Yes,Fiber optic,No,Yes,No,One year,Yes,Electronic check,96.0,4065.07,0,25-48 months,High (80+),0,,
TC-00229,Male,0,Yes,Yes,57,Yes,No internet,No internet service,No internet service,No internet service,Two year,Yes,Mailed check,18.0,1011.76,0,49+ months,Low (<40),0,,
TC-00230,Male,0,Yes,No,40,Yes,No internet,No internet service,No internet service,No internet service,Two year,No,Bank transfer,19.4,762.47,0,25-48 months,Low (<40),0,,
TC-00231,Female,0,No,No,33,Yes,No internet,No internet service,No internet service,No internet service,Month-to-month,Yes,Electronic check,39.38,1302.61,0,25-48 months,Low (<40),0,,
TC-00232,Female,0,Yes,No,44,Yes,Fiber optic,Yes,No,Yes,One year,No,Mailed check,103.13,4483.09,0,25-48 months,High (80+),2,9.9,3.5
TC-00233,Male,0,No,No,23,Yes,No internet,No internet service,No internet service,No internet service,Two year,No,Credit card,19.02,434.3,0,13-24 months,Low (<40),1,1.2,3.0
TC-00234,Male,1,No,No,27,Yes,No internet,No internet service,No internet service,No internet service,Two year,Yes,Credit card,35.5,951.91,0,25-48 months,Low (<40),3,9.2,3.67
TC-00235,Male,0,Yes,Yes,8,No,DSL,No,No,No,Month-to-month,Yes,Credit card,54.93,446.76,0,0-12 months,Medium (40-79),1,28.3,5.0
TC-00236,Female,1,No,Yes,38,Yes,Fiber optic,No,No,No,Month-to-month,Yes,Mailed check,80.27,2968.87,1,25-48 months,High (80+),2,10.7,2.5
TC-00237,Male,0,No,No,45,Yes,No internet,No internet service,No internet service,No internet service,One year,Yes,Bank transfer,25.43,1114.23,0,25-48 months,Low (<40),1,12.6,3.0
TC-00238,Female,0,Yes,No,37,Yes,Fiber optic,Yes,No,No,Month-to-month,No,Bank transfer,99.82,3746.49,1,25-48 months,High (80+),1,34.2,3.0
TC-00239,Female,1,No,No,13,Yes,No internet,No internet service,No internet service,No internet service,One year,No,Credit card,26.7,346.97,0,13-24 months,Low (<40),0,,
TC-00240,Male,0,No,No,21,Yes,No internet,No internet service,No internet service,No internet service,Two year,No,Electronic check,33.88,698.15,0,13-24 months,Low (<40),1,40.9,3.0
TC-00241,Male,0,No,Yes,7,Yes,Fiber optic,No,No,No,Month-to-month,Yes,Credit card,94.17,674.94,1,0-12 months,High (80+),2,8.7,3.5
TC-00242,Female,0,Yes,No,26,Yes,Fiber optic,No,No,No,Month-to-month,No,Bank transfer,94.15,2427.26,0,25-48 months,High (80+),0,,
TC-00243,Male,0,No,No,2,Yes,Fiber optic,Yes,No,Yes,Month-to-month,Yes,Credit card,101.06,200.38,1,0-12 months,High (80+),0,,
TC-00244,Female,0,No,No,48,Yes,DSL,No,Yes,Yes,One year,No,Electronic check,69.84,3294.12,0,25-48 months,Medium (40-79),2,19.4,3.0
TC-00245,Male,0,Yes,No,21,Yes,DSL,No,Yes,Yes,Month-to-month,Yes,Mailed check,67.13,1443.06,0,13-24 months,Medium (40-79),0,,
TC-00246,Female,0,No,No,8,Yes,DSL,No,No,Yes,Month-to-month,Yes,Mailed check,66.35,529.13,1,0-12 months,Medium (40-79),0,,
TC-00247,Male,0,No,Yes,3,No,Fiber optic,No,Yes,No,Month-to-month,Yes,Electronic check,85.81,258.21,1,0-12 months,High (80+),2,19.6,2.5
TC-00248,Female,0,No,No,26,Yes,DSL,No,No,No,One year,Yes,Bank transfer,56.19,1479.41,0,25-48 months,Medium (40-79),0,,
TC-00249,Male,0,Yes,Yes,72,Yes,Fiber optic,No,Yes,No,Two year,Yes,Electronic check,77.94,5742.19,0,49+ months,Medium (40-79),2,36.0,4.5
TC-00250,Male,0,Yes,Yes,10,Yes,Fiber optic,Yes,No,No,Month-to-month,Yes,Credit card,76.91,750.5,0,0-12 months,Medium (40-79),2,38.0,4.5
TC-00251,Male,1,Yes,Yes,1,Yes,Fiber optic,Yes,Yes,Yes,Month-to-month,Yes,Electronic check,122.42,124.41,1,0-12 months,High (80+),1,11.0,4.0
TC-00252,Male,0,Yes,Yes,26,Yes,DSL,No,No,No,Month-to-month,Yes,Credit card,69.11,1841.2,1,25-48 months,Medium (40-79),0,,
TC-00253,Female,0,Yes,Yes,4,Yes,Fiber optic,No,No,Yes,Month-to-month,Yes,Credit card,94.73,381.16,1,0-12 months,High (80+),1,15.3,3.0
TC-00254,Male,0,No,Yes,19,No,Fiber optic,No,No,No,Month-to-month,No,Bank transfer,91.67,1714.88,0,13-24 months,High (80+),0,,
TC-00255,Male,0,No,No,7,Yes,DSL,No,Yes,No,Month-to-month,No,Bank transfer,68.45,489.92,1,0-12 months,Medium (40-79),1,6.9,2.0
TC-00256,Female,0,Yes,Yes,2,Yes,Fiber optic,No,No,No,Month-to-month,Yes,Mailed check,84.51,172.27,1,0-12 months,High (80+),3,16.0,2.67
TC-00257,Male,0,Yes,No,30,No,DSL,No,No,No,Month-to-month,Yes,Bank transfer,49.73,1450.55,1,25-48 months,Medium (40-79),3,21.4,3.33
TC-00258,Female,0,Yes,No,12,Yes,DSL,No,Yes,No,One year,No,Electronic check,70.98,848.47,0,0-12 months,Medium (40-79),0,,
TC-00259,Male,0,No,Yes,68,Yes,DSL,No,No,Yes,One year,Yes,Mailed check,70.72,4817.18,0,49+ months,Medium (40-79),1,18.4,5.0
TC-00260,Female,0,Yes,Yes,22,Yes,Fiber optic,No,Yes,Yes,Month-to-month,No,Credit card,91.2,2060.47,0,13-24 months,High (80+),0,,
TC-00261,Male,1,No,No,20,Yes,No internet,No internet service,No internet service,No internet service,Month-to-month,Yes,Bank transfer,26.7,545.2,0,13-24 months,Low (<40),1,6.3,4.0
TC-00262,Female,0,No,Yes,57,Yes,No internet,No internet service,No internet service,No internet service,Two year,Yes,Bank transfer,20.62,1148.85,0,49+ months,Low (<40),1,18.4,4.0
TC-00263,Male,0,No,Yes,22,No,DSL,Yes,No,Yes,Month-to-month,Yes,Electronic check,87.27,1917.83,0,13-24 months,High (80+),0,,
TC-00264,Male,0,No,Yes,31,Yes,No internet,No internet service,No internet service,No internet service,Month-to-month,No,Mailed check,18.0,550.8,0,25-48 months,Low (<40),0,,
TC-00265,Male,1,Yes,No,8,Yes,No internet,No internet service,No internet service,No internet service,Month-to-month,Yes,Electronic check,25.41,200.98,0,0-12 months,Low (<40),1,13.9,2.0
TC-00266,Male,0,No,No,5,Yes,Fiber optic,No,Yes,No,Month-to-month,No,Bank transfer,83.51,405.92,0,0-12 months,High (80+),0,,
TC-00267,Female,0,Yes,Yes,27,No,Fiber optic,No,No,Yes,Two year,No,Credit card,94.06,2515.97,0,25-48 months,High (80+),3,16.5,4.0
TC-00268,Male,0,No,No,34,Yes,Fiber optic,No,No,Yes,Month-to-month,Yes,Credit card,81.3,2697.16,0,25-48 months,High (80+),0,,
TC-00269,Male,0,Yes,No,14,Yes,DSL,No,No,Yes,Month-to-month,Yes,Mailed check,68.46,974.29,1,13-24 months,Medium (40-79),0,,
TC-00270,Male,0,No,Yes,26,Yes,DSL,Yes,Yes,Yes,Two year,Yes,Mailed check,75.74,2028.15,0,25-48 months,Medium (40-79),1,4.9,5.0
TC-00271,Male,0,Yes,No,14,Yes,Fiber optic,No,Yes,Yes,One year,Yes,Bank transfer,87.48,1249.42,0,13-24 months,High (80+),0,,
TC-00272,Female,0,Yes,No,15,Yes,Fiber optic,Yes,Yes,No,Month-to-month,No,Electronic check,97.54,1434.59,0,13-24 months,High (80+),0,,
TC-00273,Male,0,No,No,45,Yes,DSL,Yes,No,No,Month-to-month,Yes,Credit card,64.06,2865.31,0,25-48 months,Medium (40-79),1,5.9,5.0
TC-00274,Female,0,No,No,55,Yes,Fiber optic,No,No,No,Two year,Yes,Mailed check,77.45,4147.58,0,49+ months,Medium (40-79),0,,
TC-00275,Male,1,Yes,No,27,Yes,Fiber optic,No,Yes,Yes,Month-to-month,No,Mailed check,106.51,2939.91,0,25-48 months,High (80+),1,19.4,5.0
TC-00276,Female,0,Yes,No,37,Yes,No internet,No internet service,No internet service,No internet service,One year,Yes,Bank transfer,20.4,747.37,0,25-48 months,Low (<40),1,8.0,5.0
TC-00277,Male,0,No,No,16,Yes,DSL,No,No,No,Month-to-month,No,Bank transfer,58.21,920.58,0,13-24 months,Medium (40-79),0,,
TC-00278,Female,1,No,No,34,Yes,DSL,No,Yes,No,One year,No,Bank transfer,70.92,2379.53,0,25-48 months,Medium (40-79),0,,
TC-00279,Male,1,Yes,No,72,Yes,Fiber optic,Yes,No,No,Two year,Yes,Electronic check,80.41,5649.09,0,49+ months,High (80+),3,17.0,3.33
TC-00280,Male,0,Yes,No,71,Yes,No internet,No internet service,No internet service,No internet service,Two year,Yes,Electronic check,22.61,1579.4,0,49+ months,Low (<40),2,5.7,4.5
TC-00281,Male,0,No,No,12,Yes,Fiber optic,No,No,No,One year,No,Bank transfer,90.06,1100.9,0,0-12 months,High (80+),2,15.7,3.5
TC-00282,Female,1,Yes,No,6,Yes,DSL,No,No,No,Month-to-month,Yes,Electronic check,48.11,290.26,0,0-12 months,Medium (40-79),2,5.4,3.5
TC-00283,Male,0,No,No,4,Yes,Fiber optic,No,No,No,Month-to-month,No,Credit card,96.52,379.98,1,0-12 months,High (80+),0,,
TC-00284,Male,0,Yes,No,18,Yes,DSL,Yes,No,No,Month-to-month,Yes,Credit card,67.59,1201.4,0,13-24 months,Medium (40-79),1,7.4,5.0
TC-00285,Male,0,Yes,No,47,Yes,DSL,No,Yes,No,One year,Yes,Credit card,56.91,2635.87,0,25-48 months,Medium (40-79),1,17.4,3.0
TC-00286,Female,0,No,Yes,32,Yes,No internet,No internet service,No internet service,No internet service,Month-to-month,Yes,Bank transfer,32.43,1043.36,0,25-48 months,Low (<40),2,11.6,4.5
TC-00287,Male,1,Yes,Yes,10,Yes,DSL,No,No,No,Month-to-month,No,Electronic check,55.87,563.48,0,0-12 months,Medium (40-79),1,15.7,4.0
TC-00288,Male,0,No,Yes,4,Yes,No internet,No internet service,No internet service,No internet service,Month-to-month,Yes,Electronic check,18.0,71.23,1,0-12 months,Low (<40),0,,
TC-00289,Female,0,Yes,No,41,Yes,Fiber optic,No,Yes,No,One year,Yes,Bank transfer,83.03,3419.59,0,25-48 months,High (80+),2,9.7,3.5
TC-00290,Female,0,Yes,No,72,Yes,DSL,Yes,No,Yes,Two year,Yes,Electronic check,76.15,5333.56,0,49+ months,Medium (40-79),1,30.8,3.0
TC-00291,Male,0,No,Yes,13,Yes,Fiber optic,Yes,Yes,Yes,Month-to-month,Yes,Electronic check,103.01,1360.51,0,13-24 months,High (80+),0,,
TC-00292,Male,0,Yes,No,18,Yes,No internet,No internet service,No internet service,No internet service,Month-to-month,Yes,Electronic check,23.69,427.72,0,13-24 months,Low (<40),1,1.4,4.0
TC-00293,Female,0,No,No,30,Yes,Fiber optic,No,No,No,Two year,Yes,Electronic check,87.02,2674.23,0,25-48 months,High (80+),1,4.2,4.0
TC-00294,Female,0,No,No,23,Yes,Fiber optic,No,No,No,One year,Yes,Mailed check,83.18,1870.52,0,13-24 months,High (80+),4,16.6,3.75
TC-00295,Female,0,No,No,46,Yes,DSL,No,No,Yes,One year,Yes,Electronic check,66.83,2985.59,0,25-48 months,Medium (40-79),1,23.1,4.0
TC-00296,Female,0,Yes,No,58,Yes,DSL,No,No,No,Two year,Yes,Mailed check,56.33,3291.91,0,49+ months,Medium (40-79),0,,
TC-00297,Male,0,No,No,72,Yes,Fiber optic,Yes,No,Yes,Two year,No,Bank transfer,103.11,7242.54,0,49+ months,High (80+),1,12.7,4.0
TC-00298,Female,0,Yes,Yes,67,Yes,Fiber optic,No,No,Yes,Two year,No,Electronic check,96.52,6290.24,0,49+ months,High (80+),2,14.4,4.5
TC-00299,Male,0,No,No,23,No,Fiber optic,No,No,Yes,Two year,Yes,Electronic check,87.08,2057.39,0,13-24 months,High (80+),1,31.1,2.0
TC-00300,Female,0,No,No,13,Yes,Fiber optic,Yes,No,No,Month-to-month,No,Credit card,86.27,1126.09,1,13-24 months,High (80+),0,,
TC-00301,Female,0,No,No,21,Yes,Fiber optic,No,No,No,One year,Yes,Credit card,77.81,1619.67,0,13-24 months,Medium (40-79),1,13.4,2.0
TC-00302,Male,0,No,No,5,No,Fiber optic,No,No,No,Month-to-month,No,Bank transfer,86.01,430.54,1,0-12 months,High (80+),1,3.1,4.0
TC-00303,Female,0,No,No,11,Yes,Fiber optic,Yes,No,Yes,One year,No,Credit card,108.51,1225.89,1,0-12 months,High (80+),2,18.2,2.0
TC-00304,Male,0,No,No,28,No,DSL,No,No,No,One year,Yes,Mailed check,57.72,1584.67,0,25-48 months,Medium (40-79),2,7.8,3.0
TC-00305,Male,0,Yes,Yes,18,Yes,Fiber optic,No,No,Yes,One year,No,Mailed check,104.91,1924.97,0,13-24 months,High (80+),1,6.0,3.0
TC-00306,Female,0,No,No,53,Yes,DSL,Yes,No,Yes,Month-to-month,Yes,Electronic check,60.61,3259.24,0,49+ months,Medium (40-79),1,21.3,3.0
TC-00307,Male,1,Yes,No,11,Yes,DSL,No,No,Yes,Month-to-month,No,Electronic check,68.08,771.34,1,0-12 months,Medium (40-79),4,16.3,2.25
TC-00308,Male,0,No,No,9,Yes,DSL,Yes,No,No,Month-to-month,Yes,Electronic check,70.48,651.58,0,0-12 months,Medium (40-79),1,2.3,5.0
TC-00309,Male,1,Yes,No,3,Yes,Fiber optic,No,No,No,Month-to-month,No,Mailed check,77.9,233.31,1,0-12 months,Medium (40-79),2,15.9,2.5
TC-00310,Male,0,Yes,Yes,55,Yes,No internet,No internet service,No internet service,No internet service,Two year,No,Electronic check,20.29,1128.23,0,49+ months,Low (<40),1,16.1,4.0
TC-00311,Female,1,No,No,17,Yes,DSL,No,No,No,Month-to-month,Yes,Credit card,56.98,942.34,1,13-24 months,Medium (40-79),2,38.3,2.5
TC-00312,Female,0,No,No,7,Yes,Fiber optic,No,No,Yes,Month-to-month,Yes,Electronic check,92.08,656.4,1,0-12 months,High (80+),1,10.4,3.0
TC-00313,Female,0,Yes,Yes,21,Yes,Fiber optic,No,Yes,No,Month-to-month,No,Electronic check,85.61,1784.47,0,13-24 months,High (80+),3,26.6,4.33
TC-00314,Male,0,No,No,35,Yes,DSL,No,No,Yes,One year,Yes,Bank transfer,93.23,3183.48,0,25-48 months,High (80+),1,24.9,5.0
TC-00315,Male,0,Yes,Yes,9,Yes,No internet,No internet service,No internet service,No internet service,Month-to-month,Yes,Mailed check,18.0,161.25,0,0-12 months,Low (<40),2,6.4,4.0
TC-00316,Male,0,No,Yes,35,Yes,Fiber optic,Yes,No,No,Two year,Yes,Electronic check,91.95,3180.19,0,25-48 months,High (80+),0,,
TC-00317,Female,1,No,No,72,No,Fiber optic,No,No,Yes,Two year,No,Electronic check,88.15,6380.25,0,49+ months,High (80+),1,11.0,2.0
TC-00318,Male,0,Yes,Yes,13,Yes,Fiber optic,No,Yes,No,Month-to-month,Yes,Mailed check,91.24,1215.74,0,13-24 months,High (80+),1,14.5,4.0
TC-00319,Male,1,Yes,No,1,Yes,Fiber optic,No,No,Yes,Month-to-month,Yes,Bank transfer,94.1,93.19,1,0-12 months,High (80+),2,13.0,2.5
TC-00320,Female,0,No,No,33,Yes,Fiber optic,No,No,No,Two year,Yes,Credit card,86.82,2801.69,0,25-48 months,High (80+),5,17.5,4.0
TC-00321,Male,0,Yes,Yes,42,Yes,No internet,No internet service,No internet service,No internet service,Two year,Yes,Credit card,19.24,804.79,0,25-48 months,Low (<40),1,38.8,3.0
TC-00322,Male,0,Yes,No,20,Yes,No internet,No internet service,No internet service,No internet service,Month-to-month,Yes,Electronic check,22.36,458.91,0,13-24 months,Low (<40),0,,
TC-00323,Female,0,No,Yes,61,Yes,Fiber optic,Yes,No,No,One year,Yes,Bank transfer,87.14,5260.12,0,49+ months,High (80+),2,18.9,4.5
TC-00324,Male,0,Yes,No,17,Yes,No internet,No internet service,No internet service,No internet service,Two year,No,Credit card,21.74,363.57,0,13-24 months,Low (<40),0,,
TC-00325,Female,1,Yes,No,36,Yes,DSL,No,No,Yes,Two year,No,Bank transfer,64.57,2285.57,0,25-48 months,Medium (40-79),0,,
TC-00326,Male,0,Yes,Yes,9,Yes,Fiber optic,No,No,Yes,Month-to-month,Yes,Mailed check,93.75,852.02,1,0-12 months,High (80+),2,13.1,1.5
TC-00327,Female,0,No,No,21,Yes,Fiber optic,Yes,No,Yes,Month-to-month,Yes,Electronic check,108.08,2204.69,1,13-24 months,High (80+),3,13.0,3.0
TC-00328,Female,0,Yes,No,67,Yes,Fiber optic,Yes,Yes,No,Two year,Yes,Bank transfer,101.32,6665.67,0,49+ months,High (80+),1,8.5,2.0
TC-00329,Female,1,Yes,Yes,37,Yes,DSL,No,No,No,Month-to-month,No,Mailed check,43.36,1574.11,0,25-48 months,Medium (40-79),2,28.8,4.0
TC-00330,Male,0,Yes,No,25,Yes,DSL,No,Yes,No,Month-to-month,Yes,Electronic check,60.32,1494.16,0,25-48 months,Medium (40-79),0,,
TC-00331,Male,0,No,No,11,No,Fiber optic,No,No,No,One year,No,Credit card,74.01,803.85,0,0-12 months,Medium (40-79),3,4.8,3.67
TC-00332,Male,0,Yes,No,19,No,Fiber optic,No,No,No,Month-to-month,Yes,Electronic check,95.05,1775.9,1,13-24 months,High (80+),3,10.1,3.33
TC-00333,Female,0,No,No,72,Yes,No internet,No internet service,No internet service,No internet service,One year,No,Credit card,18.73,1380.42,0,49+ months,Low (<40),1,20.8,5.0
TC-00334,Male,1,No,No,8,Yes,Fiber optic,No,No,No,Month-to-month,Yes,Credit card,99.46,800.59,1,0-12 months,High (80+),1,15.7,5.0
TC-00335,Male,0,Yes,No,3,Yes,Fiber optic,No,Yes,Yes,Two year,Yes,Mailed check,98.38,296.65,1,0-12 months,High (80+),4,12.9,2.75
TC-00336,Male,0,No,Yes,13,Yes,DSL,No,No,Yes,Month-to-month,Yes,Bank transfer,60.77,769.55,0,13-24 months,Medium (40-79),1,26.1,2.0
TC-00337,Male,0,No,No,21,Yes,Fiber optic,No,No,No,Two year,Yes,Mailed check,91.91,1883.83,0,13-24 months,High (80+),3,6.5,3.0
TC-00338,Male,0,No,No,9,Yes,Fiber optic,Yes,Yes,Yes,Month-to-month,Yes,Electronic check,85.12,765.75,0,0-12 months,High (80+),0,,
TC-00339,Male,0,Yes,Yes,34,Yes,No internet,No internet service,No internet service,No internet service,Month-to-month,Yes,Electronic check,29.8,1024.24,0,25-48 months,Low (<40),1,2.5,3.0
TC-00340,Male,0,No,Yes,2,Yes,Fiber optic,Yes,No,Yes,Month-to-month,Yes,Credit card,105.54,216.2,1,0-12 months,High (80+),2,32.1,3.0
TC-00341,Male,0,Yes,No,30,Yes,Fiber optic,No,No,No,Month-to-month,Yes,Electronic check,84.37,2522.26,1,25-48 months,High (80+),2,19.7,2.0
TC-00342,Female,0,No,No,7,Yes,DSL,Yes,No,Yes,Month-to-month,No,Electronic check,61.72,443.03,1,0-12 months,Medium (40-79),1,7.7,5.0
TC-00343,Female,0,Yes,Yes,29,Yes,No internet,No internet service,No internet service,No internet service,One year,No,Credit card,18.0,510.28,0,25-48 months,Low (<40),2,8.6,3.5
TC-00344,Female,0,No,No,3,Yes,DSL,No,No,No,Month-to-month,Yes,Electronic check,56.62,172.27,0,0-12 months,Medium (40-79),0,,
TC-00345,Male,0,No,No,6,Yes,No internet,No internet service,No internet service,No internet service,Month-to-month,Yes,Electronic check,18.0,105.64,0,0-12 months,Low (<40),2,10.2,2.5
TC-00346,Female,1,Yes,Yes,54,Yes,Fiber optic,Yes,No,Yes,Two year,No,Credit card,98.14,5163.98,0,49+ months,High (80+),0,,
TC-00347,Male,0,Yes,No,72,Yes,DSL,No,No,No,Two year,Yes,Electronic check,62.34,4593.67,0,49+ months,Medium (40-79),2,14.0,3.0
TC-00348,Male,0,No,Yes,44,Yes,Fiber optic,No,No,No,Two year,Yes,Bank transfer,76.1,3436.18,0,25-48 months,Medium (40-79),0,,
TC-00349,Male,0,No,No,46,Yes,DSL,No,Yes,Yes,Month-to-month,No,Credit card,63.43,2992.93,0,25-48 months,Medium (40-79),1,11.0,4.0
TC-00350,Female,0,Yes,No,28,Yes,No internet,No internet service,No internet service,No internet service,Month-to-month,Yes,Electronic check,31.19,885.09,0,25-48 months,Low (<40),1,27.9,5.0
TC-00351,Male,0,No,No,32,Yes,Fiber optic,Yes,Yes,No,Month-to-month,Yes,Bank transfer,93.67,3020.91,0,25-48 months,High (80+),2,12.5,3.5
TC-00352,Female,0,Yes,No,25,Yes,DSL,No,No,No,Month-to-month,Yes,Mailed check,54.93,1347.97,0,25-48 months,Medium (40-79),0,,
TC-00353,Male,0,Yes,No,8,Yes,DSL,Yes,Yes,Yes,Month-to-month,No,Credit card,78.7,615.09,0,0-12 months,Medium (40-79),0,,
TC-00354,Male,0,No,No,53,Yes,DSL,No,No,Yes,Month-to-month,No,Credit card,55.88,2879.9,0,49+ months,Medium (40-79),0,,
TC-00355,Male,1,Yes,No,69,Yes,Fiber optic,Yes,No,No,Month-to-month,No,Electronic check,89.41,6307.71,0,49+ months,High (80+),0,,
TC-00356,Female,0,No,No,4,Yes,DSL,No,No,Yes,Month-to-month,Yes,Electronic check,69.56,279.9,0,0-12 months,Medium (40-79),1,8.0,2.0
TC-00357,Male,1,Yes,Yes,72,Yes,DSL,No,No,No,Two year,No,Credit card,68.27,4968.69,0,49+ months,Medium (40-79),0,,
TC-00358,Male,0,Yes,No,13,Yes,Fiber optic,Yes,No,No,Month-to-month,Yes,Electronic check,93.64,1215.09,0,13-24 months,High (80+),0,,
TC-00359,Female,0,No,Yes,14,Yes,DSL,No,No,Yes,Month-to-month,No,Electronic check,55.63,784.45,0,13-24 months,Medium (40-79),0,,
TC-00360,Female,0,Yes,No,13,Yes,No internet,No internet service,No internet service,No internet service,One year,No,Electronic check,29.15,387.59,0,13-24 months,Low (<40),1,22.5,4.0
TC-00361,Male,0,No,Yes,15,Yes,No internet,No internet service,No internet service,No internet service,Month-to-month,Yes,Mailed check,18.0,265.42,0,13-24 months,Low (<40),3,34.2,3.67
TC-00362,Male,1,Yes,No,17,Yes,DSL,Yes,Yes,No,Month-to-month,Yes,Electronic check,66.47,1108.39,1,13-24 months,Medium (40-79),2,10.4,1.0
TC-00363,Female,0,No,No,15,Yes,Fiber optic,Yes,No,No,Month-to-month,Yes,Electronic check,96.56,1478.38,1,13-24 months,High (80+),2,28.5,1.5
TC-00364,Female,0,Yes,No,3,Yes,No internet,No internet service,No internet service,No internet service,Month-to-month,Yes,Credit card,27.51,84.89,0,0-12 months,Low (<40),0,,
TC-00365,Male,1,Yes,No,58,Yes,Fiber optic,No,Yes,Yes,One year,No,Bank transfer,94.22,5611.84,0,49+ months,High (80+),0,,
TC-00366,Male,0,Yes,No,3,Yes,DSL,No,No,Yes,Month-to-month,Yes,Bank transfer,56.23,169.98,0,0-12 months,Medium (40-79),1,1.8,5.0
TC-00367,Female,1,Yes,No,11,Yes,DSL,No,Yes,Yes,Month-to-month,Yes,Electronic check,79.5,885.54,0,0-12 months,Medium (40-79),1,23.6,2.0
TC-00368,Male,0,Yes,Yes,71,Yes,Fiber optic,Yes,No,No,Two year,No,Bank transfer,90.53,6266.63,0,49+ months,High (80+),2,21.9,2.5
TC-00369,Male,0,No,No,39,Yes,DSL,No,No,No,Two year,Yes,Bank transfer,59.9,2294.57,0,25-48 months,Medium (40-79),1,8.7,3.0
TC-00370,Male,1,No,No,25,Yes,No internet,No internet service,No internet service,No internet service,Month-to-month,Yes,Credit card,25.4,639.73,0,25-48 months,Low (<40),0,,
TC-00371,Male,0,No,No,1,Yes,DSL,No,Yes,Yes,Month-to-month,Yes,Bank transfer,72.28,72.32,0,0-12 months,Medium (40-79),0,,
TC-00372,Female,0,Yes,No,18,Yes,DSL,Yes,No,No,Month-to-month,Yes,Mailed check,75.51,1362.56,0,13-24 months,Medium (40-79),1,11.5,3.0
TC-00373,Female,0,Yes,No,60,Yes,Fiber optic,No,Yes,Yes,Two year,No,Electronic check,99.26,6012.45,0,49+ months,High (80+),2,31.3,3.0
TC-00374,Female,0,No,No,38,No,Fiber optic,Yes,No,No,Two year,No,Mailed check,97.99,3626.11,0,25-48 months,High (80+),2,35.5,4.5
TC-00375,Male,0,No,No,19,Yes,Fiber optic,No,No,No,Month-to-month,Yes,Bank transfer,90.36,1740.16,1,13-24 months,High (80+),2,13.3,2.5
TC-00376,Female,0,No,No,42,Yes,No internet,No internet service,No internet service,No internet service,Two year,No,Electronic check,18.0,774.89,0,25-48 months,Low (<40),1,45.5,5.0
TC-00377,Male,0,No,No,3,Yes,Fiber optic,No,No,Yes,Month-to-month,Yes,Credit card,95.99,293.35,1,0-12 months,High (80+),0,,
TC-00378,Male,1,No,No,14,Yes,Fiber optic,No,No,Yes,Month-to-month,Yes,Mailed check,92.28,1273.3,1,13-24 months,High (80+),3,33.7,2.67
TC-00379,Male,0,No,No,25,Yes,DSL,Yes,No,Yes,Month-to-month,Yes,Bank transfer,71.07,1786.09,0,25-48 months,Medium (40-79),0,,
TC-00380,Female,0,No,Yes,65,Yes,Fiber optic,Yes,No,Yes,Two year,Yes,Credit card,103.27,6592.94,0,49+ months,High (80+),0,,
TC-00381,Male,0,No,No,21,Yes,Fiber optic,No,No,Yes,Month-to-month,Yes,Credit card,93.88,1969.74,1,13-24 months,High (80+),0,,
TC-00382,Female,0,Yes,No,8,Yes,DSL,No,Yes,Yes,Month-to-month,No,Credit card,65.56,516.49,1,0-12 months,Medium (40-79),0,,
TC-00383,Male,0,No,No,36,Yes,DSL,No,No,Yes,One year,No,Electronic check,76.63,2719.04,0,25-48 months,Medium (40-79),2,34.6,4.0
TC-00384,Male,1,Yes,Yes,14,Yes,DSL,No,Yes,No,Month-to-month,Yes,Electronic check,61.1,844.15,1,13-24 months,Medium (40-79),1,5.9,2.0
TC-00385,Male,0,Yes,Yes,9,Yes,DSL,Yes,Yes,No,Month-to-month,No,Mailed check,78.95,701.26,0,0-12 months,Medium (40-79),0,,
TC-00386,Female,1,No,Yes,34,Yes,No internet,No internet service,No internet service,No internet service,Month-to-month,Yes,Bank transfer,24.4,828.98,0,25-48 months,Low (<40),1,7.4,3.0
TC-00387,Male,0,Yes,No,30,Yes,No internet,No internet service,No internet service,No internet service,Two year,Yes,Electronic check,28.2,869.86,0,25-48 months,Low (<40),0,,
TC-00388,Male,0,No,Yes,66,Yes,Fiber optic,No,No,No,Two year,Yes,Electronic check,85.05,5450.72,0,49+ months,High (80+),4,27.0,3.0
TC-00389,Female,0,No,No,39,Yes,DSL,No,Yes,Yes,Two year,Yes,Bank transfer,62.72,2467.97,0,25-48 months,Medium (40-79),1,27.4,2.0
TC-00390,Male,0,Yes,No,28,Yes,No internet,No internet service,No internet service,No internet service,Two year,Yes,Electronic check,21.51,599.51,0,25-48 months,Low (<40),1,3.8,3.0
TC-00391,Male,0,Yes,No,23,Yes,No internet,No internet service,No internet service,No internet service,One year,Yes,Bank transfer,21.53,506.38,0,13-24 months,Low (<40),2,13.8,4.0
TC-00392,Female,0,No,No,30,Yes,Fiber optic,No,No,No,Two year,Yes,Bank transfer,82.95,2435.18,0,25-48 months,High (80+),3,8.3,3.33
TC-00393,Male,0,No,No,41,Yes,DSL,No,No,No,One year,Yes,Mailed check,44.56,1783.39,0,25-48 months,Medium (40-79),0,,
TC-00394,Female,1,Yes,No,27,Yes,Fiber optic,No,Yes,No,One year,Yes,Credit card,92.11,2528.77,0,25-48 months,High (80+),0,,
TC-00395,Male,0,No,No,4,Yes,Fiber optic,Yes,No,Yes,Month-to-month,Yes,Bank transfer,95.8,389.98,1,0-12 months,High (80+),4,22.4,2.0
TC-00396,Female,0,No,No,5,Yes,DSL,Yes,No,No,Month-to-month,Yes,Electronic check,58.77,285.3,1,0-12 months,Medium (40-79),3,22.2,2.33
TC-00397,Male,0,Yes,No,45,Yes,DSL,No,No,No,One year,No,Bank transfer,63.28,2839.2,0,25-48 months,Medium (40-79),0,,
TC-00398,Male,0,No,Yes,23,No,Fiber optic,Yes,No,No,Month-to-month,No,Credit card,96.12,2164.61,0,13-24 months,High (80+),2,18.7,4.0
TC-00399,Female,1,No,No,36,Yes,DSL,No,No,Yes,Two year,Yes,Electronic check,60.84,2147.6,0,25-48 months,Medium (40-79),0,,
TC-00400,Male,0,No,No,19,Yes,DSL,Yes,No,Yes,One year,No,Bank transfer,66.07,1219.97,1,13-24 months,Medium (40-79),0,,
TC-00401,Male,0,No,Yes,67,Yes,Fiber optic,No,No,Yes,Month-to-month,Yes,Bank transfer,97.84,6447.82,0,49+ months,High (80+),0,,
TC-00402,Female,0,Yes,No,59,Yes,Fiber optic,No,Yes,No,Two year,Yes,Mailed check,94.38,5432.98,0,49+ months,High (80+),1,10.9,5.0
TC-00403,Male,0,Yes,No,11,Yes,DSL,No,Yes,No,Month-to-month,Yes,Credit card,66.9,713.91,0,0-12 months,Medium (40-79),1,25.3,2.0
TC-00404,Female,0,Yes,No,10,Yes,No internet,No internet service,No internet service,No internet service,Month-to-month,Yes,Bank transfer,21.1,210.17,0,0-12 months,Low (<40),0,,
TC-00405,Female,0,Yes,No,50,Yes,Fiber optic,No,Yes,No,Month-to-month,No,Mailed check,101.79,5028.26,0,49+ months,High (80+),0,,
TC-00406,Male,0,Yes,Yes,25,No,Fiber optic,No,No,No,Two year,No,Mailed check,85.67,2174.84,0,25-48 months,High (80+),0,,
TC-00407,Female,0,No,No,18,Yes,DSL,No,No,No,One year,No,Electronic check,54.83,983.78,0,13-24 months,Medium (40-79),0,,
TC-00408,Male,1,No,No,54,Yes,Fiber optic,No,Yes,Yes,Two year,Yes,Credit card,91.52,4815.4,0,49+ months,High (80+),2,18.8,2.5
TC-00409,Male,0,Yes,No,6,Yes,Fiber optic,Yes,Yes,Yes,Month-to-month,Yes,Electronic check,109.37,641.38,1,0-12 months,High (80+),2,25.1,3.0
TC-00410,Female,0,No,Yes,28,Yes,Fiber optic,No,No,Yes,Two year,Yes,Electronic check,90.92,2585.39,0,25-48 months,High (80+),3,20.5,4.67
TC-00411,Male,0,Yes,No,30,Yes,No internet,No internet service,No internet service,No internet service,One year,No,Electronic check,25.09,756.48,0,25-48 months,Low (<40),2,8.7,3.5
TC-00412,Female,1,No,No,45,Yes,No internet,No internet service,No internet service,No internet service,One year,Yes,Electronic check,28.13,1293.08,0,25-48 months,Low (<40),0,,
TC-00413,Male,0,Yes,Yes,63,Yes,Fiber optic,No,No,No,Two year,No,Mailed check,82.46,5202.32,0,49+ months,High (80+),0,,
TC-00414,Male,1,No,Yes,2,Yes,No internet,No internet service,No internet service,No internet service,Month-to-month,Yes,Credit card,28.49,56.78,0,0-12 months,Low (<40),0,,
TC-00415,Male,0,Yes,No,8,Yes,No internet,No internet service,No internet service,No internet service,Month-to-month,No,Mailed check,30.05,243.24,0,0-12 months,Low (<40),0,,
TC-00416,Male,0,No,Yes,31,Yes,DSL,No,No,Yes,One year,No,Electronic check,66.8,2072.0,0,25-48 months,Medium (40-79),1,14.2,5.0
TC-00417,Male,0,Yes,Yes,58,Yes,DSL,Yes,Yes,No,Two year,Yes,Credit card,60.72,3486.28,0,49+ months,Medium (40-79),0,,
TC-00418,Female,0,No,No,8,Yes,DSL,No,Yes,Yes,Month-to-month,No,Electronic check,61.57,505.61,0,0-12 months,Medium (40-79),0,,
TC-00419,Male,0,Yes,No,38,Yes,Fiber optic,No,Yes,Yes,One year,Yes,Electronic check,91.52,3418.77,1,25-48 months,High (80+),0,,
TC-00420,Female,0,No,No,31,Yes,DSL,Yes,No,No,Month-to-month,Yes,Electronic check,55.82,1753.96,0,25-48 months,Medium (40-79),2,15.8,4.0
TC-00421,Female,1,No,No,35,Yes,Fiber optic,No,No,Yes,One year,Yes,Electronic check,90.65,3259.29,0,25-48 months,High (80+),3,13.6,4.33
TC-00422,Female,0,No,Yes,20,Yes,DSL,No,No,No,Two year,No,Credit card,62.06,1261.95,0,13-24 months,Medium (40-79),2,39.7,3.0
TC-00423,Female,0,No,Yes,3,Yes,Fiber optic,No,No,No,Month-to-month,Yes,Credit card,86.89,254.84,1,0-12 months,High (80+),1,31.4,5.0
TC-00424,Male,1,Yes,No,17,Yes,No internet,No internet service,No internet service,No internet service,One year,Yes,Mailed check,19.34,321.0,0,13-24 months,Low (<40),2,28.4,4.0
TC-00425,Female,1,Yes,Yes,29,Yes,DSL,No,No,Yes,Month-to-month,Yes,Bank transfer,73.71,2081.05,0,25-48 months,Medium (40-79),0,,
TC-00426,Female,0,Yes,No,72,Yes,Fiber optic,No,Yes,Yes,Two year,Yes,Electronic check,97.96,7132.09,0,49+ months,High (80+),2,33.6,5.0
TC-00427,Male,0,Yes,No,16,Yes,Fiber optic,Yes,No,No,Month-to-month,Yes,Mailed check,103.56,1608.69,1,13-24 months,High (80+),0,,
TC-00428,Male,0,Yes,Yes,25,No,Fiber optic,No,Yes,Yes,Month-to-month,Yes,Mailed check,97.23,2403.38,1,25-48 months,High (80+),1,7.7,4.0
TC-00429,Female,0,Yes,No,38,Yes,Fiber optic,Yes,No,No,One year,Yes,Bank transfer,93.06,3489.87,0,25-48 months,High (80+),2,8.4,3.0
TC-00430,Male,0,No,No,16,Yes,No internet,No internet service,No internet service,No internet service,Month-to-month,No,Electronic check,18.0,291.45,0,13-24 months,Low (<40),1,44.1,3.0
TC-00431,Male,0,No,No,68,Yes,DSL,No,Yes,No,One year,Yes,Credit card,67.13,4519.51,0,49+ months,Medium (40-79),0,,
TC-00432,Male,0,Yes,Yes,27,Yes,DSL,No,Yes,No,Month-to-month,Yes,Electronic check,66.84,1793.93,1,25-48 months,Medium (40-79),5,18.3,2.4
TC-00433,Male,0,No,No,72,Yes,Fiber optic,Yes,Yes,Yes,One year,Yes,Mailed check,106.93,7870.38,0,49+ months,High (80+),1,12.2,4.0
TC-00434,Female,1,Yes,Yes,67,Yes,Fiber optic,No,No,No,One year,No,Electronic check,88.92,6103.31,1,49+ months,High (80+),1,11.5,3.0
TC-00435,Male,0,No,No,38,Yes,Fiber optic,Yes,No,Yes,Two year,Yes,Credit card,109.52,4067.92,0,25-48 months,High (80+),1,15.5,4.0
TC-00436,Male,0,No,Yes,69,Yes,Fiber optic,Yes,No,Yes,Month-to-month,No,Credit card,108.38,7280.03,0,49+ months,High (80+),1,35.7,2.0
TC-00437,Female,0,Yes,No,4,Yes,DSL,No,No,No,Month-to-month,No,Credit card,55.9,228.0,0,0-12 months,Medium (40-79),2,17.3,3.5
TC-00438,Male,0,No,No,18,Yes,No internet,No internet service,No internet service,No internet service,One year,Yes,Credit card,18.0,331.9,0,13-24 months,Low (<40),0,,
TC-00439,Male,1,No,No,16,Yes,DSL,No,No,No,One year,Yes,Mailed check,55.65,902.76,0,13-24 months,Medium (40-79),2,16.3,3.5
TC-00440,Male,0,No,Yes,66,Yes,Fiber optic,No,No,Yes,Month-to-month,Yes,Electronic check,92.49,6071.32,0,49+ months,High (80+),1,7.2,3.0
TC-00441,Male,0,Yes,No,44,Yes,DSL,No,Yes,No,One year,No,Electronic check,71.46,3143.1,0,25-48 months,Medium (40-79),0,,
TC-00442,Female,0,No,No,7,Yes,DSL,No,No,Yes,Month-to-month,Yes,Mailed check,59.9,422.21,0,0-12 months,Medium (40-79),2,12.7,3.5
TC-00443,Female,0,No,Yes,25,Yes,DSL,No,No,No,Month-to-month,No,Credit card,51.57,1272.02,0,25-48 months,Medium (40-79),2,16.8,3.0
TC-00444,Male,0,Yes,No,47,Yes,Fiber optic,No,No,No,Two year,Yes,Bank transfer,87.81,4105.91,0,25-48 months,High (80+),2,8.4,3.5
TC-00445,Male,0,No,No,8,Yes,DSL,No,No,No,Month-to-month,Yes,Electronic check,53.64,434.87,0,0-12 months,Medium (40-79),1,8.2,2.0
TC-00446,Male,0,Yes,No,19,Yes,No internet,No internet service,No internet service,No internet service,Month-to-month,No,Electronic check,20.17,393.02,1,13-24 months,Low (<40),0,,
TC-00447,Female,0,No,No,41,Yes,Fiber optic,No,Yes,No,One year,No,Electronic check,85.12,3458.19,0,25-48 months,High (80+),4,24.8,3.5
TC-00448,Male,0,Yes,No,44,Yes,DSL,No,Yes,Yes,One year,Yes,Bank transfer,82.51,3542.96,0,25-48 months,High (80+),0,,
TC-00449,Female,0,Yes,No,28,Yes,Fiber optic,No,No,No,One year,Yes,Mailed check,86.48,2379.79,1,25-48 months,High (80+),4,13.2,2.0
TC-00450,Male,0,Yes,No,35,Yes,Fiber optic,No,No,No,Two year,Yes,Credit card,79.37,2795.87,0,25-48 months,Medium (40-79),1,3.8,4.0
TC-00451,Female,0,Yes,No,5,Yes,DSL,Yes,No,No,Month-to-month,Yes,Bank transfer,67.51,331.15,0,0-12 months,Medium (40-79),1,13.0,4.0
TC-00452,Female,0,No,Yes,28,No,Fiber optic,No,No,Yes,One year,Yes,Mailed check,97.47,2712.96,0,25-48 months,High (80+),2,10.4,4.0
TC-00453,Male,1,No,Yes,72,Yes,Fiber optic,No,Yes,No,Two year,No,Bank transfer,97.21,6881.96,0,49+ months,High (80+),1,21.3,3.0
TC-00454,Female,0,Yes,No,13,Yes,Fiber optic,No,Yes,No,One year,Yes,Bank transfer,88.81,1160.59,0,13-24 months,High (80+),2,18.1,4.0
TC-00455,Female,0,Yes,No,19,Yes,Fiber optic,No,No,No,One year,Yes,Credit card,86.22,1654.7,1,13-24 months,High (80+),1,6.1,1.0
TC-00456,Male,0,Yes,No,42,Yes,Fiber optic,No,No,No,Month-to-month,No,Bank transfer,78.48,3333.4,1,25-48 months,Medium (40-79),2,16.8,2.5
TC-00457,Male,0,Yes,No,10,Yes,Fiber optic,Yes,No,No,One year,Yes,Bank transfer,93.7,937.27,1,0-12 months,High (80+),0,,
TC-00458,Female,0,Yes,Yes,10,Yes,Fiber optic,No,No,Yes,Month-to-month,Yes,Mailed check,85.28,874.74,0,0-12 months,High (80+),4,18.9,3.5
TC-00459,Male,0,No,Yes,26,Yes,DSL,Yes,No,Yes,One year,No,Electronic check,73.77,1884.09,0,25-48 months,Medium (40-79),3,14.4,3.0
TC-00460,Male,1,No,No,9,Yes,DSL,No,No,Yes,Month-to-month,Yes,Electronic check,75.1,682.98,1,0-12 months,Medium (40-79),3,14.7,2.67
TC-00461,Male,0,Yes,Yes,15,Yes,No internet,No internet service,No internet service,No internet service,Month-to-month,No,Electronic check,28.55,422.32,1,13-24 months,Low (<40),0,,
TC-00462,Male,0,Yes,No,51,Yes,Fiber optic,No,No,Yes,One year,No,Electronic check,83.25,4133.32,0,49+ months,High (80+),1,14.7,3.0
TC-00463,Female,0,Yes,No,23,Yes,No internet,No internet service,No internet service,No internet service,Month-to-month,Yes,Electronic check,22.77,519.2,0,13-24 months,Low (<40),0,,
TC-00464,Male,0,Yes,No,18,Yes,No internet,No internet service,No internet service,No internet service,Month-to-month,No,Bank transfer,22.87,412.7,0,13-24 months,Low (<40),1,11.4,3.0
TC-00465,Female,0,No,No,28,Yes,No internet,No internet service,No internet service,No internet service,Two year,Yes,Credit card,22.21,630.29,0,25-48 months,Low (<40),0,,
TC-00466,Male,0,Yes,Yes,19,Yes,DSL,No,No,No,Month-to-month,Yes,Credit card,62.2,1182.7,1,13-24 months,Medium (40-79),1,7.3,3.0
TC-00467,Male,0,No,No,31,Yes,DSL,No,Yes,No,Two year,No,Mailed check,74.14,2296.22,0,25-48 months,Medium (40-79),0,,
TC-00468,Male,0,No,Yes,42,Yes,No internet,No internet service,No internet service,No internet service,Two year,Yes,Credit card,26.16,1130.2,0,25-48 months,Low (<40),0,,
TC-00469,Female,0,Yes,No,4,Yes,Fiber optic,No,No,No,Month-to-month,Yes,Bank transfer,94.57,379.43,1,0-12 months,High (80+),3,10.9,3.33
TC-00470,Male,0,Yes,No,23,Yes,Fiber optic,No,Yes,Yes,One year,Yes,Credit card,91.54,2131.77,0,13-24 months,High (80+),2,9.3,3.5
TC-00471,Male,0,No,No,33,Yes,DSL,No,No,No,Month-to-month,Yes,Bank transfer,66.37,2175.05,1,25-48 months,Medium (40-79),2,27.8,3.0
TC-00472,Female,0,No,No,6,Yes,Fiber optic,No,Yes,No,Month-to-month,Yes,Electronic check,98.8,604.19,1,0-12 months,High (80+),1,10.0,3.0
TC-00473,Female,0,Yes,No,72,Yes,DSL,Yes,No,No,Two year,Yes,Credit card,56.31,3987.96,0,49+ months,Medium (40-79),3,18.5,4.0
TC-00474,Male,0,No,No,37,Yes,DSL,No,No,Yes,One year,Yes,Bank transfer,63.24,2368.17,0,25-48 months,Medium (40-79),0,,
TC-00475,Female,0,Yes,No,18,Yes,Fiber optic,No,No,No,One year,Yes,Mailed check,72.95,1298.68,0,13-24 months,Medium (40-79),1,20.9,3.0
TC-00476,Female,0,No,No,17,Yes,No internet,No internet service,No internet service,No internet service,One year,Yes,Electronic check,21.43,354.77,0,13-24 months,Low (<40),0,,
TC-00477,Female,0,Yes,No,46,Yes,Fiber optic,Yes,Yes,No,One year,Yes,Electronic check,96.84,4516.25,0,25-48 months,High (80+),2,15.5,4.0
TC-00478,Female,0,Yes,No,63,Yes,No internet,No internet service,No internet service,No internet service,One year,No,Electronic check,35.08,2237.13,0,49+ months,Low (<40),3,18.3,4.0
TC-00479,Female,0,Yes,No,6,Yes,Fiber optic,No,No,Yes,Month-to-month,Yes,Electronic check,89.43,533.26,0,0-12 months,High (80+),2,8.8,3.0
TC-00480,Female,0,Yes,No,40,Yes,DSL,Yes,No,Yes,Month-to-month,No,Bank transfer,68.33,2762.06,0,25-48 months,Medium (40-79),1,9.4,1.0
TC-00481,Female,0,Yes,No,21,Yes,Fiber optic,Yes,No,No,Month-to-month,Yes,Electronic check,88.3,1889.71,1,13-24 months,High (80+),4,22.0,2.5
TC-00482,Female,0,Yes,Yes,11,Yes,DSL,Yes,Yes,No,Month-to-month,No,Electronic check,75.55,845.28,0,0-12 months,Medium (40-79),0,,
TC-00483,Female,1,Yes,No,5,Yes,Fiber optic,No,Yes,Yes,Month-to-month,Yes,Electronic check,98.33,479.72,1,0-12 months,High (80+),0,,
TC-00484,Male,0,Yes,Yes,14,Yes,No internet,No internet service,No internet service,No internet service,Two year,Yes,Credit card,22.08,313.81,0,13-24 months,Low (<40),1,32.7,3.0
TC-00485,Female,0,Yes,No,8,Yes,No internet,No internet service,No internet service,No internet service,Month-to-month,No,Mailed check,18.0,142.27,0,0-12 months,Low (<40),1,37.6,3.0
TC-00486,Male,1,Yes,No,71,Yes,DSL,No,Yes,No,Month-to-month,Yes,Bank transfer,67.04,4628.85,0,49+ months,Medium (40-79),0,,
TC-00487,Male,0,No,No,20,Yes,Fiber optic,No,Yes,No,Month-to-month,No,Mailed check,87.55,1773.05,1,13-24 months,High (80+),0,,
TC-00488,Female,0,Yes,No,35,No,Fiber optic,No,No,Yes,One year,Yes,Bank transfer,89.13,3145.58,0,25-48 months,High (80+),1,15.5,5.0
TC-00489,Female,0,Yes,No,27,Yes,DSL,No,Yes,Yes,Two year,Yes,Credit card,70.54,1956.1,0,25-48 months,Medium (40-79),0,,
TC-00490,Male,0,No,Yes,72,No,Fiber optic,Yes,Yes,No,Two year,Yes,Credit card,93.15,6579.32,0,49+ months,High (80+),0,,
TC-00491,Male,0,Yes,No,21,Yes,DSL,No,No,Yes,Month-to-month,Yes,Electronic check,67.74,1446.04,1,13-24 months,Medium (40-79),1,3.3,3.0
TC-00492,Male,0,No,No,6,Yes,DSL,No,Yes,No,Month-to-month,No,Bank transfer,69.02,418.67,0,0-12 months,Medium (40-79),0,,
TC-00493,Female,1,No,No,58,Yes,No internet,No internet service,No internet service,No internet service,Two year,Yes,Credit card,30.69,1746.25,0,49+ months,Low (<40),1,27.1,3.0
TC-00494,Female,1,No,Yes,11,Yes,DSL,No,No,No,Month-to-month,Yes,Electronic check,74.7,813.92,0,0-12 months,Medium (40-79),0,,
TC-00495,Male,1,Yes,No,41,Yes,Fiber optic,No,No,No,One year,Yes,Bank transfer,86.82,3580.15,1,25-48 months,High (80+),1,17.4,2.0
TC-00496,Female,0,No,No,12,Yes,DSL,No,No,Yes,Month-to-month,No,Mailed check,71.61,875.14,1,0-12 months,Medium (40-79),0,,
TC-00497,Male,0,Yes,Yes,39,Yes,Fiber optic,Yes,No,No,Two year,Yes,Electronic check,99.48,3977.15,0,25-48 months,High (80+),2,7.8,2.5
TC-00498,Female,0,Yes,Yes,9,Yes,DSL,No,No,No,Month-to-month,Yes,Bank transfer,53.2,467.9,0,0-12 months,Medium (40-79),4,13.2,3.0
TC-00499,Female,0,No,Yes,11,Yes,No internet,No internet service,No internet service,No internet service,Month-to-month,No,Credit card,23.33,251.29,0,0-12 months,Low (<40),0,,
TC-00500,Male,0,Yes,No,18,Yes,DSL,No,No,No,Month-to-month,No,Electronic check,59.15,1084.11,1,13-24 months,Medium (40-79),1,28.5,3.0
TC-00501,Male,0,Yes,No,12,No,Fiber optic,No,No,No,Month-to-month,Yes,Bank transfer,99.25,1173.13,0,0-12 months,High (80+),3,8.4,4.0
TC-00502,Male,0,Yes,No,72,Yes,No internet,No internet service,No internet service,No internet service,Two year,No,Mailed check,28.05,2055.22,0,49+ months,Low (<40),0,,
TC-00503,Female,0,No,No,34,No,DSL,No,No,No,Two year,No,Electronic check,50.98,1764.51,0,25-48 months,Medium (40-79),2,13.9,4.0
TC-00504,Male,0,Yes,No,11,Yes,DSL,Yes,Yes,Yes,Month-to-month,Yes,Electronic check,61.41,682.65,0,0-12 months,Medium (40-79),0,,
TC-00505,Male,0,No,Yes,47,Yes,No internet,No internet service,No internet service,No internet service,Two year,Yes,Mailed check,23.84,1104.53,0,25-48 months,Low (<40),0,,
TC-00506,Male,0,Yes,Yes,41,Yes,Fiber optic,No,No,Yes,Month-to-month,Yes,Bank transfer,84.8,3409.61,0,25-48 months,High (80+),2,17.0,3.5
TC-00507,Male,0,Yes,No,10,No,Fiber optic,No,No,No,Month-to-month,Yes,Credit card,78.41,779.32,1,0-12 months,Medium (40-79),4,8.4,2.5
TC-00508,Female,0,Yes,No,4,Yes,Fiber optic,No,No,No,Month-to-month,Yes,Electronic check,76.53,306.42,1,0-12 months,Medium (40-79),2,5.4,2.0
TC-00509,Male,0,Yes,No,7,Yes,No internet,No internet service,No internet service,No internet service,Month-to-month,Yes,Electronic check,20.46,143.92,0,0-12 months,Low (<40),1,9.5,3.0
TC-00510,Male,0,No,Yes,12,Yes,No internet,No internet service,No internet service,No internet service,Month-to-month,Yes,Electronic check,18.0,219.7,1,0-12 months,Low (<40),2,25.1,4.0
TC-00511,Male,1,Yes,No,61,Yes,No internet,No internet service,No internet service,No internet service,One year,No,Mailed check,34.21,2128.05,0,49+ months,Low (<40),1,15.8,3.0
TC-00512,Female,0,No,Yes,47,Yes,No internet,No internet service,No internet service,No internet service,Two year,No,Credit card,20.95,997.27,0,25-48 months,Low (<40),1,11.0,3.0
TC-00513,Male,0,Yes,Yes,17,Yes,No internet,No internet service,No internet service,No internet service,Month-to-month,Yes,Electronic check,27.57,469.0,0,13-24 months,Low (<40),1,8.4,4.0
TC-00514,Male,0,No,No,5,Yes,Fiber optic,No,No,No,One year,Yes,Electronic check,71.8,348.47,1,0-12 months,Medium (40-79),5,20.8,2.2
TC-00515,Male,0,No,No,70,Yes,Fiber optic,Yes,No,No,Two year,Yes,Electronic check,98.19,6912.35,0,49+ months,High (80+),1,10.0,2.0
TC-00516,Male,0,Yes,No,8,Yes,Fiber optic,Yes,Yes,No,Month-to-month,Yes,Credit card,87.81,717.13,1,0-12 months,High (80+),1,12.9,4.0
TC-00517,Male,0,Yes,No,46,Yes,Fiber optic,No,Yes,Yes,Month-to-month,No,Credit card,98.7,4438.29,0,25-48 months,High (80+),1,7.1,5.0
TC-00518,Female,0,Yes,No,24,Yes,DSL,No,No,No,One year,Yes,Credit card,56.62,1364.52,0,13-24 months,Medium (40-79),3,17.0,4.33
TC-00519,Female,0,Yes,No,72,Yes,DSL,Yes,No,No,Month-to-month,No,Mailed check,69.71,5120.37,0,49+ months,Medium (40-79),1,6.9,5.0
TC-00520,Female,0,No,No,21,No,Fiber optic,Yes,No,Yes,One year,Yes,Credit card,96.49,2035.3,0,13-24 months,High (80+),1,15.4,4.0
TC-00521,Female,0,No,Yes,7,Yes,Fiber optic,No,No,No,Month-to-month,No,Electronic check,90.04,638.84,1,0-12 months,High (80+),2,15.9,3.5
TC-00522,Male,0,Yes,No,50,Yes,Fiber optic,No,Yes,Yes,One year,Yes,Credit card,98.11,4934.78,0,49+ months,High (80+),3,10.8,4.0
TC-00523,Female,1,Yes,No,6,Yes,Fiber optic,No,Yes,Yes,Month-to-month,Yes,Mailed check,101.11,617.25,1,0-12 months,High (80+),1,11.8,1.0
TC-00524,Female,0,No,Yes,23,Yes,Fiber optic,No,No,Yes,Month-to-month,No,Mailed check,104.32,2333.49,0,13-24 months,High (80+),0,,
TC-00525,Male,0,Yes,No,1,Yes,DSL,No,No,No,Month-to-month,Yes,Bank transfer,70.46,69.36,1,0-12 months,Medium (40-79),1,13.7,1.0
TC-00526,Male,0,No,No,43,Yes,DSL,No,No,No,One year,Yes,Mailed check,53.25,2263.85,0,25-48 months,Medium (40-79),1,6.8,4.0
TC-00527,Female,0,No,Yes,18,Yes,Fiber optic,No,Yes,No,Month-to-month,No,Bank transfer,90.83,1650.34,1,13-24 months,High (80+),1,4.6,2.0
TC-00528,Female,0,No,Yes,27,Yes,Fiber optic,No,No,No,Two year,Yes,Credit card,88.15,2341.21,0,25-48 months,High (80+),3,28.3,2.33
TC-00529,Male,1,Yes,No,4,Yes,Fiber optic,No,No,No,Month-to-month,Yes,Electronic check,82.58,336.31,1,0-12 months,High (80+),2,38.8,2.0
TC-00530,Male,0,No,Yes,72,Yes,DSL,No,Yes,Yes,Month-to-month,No,Mailed check,86.45,6369.94,0,49+ months,High (80+),1,25.4,2.0
TC-00531,Female,0,Yes,Yes,4,Yes,No internet,No internet service,No internet service,No internet service,Month-to-month,No,Credit card,18.83,73.26,0,0-12 months,Low (<40),1,25.6,3.0
TC-00532,Male,0,No,No,18,Yes,Fiber optic,No,Yes,Yes,Month-to-month,Yes,Electronic check,98.04,1779.91,1,13-24 months,High (80+),0,,
TC-00533,Male,0,No,Yes,4,Yes,Fiber optic,Yes,No,Yes,Month-to-month,No,Electronic check,101.73,402.94,1,0-12 months,High (80+),2,14.6,1.0
TC-00534,Female,0,Yes,Yes,69,Yes,No internet,No internet service,No internet service,No internet service,Two year,Yes,Bank transfer,28.15,1994.6,0,49+ months,Low (<40),0,,
TC-00535,Male,0,No,No,34,Yes,DSL,Yes,No,No,One year,No,Bank transfer,57.29,1889.97,0,25-48 months,Medium (40-79),2,12.8,2.5
TC-00536,Male,0,Yes,No,3,Yes,Fiber optic,No,Yes,Yes,Month-to-month,No,Mailed check,90.42,267.7,1,0-12 months,High (80+),0,,
TC-00537,Male,0,Yes,Yes,13,Yes,DSL,No,No,Yes,Month-to-month,No,Credit card,68.21,901.93,0,13-24 months,Medium (40-79),0,,
TC-00538,Male,0,Yes,No,22,Yes,Fiber optic,No,No,Yes,Month-to-month,No,Mailed check,100.96,2159.3,1,13-24 months,High (80+),1,31.8,2.0
TC-00539,Male,0,No,Yes,44,Yes,No internet,No internet service,No internet service,No internet service,Two year,Yes,Bank transfer,18.0,807.53,0,25-48 months,Low (<40),4,18.5,4.0
TC-00540,Female,0,No,No,31,Yes,No internet,No internet service,No internet service,No internet service,Month-to-month,Yes,Mailed check,20.0,610.49,0,25-48 months,Low (<40),1,21.6,2.0
TC-00541,Male,0,Yes,Yes,69,Yes,DSL,No,No,Yes,Two year,Yes,Electronic check,61.15,4220.08,0,49+ months,Medium (40-79),0,,
TC-00542,Female,0,Yes,Yes,9,Yes,No internet,No internet service,No internet service,No internet service,One year,Yes,Credit card,18.0,159.51,0,0-12 months,Low (<40),1,0.9,5.0
TC-00543,Male,0,Yes,No,12,Yes,Fiber optic,No,No,No,One year,Yes,Credit card,84.25,995.97,1,0-12 months,High (80+),1,14.9,5.0
TC-00544,Male,0,Yes,Yes,72,Yes,DSL,No,No,Yes,Two year,No,Credit card,59.0,4257.09,0,49+ months,Medium (40-79),1,1.9,5.0
TC-00545,Male,0,No,No,35,Yes,DSL,Yes,No,No,One year,No,Bank transfer,63.33,2164.06,0,25-48 months,Medium (40-79),0,,
TC-00546,Male,0,No,No,25,Yes,DSL,No,No,Yes,Month-to-month,Yes,Bank transfer,73.17,1845.03,1,25-48 months,Medium (40-79),4,16.1,1.5
TC-00547,Female,0,Yes,No,15,Yes,No internet,No internet service,No internet service,No internet service,Month-to-month,Yes,Credit card,22.22,339.87,0,13-24 months,Low (<40),0,,
TC-00548,Female,0,Yes,Yes,19,Yes,Fiber optic,No,No,No,Month-to-month,Yes,Credit card,90.9,1746.67,0,13-24 months,High (80+),1,37.7,4.0
TC-00549,Male,1,Yes,No,15,Yes,Fiber optic,No,No,No,Month-to-month,No,Electronic check,89.84,1356.59,1,13-24 months,High (80+),2,7.3,3.0
TC-00550,Male,0,No,No,24,Yes,DSL,Yes,No,Yes,Month-to-month,Yes,Electronic check,69.36,1680.27,1,13-24 months,Medium (40-79),2,15.9,3.5
TC-00551,Male,1,No,Yes,35,Yes,No internet,No internet service,No internet service,No internet service,Month-to-month,No,Credit card,18.0,623.17,0,25-48 months,Low (<40),0,,
TC-00552,Female,0,No,Yes,32,Yes,No internet,No internet service,No internet service,No internet service,One year,No,Bank transfer,23.0,727.99,0,25-48 months,Low (<40),0,,
TC-00553,Male,0,No,No,17,Yes,No internet,No internet service,No internet service,No internet service,Month-to-month,No,Electronic check,20.03,335.23,0,13-24 months,Low (<40),0,,
TC-00554,Male,0,No,No,13,Yes,Fiber optic,No,Yes,Yes,Month-to-month,Yes,Credit card,95.17,1252.9,1,13-24 months,High (80+),0,,
TC-00555,Female,1,Yes,Yes,45,Yes,DSL,Yes,No,Yes,Month-to-month,Yes,Mailed check,62.43,2728.09,0,25-48 months,Medium (40-79),0,,
TC-00556,Female,0,Yes,No,33,Yes,Fiber optic,No,Yes,Yes,Month-to-month,No,Credit card,110.29,3729.09,0,25-48 months,High (80+),2,22.4,3.5
TC-00557,Male,0,Yes,Yes,68,Yes,DSL,No,No,Yes,Two year,Yes,Mailed check,72.81,5026.72,0,49+ months,Medium (40-79),2,8.6,2.5
TC-00558,Female,1,No,Yes,9,Yes,Fiber optic,Yes,No,Yes,Month-to-month,No,Electronic check,116.9,1039.31,1,0-12 months,High (80+),2,17.0,2.0
TC-00559,Female,0,Yes,No,1,Yes,No internet,No internet service,No internet service,No internet service,Month-to-month,Yes,Credit card,22.99,23.67,0,0-12 months,Low (<40),1,7.2,3.0
TC-00560,Female,1,No,Yes,21,Yes,Fiber optic,No,Yes,Yes,Month-to-month,Yes,Electronic check,103.25,2117.0,0,13-24 months,High (80+),0,,
TC-00561,Male,0,No,No,19,Yes,DSL,No,No,Yes,Month-to-month,Yes,Mailed check,71.51,1345.18,0,13-24 months,Medium (40-79),2,20.9,4.0
TC-00562,Female,0,No,No,11,Yes,DSL,Yes,Yes,Yes,Month-to-month,Yes,Electronic check,60.24,674.58,1,0-12 months,Medium (40-79),1,16.1,5.0
TC-00563,Female,0,No,No,2,Yes,DSL,No,No,Yes,Month-to-month,No,Electronic check,64.35,125.49,0,0-12 months,Medium (40-79),1,4.6,3.0
TC-00564,Male,0,No,No,21,Yes,No internet,No internet service,No internet service,No internet service,Month-to-month,Yes,Electronic check,32.09,671.13,1,13-24 months,Low (<40),1,29.7,2.0
TC-00565,Male,0,Yes,No,6,Yes,No internet,No internet service,No internet service,No internet service,Month-to-month,Yes,Electronic check,24.08,143.27,1,0-12 months,Low (<40),2,9.6,2.5
TC-00566,Female,0,No,No,47,Yes,Fiber optic,No,No,Yes,Two year,Yes,Credit card,100.69,4832.13,1,25-48 months,High (80+),0,,
TC-00567,Female,0,Yes,No,6,Yes,DSL,Yes,No,No,Month-to-month,No,Bank transfer,65.11,383.7,1,0-12 months,Medium (40-79),0,,
TC-00568,Male,0,Yes,No,37,Yes,Fiber optic,Yes,No,No,One year,No,Electronic check,93.43,3448.23,0,25-48 months,High (80+),3,11.0,4.33
TC-00569,Female,0,Yes,No,43,Yes,No internet,No internet service,No internet service,No internet service,Month-to-month,Yes,Credit card,19.64,826.25,0,25-48 months,Low (<40),2,28.3,3.5
TC-00570,Male,1,Yes,Yes,43,Yes,No internet,No internet service,No internet service,No internet service,Month-to-month,No,Electronic check,19.01,826.51,0,25-48 months,Low (<40),0,,
TC-00571,Male,0,No,Yes,53,Yes,No internet,No internet service,No internet service,No internet service,Two year,Yes,Electronic check,18.0,955.98,0,49+ months,Low (<40),0,,
TC-00572,Female,0,Yes,No,33,Yes,DSL,No,Yes,Yes,Month-to-month,No,Credit card,59.87,1962.05,0,25-48 months,Medium (40-79),0,,
TC-00573,Male,0,Yes,No,72,Yes,DSL,No,No,No,Two year,No,Electronic check,66.34,4729.78,0,49+ months,Medium (40-79),1,10.6,1.0
TC-00574,Male,0,No,No,37,Yes,No internet,No internet service,No internet service,No internet service,Two year,Yes,Electronic check,18.0,673.17,0,25-48 months,Low (<40),2,7.8,3.0
TC-00575,Male,1,Yes,Yes,25,Yes,Fiber optic,No,Yes,Yes,One year,No,Mailed check,94.74,2393.48,0,25-48 months,High (80+),0,,
TC-00576,Male,1,Yes,No,9,Yes,Fiber optic,Yes,Yes,No,Month-to-month,No,Credit card,98.39,908.93,1,0-12 months,High (80+),2,9.6,3.5
TC-00577,Female,1,Yes,No,36,Yes,No internet,No internet service,No internet service,No internet service,One year,No,Mailed check,27.99,1021.88,0,25-48 months,Low (<40),1,25.9,5.0
TC-00578,Male,0,No,No,17,Yes,DSL,Yes,No,Yes,One year,Yes,Mailed check,73.89,1254.12,0,13-24 months,Medium (40-79),0,,
TC-00579,Female,0,Yes,No,72,Yes,Fiber optic,No,No,No,Two year,Yes,Credit card,89.87,6431.18,0,49+ months,High (80+),4,12.3,2.75
TC-00580,Female,0,No,No,3,Yes,No internet,No internet service,No internet service,No internet service,Month-to-month,No,Electronic check,25.19,73.34,1,0-12 months,Low (<40),1,16.4,3.0
TC-00581,Male,0,Yes,Yes,48,Yes,No internet,No internet service,No internet service,No internet service,Two year,Yes,Mailed check,18.0,888.4,0,25-48 months,Low (<40),2,23.8,4.0
TC-00582,Female,0,Yes,No,47,Yes,Fiber optic,No,No,Yes,Two year,No,Mailed check,109.05,5019.39,0,25-48 months,High (80+),3,11.8,3.33
TC-00583,Female,0,Yes,Yes,28,No,Fiber optic,No,Yes,Yes,Month-to-month,Yes,Electronic check,106.45,3068.59,0,25-48 months,High (80+),2,15.1,2.5
TC-00584,Male,0,Yes,No,11,Yes,No internet,No internet service,No internet service,No internet service,Month-to-month,Yes,Electronic check,18.0,195.99,0,0-12 months,Low (<40),1,16.2,4.0
TC-00585,Female,0,Yes,No,22,Yes,No internet,No internet service,No internet service,No internet service,Month-to-month,Yes,Bank transfer,18.0,388.04,0,13-24 months,Low (<40),2,15.5,2.5
TC-00586,Male,0,Yes,No,72,Yes,DSL,No,No,No,Two year,Yes,Electronic check,49.26,3478.54,0,49+ months,Medium (40-79),0,,
TC-00587,Female,0,Yes,No,72,Yes,No internet,No internet service,No internet service,No internet service,Two year,No,Bank transfer,24.56,1766.91,0,49+ months,Low (<40),2,9.6,4.0
TC-00588,Male,0,Yes,Yes,28,Yes,Fiber optic,Yes,No,Yes,Two year,No,Mailed check,95.8,2640.86,0,25-48 months,High (80+),1,7.2,3.0
TC-00589,Male,0,No,No,25,Yes,DSL,No,No,No,One year,Yes,Electronic check,42.4,1043.15,0,25-48 months,Medium (40-79),3,27.2,3.0
TC-00590,Female,1,Yes,Yes,24,Yes,DSL,Yes,No,Yes,One year,Yes,Electronic check,85.6,2042.2,0,13-24 months,High (80+),1,14.1,1.0
TC-00591,Male,0,No,No,35,Yes,Fiber optic,No,Yes,No,One year,No,Bank transfer,94.7,3385.24,0,25-48 months,High (80+),2,5.8,4.0
TC-00592,Female,0,No,Yes,25,Yes,Fiber optic,No,Yes,No,One year,No,Bank transfer,90.08,2203.83,0,25-48 months,High (80+),1,51.5,3.0
TC-00593,Female,0,No,No,32,No,DSL,Yes,No,No,Two year,No,Mailed check,71.09,2315.36,0,25-48 months,Medium (40-79),3,18.4,3.67
TC-00594,Female,0,Yes,No,32,Yes,No internet,No internet service,No internet service,No internet service,One year,No,Electronic check,21.44,670.21,0,25-48 months,Low (<40),1,17.8,3.0
TC-00595,Female,0,Yes,Yes,15,Yes,No internet,No internet service,No internet service,No internet service,Month-to-month,No,Electronic check,27.57,424.82,0,13-24 months,Low (<40),1,38.9,4.0
TC-00596,Female,0,No,Yes,21,No,Fiber optic,Yes,No,No,Month-to-month,No,Electronic check,85.45,1755.16,1,13-24 months,High (80+),5,36.2,2.4
TC-00597,Female,0,No,No,19,Yes,Fiber optic,No,No,No,Month-to-month,Yes,Mailed check,92.05,1703.9,1,13-24 months,High (80+),1,26.1,3.0
TC-00598,Male,1,Yes,No,55,Yes,Fiber optic,Yes,No,No,One year,No,Bank transfer,81.23,4426.71,0,49+ months,High (80+),2,3.6,4.5
TC-00599,Male,0,No,No,21,Yes,Fiber optic,No,Yes,Yes,One year,No,Mailed check,113.32,2347.21,0,13-24 months,High (80+),1,30.5,2.0
TC-00600,Male,0,Yes,Yes,9,Yes,Fiber optic,Yes,No,Yes,Month-to-month,Yes,Electronic check,101.85,911.72,1,0-12 months,High (80+),4,21.4,1.75
TC-00601,Female,0,Yes,No,46,Yes,Fiber optic,No,No,No,Two year,No,Mailed check,90.49,4162.88,0,25-48 months,High (80+),4,36.5,4.0
TC-00602,Female,1,Yes,Yes,13,Yes,DSL,No,No,No,One year,Yes,Electronic check,64.36,827.48,0,13-24 months,Medium (40-79),1,1.6,1.0
TC-00603,Male,0,No,No,9,Yes,Fiber optic,No,No,No,Month-to-month,Yes,Mailed check,85.07,780.13,1,0-12 months,High (80+),3,22.8,2.67
TC-00604,Female,0,Yes,Yes,31,Yes,No internet,No internet service,No internet service,No internet service,Month-to-month,Yes,Electronic check,21.97,693.07,0,25-48 months,Low (<40),4,25.6,3.5
TC-00605,Male,0,Yes,No,12,Yes,Fiber optic,No,Yes,No,Month-to-month,Yes,Credit card,86.53,1020.76,1,0-12 months,High (80+),0,,
TC-00606,Male,0,No,No,26,Yes,No internet,No internet service,No internet service,No internet service,Month-to-month,No,Electronic check,20.8,547.61,0,25-48 months,Low (<40),0,,
TC-00607,Male,1,Yes,No,3,Yes,No internet,No internet service,No internet service,No internet service,Month-to-month,Yes,Electronic check,23.48,69.78,0,0-12 months,Low (<40),0,,
TC-00608,Male,0,Yes,Yes,26,Yes,Fiber optic,No,No,No,Month-to-month,No,Credit card,88.28,2247.69,1,25-48 months,High (80+),1,31.9,2.0
TC-00609,Male,0,No,Yes,54,Yes,DSL,Yes,Yes,No,Two year,No,Electronic check,64.93,3522.54,0,49+ months,Medium (40-79),1,45.6,2.0
TC-00610,Female,0,Yes,No,3,Yes,Fiber optic,Yes,No,Yes,Month-to-month,Yes,Bank transfer,94.39,284.32,1,0-12 months,High (80+),0,,
TC-00611,Male,0,Yes,No,39,Yes,Fiber optic,No,No,No,Two year,No,Credit card,91.49,3481.36,0,25-48 months,High (80+),1,15.6,2.0
TC-00612,Female,0,No,Yes,9,Yes,Fiber optic,No,No,Yes,One year,Yes,Credit card,82.59,742.73,0,0-12 months,High (80+),1,13.8,2.0
TC-00613,Female,1,Yes,No,37,Yes,Fiber optic,Yes,No,Yes,Two year,Yes,Mailed check,111.58,4018.74,0,25-48 months,High (80+),2,2.1,3.0
TC-00614,Male,1,No,Yes,37,Yes,No internet,No internet service,No internet service,No internet service,Month-to-month,No,Bank transfer,18.47,669.54,0,25-48 months,Low (<40),0,,
TC-00615,Female,0,No,No,6,Yes,No internet,No internet service,No internet service,No internet service,Month-to-month,Yes,Credit card,24.53,145.08,0,0-12 months,Low (<40),0,,
TC-00616,Female,1,No,Yes,72,Yes,Fiber optic,No,Yes,Yes,Two year,No,Mailed check,106.03,7660.41,0,49+ months,High (80+),1,19.6,4.0
TC-00617,Female,0,Yes,No,31,Yes,Fiber optic,No,No,No,Month-to-month,Yes,Credit card,101.11,3132.73,0,25-48 months,High (80+),2,32.0,4.5
TC-00618,Female,0,Yes,No,1,No,Fiber optic,Yes,No,No,Month-to-month,Yes,Credit card,85.59,83.54,1,0-12 months,High (80+),0,,
TC-00619,Male,0,Yes,No,50,Yes,Fiber optic,Yes,No,No,Two year,Yes,Mailed check,79.41,3908.31,0,49+ months,Medium (40-79),3,15.1,3.0
TC-00620,Female,0,No,No,18,Yes,DSL,Yes,No,No,One year,Yes,Electronic check,59.87,1050.61,0,13-24 months,Medium (40-79),0,,
TC-00621,Female,0,No,No,30,Yes,No internet,No internet service,No internet service,No internet service,Month-to-month,No,Mailed check,18.0,547.45,0,25-48 months,Low (<40),0,,
TC-00622,Male,0,Yes,No,19,No,Fiber optic,No,No,Yes,Month-to-month,No,Electronic check,84.93,1650.79,0,13-24 months,High (80+),0,,
TC-00623,Male,0,No,No,53,Yes,Fiber optic,Yes,No,No,Two year,No,Credit card,75.94,4007.6,0,49+ months,Medium (40-79),5,8.1,3.6
TC-00624,Male,0,Yes,No,27,Yes,DSL,Yes,No,Yes,Month-to-month,Yes,Electronic check,76.12,2014.38,1,25-48 months,Medium (40-79),3,9.2,3.67
TC-00625,Female,0,No,No,9,Yes,DSL,No,No,No,One year,No,Mailed check,56.91,514.15,0,0-12 months,Medium (40-79),1,2.5,3.0
TC-00626,Female,0,Yes,No,37,Yes,DSL,No,No,Yes,Month-to-month,No,Electronic check,66.18,2520.17,0,25-48 months,Medium (40-79),2,13.3,3.0
TC-00627,Male,0,Yes,Yes,70,Yes,No internet,No internet service,No internet service,No internet service,Two year,No,Mailed check,26.59,1856.67,0,49+ months,Low (<40),2,12.2,3.5
TC-00628,Female,0,Yes,No,29,Yes,DSL,No,Yes,Yes,Month-to-month,Yes,Bank transfer,75.11,2128.47,1,25-48 months,Medium (40-79),4,12.2,2.0
TC-00629,Male,1,No,No,9,Yes,Fiber optic,No,No,No,Month-to-month,Yes,Electronic check,75.13,656.84,1,0-12 months,Medium (40-79),2,3.2,4.0
TC-00630,Male,0,Yes,Yes,13,Yes,Fiber optic,Yes,Yes,No,Month-to-month,Yes,Credit card,99.63,1280.61,0,13-24 months,High (80+),2,33.8,3.5
TC-00631,Male,0,No,No,30,Yes,Fiber optic,No,No,Yes,One year,Yes,Mailed check,89.72,2746.65,0,25-48 months,High (80+),4,22.1,3.25
TC-00632,Male,1,Yes,No,48,Yes,DSL,Yes,No,No,Two year,Yes,Electronic check,53.74,2545.81,0,25-48 months,Medium (40-79),0,,
TC-00633,Male,0,Yes,No,12,Yes,Fiber optic,Yes,Yes,No,Month-to-month,Yes,Electronic check,91.94,1132.3,0,0-12 months,High (80+),0,,
TC-00634,Female,0,Yes,No,42,No,DSL,No,No,No,Month-to-month,No,Bank transfer,48.87,2083.32,0,25-48 months,Medium (40-79),2,43.3,4.0
TC-00635,Male,1,Yes,No,64,Yes,Fiber optic,No,Yes,No,Two year,No,Credit card,83.93,5428.25,0,49+ months,High (80+),1,18.2,3.0
TC-00636,Male,0,Yes,No,31,Yes,DSL,No,No,No,One year,No,Mailed check,45.57,1450.32,0,25-48 months,Medium (40-79),1,13.7,5.0
TC-00637,Female,0,No,Yes,2,Yes,No internet,No internet service,No internet service,No internet service,Month-to-month,Yes,Credit card,18.0,36.35,0,0-12 months,Low (<40),3,12.0,4.33
TC-00638,Male,0,No,No,64,Yes,Fiber optic,Yes,No,Yes,One year,No,Electronic check,97.18,6314.64,0,49+ months,High (80+),2,7.8,3.0
TC-00639,Male,0,No,No,18,Yes,DSL,No,No,Yes,Month-to-month,Yes,Credit card,63.07,1137.47,1,13-24 months,Medium (40-79),3,21.1,2.0
TC-00640,Male,0,No,No,46,Yes,Fiber optic,No,No,No,Two year,Yes,Electronic check,90.68,4132.04,1,25-48 months,High (80+),1,28.5,4.0
TC-00641,Female,0,No,No,3,Yes,DSL,No,No,No,Month-to-month,No,Bank transfer,54.67,168.41,0,0-12 months,Medium (40-79),1,10.9,2.0
TC-00642,Female,0,No,No,42,No,Fiber optic,Yes,No,Yes,One year,No,Mailed check,95.51,3927.65,0,25-48 months,High (80+),2,11.6,2.0
TC-00643,Female,0,Yes,Yes,15,Yes,DSL,Yes,No,No,One year,Yes,Mailed check,68.66,1020.92,0,13-24 months,Medium (40-79),0,,
TC-00644,Female,0,Yes,No,21,No,Fiber optic,Yes,No,Yes,One year,Yes,Electronic check,103.57,2172.99,0,13-24 months,High (80+),2,16.9,3.0
TC-00645,Female,1,Yes,No,8,Yes,Fiber optic,Yes,No,Yes,Month-to-month,Yes,Bank transfer,100.37,790.53,0,0-12 months,High (80+),2,7.7,2.5
TC-00646,Male,0,No,No,20,Yes,Fiber optic,No,No,No,One year,Yes,Credit card,83.96,1663.89,0,13-24 months,High (80+),0,,
TC-00647,Female,0,No,No,14,Yes,DSL,No,No,Yes,One year,Yes,Credit card,61.25,857.07,0,13-24 months,Medium (40-79),1,2.5,3.0
TC-00648,Male,0,No,Yes,10,Yes,DSL,No,No,No,Month-to-month,No,Bank transfer,47.47,484.68,1,0-12 months,Medium (40-79),1,3.7,4.0
TC-00649,Female,1,No,No,15,Yes,DSL,Yes,No,Yes,Month-to-month,Yes,Credit card,73.89,1115.14,0,13-24 months,Medium (40-79),2,14.2,3.5
TC-00650,Female,0,No,No,36,Yes,No internet,No internet service,No internet service,No internet service,Two year,Yes,Mailed check,29.2,1078.72,0,25-48 months,Low (<40),0,,
TC-00651,Female,0,No,No,14,Yes,No internet,No internet service,No internet service,No internet service,One year,Yes,Bank transfer,29.98,421.66,0,13-24 months,Low (<40),0,,
TC-00652,Male,0,No,No,38,Yes,No internet,No internet service,No internet service,No internet service,Month-to-month,Yes,Bank transfer,38.14,1470.16,0,25-48 months,Low (<40),2,16.0,3.5
TC-00653,Male,0,Yes,No,11,Yes,DSL,No,No,No,One year,Yes,Bank transfer,58.28,643.54,0,0-12 months,Medium (40-79),0,,
TC-00654,Male,0,No,No,26,Yes,DSL,No,No,No,Month-to-month,Yes,Credit card,59.56,1517.17,1,25-48 months,Medium (40-79),3,11.5,2.67
TC-00655,Female,0,Yes,No,10,Yes,Fiber optic,No,No,No,Month-to-month,Yes,Electronic check,86.15,855.8,1,0-12 months,High (80+),2,15.7,3.0
TC-00656,Male,0,No,No,35,No,Fiber optic,Yes,No,Yes,Two year,No,Mailed check,101.81,3575.46,0,25-48 months,High (80+),3,15.8,2.67
TC-00657,Female,0,Yes,No,20,Yes,Fiber optic,No,Yes,Yes,Month-to-month,Yes,Bank transfer,89.98,1813.74,1,13-24 months,High (80+),0,,
TC-00658,Male,0,Yes,No,6,Yes,Fiber optic,Yes,No,No,Month-to-month,Yes,Bank transfer,84.55,514.23,1,0-12 months,High (80+),2,19.8,3.5
TC-00659,Female,0,Yes,Yes,16,Yes,DSL,No,No,No,Month-to-month,Yes,Electronic check,58.37,944.25,1,13-24 months,Medium (40-79),1,27.0,1.0
TC-00660,Female,0,Yes,No,34,Yes,Fiber optic,Yes,Yes,Yes,Month-to-month,Yes,Electronic check,100.01,3454.2,0,25-48 months,High (80+),1,60.7,5.0
TC-00661,Male,0,Yes,No,11,Yes,DSL,No,Yes,No,Month-to-month,Yes,Bank transfer,68.79,774.79,0,0-12 months,Medium (40-79),2,20.7,2.5
TC-00662,Male,0,Yes,No,7,Yes,No internet,No internet service,No internet service,No internet service,Month-to-month,Yes,Mailed check,18.0,122.53,1,0-12 months,Low (<40),3,10.2,2.0
TC-00663,Female,0,Yes,No,35,Yes,DSL,No,No,No,Month-to-month,No,Credit card,69.28,2366.63,1,25-48 months,Medium (40-79),0,,
TC-00664,Male,1,No,No,13,Yes,DSL,Yes,Yes,Yes,Month-to-month,Yes,Electronic check,67.09,865.87,1,13-24 months,Medium (40-79),0,,
TC-00665,Male,0,Yes,No,7,Yes,DSL,Yes,No,Yes,Month-to-month,Yes,Bank transfer,71.02,510.01,1,0-12 months,Medium (40-79),0,,
TC-00666,Male,0,Yes,Yes,15,No,Fiber optic,No,No,Yes,Month-to-month,Yes,Credit card,80.18,1218.12,0,13-24 months,High (80+),1,11.5,4.0
TC-00667,Male,0,Yes,Yes,38,Yes,DSL,Yes,Yes,No,One year,No,Electronic check,69.89,2696.19,1,25-48 months,Medium (40-79),1,26.4,2.0
TC-00668,Male,0,Yes,No,66,Yes,No internet,No internet service,No internet service,No internet service,Two year,Yes,Electronic check,26.11,1695.37,0,49+ months,Low (<40),1,25.4,3.0
TC-00669,Male,0,Yes,No,20,Yes,DSL,No,Yes,No,Month-to-month,Yes,Credit card,63.96,1264.16,1,13-24 months,Medium (40-79),1,2.6,1.0
TC-00670,Female,0,No,No,34,Yes,No internet,No internet service,No internet service,No internet service,One year,No,Bank transfer,18.0,608.24,0,25-48 months,Low (<40),1,13.3,3.0
TC-00671,Female,0,Yes,No,14,Yes,DSL,No,No,Yes,Month-to-month,Yes,Electronic check,73.6,1031.18,0,13-24 months,Medium (40-79),0,,
TC-00672,Male,1,No,No,4,Yes,DSL,No,Yes,No,Month-to-month,Yes,Bank transfer,60.67,244.8,0,0-12 months,Medium (40-79),1,3.3,5.0
TC-00673,Female,0,No,No,15,Yes,No internet,No internet service,No internet service,No internet service,Month-to-month,Yes,Electronic check,18.0,264.01,0,13-24 months,Low (<40),1,5.4,4.0
TC-00674,Male,0,Yes,No,39,Yes,DSL,Yes,No,No,Two year,Yes,Credit card,65.18,2485.11,0,25-48 months,Medium (40-79),0,,
TC-00675,Male,0,Yes,No,22,No,Fiber optic,Yes,Yes,Yes,Month-to-month,Yes,Electronic check,107.8,2369.29,0,13-24 months,High (80+),1,12.6,2.0
TC-00676,Female,0,No,No,59,Yes,Fiber optic,No,No,Yes,Two year,No,Bank transfer,101.27,5935.44,0,49+ months,High (80+),5,13.2,3.4
TC-00677,Female,0,No,No,46,Yes,Fiber optic,Yes,No,No,Month-to-month,Yes,Electronic check,89.24,4149.84,0,25-48 months,High (80+),4,20.3,3.25
TC-00678,Male,0,No,No,72,Yes,Fiber optic,No,No,Yes,One year,No,Bank transfer,88.85,6469.59,0,49+ months,High (80+),1,5.6,2.0
TC-00679,Female,0,Yes,No,72,Yes,DSL,No,No,No,Two year,No,Electronic check,55.7,4079.59,0,49+ months,Medium (40-79),2,25.1,3.5
TC-00680,Male,1,Yes,No,23,Yes,No internet,No internet service,No internet service,No internet service,Two year,Yes,Credit card,18.0,420.45,0,13-24 months,Low (<40),0,,
TC-00681,Male,0,Yes,No,16,Yes,Fiber optic,No,No,Yes,Month-to-month,Yes,Electronic check,96.93,1566.09,1,13-24 months,High (80+),3,15.3,3.33
TC-00682,Female,0,Yes,Yes,7,No,DSL,No,No,No,Month-to-month,No,Bank transfer,54.12,375.07,0,0-12 months,Medium (40-79),2,11.1,3.0
TC-00683,Male,0,Yes,Yes,9,Yes,DSL,Yes,No,No,Month-to-month,No,Electronic check,60.89,543.43,0,0-12 months,Medium (40-79),0,,
TC-00684,Male,0,No,Yes,25,Yes,Fiber optic,Yes,No,Yes,Two year,No,Electronic check,99.56,2471.97,1,25-48 months,High (80+),2,3.8,2.0
TC-00685,Female,0,Yes,No,15,Yes,DSL,Yes,Yes,No,Month-to-month,Yes,Bank transfer,72.29,1072.36,0,13-24 months,Medium (40-79),0,,
TC-00686,Male,0,No,No,0,Yes,No internet,No internet service,No internet service,No internet service,Month-to-month,No,Electronic check,31.09,0.0,0,0-12 months,Low (<40),0,,
TC-00687,Female,0,No,No,46,No,Fiber optic,No,No,No,Two year,No,Credit card,88.48,4123.43,0,25-48 months,High (80+),1,9.7,4.0
TC-00688,Male,0,Yes,Yes,7,Yes,DSL,Yes,No,Yes,Month-to-month,No,Electronic check,63.71,452.12,1,0-12 months,Medium (40-79),1,30.2,2.0
TC-00689,Female,0,No,Yes,30,Yes,Fiber optic,No,No,No,Month-to-month,No,Credit card,93.56,2803.58,0,25-48 months,High (80+),1,9.7,1.0
TC-00690,Female,0,No,Yes,37,Yes,Fiber optic,No,No,Yes,Two year,Yes,Credit card,109.1,3922.79,0,25-48 months,High (80+),0,,
TC-00691,Female,0,No,No,20,Yes,DSL,Yes,No,No,Month-to-month,No,Credit card,63.84,1239.05,1,13-24 months,Medium (40-79),1,8.0,2.0
TC-00692,Female,0,Yes,No,9,Yes,DSL,Yes,No,Yes,Month-to-month,No,Electronic check,70.74,621.99,0,0-12 months,Medium (40-79),1,2.4,5.0
TC-00693,Male,0,No,No,23,Yes,DSL,No,No,Yes,Month-to-month,Yes,Mailed check,58.26,1304.81,0,13-24 months,Medium (40-79),1,16.4,3.0
TC-00694,Female,0,No,Yes,10,Yes,Fiber optic,Yes,No,No,Month-to-month,Yes,Electronic check,87.52,863.43,1,0-12 months,High (80+),3,10.2,2.33
TC-00695,Female,0,Yes,Yes,4,Yes,DSL,No,No,Yes,Month-to-month,Yes,Electronic check,58.83,241.33,0,0-12 months,Medium (40-79),1,25.3,2.0
TC-00696,Male,0,Yes,Yes,37,Yes,DSL,No,No,Yes,One year,No,Electronic check,74.87,2755.43,0,25-48 months,Medium (40-79),0,,
TC-00697,Female,0,Yes,Yes,46,Yes,DSL,Yes,No,Yes,Two year,No,Electronic check,59.36,2756.35,0,25-48 months,Medium (40-79),1,2.9,5.0
TC-00698,Male,0,Yes,No,53,Yes,No internet,No internet service,No internet service,No internet service,One year,Yes,Electronic check,18.0,980.8,0,49+ months,Low (<40),0,,
TC-00699,Female,0,Yes,Yes,9,Yes,No internet,No internet service,No internet service,No internet service,One year,Yes,Credit card,25.7,234.64,0,0-12 months,Low (<40),2,17.9,3.5
TC-00700,Male,0,Yes,No,18,Yes,Fiber optic,No,No,Yes,Month-to-month,No,Electronic check,85.62,1534.38,0,13-24 months,High (80+),0,,
TC-00701,Female,0,No,No,18,Yes,No internet,No internet service,No internet service,No internet service,One year,No,Bank transfer,18.0,331.72,0,13-24 months,Low (<40),0,,
TC-00702,Male,0,No,Yes,27,Yes,DSL,No,Yes,Yes,One year,Yes,Credit card,83.13,2303.31,0,25-48 months,High (80+),0,,
TC-00703,Female,0,No,No,36,Yes,Fiber optic,No,No,Yes,One year,Yes,Electronic check,79.25,2817.24,0,25-48 months,Medium (40-79),0,,
TC-00704,Male,0,No,Yes,72,Yes,Fiber optic,No,No,Yes,Two year,Yes,Bank transfer,89.26,6516.97,0,49+ months,High (80+),2,17.8,3.5
TC-00705,Male,0,No,Yes,34,Yes,No internet,No internet service,No internet service,No internet service,One year,Yes,Credit card,36.51,1261.14,0,25-48 months,Low (<40),1,8.4,4.0
TC-00706,Female,0,No,No,5,Yes,No internet,No internet service,No internet service,No internet service,Month-to-month,Yes,Bank transfer,27.84,135.52,0,0-12 months,Low (<40),1,16.6,1.0
TC-00707,Male,0,Yes,No,23,Yes,DSL,No,No,No,One year,Yes,Bank transfer,46.59,1054.48,0,13-24 months,Medium (40-79),2,35.3,4.5
TC-00708,Male,0,Yes,Yes,55,Yes,DSL,No,No,No,Month-to-month,Yes,Bank transfer,52.14,2886.64,0,49+ months,Medium (40-79),0,,
TC-00709,Female,0,Yes,No,17,Yes,No internet,No internet service,No internet service,No internet service,Month-to-month,No,Mailed check,18.0,299.71,0,13-24 months,Low (<40),0,,
TC-00710,Male,0,No,Yes,33,Yes,DSL,No,Yes,No,One year,No,Electronic check,66.63,2240.58,0,25-48 months,Medium (40-79),0,,
TC-00711,Male,0,No,No,45,Yes,DSL,No,No,No,Two year,No,Electronic check,52.74,2349.43,0,25-48 months,Medium (40-79),1,11.5,4.0
TC-00712,Female,0,No,Yes,39,Yes,No internet,No internet service,No internet service,No internet service,Month-to-month,No,Mailed check,18.0,722.02,0,25-48 months,Low (<40),2,3.3,3.0
TC-00713,Female,0,No,No,33,Yes,No internet,No internet service,No internet service,No internet service,Month-to-month,Yes,Electronic check,18.0,579.79,0,25-48 months,Low (<40),1,5.1,3.0
TC-00714,Female,1,Yes,No,24,No,DSL,No,Yes,No,One year,Yes,Electronic check,68.96,1676.79,0,13-24 months,Medium (40-79),0,,
TC-00715,Female,0,Yes,No,10,Yes,Fiber optic,Yes,Yes,No,Month-to-month,Yes,Electronic check,73.76,738.49,1,0-12 months,Medium (40-79),2,24.4,2.0
TC-00716,Female,0,No,Yes,25,Yes,DSL,No,No,Yes,Month-to-month,Yes,Mailed check,54.45,1378.04,1,25-48 months,Medium (40-79),0,,
TC-00717,Female,0,No,No,35,Yes,Fiber optic,No,Yes,Yes,Month-to-month,Yes,Electronic check,101.5,3636.81,1,25-48 months,High (80+),4,12.5,3.0
TC-00718,Female,1,Yes,No,17,Yes,No internet,No internet service,No internet service,No internet service,Month-to-month,Yes,Mailed check,18.0,309.53,0,13-24 months,Low (<40),2,10.2,2.5
TC-00719,Female,0,Yes,No,53,Yes,DSL,Yes,Yes,No,One year,Yes,Mailed check,75.4,4038.7,0,49+ months,Medium (40-79),0,,
TC-00720,Male,0,Yes,Yes,68,Yes,Fiber optic,No,No,No,One year,Yes,Mailed check,83.46,5731.14,0,49+ months,High (80+),1,30.7,2.0
TC-00721,Female,1,Yes,No,15,No,Fiber optic,Yes,Yes,No,Month-to-month,Yes,Electronic check,100.77,1482.44,1,13-24 months,High (80+),0,,
TC-00722,Male,0,No,No,72,Yes,Fiber optic,No,No,No,Two year,Yes,Electronic check,84.76,6119.63,0,49+ months,High (80+),2,20.9,4.0
TC-00723,Male,0,No,Yes,48,Yes,DSL,No,No,Yes,Two year,No,Credit card,67.78,3325.79,0,25-48 months,Medium (40-79),0,,
TC-00724,Female,0,Yes,No,6,Yes,DSL,No,No,No,Month-to-month,No,Credit card,56.18,334.17,1,0-12 months,Medium (40-79),1,8.7,4.0
TC-00725,Female,1,Yes,No,8,Yes,Fiber optic,No,No,Yes,Month-to-month,No,Credit card,96.29,748.9,1,0-12 months,High (80+),1,27.9,1.0
TC-00726,Female,0,Yes,No,4,Yes,DSL,No,No,Yes,Month-to-month,No,Credit card,54.49,223.66,0,0-12 months,Medium (40-79),2,35.6,3.5
TC-00727,Male,0,Yes,No,41,Yes,Fiber optic,No,No,No,Two year,No,Electronic check,73.83,3006.21,0,25-48 months,Medium (40-79),0,,
TC-00728,Male,0,No,No,7,Yes,Fiber optic,Yes,No,No,Two year,No,Mailed check,94.42,641.76,1,0-12 months,High (80+),3,13.4,2.33
TC-00729,Female,0,No,No,52,Yes,No internet,No internet service,No internet service,No internet service,Month-to-month,No,Bank transfer,29.33,1544.19,1,49+ months,Low (<40),0,,
TC-00730,Male,0,No,No,1,Yes,Fiber optic,No,Yes,No,Month-to-month,No,Electronic check,90.26,88.97,1,0-12 months,High (80+),0,,
TC-00731,Female,0,Yes,No,14,Yes,No internet,No internet service,No internet service,No internet service,Month-to-month,Yes,Bank transfer,18.0,247.36,0,13-24 months,Low (<40),1,20.9,3.0
TC-00732,Female,0,Yes,No,2,Yes,No internet,No internet service,No internet service,No internet service,Month-to-month,Yes,Credit card,18.61,37.54,0,0-12 months,Low (<40),2,19.6,3.0
TC-00733,Male,0,Yes,No,52,Yes,Fiber optic,No,Yes,No,Two year,Yes,Credit card,95.95,5086.24,0,49+ months,High (80+),3,13.1,3.67
TC-00734,Male,1,No,No,2,Yes,DSL,No,Yes,Yes,Month-to-month,Yes,Credit card,75.17,146.51,0,0-12 months,Medium (40-79),0,,
TC-00735,Male,0,No,Yes,13,Yes,Fiber optic,No,Yes,No,Month-to-month,Yes,Bank transfer,81.48,1073.74,0,13-24 months,High (80+),0,,
TC-00736,Female,0,Yes,No,9,Yes,No internet,No internet service,No internet service,No internet service,Month-to-month,Yes,Bank transfer,31.95,287.8,0,0-12 months,Low (<40),1,28.7,3.0
TC-00737,Female,0,Yes,No,16,Yes,Fiber optic,Yes,No,Yes,Month-to-month,Yes,Mailed check,86.57,1362.32,0,13-24 months,High (80+),0,,
TC-00738,Female,1,No,Yes,47,Yes,DSL,No,No,No,One year,Yes,Electronic check,52.52,2394.69,0,25-48 months,Medium (40-79),2,21.1,5.0
TC-00739,Female,0,No,No,12,No,DSL,No,No,No,Month-to-month,Yes,Electronic check,42.36,501.53,1,0-12 months,Medium (40-79),1,12.6,4.0
TC-00740,Female,0,Yes,No,13,Yes,DSL,No,No,Yes,Month-to-month,Yes,Electronic check,68.64,911.24,0,13-24 months,Medium (40-79),0,,
TC-00741,Male,0,No,No,6,Yes,DSL,No,No,Yes,Month-to-month,Yes,Credit card,81.35,498.33,0,0-12 months,High (80+),2,14.9,2.5
TC-00742,Male,0,Yes,No,41,Yes,No internet,No internet service,No internet service,No internet service,Two year,Yes,Electronic check,20.74,835.22,0,25-48 months,Low (<40),1,20.1,3.0
TC-00743,Female,1,Yes,No,42,Yes,DSL,Yes,Yes,No,One year,No,Mailed check,64.54,2640.0,0,25-48 months,Medium (40-79),1,22.6,5.0
TC-00744,Female,0,No,Yes,13,Yes,DSL,No,No,Yes,Month-to-month,Yes,Electronic check,63.64,813.07,1,13-24 months,Medium (40-79),1,10.5,2.0
TC-00745,Male,0,Yes,No,72,Yes,DSL,No,No,No,Two year,Yes,Electronic check,56.29,4148.85,0,49+ months,Medium (40-79),0,,
TC-00746,Female,1,No,No,20,No,Fiber optic,No,No,No,Month-to-month,No,Mailed check,88.0,1802.02,0,13-24 months,High (80+),0,,
TC-00747,Male,0,No,No,40,Yes,No internet,No internet service,No internet service,No internet service,Two year,No,Electronic check,26.5,1058.31,0,25-48 months,Low (<40),0,,
TC-00748,Female,0,No,No,31,Yes,DSL,No,Yes,Yes,Month-to-month,Yes,Electronic check,72.9,2281.26,1,25-48 months,Medium (40-79),1,13.9,4.0
TC-00749,Female,0,Yes,Yes,31,Yes,Fiber optic,Yes,No,Yes,Two year,No,Bank transfer,108.23,3335.74,0,25-48 months,High (80+),2,11.3,3.5
TC-00750,Female,0,No,Yes,14,Yes,Fiber optic,No,No,No,Month-to-month,Yes,Electronic check,72.47,1026.13,1,13-24 months,Medium (40-79),2,29.5,4.0
TC-00751,Male,0,Yes,No,14,Yes,Fiber optic,No,No,Yes,Month-to-month,Yes,Bank transfer,91.38,1294.04,1,13-24 months,High (80+),3,24.0,2.67
TC-00752,Female,0,Yes,Yes,27,Yes,Fiber optic,No,No,No,One year,Yes,Electronic check,86.03,2355.95,0,25-48 months,High (80+),2,28.0,3.0
TC-00753,Male,0,Yes,Yes,22,Yes,Fiber optic,No,Yes,No,Month-to-month,Yes,Bank transfer,88.11,1913.83,1,13-24 months,High (80+),1,19.1,4.0
TC-00754,Male,0,Yes,No,0,Yes,DSL,Yes,No,No,Month-to-month,No,Electronic check,74.48,0.0,1,0-12 months,Medium (40-79),0,,
TC-00755,Male,1,No,No,0,Yes,DSL,No,Yes,No,Month-to-month,No,Electronic check,62.48,0.0,1,0-12 months,Medium (40-79),3,12.0,3.0
TC-00756,Female,0,No,Yes,25,Yes,DSL,No,No,No,Month-to-month,No,Electronic check,48.86,1193.57,0,25-48 months,Medium (40-79),0,,
TC-00757,Male,0,No,No,7,Yes,Fiber optic,Yes,No,No,Month-to-month,Yes,Bank transfer,88.81,631.52,1,0-12 months,High (80+),1,5.1,2.0
TC-00758,Female,0,No,No,11,Yes,Fiber optic,No,No,No,Month-to-month,No,Bank transfer,91.56,990.13,1,0-12 months,High (80+),1,33.7,4.0
TC-00759,Male,0,No,No,6,Yes,DSL,No,No,No,Month-to-month,Yes,Credit card,68.94,422.3,1,0-12 months,Medium (40-79),1,9.5,4.0
TC-00760,Female,0,No,No,24,Yes,No internet,No internet service,No internet service,No internet service,Month-to-month,No,Credit card,22.89,565.34,0,13-24 months,Low (<40),2,26.9,5.0
TC-00761,Male,0,Yes,No,5,Yes,DSL,No,No,No,Month-to-month,No,Electronic check,63.52,316.02,1,0-12 months,Medium (40-79),1,8.2,3.0
TC-00762,Male,0,Yes,Yes,72,Yes,No internet,No internet service,No internet service,No internet service,One year,Yes,Electronic check,23.81,1669.02,0,49+ months,Low (<40),0,,
TC-00763,Female,0,Yes,No,20,Yes,No internet,No internet service,No internet service,No internet service,Month-to-month,Yes,Credit card,20.78,408.61,0,13-24 months,Low (<40),2,16.0,2.5
TC-00764,Female,0,No,Yes,45,Yes,Fiber optic,Yes,No,Yes,Month-to-month,No,Electronic check,85.09,3923.77,0,25-48 months,High (80+),1,22.1,2.0
TC-00765,Female,1,Yes,No,33,Yes,DSL,Yes,Yes,Yes,Month-to-month,No,Bank transfer,82.06,2630.18,1,25-48 months,High (80+),1,17.5,4.0
TC-00766,Male,0,Yes,No,15,No,Fiber optic,No,No,Yes,One year,Yes,Mailed check,86.23,1264.66,0,13-24 months,High (80+),1,2.0,3.0
TC-00767,Female,0,Yes,No,27,Yes,Fiber optic,No,Yes,Yes,Month-to-month,Yes,Bank transfer,103.78,2738.6,1,25-48 months,High (80+),0,,
TC-00768,Female,0,Yes,No,9,Yes,No internet,No internet service,No internet service,No internet service,Month-to-month,No,Bank transfer,25.76,228.58,0,0-12 months,Low (<40),0,,
TC-00769,Female,0,Yes,No,35,Yes,No internet,No internet service,No internet service,No internet service,One year,Yes,Electronic check,22.54,808.28,0,25-48 months,Low (<40),1,4.0,5.0
TC-00770,Female,0,No,Yes,26,Yes,Fiber optic,Yes,Yes,No,Month-to-month,Yes,Electronic check,105.81,2701.55,0,25-48 months,High (80+),2,15.1,2.5
TC-00771,Female,0,Yes,No,47,No,DSL,No,Yes,Yes,Two year,No,Electronic check,73.1,3423.31,0,25-48 months,Medium (40-79),0,,
TC-00772,Male,0,No,Yes,28,Yes,No internet,No internet service,No internet service,No internet service,Two year,Yes,Mailed check,31.03,877.52,0,25-48 months,Low (<40),1,20.1,2.0
TC-00773,Female,0,Yes,No,10,Yes,DSL,Yes,No,No,Month-to-month,Yes,Credit card,57.72,567.63,0,0-12 months,Medium (40-79),2,5.7,3.5
TC-00774,Male,0,No,No,24,Yes,DSL,No,No,No,One year,Yes,Bank transfer,56.93,1358.01,0,13-24 months,Medium (40-79),0,,
TC-00775,Female,1,Yes,No,24,Yes,Fiber optic,No,No,Yes,Month-to-month,No,Electronic check,111.37,2692.4,1,13-24 months,High (80+),1,8.9,3.0
TC-00776,Male,0,No,No,19,Yes,Fiber optic,No,No,Yes,Month-to-month,Yes,Electronic check,99.74,1900.72,1,13-24 months,High (80+),4,12.9,2.75
TC-00777,Male,0,No,No,12,Yes,DSL,No,No,Yes,Month-to-month,No,Bank transfer,57.17,690.43,0,0-12 months,Medium (40-79),2,23.3,4.0
TC-00778,Male,1,No,Yes,15,Yes,Fiber optic,No,Yes,No,One year,No,Electronic check,95.23,1420.12,1,13-24 months,High (80+),1,43.4,3.0
TC-00779,Female,0,Yes,No,58,Yes,Fiber optic,Yes,No,Yes,Two year,Yes,Mailed check,97.29,5491.61,0,49+ months,High (80+),1,17.3,3.0
TC-00780,Male,0,No,No,21,Yes,Fiber optic,No,No,Yes,Month-to-month,No,Electronic check,99.69,2152.31,0,13-24 months,High (80+),0,,
TC-00781,Male,0,Yes,No,30,Yes,No internet,No internet service,No internet service,No internet service,One year,Yes,Bank transfer,18.0,530.3,0,25-48 months,Low (<40),1,16.7,4.0
TC-00782,Male,0,No,Yes,12,Yes,No internet,No internet service,No internet service,No internet service,Month-to-month,Yes,Electronic check,26.62,319.27,0,0-12 months,Low (<40),0,,
TC-00783,Female,0,Yes,Yes,7,Yes,Fiber optic,Yes,No,No,Month-to-month,Yes,Credit card,92.31,653.85,0,0-12 months,High (80+),5,21.0,3.6
TC-00784,Male,0,Yes,No,68,Yes,Fiber optic,No,Yes,Yes,Two year,Yes,Electronic check,99.61,6972.01,0,49+ months,High (80+),1,7.1,5.0
TC-00785,Female,1,Yes,No,72,Yes,DSL,No,Yes,No,One year,No,Mailed check,55.71,4002.6,0,49+ months,Medium (40-79),4,16.1,2.5
TC-00786,Female,1,No,No,10,Yes,DSL,No,Yes,No,Month-to-month,Yes,Electronic check,62.03,628.1,0,0-12 months,Medium (40-79),0,,
TC-00787,Male,0,No,Yes,36,Yes,Fiber optic,No,No,Yes,Two year,No,Credit card,104.11,3800.68,0,25-48 months,High (80+),1,3.9,5.0
TC-00788,Female,1,Yes,Yes,21,Yes,Fiber optic,No,No,No,Month-to-month,No,Credit card,94.68,2032.18,1,13-24 months,High (80+),2,6.0,2.0
TC-00789,Female,1,No,No,6,Yes,Fiber optic,No,No,No,Month-to-month,No,Mailed check,79.87,492.1,1,0-12 months,Medium (40-79),2,23.3,3.0
TC-00790,Female,0,No,Yes,1,Yes,Fiber optic,Yes,No,No,Month-to-month,No,Electronic check,89.43,87.47,1,0-12 months,High (80+),1,14.0,2.0
TC-00791,Male,0,No,Yes,72,Yes,No internet,No internet service,No internet service,No internet service,Two year,Yes,Bank transfer,32.13,2270.71,0,49+ months,Low (<40),0,,
TC-00792,Male,0,No,No,18,No,DSL,No,No,No,Month-to-month,Yes,Bank transfer,64.74,1148.56,0,13-24 months,Medium (40-79),0,,
TC-00793,Female,0,Yes,No,65,Yes,DSL,No,No,No,Two year,Yes,Credit card,53.73,3537.22,0,49+ months,Medium (40-79),0,,
TC-00794,Female,0,No,Yes,54,Yes,No internet,No internet service,No internet service,No internet service,One year,Yes,Bank transfer,28.81,1574.39,0,49+ months,Low (<40),0,,
TC-00795,Male,0,No,Yes,14,No,DSL,Yes,No,No,Month-to-month,No,Electronic check,62.19,846.44,1,13-24 months,Medium (40-79),0,,
TC-00796,Male,0,Yes,Yes,72,Yes,Fiber optic,No,No,No,One year,Yes,Electronic check,84.52,6061.32,0,49+ months,High (80+),1,5.0,3.0
TC-00797,Female,0,No,No,25,Yes,Fiber optic,No,No,No,Month-to-month,Yes,Bank transfer,79.3,1979.87,0,25-48 months,Medium (40-79),4,11.4,3.5
TC-00798,Male,0,No,No,72,Yes,Fiber optic,No,No,No,One year,No,Bank transfer,89.36,6525.52,0,49+ months,High (80+),3,11.7,3.67
TC-00799,Male,0,Yes,Yes,20,Yes,Fiber optic,No,No,Yes,One year,Yes,Electronic check,97.15,1973.19,0,13-24 months,High (80+),1,16.4,4.0
TC-00800,Female,0,No,No,25,No,DSL,Yes,No,No,One year,Yes,Electronic check,69.34,1711.98,0,25-48 months,Medium (40-79),0,,
TC-00801,Male,0,Yes,No,36,Yes,No internet,No internet service,No internet service,No internet service,Two year,No,Mailed check,25.27,914.9,0,25-48 months,Low (<40),2,8.8,3.0
TC-00802,Female,0,No,Yes,21,Yes,Fiber optic,Yes,No,No,Month-to-month,Yes,Credit card,88.76,1842.84,1,13-24 months,High (80+),2,10.9,2.0
TC-00803,Male,0,No,No,58,Yes,Fiber optic,No,No,No,Two year,No,Electronic check,78.67,4616.11,0,49+ months,Medium (40-79),3,16.6,3.0
TC-00804,Male,0,No,Yes,22,Yes,Fiber optic,Yes,No,Yes,Month-to-month,Yes,Credit card,93.62,2095.08,1,13-24 months,High (80+),2,14.2,1.0
TC-00805,Male,0,No,No,54,Yes,No internet,No internet service,No internet service,No internet service,Two year,No,Electronic check,25.19,1372.09,0,49+ months,Low (<40),2,12.1,3.0
TC-00806,Female,0,Yes,No,12,Yes,Fiber optic,No,No,Yes,Two year,Yes,Electronic check,90.62,1089.89,0,0-12 months,High (80+),2,9.9,2.0
TC-00807,Female,0,No,No,72,Yes,DSL,No,No,Yes,Two year,No,Bank transfer,69.59,4871.94,0,49+ months,Medium (40-79),3,34.7,3.67
TC-00808,Male,1,No,No,18,Yes,No internet,No internet service,No internet service,No internet service,Month-to-month,Yes,Credit card,18.0,322.74,0,13-24 months,Low (<40),2,2.1,4.0
TC-00809,Male,0,No,Yes,33,Yes,DSL,No,Yes,Yes,Month-to-month,No,Mailed check,71.55,2391.94,0,25-48 months,Medium (40-79),1,9.1,4.0
TC-00810,Female,0,No,No,25,Yes,Fiber optic,No,No,Yes,Two year,No,Credit card,93.56,2333.28,0,25-48 months,High (80+),1,7.1,4.0
TC-00811,Female,0,No,Yes,39,Yes,Fiber optic,No,Yes,No,Two year,No,Electronic check,86.57,3379.89,0,25-48 months,High (80+),0,,
TC-00812,Male,0,Yes,Yes,27,Yes,No internet,No internet service,No internet service,No internet service,Month-to-month,Yes,Bank transfer,18.85,513.91,0,25-48 months,Low (<40),1,7.5,4.0
TC-00813,Female,0,No,No,71,Yes,Fiber optic,Yes,No,Yes,Two year,No,Credit card,93.31,6576.7,0,49+ months,High (80+),3,41.1,3.0
TC-00814,Male,0,Yes,No,3,Yes,Fiber optic,No,No,No,Month-to-month,Yes,Electronic check,73.11,222.73,0,0-12 months,Medium (40-79),1,26.2,4.0
TC-00815,Female,0,No,Yes,23,Yes,No internet,No internet service,No internet service,No internet service,Month-to-month,Yes,Credit card,34.62,790.46,0,13-24 months,Low (<40),2,15.5,3.5
TC-00816,Female,0,Yes,No,33,Yes,Fiber optic,No,No,Yes,One year,Yes,Credit card,91.92,3049.38,0,25-48 months,High (80+),1,17.6,5.0
TC-00817,Female,0,Yes,No,23,Yes,Fiber optic,No,Yes,Yes,Month-to-month,Yes,Mailed check,103.33,2443.31,0,13-24 months,High (80+),0,,
TC-00818,Male,0,Yes,Yes,10,Yes,Fiber optic,No,Yes,No,Month-to-month,Yes,Credit card,103.05,1023.14,0,0-12 months,High (80+),0,,
TC-00819,Male,1,No,No,7,Yes,DSL,No,Yes,No,Month-to-month,No,Electronic check,61.23,437.68,0,0-12 months,Medium (40-79),1,12.5,3.0
TC-00820,Male,0,No,No,32,Yes,DSL,No,No,Yes,Month-to-month,Yes,Electronic check,72.54,2302.37,0,25-48 months,Medium (40-79),0,,
TC-00821,Male,0,No,No,28,Yes,Fiber optic,No,Yes,No,Month-to-month,Yes,Electronic check,104.29,2840.68,1,25-48 months,High (80+),1,9.0,1.0
TC-00822,Male,0,No,No,11,Yes,No internet,No internet service,No internet service,No internet service,Month-to-month,No,Electronic check,28.45,312.01,0,0-12 months,Low (<40),3,20.1,3.0
TC-00823,Female,1,No,Yes,14,Yes,DSL,No,Yes,No,One year,No,Electronic check,60.78,871.75,0,13-24 months,Medium (40-79),1,12.8,3.0
TC-00824,Male,0,No,No,21,Yes,DSL,Yes,No,Yes,One year,Yes,Bank transfer,65.91,1406.47,0,13-24 months,Medium (40-79),1,39.2,3.0
TC-00825,Male,0,No,No,41,Yes,DSL,No,No,No,One year,No,Credit card,55.99,2278.68,0,25-48 months,Medium (40-79),1,12.1,4.0
TC-00826,Female,1,Yes,Yes,44,Yes,Fiber optic,Yes,No,No,Two year,Yes,Electronic check,98.0,4369.38,0,25-48 months,High (80+),1,13.3,3.0
TC-00827,Female,0,Yes,No,7,Yes,Fiber optic,No,Yes,No,Month-to-month,Yes,Electronic check,112.82,775.69,1,0-12 months,High (80+),1,18.9,2.0
TC-00828,Female,0,Yes,No,29,Yes,DSL,No,No,No,Month-to-month,Yes,Electronic check,52.52,1523.93,1,25-48 months,Medium (40-79),0,,
TC-00829,Male,0,No,No,7,Yes,Fiber optic,No,No,Yes,Month-to-month,Yes,Bank transfer,93.59,642.09,1,0-12 months,High (80+),1,22.3,2.0
TC-00830,Female,0,Yes,Yes,17,Yes,Fiber optic,No,No,Yes,Month-to-month,Yes,Credit card,103.25,1803.55,0,13-24 months,High (80+),1,15.2,3.0
TC-00831,Female,0,No,No,53,Yes,Fiber optic,Yes,Yes,Yes,Two year,Yes,Electronic check,100.52,5452.97,0,49+ months,High (80+),0,,
TC-00832,Male,0,Yes,Yes,13,Yes,No internet,No internet service,No internet service,No internet service,Month-to-month,Yes,Bank transfer,31.67,407.77,0,13-24 months,Low (<40),2,18.9,4.0
TC-00833,Male,1,No,No,7,Yes,Fiber optic,No,No,No,Month-to-month,No,Electronic check,94.73,648.76,1,0-12 months,High (80+),1,23.2,2.0
TC-00834,Male,0,No,No,20,No,DSL,No,Yes,Yes,One year,No,Electronic check,69.41,1397.83,0,13-24 months,Medium (40-79),0,,
TC-00835,Female,0,Yes,No,21,No,DSL,No,Yes,No,Month-to-month,Yes,Electronic check,65.9,1422.01,1,13-24 months,Medium (40-79),2,7.5,2.0
TC-00836,Male,0,No,Yes,35,Yes,Fiber optic,No,No,Yes,Month-to-month,No,Credit card,100.24,3584.63,1,25-48 months,High (80+),2,9.8,3.0
TC-00837,Female,0,No,Yes,10,Yes,DSL,No,Yes,No,One year,Yes,Bank transfer,53.68,536.65,0,0-12 months,Medium (40-79),5,14.7,3.6
TC-00838,Female,1,No,Yes,15,Yes,DSL,No,Yes,No,One year,No,Credit card,60.79,931.29,0,13-24 months,Medium (40-79),0,,
TC-00839,Female,0,Yes,No,13,Yes,DSL,No,No,No,Month-to-month,No,Electronic check,53.04,697.67,0,13-24 months,Medium (40-79),0,,
TC-00840,Female,0,No,No,25,Yes,Fiber optic,No,No,No,One year,No,Electronic check,78.01,1983.88,0,25-48 months,Medium (40-79),3,6.9,3.67
TC-00841,Female,0,No,Yes,15,Yes,DSL,Yes,Yes,Yes,Month-to-month,No,Bank transfer,85.64,1285.82,0,13-24 months,High (80+),0,,
TC-00842,Male,0,Yes,No,10,Yes,Fiber optic,Yes,No,No,Month-to-month,No,Mailed check,87.46,896.65,0,0-12 months,High (80+),2,17.4,4.5
TC-00843,Female,0,No,No,15,Yes,DSL,Yes,Yes,No,One year,No,Mailed check,67.24,980.41,0,13-24 months,Medium (40-79),2,34.8,3.5
TC-00844,Female,0,Yes,No,7,Yes,No internet,No internet service,No internet service,No internet service,Month-to-month,Yes,Electronic check,26.41,181.71,0,0-12 months,Low (<40),1,20.0,4.0
TC-00845,Male,0,Yes,No,10,Yes,No internet,No internet service,No internet service,No internet service,Month-to-month,Yes,Bank transfer,28.63,278.18,0,0-12 months,Low (<40),0,,
TC-00846,Male,0,No,No,68,Yes,DSL,No,Yes,Yes,One year,Yes,Electronic check,71.65,5004.85,0,49+ months,Medium (40-79),1,0.9,4.0
TC-00847,Female,0,No,Yes,69,Yes,Fiber optic,No,No,Yes,One year,No,Mailed check,94.82,6400.67,0,49+ months,High (80+),4,10.1,3.5
TC-00848,Male,0,No,Yes,12,Yes,No internet,No internet service,No internet service,No internet service,Month-to-month,No,Bank transfer,30.21,361.22,0,0-12 months,Low (<40),0,,
TC-00849,Male,0,No,No,9,Yes,DSL,No,No,Yes,One year,Yes,Credit card,65.65,604.0,0,0-12 months,Medium (40-79),2,14.5,3.0
TC-00850,Female,0,No,No,50,Yes,No internet,No internet service,No internet service,No internet service,Month-to-month,Yes,Electronic check,26.36,1301.12,0,49+ months,Low (<40),1,24.1,5.0
TC-00851,Male,0,No,Yes,34,Yes,No internet,No internet service,No internet service,No internet service,Two year,Yes,Electronic check,20.76,723.32,0,25-48 months,Low (<40),0,,
TC-00852,Female,0,Yes,No,25,Yes,DSL,Yes,No,No,Month-to-month,No,Electronic check,67.2,1636.01,0,25-48 months,Medium (40-79),0,,
TC-00853,Male,1,Yes,No,20,Yes,DSL,No,No,Yes,Month-to-month,Yes,Electronic check,68.72,1406.78,1,13-24 months,Medium (40-79),1,9.1,5.0
TC-00854,Male,0,Yes,No,19,Yes,Fiber optic,No,No,No,Month-to-month,Yes,Bank transfer,93.29,1784.61,0,13-24 months,High (80+),1,11.6,4.0
TC-00855,Female,0,No,No,50,Yes,No internet,No internet service,No internet service,No internet service,Two year,Yes,Bank transfer,23.2,1191.11,0,49+ months,Low (<40),2,32.1,4.5
TC-00856,Male,0,No,No,0,Yes,No internet,No internet service,No internet service,No internet service,Month-to-month,Yes,Electronic check,22.67,0.0,0,0-12 months,Low (<40),0,,
TC-00857,Female,0,Yes,No,43,Yes,Fiber optic,No,No,No,One year,Yes,Bank transfer,75.31,3257.87,0,25-48 months,Medium (40-79),2,21.6,3.0
TC-00858,Male,0,Yes,Yes,30,Yes,No internet,No internet service,No internet service,No internet service,Two year,Yes,Bank transfer,18.0,556.15,0,25-48 months,Low (<40),0,,
TC-00859,Male,0,Yes,No,45,Yes,Fiber optic,No,Yes,Yes,Two year,Yes,Credit card,113.55,5233.39,0,25-48 months,High (80+),0,,
TC-00860,Male,0,Yes,No,28,Yes,No internet,No internet service,No internet service,No internet service,Month-to-month,Yes,Credit card,29.17,813.85,0,25-48 months,Low (<40),1,21.4,3.0
TC-00861,Male,1,Yes,No,23,Yes,Fiber optic,Yes,No,Yes,Month-to-month,No,Mailed check,87.37,2057.17,1,13-24 months,High (80+),2,10.1,3.0
TC-00862,Female,0,No,No,27,Yes,DSL,No,No,No,One year,No,Credit card,70.15,1913.65,0,25-48 months,Medium (40-79),0,,
TC-00863,Male,0,No,No,21,Yes,No internet,No internet service,No internet service,No internet service,One year,Yes,Credit card,18.0,386.07,0,13-24 months,Low (<40),1,24.9,3.0
TC-00864,Female,0,No,No,16,Yes,Fiber optic,No,Yes,No,Month-to-month,No,Electronic check,91.53,1466.01,1,13-24 months,High (80+),0,,
TC-00865,Female,1,Yes,Yes,2,Yes,DSL,No,Yes,Yes,Month-to-month,Yes,Electronic check,80.01,156.19,0,0-12 months,High (80+),2,29.3,4.5
TC-00866,Male,0,Yes,Yes,42,Yes,DSL,Yes,No,Yes,Month-to-month,Yes,Electronic check,85.95,3559.28,0,25-48 months,High (80+),1,4.1,2.0
TC-00867,Male,0,No,No,47,Yes,DSL,Yes,No,No,Month-to-month,Yes,Credit card,75.39,3451.15,1,25-48 months,Medium (40-79),0,,
TC-00868,Female,0,Yes,No,12,Yes,Fiber optic,Yes,Yes,Yes,One year,Yes,Electronic check,106.51,1310.22,0,0-12 months,High (80+),0,,
TC-00869,Female,0,No,No,12,Yes,Fiber optic,No,No,No,Month-to-month,Yes,Bank transfer,84.55,1037.11,1,0-12 months,High (80+),0,,
TC-00870,Female,0,No,Yes,17,Yes,No internet,No internet service,No internet service,No internet service,Month-to-month,Yes,Electronic check,19.5,331.57,0,13-24 months,Low (<40),1,31.0,3.0
TC-00871,Male,0,No,Yes,60,Yes,Fiber optic,No,No,Yes,Month-to-month,Yes,Credit card,87.51,5375.23,0,49+ months,High (80+),1,3.9,2.0
TC-00872,Female,0,No,Yes,5,Yes,Fiber optic,Yes,Yes,Yes,Month-to-month,Yes,Credit card,98.18,491.16,0,0-12 months,High (80+),0,,
TC-00873,Male,0,No,No,6,Yes,DSL,No,Yes,No,Month-to-month,Yes,Bank transfer,53.14,313.78,0,0-12 months,Medium (40-79),0,,
TC-00874,Female,0,No,No,28,Yes,DSL,No,No,Yes,Two year,Yes,Electronic check,70.44,2018.65,0,25-48 months,Medium (40-79),6,24.3,3.33
TC-00875,Female,0,Yes,No,9,Yes,DSL,No,No,No,Month-to-month,No,Electronic check,58.01,528.82,0,0-12 months,Medium (40-79),0,,
TC-00876,Male,1,Yes,Yes,29,Yes,No internet,No internet service,No internet service,No internet service,Month-to-month,No,Mailed check,18.0,530.67,0,25-48 months,Low (<40),0,,
TC-00877,Female,0,No,Yes,57,Yes,Fiber optic,No,No,No,One year,Yes,Electronic check,95.79,5478.01,0,49+ months,High (80+),2,17.9,3.5
TC-00878,Male,0,Yes,Yes,27,Yes,No internet,No internet service,No internet service,No internet service,Month-to-month,Yes,Electronic check,18.0,479.11,0,25-48 months,Low (<40),1,0.6,4.0
TC-00879,Male,0,Yes,No,7,Yes,Fiber optic,No,Yes,No,Month-to-month,Yes,Bank transfer,91.88,651.38,1,0-12 months,High (80+),1,37.1,1.0
TC-00880,Male,0,No,No,12,Yes,DSL,No,Yes,No,Two year,Yes,Electronic check,61.95,758.75,0,0-12 months,Medium (40-79),1,20.0,2.0
TC-00881,Male,0,Yes,No,19,Yes,No internet,No internet service,No internet service,No internet service,Two year,Yes,Mailed check,18.09,338.74,0,13-24 months,Low (<40),4,20.4,3.75
TC-00882,Male,0,Yes,No,60,Yes,DSL,No,No,No,One year,Yes,Credit card,41.91,2570.2,0,49+ months,Medium (40-79),4,20.6,3.5
TC-00883,Male,1,No,No,26,Yes,DSL,No,No,Yes,Month-to-month,Yes,Electronic check,70.51,1824.16,1,25-48 months,Medium (40-79),0,,
TC-00884,Female,0,Yes,Yes,40,Yes,Fiber optic,No,No,No,Month-to-month,No,Bank transfer,88.39,3519.33,0,25-48 months,High (80+),2,21.3,1.5
TC-00885,Male,1,No,No,24,Yes,Fiber optic,No,No,No,Month-to-month,Yes,Credit card,78.28,1844.33,1,13-24 months,Medium (40-79),0,,
TC-00886,Female,0,Yes,No,52,Yes,No internet,No internet service,No internet service,No internet service,Month-to-month,No,Electronic check,29.6,1544.54,0,49+ months,Low (<40),1,16.6,4.0
TC-00887,Male,1,Yes,No,6,Yes,Fiber optic,No,No,No,Month-to-month,Yes,Electronic check,82.12,500.01,1,0-12 months,High (80+),1,27.8,2.0
TC-00888,Male,0,Yes,No,13,No,DSL,No,No,No,Month-to-month,No,Bank transfer,62.68,838.87,0,13-24 months,Medium (40-79),0,,
TC-00889,Female,0,Yes,No,23,Yes,No internet,No internet service,No internet service,No internet service,One year,No,Electronic check,18.53,415.58,0,13-24 months,Low (<40),1,15.7,3.0
TC-00890,Male,1,Yes,No,16,Yes,DSL,No,No,Yes,Month-to-month,No,Mailed check,64.14,999.17,0,13-24 months,Medium (40-79),0,,
TC-00891,Female,0,No,No,41,Yes,No internet,No internet service,No internet service,No internet service,Month-to-month,No,Bank transfer,19.79,820.89,0,25-48 months,Low (<40),0,,
TC-00892,Male,1,Yes,No,30,Yes,No internet,No internet service,No internet service,No internet service,Two year,Yes,Electronic check,25.03,728.56,0,25-48 months,Low (<40),1,52.7,3.0
TC-00893,Male,0,Yes,No,10,Yes,Fiber optic,No,No,Yes,Month-to-month,Yes,Mailed check,91.79,933.36,1,0-12 months,High (80+),1,39.4,4.0
TC-00894,Male,0,No,No,27,Yes,Fiber optic,No,No,No,Month-to-month,Yes,Bank transfer,95.59,2605.96,1,25-48 months,High (80+),2,15.6,3.0
TC-00895,Male,0,Yes,No,39,Yes,Fiber optic,No,No,No,Month-to-month,No,Bank transfer,87.07,3404.4,1,25-48 months,High (80+),0,,
TC-00896,Female,0,Yes,No,51,Yes,No internet,No internet service,No internet service,No internet service,Two year,No,Bank transfer,18.58,945.22,0,49+ months,Low (<40),0,,
TC-00897,Male,0,No,No,72,No,Fiber optic,No,No,Yes,One year,No,Electronic check,86.96,6289.15,0,49+ months,High (80+),1,34.9,4.0
TC-00898,Female,0,No,No,40,Yes,Fiber optic,No,No,No,Month-to-month,Yes,Bank transfer,73.08,2881.99,0,25-48 months,Medium (40-79),1,23.8,5.0
TC-00899,Male,0,Yes,No,18,No,Fiber optic,Yes,No,No,One year,Yes,Bank transfer,99.77,1752.93,0,13-24 months,High (80+),0,,
TC-00900,Female,0,No,Yes,42,Yes,DSL,No,Yes,Yes,Month-to-month,No,Electronic check,84.15,3454.63,0,25-48 months,High (80+),1,25.4,3.0
TC-00901,Male,0,Yes,No,8,Yes,No internet,No internet service,No internet service,No internet service,Month-to-month,Yes,Bank transfer,25.45,207.53,0,0-12 months,Low (<40),2,24.3,4.0
TC-00902,Male,0,Yes,Yes,23,Yes,Fiber optic,No,No,Yes,One year,Yes,Credit card,95.65,2210.09,0,13-24 months,High (80+),0,,
TC-00903,Female,0,No,No,72,Yes,No internet,No internet service,No internet service,No internet service,Two year,No,Mailed check,18.0,1261.85,0,49+ months,Low (<40),0,,
TC-00904,Female,0,No,No,36,Yes,Fiber optic,No,No,No,Two year,Yes,Mailed check,89.39,3219.41,0,25-48 months,High (80+),4,29.4,3.5
TC-00905,Male,0,Yes,Yes,44,Yes,No internet,No internet service,No internet service,No internet service,One year,No,Electronic check,19.34,829.74,0,25-48 months,Low (<40),0,,
TC-00906,Male,0,No,No,24,Yes,Fiber optic,No,No,Yes,Month-to-month,Yes,Bank transfer,99.12,2401.21,1,13-24 months,High (80+),2,25.1,2.0
TC-00907,Male,1,Yes,Yes,30,No,DSL,No,No,Yes,Month-to-month,Yes,Bank transfer,62.75,1831.47,0,25-48 months,Medium (40-79),1,9.5,4.0
TC-00908,Male,0,No,No,13,Yes,Fiber optic,No,No,No,Two year,No,Mailed check,104.42,1384.76,0,13-24 months,High (80+),1,29.0,3.0
TC-00909,Male,0,No,Yes,10,Yes,Fiber optic,No,No,No,Month-to-month,Yes,Mailed check,87.7,896.97,1,0-12 months,High (80+),4,18.7,2.75
TC-00910,Female,0,Yes,Yes,41,Yes,Fiber optic,No,Yes,Yes,Month-to-month,Yes,Electronic check,96.75,4032.08,1,25-48 months,High (80+),2,11.6,3.5
TC-00911,Male,1,No,Yes,22,Yes,DSL,No,No,No,One year,Yes,Electronic check,63.81,1398.95,0,13-24 months,Medium (40-79),1,24.5,2.0
TC-00912,Female,0,No,Yes,28,Yes,DSL,No,Yes,No,Two year,Yes,Mailed check,59.59,1635.48,0,25-48 months,Medium (40-79),0,,
TC-00913,Male,0,Yes,No,49,Yes,No internet,No internet service,No internet service,No internet service,Two year,No,Electronic check,18.0,893.96,0,49+ months,Low (<40),1,12.9,1.0
TC-00914,Male,0,No,No,2,No,DSL,Yes,Yes,Yes,Month-to-month,Yes,Bank transfer,76.78,149.91,1,0-12 months,Medium (40-79),1,7.7,3.0
TC-00915,Male,1,No,No,17,No,Fiber optic,No,No,Yes,Month-to-month,No,Bank transfer,91.15,1575.92,0,13-24 months,High (80+),4,14.2,4.25
TC-00916,Male,0,No,Yes,14,Yes,No internet,No internet service,No internet service,No internet service,Month-to-month,Yes,Credit card,31.09,442.5,0,13-24 months,Low (<40),2,10.5,3.5
TC-00917,Male,1,Yes,No,53,Yes,DSL,No,No,No,Two year,Yes,Electronic check,67.01,3639.41,0,49+ months,Medium (40-79),2,7.3,4.5
TC-00918,Male,1,Yes,Yes,72,Yes,Fiber optic,No,Yes,No,Two year,Yes,Credit card,99.78,6972.1,0,49+ months,High (80+),1,7.8,5.0
TC-00919,Female,0,Yes,No,19,Yes,DSL,No,Yes,No,Month-to-month,Yes,Mailed check,67.3,1309.59,0,13-24 months,Medium (40-79),0,,
TC-00920,Female,0,No,No,72,Yes,DSL,Yes,Yes,No,Two year,Yes,Credit card,82.62,6070.8,0,49+ months,High (80+),0,,
TC-00921,Male,1,Yes,No,54,Yes,No internet,No internet service,No internet service,No internet service,Month-to-month,Yes,Mailed check,31.94,1683.59,0,49+ months,Low (<40),1,66.8,5.0
TC-00922,Female,0,No,Yes,23,No,DSL,No,Yes,No,Month-to-month,No,Mailed check,69.2,1629.44,0,13-24 months,Medium (40-79),0,,
TC-00923,Female,0,Yes,Yes,9,Yes,No internet,No internet service,No internet service,No internet service,Month-to-month,Yes,Mailed check,31.21,286.52,0,0-12 months,Low (<40),0,,
TC-00924,Female,0,No,No,4,Yes,No internet,No internet service,No internet service,No internet service,Month-to-month,No,Electronic check,26.9,106.13,1,0-12 months,Low (<40),2,10.1,3.0
TC-00925,Male,0,No,Yes,14,Yes,DSL,No,No,Yes,Month-to-month,Yes,Credit card,76.01,1076.11,0,13-24 months,Medium (40-79),0,,
TC-00926,Male,0,Yes,No,8,No,Fiber optic,No,Yes,No,Month-to-month,Yes,Credit card,81.0,653.17,0,0-12 months,High (80+),1,1.1,5.0
TC-00927,Female,0,Yes,Yes,26,Yes,DSL,Yes,No,Yes,One year,No,Mailed check,68.31,1829.21,0,25-48 months,Medium (40-79),0,,
TC-00928,Male,0,No,No,25,Yes,Fiber optic,No,Yes,Yes,Month-to-month,No,Credit card,116.67,2853.32,0,25-48 months,High (80+),3,12.2,4.33
TC-00929,Female,0,Yes,Yes,28,Yes,No internet,No internet service,No internet service,No internet service,Two year,No,Bank transfer,20.76,597.89,0,25-48 months,Low (<40),1,19.2,2.0
TC-00930,Female,0,No,Yes,72,Yes,No internet,No internet service,No internet service,No internet service,Two year,Yes,Credit card,18.0,1310.81,0,49+ months,Low (<40),1,4.7,3.0
TC-00931,Female,1,No,No,8,No,Fiber optic,No,No,No,Month-to-month,Yes,Bank transfer,83.66,670.25,1,0-12 months,High (80+),0,,
TC-00932,Male,0,Yes,No,20,Yes,Fiber optic,Yes,No,Yes,Month-to-month,Yes,Bank transfer,98.92,1931.28,1,13-24 months,High (80+),1,17.2,1.0
TC-00933,Female,1,No,Yes,72,Yes,Fiber optic,No,No,No,Two year,Yes,Mailed check,89.93,6413.61,0,49+ months,High (80+),3,19.5,3.0
TC-00934,Male,0,No,No,34,Yes,Fiber optic,No,No,No,Month-to-month,Yes,Bank transfer,87.94,2917.18,1,25-48 months,High (80+),2,24.5,3.0
TC-00935,Male,0,No,No,30,Yes,Fiber optic,No,Yes,Yes,Month-to-month,No,Mailed check,89.52,2712.16,0,25-48 months,High (80+),4,18.8,3.75
TC-00936,Male,0,Yes,No,6,Yes,DSL,No,No,Yes,Month-to-month,No,Bank transfer,74.23,450.28,1,0-12 months,Medium (40-79),1,14.6,1.0
TC-00937,Male,0,Yes,No,56,Yes,Fiber optic,No,No,No,Two year,Yes,Bank transfer,96.2,5394.95,0,49+ months,High (80+),4,15.9,3.25
TC-00938,Male,1,Yes,No,51,Yes,Fiber optic,Yes,No,Yes,One year,Yes,Credit card,110.23,5470.55,1,49+ months,High (80+),2,6.0,3.0
TC-00939,Male,0,No,Yes,6,Yes,Fiber optic,Yes,Yes,Yes,Month-to-month,Yes,Electronic check,111.32,660.94,0,0-12 months,High (80+),2,21.5,3.5
TC-00940,Female,0,No,No,27,Yes,No internet,No internet service,No internet service,No internet service,Month-to-month,Yes,Electronic check,30.94,852.33,1,25-48 months,Low (<40),0,,
TC-00941,Female,0,No,Yes,14,Yes,Fiber optic,Yes,Yes,No,Month-to-month,No,Credit card,96.3,1362.66,1,13-24 months,High (80+),0,,
TC-00942,Female,0,No,No,21,Yes,Fiber optic,Yes,Yes,Yes,Month-to-month,Yes,Electronic check,102.85,2103.36,0,13-24 months,High (80+),1,10.2,5.0
TC-00943,Male,0,No,Yes,44,No,DSL,No,No,No,Two year,No,Mailed check,58.64,2565.35,0,25-48 months,Medium (40-79),1,62.4,3.0
TC-00944,Female,0,Yes,Yes,72,Yes,Fiber optic,No,No,Yes,Two year,Yes,Bank transfer,86.2,6278.94,0,49+ months,High (80+),1,34.1,5.0
TC-00945,Female,0,No,Yes,16,Yes,DSL,Yes,Yes,No,Month-to-month,Yes,Electronic check,64.33,1024.43,0,13-24 months,Medium (40-79),0,,
TC-00946,Male,0,No,Yes,5,Yes,Fiber optic,No,Yes,No,Month-to-month,No,Mailed check,87.83,429.74,0,0-12 months,High (80+),2,22.1,3.5
TC-00947,Female,1,No,Yes,13,Yes,Fiber optic,No,Yes,Yes,Month-to-month,Yes,Electronic check,101.22,1309.34,1,13-24 months,High (80+),3,13.6,2.33
TC-00948,Female,1,No,No,37,Yes,DSL,No,No,No,Two year,No,Electronic check,58.23,2157.91,0,25-48 months,Medium (40-79),1,16.8,4.0
TC-00949,Female,0,No,No,29,Yes,Fiber optic,No,No,No,One year,Yes,Credit card,93.0,2697.3,1,25-48 months,High (80+),0,,
TC-00950,Male,0,No,Yes,18,Yes,No internet,No internet service,No internet service,No internet service,One year,No,Electronic check,27.42,486.29,0,13-24 months,Low (<40),1,7.0,1.0
TC-00951,Male,0,Yes,No,39,Yes,No internet,No internet service,No internet service,No internet service,One year,No,Electronic check,18.0,709.46,0,25-48 months,Low (<40),0,,
TC-00952,Male,0,No,No,22,Yes,DSL,No,No,Yes,Month-to-month,Yes,Electronic check,63.72,1382.04,0,13-24 months,Medium (40-79),2,21.1,1.5
TC-00953,Female,1,No,Yes,57,Yes,Fiber optic,No,Yes,No,Two year,Yes,Electronic check,77.61,4504.02,0,49+ months,Medium (40-79),0,,
TC-00954,Male,1,No,No,23,Yes,Fiber optic,No,Yes,Yes,Month-to-month,No,Bank transfer,106.2,2498.35,1,13-24 months,High (80+),3,17.9,2.67
TC-00955,Male,0,No,No,25,Yes,Fiber optic,Yes,No,No,One year,Yes,Credit card,96.18,2433.62,0,25-48 months,High (80+),3,17.2,3.33
TC-00956,Male,1,No,Yes,18,Yes,Fiber optic,No,Yes,No,Month-to-month,Yes,Electronic check,96.53,1717.38,0,13-24 months,High (80+),2,24.9,3.0
TC-00957,Male,0,No,No,12,No,DSL,No,No,No,Month-to-month,No,Credit card,56.71,689.26,1,0-12 months,Medium (40-79),1,17.4,2.0
TC-00958,Female,0,No,No,34,Yes,No internet,No internet service,No internet service,No internet service,Two year,Yes,Mailed check,18.0,604.32,0,25-48 months,Low (<40),0,,
TC-00959,Male,0,Yes,No,14,Yes,DSL,Yes,Yes,No,Month-to-month,Yes,Electronic check,65.0,913.13,0,13-24 months,Medium (40-79),0,,
TC-00960,Female,0,No,No,2,Yes,DSL,Yes,No,No,Month-to-month,Yes,Electronic check,68.5,140.12,0,0-12 months,Medium (40-79),2,4.6,3.5
TC-00961,Male,0,Yes,No,72,Yes,Fiber optic,Yes,No,No,Month-to-month,Yes,Mailed check,94.94,6706.08,0,49+ months,High (80+),0,,
TC-00962,Female,0,Yes,Yes,22,Yes,No internet,No internet service,No internet service,No internet service,One year,Yes,Bank transfer,30.3,681.65,0,13-24 months,Low (<40),1,24.4,3.0
TC-00963,Female,1,Yes,No,18,Yes,No internet,No internet service,No internet service,No internet service,Month-to-month,No,Mailed check,19.38,342.78,0,13-24 months,Low (<40),3,18.5,3.33
TC-00964,Male,0,Yes,No,3,Yes,Fiber optic,No,No,Yes,Month-to-month,Yes,Electronic check,99.38,302.92,1,0-12 months,High (80+),2,6.1,3.0
TC-00965,Male,0,No,No,56,Yes,DSL,No,No,Yes,Month-to-month,Yes,Electronic check,81.51,4675.52,1,49+ months,High (80+),2,19.9,2.5
TC-00966,Male,0,Yes,No,48,Yes,DSL,No,Yes,Yes,Month-to-month,No,Bank transfer,58.07,2820.08,0,25-48 months,Medium (40-79),1,11.8,3.0
TC-00967,Male,0,Yes,No,44,Yes,DSL,No,No,No,Month-to-month,Yes,Electronic check,55.55,2436.59,0,25-48 months,Medium (40-79),1,37.1,3.0
TC-00968,Female,0,No,No,23,Yes,DSL,Yes,No,Yes,Month-to-month,No,Bank transfer,72.14,1611.63,0,13-24 months,Medium (40-79),1,7.8,2.0
TC-00969,Male,1,Yes,No,33,Yes,Fiber optic,Yes,Yes,Yes,Month-to-month,No,Credit card,109.02,3533.1,0,25-48 months,High (80+),1,19.3,5.0
TC-00970,Female,0,Yes,Yes,12,Yes,Fiber optic,No,Yes,Yes,One year,No,Credit card,95.28,1137.15,0,0-12 months,High (80+),1,25.2,3.0
TC-00971,Male,0,Yes,Yes,3,Yes,No internet,No internet service,No internet service,No internet service,Month-to-month,No,Bank transfer,29.45,88.83,0,0-12 months,Low (<40),0,,
TC-00972,Female,0,Yes,No,53,Yes,No internet,No internet service,No internet service,No internet service,Two year,No,Electronic check,18.0,954.85,0,49+ months,Low (<40),1,8.5,3.0
TC-00973,Male,0,Yes,No,32,Yes,Fiber optic,No,Yes,No,Two year,Yes,Electronic check,93.25,2903.3,0,25-48 months,High (80+),0,,
TC-00974,Male,0,No,No,26,Yes,No internet,No internet service,No internet service,No internet service,Month-to-month,Yes,Bank transfer,22.8,595.49,0,25-48 months,Low (<40),1,9.3,3.0
TC-00975,Male,0,Yes,No,30,Yes,No internet,No internet service,No internet service,No internet service,Month-to-month,Yes,Credit card,18.0,524.5,0,25-48 months,Low (<40),1,4.7,3.0
TC-00976,Female,0,Yes,No,21,Yes,DSL,Yes,No,No,Two year,Yes,Mailed check,64.95,1390.57,0,13-24 months,Medium (40-79),3,18.6,3.67
TC-00977,Male,1,No,No,33,Yes,Fiber optic,No,No,No,Month-to-month,Yes,Credit card,93.54,3094.14,1,25-48 months,High (80+),1,15.9,3.0
TC-00978,Female,1,No,No,71,Yes,DSL,No,Yes,No,Two year,Yes,Credit card,60.66,4278.51,0,49+ months,Medium (40-79),0,,
TC-00979,Male,0,Yes,No,21,Yes,DSL,No,No,No,Month-to-month,No,Mailed check,51.2,1048.96,0,13-24 months,Medium (40-79),0,,
TC-00980,Male,0,No,No,45,Yes,Fiber optic,Yes,No,Yes,One year,Yes,Bank transfer,100.5,4597.56,1,25-48 months,High (80+),6,21.4,3.0
TC-00981,Male,1,Yes,Yes,19,Yes,DSL,Yes,No,No,Month-to-month,Yes,Electronic check,59.28,1111.47,1,13-24 months,Medium (40-79),0,,
TC-00982,Female,0,No,No,33,Yes,No internet,No internet service,No internet service,No internet service,One year,Yes,Mailed check,19.13,621.7,0,25-48 months,Low (<40),0,,
TC-00983,Male,0,No,Yes,71,Yes,Fiber optic,No,No,Yes,Two year,No,Electronic check,104.31,7274.92,0,49+ months,High (80+),2,25.3,3.5
TC-00984,Male,0,Yes,No,5,Yes,Fiber optic,Yes,Yes,No,Month-to-month,Yes,Bank transfer,99.16,481.3,0,0-12 months,High (80+),1,12.9,4.0
TC-00985,Male,0,Yes,No,72,Yes,Fiber optic,No,No,Yes,Two year,Yes,Electronic check,101.26,7491.86,0,49+ months,High (80+),1,12.1,3.0
TC-00986,Male,0,No,No,1,Yes,Fiber optic,Yes,Yes,Yes,Month-to-month,Yes,Bank transfer,88.45,86.32,1,0-12 months,High (80+),1,6.9,1.0
TC-00987,Male,0,No,No,38,Yes,Fiber optic,No,No,No,Month-to-month,Yes,Electronic check,77.38,2948.04,0,25-48 months,Medium (40-79),1,25.5,4.0
TC-00988,Male,0,Yes,Yes,1,Yes,Fiber optic,No,No,No,Month-to-month,No,Credit card,78.46,76.65,1,0-12 months,Medium (40-79),3,12.8,1.67
TC-00989,Male,0,Yes,No,14,Yes,DSL,Yes,No,Yes,Month-to-month,Yes,Mailed check,68.2,957.79,0,13-24 months,Medium (40-79),5,23.6,4.2
TC-00990,Male,0,No,No,41,No,Fiber optic,No,No,No,Month-to-month,Yes,Electronic check,79.28,3262.1,1,25-48 months,Medium (40-79),2,17.8,3.0
TC-00991,Male,0,Yes,No,65,Yes,No internet,No internet service,No internet service,No internet service,One year,Yes,Credit card,22.31,1492.66,0,49+ months,Low (<40),1,19.3,3.0
TC-00992,Female,1,No,No,10,Yes,Fiber optic,No,No,Yes,Month-to-month,Yes,Electronic check,100.6,981.34,1,0-12 months,High (80+),3,28.8,2.33
TC-00993,Female,0,No,Yes,28,Yes,DSL,Yes,Yes,No,One year,Yes,Bank transfer,77.83,2232.52,0,25-48 months,Medium (40-79),1,2.4,2.0
TC-00994,Male,0,No,No,63,Yes,No internet,No internet service,No internet service,No internet service,Two year,Yes,Bank transfer,20.8,1319.21,0,49+ months,Low (<40),3,16.6,4.0
TC-00995,Male,0,No,No,72,Yes,Fiber optic,No,No,No,Two year,Yes,Electronic check,85.01,6042.03,0,49+ months,High (80+),1,14.0,4.0
TC-00996,Male,0,No,No,37,Yes,DSL,No,No,Yes,Two year,Yes,Electronic check,79.77,2895.35,0,25-48 months,Medium (40-79),0,,
TC-00997,Female,0,No,Yes,38,Yes,Fiber optic,No,No,Yes,Two year,Yes,Mailed check,84.48,3176.39,0,25-48 months,High (80+),1,16.9,3.0
TC-00998,Male,0,Yes,No,59,Yes,DSL,Yes,No,Yes,Month-to-month,No,Bank transfer,77.32,4646.74,0,49+ months,Medium (40-79),0,,
TC-00999,Female,0,Yes,No,25,No,Fiber optic,No,Yes,Yes,Two year,Yes,Electronic check,102.46,2507.54,0,25-48 months,High (80+),3,20.1,4.33
TC-01000,Male,1,No,Yes,60,Yes,DSL,No,No,Yes,Month-to-month,No,Mailed check,72.23,4327.81,0,49+ months,Medium (40-79),2,31.8,2.0
TC-01001,Female,0,Yes,Yes,72,Yes,DSL,No,Yes,Yes,Two year,Yes,Electronic check,75.22,5336.79,0,49+ months,Medium (40-79),0,,
TC-01002,Male,0,Yes,Yes,35,Yes,Fiber optic,No,No,Yes,Two year,Yes,Mailed check,94.55,3231.76,0,25-48 months,High (80+),2,12.8,4.5
TC-01003,Male,0,Yes,No,72,Yes,Fiber optic,Yes,Yes,Yes,One year,Yes,Electronic check,112.05,7856.63,0,49+ months,High (80+),0,,
TC-01004,Male,0,Yes,No,23,Yes,DSL,Yes,Yes,No,Month-to-month,No,Electronic check,66.07,1483.28,1,13-24 months,Medium (40-79),3,26.5,3.0
TC-01005,Male,0,Yes,No,9,Yes,DSL,No,Yes,Yes,Month-to-month,Yes,Bank transfer,74.44,661.07,0,0-12 months,Medium (40-79),2,15.8,3.0
TC-01006,Female,0,Yes,No,9,Yes,No internet,No internet service,No internet service,No internet service,Month-to-month,Yes,Bank transfer,18.0,158.89,0,0-12 months,Low (<40),2,10.9,3.0
TC-01007,Female,0,No,No,8,Yes,Fiber optic,No,Yes,Yes,Month-to-month,No,Mailed check,107.34,881.47,0,0-12 months,High (80+),1,45.7,2.0
TC-01008,Female,0,No,No,5,Yes,Fiber optic,No,Yes,No,Month-to-month,Yes,Bank transfer,90.99,453.42,1,0-12 months,High (80+),2,20.7,3.0
TC-01009,Female,0,No,No,11,No,DSL,No,No,No,Month-to-month,Yes,Credit card,45.26,509.3,0,0-12 months,Medium (40-79),0,,
TC-01010,Male,0,No,No,54,No,Fiber optic,Yes,Yes,Yes,Two year,Yes,Bank transfer,112.84,6247.87,0,49+ months,High (80+),2,6.3,2.5
TC-01011,Male,0,No,No,62,Yes,DSL,No,Yes,No,Two year,No,Credit card,58.81,3586.87,0,49+ months,Medium (40-79),0,,
TC-01012,Female,1,No,Yes,36,Yes,No internet,No internet service,No internet service,No internet service,Month-to-month,Yes,Credit card,25.87,957.38,0,25-48 months,Low (<40),1,19.5,2.0
TC-01013,Male,0,No,No,12,Yes,No internet,No internet service,No internet service,No internet service,Month-to-month,No,Mailed check,24.25,285.14,0,0-12 months,Low (<40),0,,
TC-01014,Female,0,Yes,Yes,33,Yes,Fiber optic,Yes,Yes,Yes,Month-to-month,No,Electronic check,103.05,3482.21,0,25-48 months,High (80+),0,,
TC-01015,Male,0,No,Yes,23,No,Fiber optic,No,No,Yes,Month-to-month,No,Bank transfer,101.79,2327.14,1,13-24 months,High (80+),0,,
TC-01016,Male,0,No,Yes,50,Yes,DSL,Yes,No,No,Month-to-month,No,Electronic check,55.32,2802.63,1,49+ months,Medium (40-79),3,25.2,1.33
TC-01017,Male,0,Yes,No,35,Yes,Fiber optic,No,Yes,Yes,One year,No,Credit card,100.63,3543.47,0,25-48 months,High (80+),0,,
TC-01018,Female,0,No,Yes,40,Yes,DSL,No,No,No,Month-to-month,Yes,Bank transfer,73.39,3003.85,0,25-48 months,Medium (40-79),1,49.8,3.0
TC-01019,Male,0,No,Yes,30,Yes,DSL,No,No,No,Month-to-month,Yes,Credit card,62.41,1841.85,0,25-48 months,Medium (40-79),1,9.6,3.0
TC-01020,Female,0,No,No,16,No,Fiber optic,No,No,No,Month-to-month,Yes,Electronic check,88.16,1428.48,0,13-24 months,High (80+),0,,
TC-01021,Female,0,Yes,No,57,Yes,DSL,No,No,Yes,One year,Yes,Mailed check,57.17,3232.75,0,49+ months,Medium (40-79),1,6.2,3.0
TC-01022,Female,1,No,Yes,5,Yes,DSL,No,No,Yes,Month-to-month,No,Electronic check,66.18,325.53,0,0-12 months,Medium (40-79),0,,
TC-01023,Female,0,Yes,Yes,19,Yes,Fiber optic,No,Yes,No,Month-to-month,Yes,Mailed check,89.75,1751.47,0,13-24 months,High (80+),1,9.6,2.0
TC-01024,Female,0,Yes,No,19,Yes,No internet,No internet service,No internet service,No internet service,Month-to-month,Yes,Electronic check,21.35,406.52,1,13-24 months,Low (<40),2,18.3,3.0
TC-01025,Female,0,No,No,69,Yes,Fiber optic,No,No,No,Two year,Yes,Mailed check,83.47,5620.58,0,49+ months,High (80+),3,13.5,4.0
TC-01026,Male,0,No,No,3,No,Fiber optic,No,No,No,Month-to-month,No,Electronic check,84.32,248.76,0,0-12 months,High (80+),1,41.0,4.0
TC-01027,Female,0,No,Yes,24,Yes,Fiber optic,No,No,No,One year,No,Credit card,82.45,1968.15,0,13-24 months,High (80+),2,14.7,4.0
TC-01028,Female,0,No,No,27,Yes,DSL,No,Yes,No,Month-to-month,No,Electronic check,54.39,1436.36,1,25-48 months,Medium (40-79),2,37.3,4.0
TC-01029,Male,0,No,No,43,Yes,No internet,No internet service,No internet service,No internet service,Two year,No,Electronic check,18.0,751.22,0,25-48 months,Low (<40),1,31.8,2.0
TC-01030,Male,0,No,Yes,10,Yes,DSL,No,Yes,No,Month-to-month,No,Electronic check,62.39,642.58,1,0-12 months,Medium (40-79),0,,
TC-01031,Male,0,Yes,No,4,Yes,Fiber optic,No,No,Yes,Month-to-month,Yes,Mailed check,90.12,369.27,1,0-12 months,High (80+),2,22.2,2.0
TC-01032,Female,1,No,Yes,32,Yes,No internet,No internet service,No internet service,No internet service,Two year,Yes,Credit card,24.41,769.2,0,25-48 months,Low (<40),0,,
TC-01033,Male,0,No,No,31,Yes,Fiber optic,Yes,No,No,One year,Yes,Electronic check,97.91,3013.63,0,25-48 months,High (80+),2,17.4,3.5
TC-01034,Female,0,Yes,Yes,17,Yes,Fiber optic,Yes,No,Yes,Month-to-month,No,Bank transfer,98.38,1722.25,0,13-24 months,High (80+),3,29.4,4.0
TC-01035,Male,0,Yes,No,16,Yes,DSL,No,Yes,Yes,Month-to-month,No,Mailed check,66.07,1026.43,1,13-24 months,Medium (40-79),0,,
TC-01036,Female,0,No,No,69,Yes,No internet,No internet service,No internet service,No internet service,Two year,Yes,Mailed check,18.0,1250.6,0,49+ months,Low (<40),1,17.1,5.0
TC-01037,Female,0,No,No,43,No,DSL,No,No,No,Month-to-month,No,Mailed check,67.83,2933.83,0,25-48 months,Medium (40-79),1,53.6,2.0
TC-01038,Male,1,Yes,Yes,33,Yes,DSL,No,Yes,No,Month-to-month,Yes,Bank transfer,60.4,2034.97,0,25-48 months,Medium (40-79),0,,
TC-01039,Female,1,Yes,No,25,Yes,DSL,No,Yes,No,Two year,No,Mailed check,55.46,1351.12,0,25-48 months,Medium (40-79),0,,
TC-01040,Female,0,Yes,No,29,Yes,Fiber optic,No,Yes,Yes,Month-to-month,No,Credit card,97.41,2780.01,0,25-48 months,High (80+),0,,
TC-01041,Male,1,No,Yes,14,Yes,Fiber optic,No,No,Yes,Month-to-month,Yes,Credit card,94.59,1351.42,1,13-24 months,High (80+),2,18.1,3.5
TC-01042,Male,0,No,Yes,22,Yes,DSL,No,No,Yes,Month-to-month,No,Mailed check,69.16,1478.49,0,13-24 months,Medium (40-79),1,41.4,4.0
TC-01043,Female,0,No,Yes,21,Yes,Fiber optic,Yes,No,No,Month-to-month,No,Electronic check,79.47,1621.93,0,13-24 months,Medium (40-79),1,27.2,4.0
TC-01044,Female,0,Yes,No,10,Yes,Fiber optic,No,No,No,Month-to-month,No,Electronic check,86.41,849.75,1,0-12 months,High (80+),2,25.9,3.0
TC-01045,Female,0,Yes,No,29,Yes,No internet,No internet service,No internet service,No internet service,One year,No,Electronic check,21.62,628.98,0,25-48 months,Low (<40),0,,
TC-01046,Male,1,No,No,58,Yes,DSL,No,Yes,No,Month-to-month,Yes,Electronic check,60.12,3458.43,0,49+ months,Medium (40-79),1,9.7,4.0
TC-01047,Female,0,Yes,No,16,Yes,Fiber optic,Yes,No,Yes,Month-to-month,Yes,Electronic check,100.43,1626.65,1,13-24 months,High (80+),1,24.9,2.0
TC-01048,Male,1,No,Yes,72,Yes,DSL,No,No,Yes,Two year,No,Credit card,63.64,4628.04,0,49+ months,Medium (40-79),1,22.6,5.0
TC-01049,Female,0,Yes,Yes,72,Yes,Fiber optic,Yes,No,No,Two year,No,Bank transfer,103.03,7489.81,0,49+ months,High (80+),2,9.2,1.5
TC-01050,Female,0,Yes,Yes,23,Yes,No internet,No internet service,No internet service,No internet service,One year,Yes,Bank transfer,27.39,630.62,0,13-24 months,Low (<40),1,15.5,4.0
TC-01051,Male,0,No,Yes,5,Yes,Fiber optic,No,No,Yes,Month-to-month,Yes,Bank transfer,99.85,504.95,1,0-12 months,High (80+),1,10.2,2.0
TC-01052,Male,0,Yes,No,8,Yes,DSL,No,No,No,Month-to-month,No,Credit card,56.96,451.29,0,0-12 months,Medium (40-79),0,,
TC-01053,Male,1,Yes,Yes,61,Yes,DSL,No,No,Yes,One year,Yes,Electronic check,75.66,4700.35,0,49+ months,Medium (40-79),0,,
TC-01054,Male,0,No,No,17,Yes,Fiber optic,No,No,No,Month-to-month,Yes,Bank transfer,85.6,1461.75,1,13-24 months,High (80+),1,5.5,3.0
TC-01055,Male,0,Yes,No,24,Yes,Fiber optic,No,No,No,Two year,Yes,Bank transfer,76.01,1859.66,0,13-24 months,Medium (40-79),4,17.2,2.5
TC-01056,Male,0,No,No,41,Yes,No internet,No internet service,No internet service,No internet service,Month-to-month,Yes,Credit card,18.0,738.21,0,25-48 months,Low (<40),0,,
TC-01057,Female,0,Yes,Yes,9,Yes,Fiber optic,No,No,No,Month-to-month,No,Bank transfer,82.48,752.81,1,0-12 months,High (80+),0,,
TC-01058,Female,0,Yes,Yes,6,No,Fiber optic,Yes,Yes,No,Month-to-month,No,Credit card,94.68,561.91,0,0-12 months,High (80+),0,,
TC-01059,Female,0,Yes,No,23,Yes,DSL,No,Yes,No,One year,Yes,Credit card,63.39,1434.19,0,13-24 months,Medium (40-79),0,,
TC-01060,Female,0,Yes,Yes,72,No,DSL,No,No,No,Two year,Yes,Electronic check,62.95,4482.58,0,49+ months,Medium (40-79),2,15.8,3.5
TC-01061,Male,1,No,Yes,36,Yes,No internet,No internet service,No internet service,No internet service,One year,No,Electronic check,21.62,775.56,0,25-48 months,Low (<40),1,9.1,5.0
TC-01062,Male,0,No,Yes,8,Yes,DSL,No,Yes,No,Month-to-month,Yes,Electronic check,61.18,483.36,0,0-12 months,Medium (40-79),0,,
TC-01063,Female,0,No,No,54,Yes,Fiber optic,No,No,Yes,Two year,No,Credit card,95.88,5073.68,0,49+ months,High (80+),1,24.1,3.0
TC-01064,Male,0,Yes,No,31,Yes,DSL,No,No,No,One year,No,Mailed check,49.18,1495.58,0,25-48 months,Medium (40-79),1,26.5,5.0
TC-01065,Female,1,No,No,10,Yes,No internet,No internet service,No internet service,No internet service,Month-to-month,Yes,Bank transfer,25.63,255.2,0,0-12 months,Low (<40),1,30.2,3.0
TC-01066,Female,0,No,Yes,26,Yes,Fiber optic,Yes,No,Yes,Month-to-month,Yes,Bank transfer,100.75,2682.81,0,25-48 months,High (80+),3,16.9,3.67
TC-01067,Female,0,No,Yes,47,Yes,Fiber optic,No,Yes,Yes,Two year,Yes,Credit card,100.05,4583.66,0,25-48 months,High (80+),0,,
TC-01068,Female,0,Yes,No,57,Yes,Fiber optic,Yes,Yes,Yes,Month-to-month,No,Electronic check,107.79,6246.4,0,49+ months,High (80+),0,,
TC-01069,Female,0,Yes,No,38,Yes,Fiber optic,Yes,No,No,One year,No,Bank transfer,74.44,2789.17,0,25-48 months,Medium (40-79),2,10.9,3.5
TC-01070,Female,0,No,Yes,31,Yes,Fiber optic,Yes,No,Yes,One year,No,Credit card,85.37,2634.71,0,25-48 months,High (80+),3,8.1,3.0
TC-01071,Male,0,No,No,58,Yes,Fiber optic,Yes,Yes,Yes,Month-to-month,Yes,Bank transfer,90.53,5098.68,0,49+ months,High (80+),0,,
TC-01072,Male,0,Yes,No,72,Yes,Fiber optic,Yes,No,No,Two year,Yes,Credit card,99.31,7051.35,0,49+ months,High (80+),1,25.4,3.0
TC-01073,Male,0,Yes,Yes,50,Yes,Fiber optic,No,Yes,No,Month-to-month,Yes,Mailed check,83.16,4044.05,0,49+ months,High (80+),0,,
TC-01074,Female,1,No,Yes,48,Yes,Fiber optic,Yes,No,Yes,Month-to-month,Yes,Bank transfer,98.32,4767.87,0,25-48 months,High (80+),3,11.8,2.0
TC-01075,Male,0,No,No,14,Yes,DSL,No,No,No,Month-to-month,No,Electronic check,69.87,960.29,0,13-24 months,Medium (40-79),1,3.5,3.0
TC-01076,Male,1,No,No,71,Yes,DSL,No,Yes,Yes,Two year,No,Bank transfer,58.6,4272.76,0,49+ months,Medium (40-79),0,,
TC-01077,Male,0,Yes,No,1,No,DSL,No,No,No,Month-to-month,Yes,Credit card,49.4,48.57,0,0-12 months,Medium (40-79),1,20.5,3.0
TC-01078,Male,1,No,No,45,Yes,No internet,No internet service,No internet service,No internet service,One year,No,Electronic check,21.08,963.98,1,25-48 months,Low (<40),1,10.6,3.0
TC-01079,Male,1,No,Yes,15,Yes,No internet,No internet service,No internet service,No internet service,Month-to-month,No,Electronic check,25.27,387.51,0,13-24 months,Low (<40),0,,
TC-01080,Female,0,No,No,37,Yes,Fiber optic,Yes,No,No,Two year,Yes,Credit card,98.08,3666.31,0,25-48 months,High (80+),0,,
TC-01081,Male,0,No,Yes,24,No,DSL,Yes,Yes,Yes,Two year,Yes,Mailed check,69.43,1665.13,0,13-24 months,Medium (40-79),0,,
TC-01082,Male,0,No,No,14,Yes,No internet,No internet service,No internet service,No internet service,Month-to-month,No,Mailed check,25.74,349.94,0,13-24 months,Low (<40),0,,
TC-01083,Female,1,No,No,71,Yes,DSL,No,No,Yes,Two year,No,Electronic check,58.34,4265.09,0,49+ months,Medium (40-79),0,,
TC-01084,Female,0,Yes,No,8,Yes,DSL,No,No,No,One year,Yes,Credit card,55.94,452.74,0,0-12 months,Medium (40-79),1,22.8,4.0
TC-01085,Male,1,No,Yes,14,Yes,DSL,No,No,Yes,Month-to-month,Yes,Bank transfer,63.66,897.28,1,13-24 months,Medium (40-79),0,,
TC-01086,Female,0,Yes,No,11,Yes,Fiber optic,Yes,No,Yes,Month-to-month,No,Mailed check,95.25,1064.74,1,0-12 months,High (80+),0,,
TC-01087,Male,0,No,No,8,Yes,Fiber optic,No,No,Yes,Month-to-month,Yes,Electronic check,100.5,814.36,1,0-12 months,High (80+),1,49.1,2.0
TC-01088,Male,0,Yes,No,16,Yes,Fiber optic,No,Yes,No,Month-to-month,Yes,Bank transfer,93.42,1498.14,1,13-24 months,High (80+),0,,
TC-01089,Female,1,No,Yes,22,Yes,No internet,No internet service,No internet service,No internet service,Month-to-month,Yes,Credit card,18.0,392.93,1,13-24 months,Low (<40),0,,
TC-01090,Male,0,Yes,No,6,Yes,DSL,No,No,No,Month-to-month,Yes,Mailed check,60.97,361.3,1,0-12 months,Medium (40-79),2,9.8,2.5
TC-01091,Female,0,No,No,10,Yes,DSL,No,No,No,Month-to-month,No,Bank transfer,65.27,637.18,1,0-12 months,Medium (40-79),1,27.5,4.0
TC-01092,Female,0,Yes,No,35,Yes,DSL,No,No,Yes,One year,Yes,Credit card,63.06,2203.12,0,25-48 months,Medium (40-79),0,,
TC-01093,Female,1,Yes,No,25,Yes,No internet,No internet service,No internet service,No internet service,Two year,Yes,Credit card,19.93,499.44,0,25-48 months,Low (<40),2,13.9,4.0
TC-01094,Female,0,Yes,No,29,Yes,DSL,No,No,Yes,Two year,Yes,Credit card,74.0,2182.1,0,25-48 months,Medium (40-79),1,9.1,4.0
TC-01095,Female,0,No,No,32,Yes,Fiber optic,No,No,Yes,Month-to-month,Yes,Mailed check,88.84,2925.12,0,25-48 months,High (80+),1,1.0,4.0
TC-01096,Male,0,No,No,24,No,DSL,No,No,Yes,One year,Yes,Mailed check,76.63,1858.37,0,13-24 months,Medium (40-79),0,,
TC-01097,Female,0,No,No,72,Yes,Fiber optic,No,No,Yes,Month-to-month,Yes,Electronic check,87.95,6440.86,0,49+ months,High (80+),1,57.7,3.0
TC-01098,Female,1,No,No,34,No,Fiber optic,No,No,No,Month-to-month,No,Credit card,83.21,2762.94,0,25-48 months,High (80+),0,,
TC-01099,Female,0,Yes,No,32,No,DSL,No,No,No,Two year,Yes,Bank transfer,53.64,1700.14,0,25-48 months,Medium (40-79),0,,
TC-01100,Female,0,No,No,22,Yes,No internet,No internet service,No internet service,No internet service,Month-to-month,Yes,Electronic check,22.54,489.75,1,13-24 months,Low (<40),0,,
TC-01101,Female,0,No,Yes,22,Yes,Fiber optic,No,No,No,Two year,Yes,Bank transfer,85.29,1832.88,0,13-24 months,High (80+),1,14.9,2.0
TC-01102,Female,0,Yes,No,23,Yes,Fiber optic,No,Yes,Yes,One year,Yes,Bank transfer,88.87,2061.1,0,13-24 months,High (80+),1,24.9,4.0
TC-01103,Female,0,Yes,No,23,Yes,No internet,No internet service,No internet service,No internet service,Month-to-month,No,Bank transfer,21.92,502.55,0,13-24 months,Low (<40),0,,
TC-01104,Female,0,No,Yes,55,Yes,Fiber optic,Yes,No,No,Two year,Yes,Bank transfer,90.56,5097.77,0,49+ months,High (80+),4,13.0,3.5
TC-01105,Male,0,Yes,Yes,17,Yes,Fiber optic,No,No,No,Month-to-month,No,Bank transfer,80.89,1345.0,0,13-24 months,High (80+),3,17.3,3.0
TC-01106,Male,0,No,No,19,Yes,DSL,No,Yes,Yes,Two year,No,Mailed check,65.64,1255.07,0,13-24 months,Medium (40-79),1,13.0,2.0
TC-01107,Female,1,No,Yes,7,Yes,Fiber optic,Yes,No,Yes,Month-to-month,Yes,Mailed check,100.36,684.79,1,0-12 months,High (80+),0,,
TC-01108,Female,0,No,Yes,11,Yes,Fiber optic,No,Yes,Yes,Month-to-month,Yes,Mailed check,99.32,1073.54,0,0-12 months,High (80+),0,,
TC-01109,Female,0,Yes,No,59,Yes,Fiber optic,No,No,No,One year,No,Credit card,72.64,4199.19,0,49+ months,Medium (40-79),2,25.8,3.5
TC-01110,Male,0,No,No,12,Yes,Fiber optic,No,No,No,Month-to-month,No,Electronic check,87.92,1070.81,1,0-12 months,High (80+),3,28.2,1.67
TC-01111,Male,0,No,No,10,Yes,DSL,Yes,No,No,Month-to-month,Yes,Credit card,75.17,750.92,0,0-12 months,Medium (40-79),1,19.9,2.0
TC-01112,Female,0,Yes,No,26,Yes,Fiber optic,No,No,No,Month-to-month,Yes,Electronic check,85.53,2249.15,1,25-48 months,High (80+),1,16.1,4.0
TC-01113,Female,0,Yes,Yes,5,No,Fiber optic,No,No,No,Month-to-month,No,Electronic check,87.1,423.32,1,0-12 months,High (80+),1,4.6,2.0
TC-01114,Female,0,No,No,4,Yes,Fiber optic,No,Yes,No,Month-to-month,No,Bank transfer,79.22,314.51,0,0-12 months,Medium (40-79),1,10.6,5.0
TC-01115,Female,0,No,Yes,41,No,DSL,Yes,No,Yes,One year,Yes,Bank transfer,76.99,3114.26,0,25-48 months,Medium (40-79),0,,
TC-01116,Female,0,No,No,72,Yes,Fiber optic,Yes,No,No,Two year,No,Credit card,91.95,6655.76,0,49+ months,High (80+),3,36.2,3.67
TC-01117,Female,1,No,No,7,Yes,No internet,No internet service,No internet service,No internet service,Month-to-month,No,Credit card,23.02,159.55,0,0-12 months,Low (<40),1,26.4,3.0
TC-01118,Female,0,Yes,No,34,Yes,DSL,Yes,No,Yes,One year,Yes,Bank transfer,68.31,2380.25,0,25-48 months,Medium (40-79),1,13.5,3.0
TC-01119,Male,0,No,No,18,Yes,DSL,No,No,No,Two year,Yes,Electronic check,64.12,1163.59,0,13-24 months,Medium (40-79),3,27.2,4.0
TC-01120,Female,1,No,No,22,Yes,DSL,No,No,No,Month-to-month,Yes,Electronic check,62.8,1344.2,1,13-24 months,Medium (40-79),2,15.9,3.5
TC-01121,Female,0,No,No,34,Yes,Fiber optic,No,No,No,Two year,Yes,Bank transfer,90.17,2974.39,0,25-48 months,High (80+),3,11.3,2.67
TC-01122,Female,0,No,No,72,Yes,DSL,No,No,Yes,Month-to-month,Yes,Mailed check,60.89,4255.06,0,49+ months,Medium (40-79),1,3.8,4.0
TC-01123,Male,0,Yes,Yes,35,Yes,DSL,Yes,No,Yes,Two year,No,Credit card,80.69,2788.58,0,25-48 months,High (80+),1,62.1,4.0
TC-01124,Male,0,Yes,Yes,5,Yes,DSL,Yes,No,Yes,One year,Yes,Credit card,76.49,384.26,0,0-12 months,Medium (40-79),0,,
TC-01125,Female,0,No,Yes,29,Yes,Fiber optic,Yes,Yes,Yes,Two year,Yes,Bank transfer,117.72,3347.36,0,25-48 months,High (80+),0,,
TC-01126,Male,0,Yes,Yes,29,Yes,DSL,No,Yes,No,Two year,Yes,Electronic check,55.03,1631.31,0,25-48 months,Medium (40-79),1,6.3,4.0
TC-01127,Male,0,No,No,56,Yes,DSL,Yes,Yes,No,Two year,No,Bank transfer,68.17,3911.33,0,49+ months,Medium (40-79),2,26.2,3.0
TC-01128,Female,0,No,No,0,Yes,No internet,No internet service,No internet service,No internet service,Month-to-month,No,Mailed check,20.81,0.0,0,0-12 months,Low (<40),4,5.9,3.25
TC-01129,Male,0,No,No,34,Yes,Fiber optic,No,No,No,One year,Yes,Credit card,89.3,3049.44,0,25-48 months,High (80+),0,,
TC-01130,Male,1,Yes,No,25,Yes,DSL,No,No,No,Month-to-month,Yes,Mailed check,61.56,1498.1,0,25-48 months,Medium (40-79),2,10.6,4.0
TC-01131,Male,0,Yes,No,27,Yes,DSL,No,Yes,No,Month-to-month,No,Electronic check,59.81,1636.89,0,25-48 months,Medium (40-79),0,,
TC-01132,Female,0,No,No,10,No,DSL,No,No,No,Month-to-month,No,Mailed check,57.69,569.57,0,0-12 months,Medium (40-79),0,,
TC-01133,Male,0,Yes,No,28,Yes,DSL,No,No,Yes,One year,No,Credit card,54.18,1483.23,1,25-48 months,Medium (40-79),2,30.8,3.0
TC-01134,Male,0,Yes,No,34,Yes,Fiber optic,No,No,Yes,One year,Yes,Electronic check,102.01,3544.81,1,25-48 months,High (80+),1,5.1,2.0
TC-01135,Female,0,Yes,Yes,44,Yes,DSL,No,No,No,Two year,Yes,Bank transfer,57.83,2474.73,0,25-48 months,Medium (40-79),1,17.4,2.0
TC-01136,Male,0,Yes,No,28,Yes,DSL,No,No,No,Month-to-month,No,Mailed check,56.15,1617.74,0,25-48 months,Medium (40-79),0,,
TC-01137,Male,0,No,No,9,Yes,DSL,Yes,No,No,Month-to-month,No,Electronic check,61.39,556.2,0,0-12 months,Medium (40-79),1,76.3,4.0
TC-01138,Female,0,Yes,Yes,2,Yes,DSL,Yes,No,Yes,Month-to-month,Yes,Mailed check,70.23,140.56,1,0-12 months,Medium (40-79),2,8.1,3.0
TC-01139,Male,1,Yes,Yes,72,Yes,No internet,No internet service,No internet service,No internet service,Two year,Yes,Bank transfer,24.13,1769.09,0,49+ months,Low (<40),4,11.4,2.75
TC-01140,Male,0,Yes,Yes,15,Yes,Fiber optic,No,No,Yes,Month-to-month,Yes,Mailed check,90.96,1360.87,1,13-24 months,High (80+),4,25.3,3.0
TC-01141,Male,0,No,Yes,9,Yes,No internet,No internet service,No internet service,No internet service,Month-to-month,Yes,Electronic check,20.57,185.35,1,0-12 months,Low (<40),0,,
TC-01142,Female,0,Yes,Yes,72,Yes,DSL,No,No,No,Two year,Yes,Credit card,47.95,3485.39,0,49+ months,Medium (40-79),1,20.2,4.0
TC-01143,Female,0,No,No,23,Yes,DSL,No,No,No,One year,Yes,Credit card,60.58,1433.3,0,13-24 months,Medium (40-79),0,,
TC-01144,Female,0,No,No,37,Yes,DSL,No,No,Yes,Month-to-month,Yes,Bank transfer,72.72,2634.59,1,25-48 months,Medium (40-79),1,9.8,2.0
TC-01145,Female,1,Yes,No,10,Yes,Fiber optic,Yes,No,Yes,Month-to-month,Yes,Credit card,98.46,961.33,1,0-12 months,High (80+),1,8.7,5.0
TC-01146,Male,0,Yes,No,9,Yes,DSL,Yes,Yes,No,Month-to-month,No,Bank transfer,62.9,555.27,0,0-12 months,Medium (40-79),0,,
TC-01147,Female,0,No,No,43,Yes,DSL,No,No,Yes,Two year,Yes,Bank transfer,66.89,2810.5,0,25-48 months,Medium (40-79),0,,
TC-01148,Male,0,Yes,No,31,Yes,Fiber optic,No,Yes,Yes,One year,No,Mailed check,107.87,3408.57,0,25-48 months,High (80+),0,,
TC-01149,Female,0,Yes,No,11,Yes,No internet,No internet service,No internet service,No internet service,Month-to-month,No,Bank transfer,19.33,206.32,0,0-12 months,Low (<40),0,,
TC-01150,Male,0,No,No,31,Yes,Fiber optic,No,No,Yes,Month-to-month,Yes,Electronic check,90.31,2833.12,1,25-48 months,High (80+),4,19.4,1.5
TC-01151,Male,0,No,No,43,Yes,DSL,No,Yes,Yes,Month-to-month,No,Mailed check,72.37,3164.33,0,25-48 months,Medium (40-79),0,,
TC-01152,Female,0,No,Yes,50,Yes,DSL,Yes,No,No,One year,Yes,Bank transfer,69.55,3413.09,0,49+ months,Medium (40-79),4,25.5,4.0
TC-01153,Male,0,No,Yes,65,Yes,Fiber optic,No,No,No,One year,No,Bank transfer,88.33,5794.17,0,49+ months,High (80+),2,29.5,4.0
TC-01154,Male,0,Yes,No,20,Yes,No internet,No internet service,No internet service,No internet service,Two year,Yes,Credit card,21.36,422.88,0,13-24 months,Low (<40),1,4.8,4.0
TC-01155,Male,0,No,No,32,Yes,DSL,No,No,No,Month-to-month,No,Credit card,51.09,1635.96,1,25-48 months,Medium (40-79),1,24.9,5.0
TC-01156,Male,0,No,Yes,13,Yes,DSL,Yes,No,Yes,Month-to-month,Yes,Mailed check,78.28,993.46,0,13-24 months,Medium (40-79),1,7.3,3.0
TC-01157,Female,0,Yes,No,40,Yes,DSL,No,Yes,Yes,One year,No,Electronic check,74.96,2976.92,0,25-48 months,Medium (40-79),0,,
TC-01158,Male,0,No,No,72,Yes,DSL,Yes,Yes,No,Two year,No,Bank transfer,54.95,3869.07,0,49+ months,Medium (40-79),0,,
TC-01159,Male,1,No,No,47,Yes,DSL,No,No,Yes,One year,Yes,Bank transfer,78.77,3799.77,0,25-48 months,Medium (40-79),0,,
TC-01160,Female,0,No,No,19,Yes,Fiber optic,No,No,No,Month-to-month,Yes,Credit card,93.04,1760.39,1,13-24 months,High (80+),2,20.5,3.5
TC-01161,Male,0,Yes,No,32,Yes,Fiber optic,No,No,No,Two year,Yes,Electronic check,90.4,2950.56,0,25-48 months,High (80+),3,20.2,4.0
TC-01162,Female,0,No,No,3,Yes,Fiber optic,No,No,Yes,Month-to-month,Yes,Credit card,98.74,302.49,0,0-12 months,High (80+),0,,
TC-01163,Male,0,No,Yes,47,Yes,DSL,No,No,Yes,Two year,No,Electronic check,62.61,2970.02,0,25-48 months,Medium (40-79),1,9.5,2.0
TC-01164,Female,0,Yes,No,14,Yes,DSL,Yes,Yes,Yes,Month-to-month,Yes,Electronic check,84.31,1206.41,1,13-24 months,High (80+),0,,
TC-01165,Female,0,No,No,22,Yes,Fiber optic,No,Yes,Yes,Month-to-month,Yes,Mailed check,106.87,2382.81,0,13-24 months,High (80+),1,30.9,4.0
TC-01166,Female,0,Yes,No,54,Yes,No internet,No internet service,No internet service,No internet service,Two year,Yes,Mailed check,32.49,1717.67,0,49+ months,Low (<40),2,3.8,4.5
TC-01167,Male,0,No,Yes,8,Yes,Fiber optic,No,No,No,Month-to-month,No,Mailed check,82.71,656.31,1,0-12 months,High (80+),0,,
TC-01168,Male,0,No,No,22,Yes,Fiber optic,Yes,No,Yes,Two year,Yes,Electronic check,95.4,2041.64,0,13-24 months,High (80+),1,2.2,5.0
TC-01169,Male,0,No,No,38,Yes,Fiber optic,Yes,No,No,One year,Yes,Bank transfer,104.74,3953.2,1,25-48 months,High (80+),4,19.1,2.0
TC-01170,Female,1,Yes,Yes,2,Yes,Fiber optic,No,Yes,Yes,Month-to-month,No,Electronic check,100.56,203.12,1,0-12 months,High (80+),0,,
TC-01171,Female,0,No,No,22,Yes,Fiber optic,No,No,No,Month-to-month,No,Credit card,72.9,1608.3,0,13-24 months,Medium (40-79),2,14.0,5.0
TC-01172,Male,0,No,Yes,27,Yes,Fiber optic,Yes,No,Yes,Two year,Yes,Electronic check,93.61,2483.4,0,25-48 months,High (80+),1,9.1,3.0
TC-01173,Male,0,No,Yes,9,Yes,Fiber optic,No,No,No,Month-to-month,Yes,Credit card,86.41,785.33,1,0-12 months,High (80+),1,15.1,2.0
TC-01174,Male,0,Yes,No,13,Yes,No internet,No internet service,No internet service,No internet service,Two year,Yes,Credit card,29.19,376.69,0,13-24 months,Low (<40),1,12.7,5.0
TC-01175,Female,0,No,No,64,Yes,No internet,No internet service,No internet service,No internet service,Two year,Yes,Mailed check,18.0,1148.53,0,49+ months,Low (<40),2,22.3,3.5
TC-01176,Male,0,No,No,36,Yes,No internet,No internet service,No internet service,No internet service,Month-to-month,Yes,Mailed check,20.33,732.4,0,25-48 months,Low (<40),1,5.2,2.0
TC-01177,Female,1,Yes,Yes,8,Yes,DSL,Yes,No,No,Month-to-month,Yes,Electronic check,58.19,455.25,0,0-12 months,Medium (40-79),2,7.8,3.5
TC-01178,Female,0,Yes,No,40,Yes,Fiber optic,No,No,No,Two year,No,Credit card,84.2,3442.93,0,25-48 months,High (80+),1,9.2,5.0
TC-01179,Female,0,Yes,Yes,39,Yes,No internet,No internet service,No internet service,No internet service,Month-to-month,No,Electronic check,18.0,694.1,0,25-48 months,Low (<40),3,9.2,3.33
TC-01180,Male,0,Yes,No,43,Yes,Fiber optic,No,No,Yes,Month-to-month,No,Electronic check,99.92,4226.5,0,25-48 months,High (80+),0,,
TC-01181,Female,0,No,No,7,Yes,No internet,No internet service,No internet service,No internet service,Month-to-month,No,Electronic check,18.0,123.22,1,0-12 months,Low (<40),1,15.7,1.0
TC-01182,Female,0,Yes,Yes,45,No,DSL,No,Yes,No,Month-to-month,No,Electronic check,61.52,2735.32,0,25-48 months,Medium (40-79),1,7.6,3.0
TC-01183,Male,0,Yes,Yes,23,Yes,Fiber optic,Yes,No,No,Month-to-month,Yes,Bank transfer,93.69,2147.98,1,13-24 months,High (80+),4,22.3,2.75
TC-01184,Male,0,No,Yes,6,Yes,Fiber optic,Yes,Yes,Yes,One year,Yes,Bank transfer,100.75,620.3,0,0-12 months,High (80+),0,,
TC-01185,Female,0,Yes,No,56,Yes,Fiber optic,No,No,Yes,Two year,No,Bank transfer,94.71,5236.33,0,49+ months,High (80+),2,12.4,2.5
TC-01186,Male,0,No,No,55,Yes,Fiber optic,No,No,Yes,Two year,No,Credit card,91.3,4905.77,0,49+ months,High (80+),1,24.6,4.0
TC-01187,Male,0,No,No,13,Yes,Fiber optic,No,Yes,No,Month-to-month,No,Bank transfer,101.21,1315.2,0,13-24 months,High (80+),1,48.6,4.0
TC-01188,Female,0,Yes,Yes,31,Yes,DSL,No,Yes,No,Month-to-month,Yes,Electronic check,57.84,1810.36,0,25-48 months,Medium (40-79),1,25.8,4.0
TC-01189,Female,0,Yes,Yes,13,Yes,DSL,No,No,Yes,Month-to-month,No,Mailed check,69.49,916.58,0,13-24 months,Medium (40-79),3,11.8,3.33
TC-01190,Female,1,No,No,55,Yes,Fiber optic,No,No,Yes,Two year,Yes,Mailed check,91.29,5127.15,0,49+ months,High (80+),2,13.8,2.5
TC-01191,Female,0,Yes,No,33,Yes,Fiber optic,No,No,No,Month-to-month,Yes,Credit card,81.69,2733.14,1,25-48 months,High (80+),2,7.4,2.5
TC-01192,Female,0,No,No,61,Yes,DSL,No,Yes,No,Month-to-month,No,Electronic check,53.45,3243.04,0,49+ months,Medium (40-79),1,33.7,5.0
TC-01193,Female,1,No,No,31,Yes,Fiber optic,No,No,Yes,Two year,Yes,Electronic check,94.18,2943.57,0,25-48 months,High (80+),1,18.7,3.0
TC-01194,Female,0,No,No,33,Yes,DSL,No,No,No,Month-to-month,Yes,Electronic check,56.28,1809.09,0,25-48 months,Medium (40-79),0,,
TC-01195,Male,0,No,Yes,3,Yes,No internet,No internet service,No internet service,No internet service,Month-to-month,No,Credit card,23.7,71.12,0,0-12 months,Low (<40),1,4.6,4.0
TC-01196,Male,0,Yes,No,26,No,Fiber optic,No,No,No,One year,Yes,Mailed check,84.84,2247.8,0,25-48 months,High (80+),1,8.6,4.0
TC-01197,Male,0,No,No,11,Yes,DSL,No,No,Yes,Month-to-month,Yes,Electronic check,61.28,690.83,1,0-12 months,Medium (40-79),2,39.1,1.0
TC-01198,Female,0,No,No,57,Yes,Fiber optic,Yes,Yes,Yes,Two year,No,Electronic check,100.05,5632.33,0,49+ months,High (80+),0,,
TC-01199,Female,0,No,No,17,Yes,Fiber optic,Yes,No,Yes,Month-to-month,Yes,Bank transfer,88.89,1466.3,0,13-24 months,High (80+),2,18.5,3.0
TC-01200,Male,0,Yes,No,8,Yes,Fiber optic,Yes,No,Yes,Month-to-month,Yes,Credit card,102.22,804.14,1,0-12 months,High (80+),1,13.0,2.0
TC-01201,Male,1,No,No,51,Yes,DSL,Yes,No,Yes,Month-to-month,Yes,Mailed check,77.67,3911.86,0,49+ months,Medium (40-79),0,,
TC-01202,Male,0,No,No,47,Yes,Fiber optic,Yes,No,No,One year,No,Bank transfer,88.0,4092.04,0,25-48 months,High (80+),1,52.9,3.0
TC-01203,Male,0,No,No,21,Yes,DSL,No,No,No,Month-to-month,No,Electronic check,53.84,1135.91,0,13-24 months,Medium (40-79),0,,
TC-01204,Male,0,Yes,No,33,Yes,DSL,No,No,No,Two year,No,Bank transfer,72.72,2336.83,0,25-48 months,Medium (40-79),0,,
TC-01205,Female,0,Yes,Yes,49,Yes,No internet,No internet service,No internet service,No internet service,Two year,Yes,Electronic check,19.87,985.9,0,49+ months,Low (<40),0,,
TC-01206,Female,0,No,No,70,Yes,DSL,No,No,No,Two year,Yes,Electronic check,64.88,4651.0,0,49+ months,Medium (40-79),2,18.4,2.5
TC-01207,Female,0,No,No,62,Yes,DSL,Yes,No,Yes,Month-to-month,No,Credit card,66.59,4118.94,0,49+ months,Medium (40-79),1,9.2,3.0
TC-01208,Male,0,Yes,No,19,Yes,DSL,No,Yes,Yes,Month-to-month,No,Credit card,70.32,1367.49,1,13-24 months,Medium (40-79),1,12.5,1.0
TC-01209,Male,0,No,Yes,20,Yes,DSL,Yes,Yes,No,Month-to-month,No,Bank transfer,60.87,1194.56,0,13-24 months,Medium (40-79),0,,
TC-01210,Female,0,Yes,Yes,26,Yes,DSL,No,No,Yes,Two year,Yes,Bank transfer,66.64,1703.96,0,25-48 months,Medium (40-79),2,35.0,4.0
TC-01211,Male,0,No,No,58,Yes,Fiber optic,Yes,No,No,Two year,No,Bank transfer,87.09,4960.61,0,49+ months,High (80+),0,,
TC-01212,Female,0,Yes,No,13,Yes,Fiber optic,No,No,Yes,Month-to-month,Yes,Electronic check,95.0,1217.03,1,13-24 months,High (80+),1,37.7,2.0
TC-01213,Female,0,Yes,No,20,Yes,DSL,Yes,No,No,One year,No,Credit card,65.09,1279.13,0,13-24 months,Medium (40-79),1,8.1,5.0
TC-01214,Female,0,No,No,28,Yes,DSL,No,Yes,No,Two year,No,Credit card,55.84,1542.37,0,25-48 months,Medium (40-79),0,,
TC-01215,Female,0,No,Yes,30,Yes,No internet,No internet service,No internet service,No internet service,Two year,Yes,Mailed check,35.62,1099.86,0,25-48 months,Low (<40),2,18.1,3.5
TC-01216,Male,0,No,No,58,Yes,DSL,No,Yes,No,One year,Yes,Bank transfer,57.8,3318.07,0,49+ months,Medium (40-79),2,15.5,3.0
TC-01217,Female,1,No,Yes,25,Yes,Fiber optic,Yes,No,No,Two year,No,Credit card,92.34,2362.86,0,25-48 months,High (80+),1,33.6,4.0
TC-01218,Female,1,No,Yes,72,Yes,DSL,No,Yes,Yes,Two year,No,Credit card,78.95,5730.26,0,49+ months,Medium (40-79),0,,
TC-01219,Male,0,Yes,No,24,Yes,Fiber optic,No,No,Yes,Month-to-month,No,Bank transfer,98.0,2384.09,1,13-24 months,High (80+),2,20.1,2.5
TC-01220,Female,0,Yes,No,33,No,Fiber optic,No,No,No,Month-to-month,No,Electronic check,81.23,2665.11,1,25-48 months,High (80+),1,10.0,3.0
TC-01221,Male,1,Yes,No,72,Yes,Fiber optic,No,No,No,One year,No,Electronic check,80.7,5694.33,0,49+ months,High (80+),5,12.6,4.4
TC-01222,Female,0,Yes,No,53,Yes,DSL,No,Yes,Yes,Month-to-month,Yes,Bank transfer,69.39,3719.19,0,49+ months,Medium (40-79),2,15.2,3.0
TC-01223,Female,0,Yes,No,17,Yes,DSL,No,Yes,No,Month-to-month,Yes,Electronic check,44.59,762.11,1,13-24 months,Medium (40-79),1,15.3,3.0
TC-01224,Male,0,No,No,54,Yes,Fiber optic,No,Yes,No,Two year,Yes,Mailed check,95.66,5320.13,0,49+ months,High (80+),1,6.8,5.0
TC-01225,Female,0,Yes,No,72,Yes,DSL,No,Yes,No,One year,Yes,Mailed check,73.52,5306.89,0,49+ months,Medium (40-79),1,12.5,5.0
TC-01226,Female,0,Yes,No,8,Yes,DSL,Yes,No,No,Month-to-month,Yes,Electronic check,71.02,575.36,1,0-12 months,Medium (40-79),2,20.9,4.0
TC-01227,Male,0,Yes,No,29,Yes,DSL,No,No,No,Two year,Yes,Electronic check,72.14,2052.17,0,25-48 months,Medium (40-79),2,19.9,4.5
TC-01228,Male,0,No,No,12,Yes,Fiber optic,No,No,No,Month-to-month,Yes,Credit card,80.35,945.61,1,0-12 months,High (80+),2,6.9,3.0
TC-01229,Female,0,Yes,No,72,No,DSL,No,No,No,Two year,Yes,Bank transfer,58.38,4251.19,0,49+ months,Medium (40-79),1,9.9,5.0
TC-01230,Female,0,Yes,Yes,72,Yes,Fiber optic,Yes,No,Yes,Two year,No,Bank transfer,99.79,7002.33,0,49+ months,High (80+),0,,
TC-01231,Female,0,Yes,Yes,18,Yes,No internet,No internet service,No internet service,No internet service,Month-to-month,No,Credit card,26.59,485.96,1,13-24 months,Low (<40),0,,
TC-01232,Male,0,Yes,No,59,No,DSL,No,Yes,No,Month-to-month,Yes,Electronic check,60.77,3553.99,0,49+ months,Medium (40-79),1,20.3,4.0
TC-01233,Female,0,No,No,32,Yes,Fiber optic,No,No,Yes,Month-to-month,Yes,Bank transfer,79.75,2545.06,1,25-48 months,Medium (40-79),2,20.9,3.0
TC-01234,Female,0,No,No,72,Yes,No internet,No internet service,No internet service,No internet service,Two year,No,Electronic check,25.28,1826.77,0,49+ months,Low (<40),1,18.8,5.0
TC-01235,Female,1,No,No,9,Yes,No internet,No internet service,No internet service,No internet service,Month-to-month,No,Bank transfer,34.01,297.45,0,0-12 months,Low (<40),1,2.8,4.0
TC-01236,Male,0,No,No,7,Yes,Fiber optic,No,No,No,Month-to-month,No,Electronic check,75.61,538.03,0,0-12 months,Medium (40-79),1,25.0,3.0
TC-01237,Male,0,Yes,No,72,Yes,Fiber optic,No,No,Yes,Two year,Yes,Electronic check,80.89,5762.56,0,49+ months,High (80+),2,14.7,3.0
TC-01238,Male,0,Yes,Yes,62,Yes,Fiber optic,Yes,No,No,One year,Yes,Mailed check,92.86,5812.0,0,49+ months,High (80+),0,,
TC-01239,Female,0,No,No,22,Yes,No internet,No internet service,No internet service,No internet service,One year,No,Mailed check,18.0,404.8,0,13-24 months,Low (<40),2,16.5,3.5
TC-01240,Female,0,Yes,Yes,29,Yes,Fiber optic,No,No,No,One year,No,Electronic check,86.36,2474.92,1,25-48 months,High (80+),3,19.0,2.33
TC-01241,Female,0,No,No,50,Yes,Fiber optic,No,No,No,Month-to-month,No,Credit card,87.61,4290.76,1,49+ months,High (80+),2,31.5,3.0
TC-01242,Female,1,Yes,No,12,Yes,No internet,No internet service,No internet service,No internet service,Month-to-month,Yes,Electronic check,18.0,217.62,0,0-12 months,Low (<40),0,,
TC-01243,Female,0,Yes,Yes,17,Yes,No internet,No internet service,No internet service,No internet service,Month-to-month,No,Mailed check,18.0,298.61,0,13-24 months,Low (<40),3,32.9,2.67
TC-01244,Female,0,Yes,No,27,Yes,No internet,No internet service,No internet service,No internet service,Month-to-month,Yes,Credit card,22.9,628.86,0,25-48 months,Low (<40),2,38.3,3.0
TC-01245,Male,1,Yes,No,3,Yes,DSL,Yes,No,No,Month-to-month,Yes,Mailed check,58.13,177.76,0,0-12 months,Medium (40-79),0,,
TC-01246,Female,0,No,No,58,Yes,Fiber optic,Yes,No,Yes,One year,Yes,Mailed check,101.74,5975.05,0,49+ months,High (80+),1,2.9,3.0
TC-01247,Male,0,Yes,Yes,52,Yes,DSL,Yes,No,No,One year,Yes,Mailed check,65.1,3416.51,0,49+ months,Medium (40-79),1,9.5,4.0
TC-01248,Female,0,Yes,No,72,Yes,DSL,No,No,Yes,One year,Yes,Electronic check,74.19,5498.61,0,49+ months,Medium (40-79),2,22.4,3.0
TC-01249,Male,0,Yes,Yes,2,Yes,DSL,Yes,No,No,Month-to-month,Yes,Mailed check,66.92,137.25,0,0-12 months,Medium (40-79),2,22.5,3.5
TC-01250,Male,0,Yes,No,8,Yes,No internet,No internet service,No internet service,No internet service,Month-to-month,Yes,Credit card,26.37,206.27,0,0-12 months,Low (<40),1,14.1,3.0
TC-01251,Female,0,No,No,37,No,DSL,Yes,No,No,Two year,Yes,Electronic check,48.71,1850.63,0,25-48 months,Medium (40-79),0,,
TC-01252,Male,0,Yes,Yes,40,Yes,Fiber optic,Yes,Yes,Yes,Month-to-month,Yes,Electronic check,98.98,3940.54,0,25-48 months,High (80+),0,,
TC-01253,Male,0,No,No,44,Yes,Fiber optic,No,No,No,Month-to-month,No,Electronic check,101.15,4408.22,1,25-48 months,High (80+),2,28.8,2.0
TC-01254,Female,0,No,No,8,Yes,DSL,No,No,Yes,Month-to-month,Yes,Mailed check,70.39,567.9,0,0-12 months,Medium (40-79),1,16.7,4.0
TC-01255,Male,0,Yes,Yes,20,Yes,Fiber optic,No,No,No,Two year,Yes,Electronic check,80.08,1576.18,0,13-24 months,High (80+),0,,
TC-01256,Female,0,No,No,24,Yes,DSL,No,No,Yes,Month-to-month,No,Electronic check,64.76,1519.22,1,13-24 months,Medium (40-79),1,6.7,3.0
TC-01257,Female,0,Yes,Yes,7,Yes,DSL,No,Yes,Yes,Month-to-month,Yes,Electronic check,85.02,588.24,1,0-12 months,High (80+),1,16.6,2.0
TC-01258,Female,0,Yes,No,6,Yes,No internet,No internet service,No internet service,No internet service,Month-to-month,No,Electronic check,26.3,155.33,0,0-12 months,Low (<40),1,50.4,3.0
TC-01259,Female,0,Yes,Yes,68,No,Fiber optic,Yes,No,No,One year,Yes,Bank transfer,91.73,6183.12,0,49+ months,High (80+),1,7.1,4.0
TC-01260,Female,1,No,No,27,Yes,No internet,No internet service,No internet service,No internet service,Two year,No,Electronic check,20.13,557.32,0,25-48 months,Low (<40),0,,
TC-01261,Male,0,Yes,No,63,Yes,Fiber optic,No,No,Yes,One year,Yes,Bank transfer,93.06,5904.54,0,49+ months,High (80+),0,,
TC-01262,Male,1,No,No,25,Yes,Fiber optic,Yes,No,No,Month-to-month,Yes,Bank transfer,103.75,2562.03,0,25-48 months,High (80+),1,17.2,3.0
TC-01263,Female,0,Yes,No,2,Yes,No internet,No internet service,No internet service,No internet service,Month-to-month,Yes,Electronic check,18.0,35.66,0,0-12 months,Low (<40),2,23.9,3.5
TC-01264,Female,0,Yes,No,12,Yes,Fiber optic,Yes,Yes,Yes,One year,No,Credit card,106.35,1259.22,0,0-12 months,High (80+),0,,
TC-01265,Female,0,Yes,Yes,47,Yes,DSL,No,No,Yes,Two year,No,Mailed check,53.06,2483.21,0,25-48 months,Medium (40-79),0,,
TC-01266,Female,0,Yes,No,3,Yes,DSL,No,No,No,Month-to-month,No,Electronic check,67.5,203.38,1,0-12 months,Medium (40-79),0,,
TC-01267,Female,0,No,No,59,Yes,Fiber optic,No,No,No,Two year,No,Electronic check,88.57,5293.61,0,49+ months,High (80+),0,,
TC-01268,Female,0,No,No,21,Yes,No internet,No internet service,No internet service,No internet service,Month-to-month,No,Bank transfer,26.74,572.7,1,13-24 months,Low (<40),1,63.3,3.0
TC-01269,Female,0,No,No,12,Yes,No internet,No internet service,No internet service,No internet service,Month-to-month,Yes,Bank transfer,18.0,216.43,0,0-12 months,Low (<40),0,,
TC-01270,Female,0,No,Yes,8,Yes,No internet,No internet service,No internet service,No internet service,Month-to-month,Yes,Electronic check,18.0,145.66,0,0-12 months,Low (<40),1,22.7,5.0
TC-01271,Female,0,No,No,22,Yes,DSL,No,Yes,Yes,One year,No,Electronic check,75.66,1692.9,0,13-24 months,Medium (40-79),1,19.6,3.0
TC-01272,Male,0,Yes,No,51,Yes,Fiber optic,No,Yes,No,Two year,Yes,Bank transfer,90.15,4610.27,0,49+ months,High (80+),3,14.1,4.33
TC-01273,Female,0,Yes,No,46,No,Fiber optic,No,Yes,Yes,One year,Yes,Credit card,100.93,4725.69,1,25-48 months,High (80+),1,3.9,5.0
TC-01274,Female,1,No,No,4,Yes,Fiber optic,No,No,Yes,Month-to-month,Yes,Mailed check,91.53,371.31,1,0-12 months,High (80+),4,16.5,2.25
TC-01275,Female,0,Yes,No,22,Yes,No internet,No internet service,No internet service,No internet service,One year,Yes,Credit card,19.37,425.34,0,13-24 months,Low (<40),1,17.6,5.0
TC-01276,Male,0,No,Yes,27,Yes,DSL,No,Yes,No,Month-to-month,Yes,Electronic check,58.6,1586.33,0,25-48 months,Medium (40-79),0,,
TC-01277,Female,0,No,Yes,18,Yes,Fiber optic,No,Yes,Yes,Month-to-month,No,Bank transfer,90.12,1634.98,0,13-24 months,High (80+),0,,
TC-01278,Male,0,Yes,No,8,Yes,No internet,No internet service,No internet service,No internet service,Month-to-month,Yes,Credit card,18.0,145.8,0,0-12 months,Low (<40),0,,
TC-01279,Male,1,Yes,No,11,Yes,DSL,No,No,No,Month-to-month,Yes,Credit card,44.0,489.87,1,0-12 months,Medium (40-79),1,36.5,4.0
TC-01280,Female,0,Yes,Yes,16,No,DSL,No,No,No,Month-to-month,No,Credit card,62.9,1028.69,0,13-24 months,Medium (40-79),1,35.8,4.0
TC-01281,Male,1,No,No,1,Yes,Fiber optic,No,Yes,No,Month-to-month,Yes,Mailed check,90.52,89.6,1,0-12 months,High (80+),0,,
TC-01282,Male,1,Yes,No,27,Yes,Fiber optic,Yes,Yes,No,Month-to-month,Yes,Electronic check,100.27,2749.75,1,25-48 months,High (80+),2,13.4,2.5
TC-01283,Female,0,Yes,No,17,Yes,No internet,No internet service,No internet service,No internet service,Month-to-month,No,Electronic check,21.92,365.04,0,13-24 months,Low (<40),0,,
TC-01284,Male,0,No,Yes,12,Yes,Fiber optic,Yes,No,No,Month-to-month,Yes,Mailed check,74.64,907.73,1,0-12 months,Medium (40-79),1,9.2,4.0
TC-01285,Female,0,Yes,No,26,No,DSL,Yes,No,Yes,Two year,Yes,Electronic check,77.43,2047.62,0,25-48 months,Medium (40-79),0,,
TC-01286,Female,0,No,No,38,Yes,DSL,No,No,Yes,Two year,Yes,Mailed check,75.3,2908.76,0,25-48 months,Medium (40-79),1,17.3,4.0
TC-01287,Male,0,No,No,23,Yes,No internet,No internet service,No internet service,No internet service,Month-to-month,No,Credit card,18.0,416.29,0,13-24 months,Low (<40),1,15.4,3.0
TC-01288,Male,0,Yes,No,41,Yes,No internet,No internet service,No internet service,No internet service,One year,No,Bank transfer,18.0,745.48,0,25-48 months,Low (<40),0,,
TC-01289,Female,0,No,No,72,Yes,Fiber optic,No,No,No,Two year,Yes,Electronic check,94.78,6658.14,0,49+ months,High (80+),2,28.1,4.5
TC-01290,Male,0,No,Yes,9,Yes,Fiber optic,Yes,No,No,Month-to-month,No,Electronic check,85.1,773.51,1,0-12 months,High (80+),1,34.6,1.0
TC-01291,Female,0,No,No,37,Yes,No internet,No internet service,No internet service,No internet service,One year,Yes,Electronic check,21.89,812.35,0,25-48 months,Low (<40),0,,
TC-01292,Male,0,Yes,Yes,15,Yes,No internet,No internet service,No internet service,No internet service,Month-to-month,No,Credit card,18.0,262.45,0,13-24 months,Low (<40),0,,
TC-01293,Male,1,Yes,No,51,Yes,DSL,No,Yes,No,One year,Yes,Bank transfer,64.57,3301.53,0,49+ months,Medium (40-79),0,,
TC-01294,Female,1,No,No,72,Yes,Fiber optic,Yes,No,Yes,Two year,No,Electronic check,95.71,7006.4,0,49+ months,High (80+),4,13.7,3.5
TC-01295,Male,0,Yes,No,11,Yes,Fiber optic,Yes,Yes,No,Month-to-month,Yes,Electronic check,104.92,1135.2,1,0-12 months,High (80+),2,10.8,3.5
TC-01296,Female,0,No,No,72,Yes,Fiber optic,No,Yes,Yes,Two year,No,Credit card,101.39,7413.53,0,49+ months,High (80+),1,3.7,4.0
TC-01297,Female,0,No,Yes,7,Yes,Fiber optic,Yes,Yes,No,One year,Yes,Credit card,77.38,552.05,0,0-12 months,Medium (40-79),1,35.2,3.0
TC-01298,Female,0,No,Yes,63,Yes,DSL,No,No,Yes,Two year,No,Bank transfer,57.78,3554.05,0,49+ months,Medium (40-79),0,,
TC-01299,Female,1,No,Yes,27,Yes,No internet,No internet service,No internet service,No internet service,One year,Yes,Electronic check,23.9,626.3,0,25-48 months,Low (<40),0,,
TC-01300,Female,0,Yes,Yes,34,Yes,No internet,No internet service,No internet service,No internet service,Two year,No,Electronic check,23.5,814.42,0,25-48 months,Low (<40),2,14.9,1.5
TC-01301,Male,0,Yes,Yes,7,Yes,Fiber optic,No,Yes,No,Month-to-month,Yes,Bank transfer,79.63,570.08,0,0-12 months,Medium (40-79),1,18.8,3.0
TC-01302,Male,1,No,No,31,Yes,DSL,Yes,No,No,One year,Yes,Mailed check,62.35,1893.64,0,25-48 months,Medium (40-79),0,,
TC-01303,Male,0,No,No,18,Yes,No internet,No internet service,No internet service,No internet service,Month-to-month,Yes,Bank transfer,29.03,513.51,1,13-24 months,Low (<40),1,2.9,3.0
TC-01304,Male,0,No,No,15,Yes,DSL,No,Yes,Yes,Month-to-month,No,Mailed check,75.49,1156.22,0,13-24 months,Medium (40-79),0,,
TC-01305,Male,0,No,No,44,Yes,DSL,No,No,Yes,One year,No,Mailed check,58.48,2500.23,0,25-48 months,Medium (40-79),1,28.0,5.0
TC-01306,Female,0,Yes,No,5,Yes,Fiber optic,No,No,Yes,Month-to-month,Yes,Electronic check,97.25,500.55,1,0-12 months,High (80+),3,5.5,2.33
TC-01307,Male,0,No,No,10,Yes,Fiber optic,No,No,Yes,Month-to-month,Yes,Mailed check,101.41,993.47,0,0-12 months,High (80+),0,,
TC-01308,Male,0,No,No,22,Yes,DSL,No,No,No,Two year,No,Electronic check,53.88,1166.95,0,13-24 months,Medium (40-79),2,15.3,3.5
TC-01309,Female,0,No,No,26,Yes,Fiber optic,Yes,No,Yes,Two year,No,Mailed check,89.36,2260.7,0,25-48 months,High (80+),0,,
TC-01310,Female,0,No,No,65,Yes,Fiber optic,No,Yes,Yes,One year,No,Mailed check,106.93,6942.88,1,49+ months,High (80+),1,36.7,1.0
TC-01311,Male,0,No,No,33,Yes,Fiber optic,No,No,Yes,Month-to-month,Yes,Electronic check,100.09,3227.11,1,25-48 months,High (80+),0,,
TC-01312,Female,0,Yes,Yes,44,Yes,DSL,No,No,Yes,One year,Yes,Mailed check,64.88,2856.72,0,25-48 months,Medium (40-79),0,,
TC-01313,Female,0,No,Yes,18,Yes,Fiber optic,No,Yes,Yes,Month-to-month,Yes,Credit card,94.56,1682.37,1,13-24 months,High (80+),3,10.2,2.67
TC-01314,Male,0,Yes,No,31,Yes,DSL,No,No,Yes,One year,Yes,Mailed check,73.39,2231.82,0,25-48 months,Medium (40-79),2,42.5,4.0
TC-01315,Male,1,Yes,No,30,Yes,Fiber optic,No,No,No,One year,No,Electronic check,87.19,2651.93,1,25-48 months,High (80+),4,12.7,3.5
TC-01316,Female,0,Yes,No,2,Yes,No internet,No internet service,No internet service,No internet service,One year,Yes,Credit card,28.78,58.96,0,0-12 months,Low (<40),1,3.7,4.0
TC-01317,Female,1,No,No,24,Yes,Fiber optic,Yes,No,No,Month-to-month,No,Credit card,89.71,2173.87,0,13-24 months,High (80+),1,18.9,3.0
TC-01318,Female,0,No,Yes,5,Yes,DSL,Yes,No,No,Month-to-month,No,Electronic check,55.63,276.31,0,0-12 months,Medium (40-79),1,14.1,3.0
TC-01319,Male,0,Yes,Yes,31,Yes,DSL,Yes,No,No,One year,Yes,Bank transfer,60.47,1875.68,0,25-48 months,Medium (40-79),2,10.7,4.0
TC-01320,Female,0,Yes,No,22,Yes,No internet,No internet service,No internet service,No internet service,Month-to-month,No,Mailed check,28.2,638.0,0,13-24 months,Low (<40),2,18.1,4.0
TC-01321,Male,0,No,No,57,Yes,Fiber optic,Yes,No,Yes,One year,Yes,Mailed check,98.99,5597.4,0,49+ months,High (80+),3,13.6,3.33
TC-01322,Female,0,Yes,Yes,1,Yes,Fiber optic,No,No,Yes,Month-to-month,No,Bank transfer,89.99,92.32,0,0-12 months,High (80+),3,9.5,4.67
TC-01323,Male,0,No,No,48,No,Fiber optic,No,No,No,Month-to-month,No,Electronic check,81.46,3887.59,1,25-48 months,High (80+),1,20.5,3.0
TC-01324,Female,0,Yes,Yes,13,Yes,Fiber optic,No,No,Yes,Month-to-month,No,Bank transfer,103.09,1314.2,1,13-24 months,High (80+),6,20.2,2.17
TC-01325,Female,0,No,No,72,Yes,Fiber optic,No,Yes,No,One year,No,Bank transfer,95.06,6639.44,0,49+ months,High (80+),3,16.1,4.67
TC-01326,Female,0,No,Yes,48,Yes,No internet,No internet service,No internet service,No internet service,Two year,Yes,Bank transfer,24.69,1220.4,0,25-48 months,Low (<40),0,,
TC-01327,Female,0,No,No,21,Yes,Fiber optic,No,No,No,Two year,Yes,Credit card,81.53,1713.27,0,13-24 months,High (80+),1,20.1,4.0
TC-01328,Female,0,No,Yes,21,Yes,Fiber optic,No,No,No,Month-to-month,No,Electronic check,71.46,1475.69,1,13-24 months,Medium (40-79),4,27.9,2.75
TC-01329,Female,0,Yes,No,17,Yes,DSL,Yes,No,Yes,Two year,Yes,Bank transfer,75.29,1298.27,0,13-24 months,Medium (40-79),0,,
TC-01330,Female,0,No,Yes,5,Yes,Fiber optic,Yes,Yes,No,Month-to-month,Yes,Bank transfer,79.29,399.97,0,0-12 months,Medium (40-79),0,,
TC-01331,Female,0,Yes,No,27,Yes,No internet,No internet service,No internet service,No internet service,One year,Yes,Electronic check,30.05,825.74,0,25-48 months,Low (<40),2,17.5,4.0
TC-01332,Male,0,Yes,No,28,Yes,DSL,Yes,No,No,Month-to-month,Yes,Mailed check,73.56,2116.9,0,25-48 months,Medium (40-79),3,31.6,4.0
TC-01333,Female,0,Yes,No,32,Yes,Fiber optic,No,No,Yes,Month-to-month,Yes,Credit card,100.06,3123.77,1,25-48 months,High (80+),1,12.3,3.0
TC-01334,Female,0,No,No,58,Yes,No internet,No internet service,No internet service,No internet service,Month-to-month,No,Mailed check,18.25,1066.31,0,49+ months,Low (<40),1,32.2,4.0
TC-01335,Female,0,Yes,No,14,Yes,No internet,No internet service,No internet service,No internet service,Month-to-month,Yes,Bank transfer,25.27,346.82,0,13-24 months,Low (<40),0,,
TC-01336,Female,0,Yes,No,41,Yes,DSL,No,No,Yes,One year,No,Mailed check,62.35,2525.99,0,25-48 months,Medium (40-79),0,,
TC-01337,Male,0,No,No,20,Yes,DSL,No,Yes,Yes,One year,Yes,Mailed check,66.0,1335.43,0,13-24 months,Medium (40-79),0,,
TC-01338,Female,0,Yes,No,72,Yes,No internet,No internet service,No internet service,No internet service,One year,No,Credit card,20.2,1487.14,0,49+ months,Low (<40),1,17.9,3.0
TC-01339,Male,0,No,No,14,Yes,DSL,No,Yes,No,Month-to-month,Yes,Credit card,65.86,914.41,0,13-24 months,Medium (40-79),0,,
TC-01340,Male,0,Yes,No,32,Yes,No internet,No internet service,No internet service,No internet service,One year,No,Electronic check,42.56,1388.18,0,25-48 months,Medium (40-79),2,35.1,3.0
TC-01341,Male,1,Yes,No,13,No,Fiber optic,Yes,Yes,Yes,Month-to-month,Yes,Mailed check,106.1,1357.96,1,13-24 months,High (80+),1,9.8,1.0
TC-01342,Male,1,Yes,No,31,Yes,DSL,Yes,No,No,One year,Yes,Credit card,66.79,2018.63,0,25-48 months,Medium (40-79),0,,
TC-01343,Female,0,Yes,Yes,25,Yes,Fiber optic,Yes,No,No,Month-to-month,Yes,Electronic check,82.23,2066.4,1,25-48 months,High (80+),4,12.2,3.0
TC-01344,Male,0,No,No,35,Yes,Fiber optic,No,No,Yes,One year,Yes,Credit card,96.4,3417.61,0,25-48 months,High (80+),1,25.5,3.0
TC-01345,Female,1,No,No,11,Yes,Fiber optic,No,No,No,Month-to-month,No,Credit card,91.28,1024.96,1,0-12 months,High (80+),2,8.1,2.5
TC-01346,Female,0,Yes,No,16,Yes,No internet,No internet service,No internet service,No internet service,Month-to-month,No,Bank transfer,28.68,448.55,0,13-24 months,Low (<40),1,18.2,4.0
TC-01347,Male,0,No,No,22,Yes,DSL,No,Yes,No,Month-to-month,No,Electronic check,65.82,1439.97,0,13-24 months,Medium (40-79),0,,
TC-01348,Female,0,Yes,No,19,No,DSL,No,Yes,No,Month-to-month,Yes,Electronic check,58.11,1092.75,1,13-24 months,Medium (40-79),0,,
TC-01349,Female,1,No,No,3,No,DSL,No,No,No,Month-to-month,No,Electronic check,70.76,207.48,1,0-12 months,Medium (40-79),0,,
TC-01350,Male,0,No,No,40,Yes,DSL,Yes,No,No,One year,No,Electronic check,66.63,2672.91,0,25-48 months,Medium (40-79),2,12.8,5.0
TC-01351,Female,0,Yes,No,35,Yes,No internet,No internet service,No internet service,No internet service,Two year,No,Mailed check,34.98,1258.03,0,25-48 months,Low (<40),2,13.3,3.5
TC-01352,Female,0,Yes,Yes,41,Yes,Fiber optic,No,No,Yes,Month-to-month,Yes,Electronic check,98.81,4103.44,1,25-48 months,High (80+),0,,
TC-01353,Female,1,No,Yes,6,Yes,Fiber optic,Yes,No,Yes,Month-to-month,Yes,Electronic check,108.38,643.21,1,0-12 months,High (80+),4,12.8,3.0
TC-01354,Female,0,Yes,No,37,Yes,Fiber optic,No,No,Yes,One year,No,Credit card,83.13,3165.13,0,25-48 months,High (80+),1,6.1,3.0
TC-01355,Male,0,No,Yes,12,Yes,Fiber optic,No,No,No,Month-to-month,Yes,Mailed check,79.33,943.55,1,0-12 months,Medium (40-79),2,13.1,2.0
TC-01356,Male,0,Yes,No,72,Yes,DSL,No,No,Yes,Two year,Yes,Credit card,70.14,5114.85,0,49+ months,Medium (40-79),2,7.7,2.5
TC-01357,Male,0,Yes,No,2,Yes,No internet,No internet service,No internet service,No internet service,Month-to-month,No,Credit card,28.14,57.62,0,0-12 months,Low (<40),3,17.2,4.0
TC-01358,Male,0,No,No,53,Yes,Fiber optic,No,Yes,No,Month-to-month,Yes,Electronic check,84.64,4413.36,0,49+ months,High (80+),0,,
TC-01359,Female,1,No,No,14,Yes,No internet,No internet service,No internet service,No internet service,Month-to-month,Yes,Bank transfer,18.0,257.84,0,13-24 months,Low (<40),1,3.4,4.0
TC-01360,Female,0,No,No,23,Yes,Fiber optic,No,No,No,Month-to-month,Yes,Credit card,95.74,2141.58,1,13-24 months,High (80+),1,6.6,4.0
TC-01361,Female,1,Yes,No,19,Yes,Fiber optic,Yes,Yes,No,Month-to-month,No,Mailed check,88.92,1666.65,0,13-24 months,High (80+),0,,
TC-01362,Male,0,No,No,10,Yes,Fiber optic,Yes,Yes,No,Month-to-month,Yes,Bank transfer,102.98,1033.07,0,0-12 months,High (80+),2,19.6,3.5
TC-01363,Female,0,No,No,49,Yes,No internet,No internet service,No internet service,No internet service,One year,Yes,Credit card,36.85,1849.6,0,49+ months,Low (<40),1,13.1,2.0
TC-01364,Female,0,No,No,72,Yes,No internet,No internet service,No internet service,No internet service,Two year,No,Credit card,19.46,1442.49,0,49+ months,Low (<40),1,15.8,3.0
TC-01365,Male,0,No,No,3,Yes,DSL,No,Yes,No,Month-to-month,Yes,Bank transfer,55.72,166.41,0,0-12 months,Medium (40-79),1,22.0,3.0
TC-01366,Female,1,Yes,No,59,No,Fiber optic,No,Yes,No,Two year,No,Electronic check,89.35,5297.86,0,49+ months,High (80+),4,13.3,3.5
TC-01367,Male,0,No,Yes,19,Yes,Fiber optic,No,Yes,Yes,Month-to-month,Yes,Electronic check,107.21,2031.42,1,13-24 months,High (80+),1,16.9,4.0
TC-01368,Male,0,No,Yes,13,Yes,DSL,Yes,No,No,One year,No,Bank transfer,53.13,701.99,0,13-24 months,Medium (40-79),1,10.6,3.0
TC-01369,Male,0,No,No,11,Yes,No internet,No internet service,No internet service,No internet service,Month-to-month,Yes,Mailed check,24.52,265.65,0,0-12 months,Low (<40),0,,
TC-01370,Female,0,Yes,No,24,Yes,DSL,Yes,Yes,Yes,Month-to-month,Yes,Bank transfer,68.89,1682.5,0,13-24 months,Medium (40-79),2,12.3,4.0
TC-01371,Male,0,No,No,48,Yes,DSL,No,No,Yes,Two year,No,Electronic check,57.21,2733.93,0,25-48 months,Medium (40-79),1,20.3,4.0
TC-01372,Male,0,No,No,25,Yes,DSL,No,No,No,One year,Yes,Bank transfer,49.5,1251.32,0,25-48 months,Medium (40-79),0,,
TC-01373,Male,0,Yes,Yes,24,Yes,No internet,No internet service,No internet service,No internet service,Month-to-month,Yes,Mailed check,19.8,467.01,0,13-24 months,Low (<40),3,18.6,4.0
TC-01374,Male,0,No,No,44,Yes,DSL,No,No,Yes,Month-to-month,Yes,Electronic check,57.63,2557.78,0,25-48 months,Medium (40-79),0,,
TC-01375,Female,0,No,No,16,Yes,DSL,No,No,No,Two year,Yes,Credit card,58.68,947.18,0,13-24 months,Medium (40-79),0,,
TC-01376,Male,0,No,No,72,Yes,No internet,No internet service,No internet service,No internet service,Two year,Yes,Electronic check,18.0,1270.83,0,49+ months,Low (<40),0,,
TC-01377,Male,0,No,No,21,Yes,DSL,Yes,No,No,One year,No,Electronic check,55.16,1191.11,0,13-24 months,Medium (40-79),1,15.9,2.0
TC-01378,Male,1,Yes,No,31,Yes,DSL,No,No,No,Two year,Yes,Electronic check,46.79,1454.73,0,25-48 months,Medium (40-79),3,19.2,4.67
TC-01379,Male,0,No,Yes,72,Yes,No internet,No internet service,No internet service,No internet service,Two year,Yes,Electronic check,25.54,1869.07,0,49+ months,Low (<40),0,,
TC-01380,Female,0,No,Yes,72,Yes,Fiber optic,Yes,Yes,No,One year,No,Bank transfer,89.42,6377.57,0,49+ months,High (80+),1,22.5,4.0
TC-01381,Male,0,No,Yes,32,Yes,No internet,No internet service,No internet service,No internet service,One year,Yes,Electronic check,22.2,727.92,0,25-48 months,Low (<40),0,,
TC-01382,Male,0,No,No,16,Yes,Fiber optic,No,Yes,Yes,Month-to-month,No,Mailed check,104.26,1641.61,0,13-24 months,High (80+),0,,
TC-01383,Female,0,Yes,No,4,Yes,DSL,No,No,Yes,Month-to-month,No,Mailed check,67.87,269.71,1,0-12 months,Medium (40-79),1,7.0,2.0
TC-01384,Male,0,No,No,17,Yes,Fiber optic,No,No,Yes,One year,No,Bank transfer,92.51,1539.76,0,13-24 months,High (80+),4,13.1,3.75
TC-01385,Male,1,No,No,72,Yes,DSL,No,No,No,Two year,No,Bank transfer,54.24,3977.77,0,49+ months,Medium (40-79),0,,
TC-01386,Female,0,Yes,No,9,Yes,Fiber optic,No,Yes,Yes,Month-to-month,Yes,Bank transfer,90.43,815.87,0,0-12 months,High (80+),1,39.2,4.0
TC-01387,Female,0,Yes,Yes,1,Yes,No internet,No internet service,No internet service,No internet service,Month-to-month,Yes,Bank transfer,26.17,25.84,0,0-12 months,Low (<40),1,9.1,5.0
TC-01388,Male,0,No,No,25,Yes,DSL,No,No,No,Month-to-month,Yes,Bank transfer,57.56,1399.45,0,25-48 months,Medium (40-79),1,19.7,3.0
TC-01389,Male,0,No,No,10,Yes,No internet,No internet service,No internet service,No internet service,One year,Yes,Mailed check,18.0,180.24,0,0-12 months,Low (<40),2,12.6,3.5
TC-01390,Female,0,No,No,32,Yes,Fiber optic,No,No,Yes,Month-to-month,No,Electronic check,88.75,2863.39,0,25-48 months,High (80+),2,13.0,3.5
TC-01391,Female,1,No,No,15,Yes,Fiber optic,Yes,No,No,Two year,No,Electronic check,98.49,1485.53,0,13-24 months,High (80+),2,23.4,4.0
TC-01392,Male,0,No,No,35,Yes,DSL,No,No,No,Month-to-month,Yes,Credit card,60.93,2142.19,0,25-48 months,Medium (40-79),1,6.9,3.0
TC-01393,Male,0,Yes,Yes,29,Yes,Fiber optic,No,Yes,Yes,One year,Yes,Bank transfer,101.21,2913.12,0,25-48 months,High (80+),1,18.5,5.0
TC-01394,Male,0,No,Yes,22,Yes,Fiber optic,Yes,No,No,One year,Yes,Electronic check,96.92,2130.32,0,13-24 months,High (80+),1,18.1,4.0
TC-01395,Female,0,No,No,7,Yes,No internet,No internet service,No internet service,No internet service,Month-to-month,Yes,Mailed check,18.0,122.78,0,0-12 months,Low (<40),1,16.4,4.0
TC-01396,Female,0,Yes,No,23,Yes,Fiber optic,No,No,Yes,Month-to-month,Yes,Credit card,91.08,2097.02,0,13-24 months,High (80+),0,,
TC-01397,Male,0,Yes,Yes,33,Yes,DSL,Yes,No,Yes,Month-to-month,Yes,Bank transfer,68.88,2306.18,0,25-48 months,Medium (40-79),1,5.5,3.0
TC-01398,Male,0,No,No,15,Yes,DSL,Yes,No,No,One year,No,Credit card,62.37,945.07,0,13-24 months,Medium (40-79),2,20.3,4.0
TC-01399,Female,1,Yes,Yes,11,Yes,DSL,No,No,No,Month-to-month,Yes,Bank transfer,63.69,690.62,1,0-12 months,Medium (40-79),0,,
TC-01400,Male,0,Yes,No,35,Yes,Fiber optic,No,No,Yes,Month-to-month,Yes,Electronic check,91.62,3215.55,1,25-48 months,High (80+),1,21.8,2.0
TC-01401,Female,0,No,Yes,14,No,Fiber optic,No,No,Yes,Month-to-month,No,Electronic check,84.25,1148.99,1,13-24 months,High (80+),2,28.4,3.5
TC-01402,Male,0,Yes,Yes,18,Yes,Fiber optic,Yes,Yes,No,Month-to-month,Yes,Credit card,91.52,1660.11,1,13-24 months,High (80+),1,11.3,2.0
TC-01403,Male,0,Yes,No,42,Yes,Fiber optic,No,No,Yes,Two year,No,Mailed check,89.99,3859.46,0,25-48 months,High (80+),0,,
TC-01404,Male,0,No,No,17,Yes,DSL,No,Yes,No,Two year,Yes,Mailed check,79.05,1356.6,0,13-24 months,Medium (40-79),0,,
TC-01405,Female,0,Yes,Yes,19,Yes,No internet,No internet service,No internet service,No internet service,Two year,No,Bank transfer,29.8,554.87,0,13-24 months,Low (<40),2,14.3,3.0
TC-01406,Male,0,Yes,No,45,Yes,No internet,No internet service,No internet service,No internet service,Two year,Yes,Electronic check,30.71,1391.19,0,25-48 months,Low (<40),2,23.1,4.0
TC-01407,Male,0,No,No,12,Yes,Fiber optic,Yes,Yes,Yes,One year,No,Electronic check,115.99,1419.67,0,0-12 months,High (80+),0,,
TC-01408,Male,0,Yes,Yes,13,Yes,DSL,No,No,No,Month-to-month,Yes,Electronic check,59.89,756.61,1,13-24 months,Medium (40-79),3,8.8,2.33
TC-01409,Male,0,Yes,No,41,Yes,Fiber optic,No,No,Yes,Two year,Yes,Mailed check,101.54,4260.0,0,25-48 months,High (80+),2,11.7,4.0
TC-01410,Female,0,Yes,Yes,47,Yes,Fiber optic,No,No,No,One year,Yes,Credit card,90.53,4247.86,0,25-48 months,High (80+),1,25.2,4.0
TC-01411,Female,1,No,No,21,Yes,No internet,No internet service,No internet service,No internet service,One year,Yes,Mailed check,25.44,534.29,0,13-24 months,Low (<40),2,6.4,3.5
TC-01412,Male,0,No,No,14,Yes,Fiber optic,No,No,No,One year,Yes,Bank transfer,77.76,1114.33,1,13-24 months,Medium (40-79),3,15.7,3.33
TC-01413,Male,1,Yes,Yes,57,Yes,No internet,No internet service,No internet service,No internet service,Two year,No,Credit card,35.89,2104.63,0,49+ months,Low (<40),2,15.4,2.5
TC-01414,Female,0,Yes,No,6,Yes,DSL,No,Yes,No,Month-to-month,No,Mailed check,64.44,385.71,0,0-12 months,Medium (40-79),0,,
TC-01415,Male,0,No,Yes,32,Yes,DSL,Yes,Yes,No,One year,Yes,Electronic check,67.71,2140.54,0,25-48 months,Medium (40-79),2,21.5,3.5
TC-01416,Male,0,No,No,18,Yes,DSL,Yes,No,No,Month-to-month,Yes,Mailed check,69.31,1211.82,0,13-24 months,Medium (40-79),1,21.8,4.0
TC-01417,Male,0,No,Yes,7,Yes,No internet,No internet service,No internet service,No internet service,Month-to-month,Yes,Electronic check,25.62,180.17,1,0-12 months,Low (<40),1,37.1,3.0
TC-01418,Male,1,No,No,23,Yes,No internet,No internet service,No internet service,No internet service,Month-to-month,Yes,Electronic check,31.23,711.02,0,13-24 months,Low (<40),0,,
TC-01419,Male,0,Yes,No,7,Yes,DSL,No,Yes,No,Month-to-month,Yes,Electronic check,59.24,426.84,0,0-12 months,Medium (40-79),2,4.7,4.0
TC-01420,Female,0,No,No,46,Yes,Fiber optic,No,No,No,Month-to-month,Yes,Credit card,69.71,3185.79,1,25-48 months,Medium (40-79),1,3.1,2.0
TC-01421,Male,0,No,No,30,Yes,DSL,No,No,No,Month-to-month,No,Mailed check,47.88,1395.38,0,25-48 months,Medium (40-79),0,,
TC-01422,Female,0,Yes,Yes,72,Yes,DSL,Yes,Yes,No,Month-to-month,Yes,Bank transfer,67.87,4893.05,0,49+ months,Medium (40-79),0,,
TC-01423,Female,0,No,No,43,Yes,Fiber optic,Yes,Yes,No,Two year,Yes,Credit card,98.62,4162.5,0,25-48 months,High (80+),1,11.2,2.0
TC-01424,Female,0,Yes,No,17,Yes,No internet,No internet service,No internet service,No internet service,One year,Yes,Bank transfer,35.22,597.3,0,13-24 months,Low (<40),0,,
TC-01425,Male,0,No,Yes,47,Yes,DSL,Yes,No,Yes,One year,No,Electronic check,68.1,3173.23,0,25-48 months,Medium (40-79),2,35.0,3.0
TC-01426,Male,0,Yes,No,30,No,Fiber optic,No,Yes,No,Two year,No,Bank transfer,90.98,2788.92,0,25-48 months,High (80+),0,,
TC-01427,Male,0,No,No,5,Yes,Fiber optic,No,No,Yes,Month-to-month,Yes,Electronic check,87.78,432.87,1,0-12 months,High (80+),2,11.1,2.0
TC-01428,Female,0,No,No,33,Yes,Fiber optic,No,No,Yes,Month-to-month,Yes,Credit card,98.22,3224.66,1,25-48 months,High (80+),2,13.6,1.5
TC-01429,Male,0,Yes,No,7,Yes,DSL,No,No,Yes,Month-to-month,No,Bank transfer,75.84,522.97,0,0-12 months,Medium (40-79),0,,
TC-01430,Male,1,No,No,72,Yes,DSL,Yes,No,No,Month-to-month,Yes,Bank transfer,71.15,5049.97,0,49+ months,Medium (40-79),1,9.6,3.0
TC-01431,Male,0,Yes,No,35,Yes,DSL,Yes,No,No,Two year,No,Mailed check,58.66,2081.63,0,25-48 months,Medium (40-79),1,47.4,3.0
TC-01432,Female,0,No,No,71,Yes,No internet,No internet service,No internet service,No internet service,Month-to-month,Yes,Credit card,18.0,1293.05,0,49+ months,Low (<40),2,18.7,4.0
TC-01433,Male,0,Yes,No,72,Yes,DSL,Yes,Yes,No,One year,No,Credit card,61.34,4512.73,0,49+ months,Medium (40-79),0,,
TC-01434,Male,0,No,Yes,58,No,Fiber optic,No,No,No,Two year,No,Credit card,87.03,5192.93,0,49+ months,High (80+),2,4.7,4.0
TC-01435,Female,0,Yes,No,4,Yes,DSL,No,No,No,Month-to-month,Yes,Bank transfer,46.35,180.19,1,0-12 months,Medium (40-79),1,13.7,3.0
TC-01436,Male,0,Yes,No,33,Yes,No internet,No internet service,No internet service,No internet service,Two year,Yes,Electronic check,32.91,1101.73,0,25-48 months,Low (<40),0,,
TC-01437,Male,1,Yes,No,15,No,DSL,Yes,Yes,No,Month-to-month,No,Credit card,75.15,1108.42,0,13-24 months,Medium (40-79),0,,
TC-01438,Female,0,Yes,Yes,2,Yes,Fiber optic,No,No,No,Month-to-month,Yes,Mailed check,92.14,179.58,1,0-12 months,High (80+),0,,
TC-01439,Male,1,Yes,No,25,Yes,Fiber optic,No,Yes,No,Month-to-month,Yes,Electronic check,86.97,2153.42,1,25-48 months,High (80+),1,62.5,3.0
TC-01440,Male,0,No,No,14,Yes,DSL,No,Yes,No,Month-to-month,No,Mailed check,66.36,925.58,0,13-24 months,Medium (40-79),1,4.3,4.0
TC-01441,Male,1,No,No,9,Yes,DSL,No,Yes,No,Month-to-month,No,Electronic check,75.68,685.86,1,0-12 months,Medium (40-79),1,23.7,2.0
TC-01442,Male,0,No,Yes,11,Yes,No internet,No internet service,No internet service,No internet service,Month-to-month,No,Mailed check,24.0,267.7,0,0-12 months,Low (<40),0,,
TC-01443,Female,0,No,No,59,Yes,Fiber optic,No,Yes,No,Two year,Yes,Electronic check,97.12,5817.79,0,49+ months,High (80+),1,21.1,4.0
TC-01444,Female,0,Yes,Yes,72,Yes,DSL,No,Yes,Yes,Month-to-month,No,Bank transfer,75.6,5522.99,0,49+ months,Medium (40-79),2,10.3,4.0
TC-01445,Female,0,No,No,12,Yes,No internet,No internet service,No internet service,No internet service,Month-to-month,Yes,Electronic check,35.22,412.76,0,0-12 months,Low (<40),0,,
TC-01446,Male,0,Yes,No,32,Yes,DSL,No,No,Yes,Two year,Yes,Electronic check,65.48,2120.01,0,25-48 months,Medium (40-79),2,28.1,3.5
TC-01447,Male,0,Yes,No,10,Yes,DSL,Yes,Yes,Yes,Month-to-month,Yes,Credit card,59.1,593.2,1,0-12 months,Medium (40-79),0,,
TC-01448,Male,0,Yes,No,59,Yes,DSL,Yes,No,No,Two year,Yes,Electronic check,66.94,3955.09,0,49+ months,Medium (40-79),2,23.4,4.0
TC-01449,Female,0,Yes,No,17,Yes,No internet,No internet service,No internet service,No internet service,Two year,Yes,Electronic check,19.42,338.86,0,13-24 months,Low (<40),2,36.5,1.5
TC-01450,Female,0,No,No,52,Yes,No internet,No internet service,No internet service,No internet service,One year,No,Electronic check,18.0,944.49,0,49+ months,Low (<40),1,21.2,5.0
TC-01451,Female,0,No,No,2,Yes,Fiber optic,No,No,Yes,Month-to-month,No,Mailed check,90.39,184.57,1,0-12 months,High (80+),0,,
TC-01452,Male,0,Yes,No,14,Yes,Fiber optic,No,No,No,Month-to-month,Yes,Electronic check,79.46,1095.16,0,13-24 months,Medium (40-79),2,6.8,3.5
TC-01453,Female,0,Yes,No,34,Yes,DSL,No,No,Yes,Month-to-month,Yes,Credit card,69.73,2431.73,0,25-48 months,Medium (40-79),1,9.5,3.0
TC-01454,Female,0,No,Yes,6,Yes,DSL,Yes,Yes,Yes,Month-to-month,No,Mailed check,81.17,490.01,1,0-12 months,High (80+),0,,
TC-01455,Female,0,No,No,36,Yes,No internet,No internet service,No internet service,No internet service,Month-to-month,Yes,Credit card,18.0,636.14,0,25-48 months,Low (<40),2,22.4,3.5
TC-01456,Female,0,No,No,20,Yes,DSL,No,No,Yes,Month-to-month,Yes,Electronic check,60.3,1232.33,0,13-24 months,Medium (40-79),0,,
TC-01457,Female,0,Yes,No,38,Yes,DSL,Yes,Yes,No,Two year,No,Mailed check,76.03,2824.06,0,25-48 months,Medium (40-79),1,14.9,2.0
TC-01458,Female,0,Yes,Yes,25,Yes,DSL,No,Yes,No,Month-to-month,No,Bank transfer,55.5,1385.57,0,25-48 months,Medium (40-79),0,,
TC-01459,Female,1,Yes,Yes,34,Yes,DSL,No,Yes,No,Two year,Yes,Credit card,68.96,2390.93,0,25-48 months,Medium (40-79),1,8.0,2.0
TC-01460,Male,0,Yes,No,13,No,DSL,Yes,Yes,No,One year,No,Credit card,66.14,873.38,1,13-24 months,Medium (40-79),1,22.1,1.0
TC-01461,Female,0,No,No,34,Yes,Fiber optic,No,No,No,Month-to-month,No,Bank transfer,78.2,2638.71,1,25-48 months,Medium (40-79),3,4.8,2.67
TC-01462,Male,0,No,Yes,15,Yes,No internet,No internet service,No internet service,No internet service,One year,Yes,Credit card,24.28,374.68,1,13-24 months,Low (<40),0,,
TC-01463,Female,0,Yes,Yes,37,Yes,DSL,No,Yes,No,Month-to-month,No,Mailed check,61.24,2283.17,0,25-48 months,Medium (40-79),0,,
TC-01464,Male,0,No,Yes,46,Yes,DSL,Yes,Yes,No,Month-to-month,Yes,Electronic check,48.37,2161.98,0,25-48 months,Medium (40-79),0,,
TC-01465,Female,0,Yes,No,67,Yes,Fiber optic,No,Yes,No,Two year,Yes,Bank transfer,89.98,6085.19,0,49+ months,High (80+),0,,
TC-01466,Female,0,Yes,No,3,Yes,No internet,No internet service,No internet service,No internet service,Month-to-month,No,Electronic check,18.0,54.86,0,0-12 months,Low (<40),0,,
TC-01467,Male,0,Yes,No,23,Yes,No internet,No internet service,No internet service,No internet service,Month-to-month,Yes,Credit card,18.0,403.48,0,13-24 months,Low (<40),0,,
TC-01468,Female,0,Yes,No,3,Yes,No internet,No internet service,No internet service,No internet service,Month-to-month,No,Electronic check,18.0,55.28,0,0-12 months,Low (<40),2,35.6,4.0
TC-01469,Male,0,No,Yes,7,Yes,Fiber optic,No,Yes,No,One year,Yes,Credit card,99.54,689.74,0,0-12 months,High (80+),1,10.7,3.0
TC-01470,Male,0,No,No,4,Yes,No internet,No internet service,No internet service,No internet service,Month-to-month,No,Credit card,22.99,92.65,0,0-12 months,Low (<40),2,21.8,2.0
TC-01471,Female,0,Yes,No,7,Yes,Fiber optic,No,No,No,Month-to-month,Yes,Electronic check,79.26,539.68,0,0-12 months,Medium (40-79),0,,
TC-01472,Male,0,No,No,11,Yes,Fiber optic,No,No,No,One year,Yes,Credit card,88.97,958.4,1,0-12 months,High (80+),2,8.6,3.5
TC-01473,Female,0,No,No,6,Yes,Fiber optic,Yes,Yes,No,Month-to-month,Yes,Bank transfer,95.66,590.99,0,0-12 months,High (80+),2,5.3,4.0
TC-01474,Male,0,Yes,No,43,Yes,Fiber optic,Yes,No,Yes,Two year,No,Mailed check,96.78,4057.39,0,25-48 months,High (80+),1,42.5,3.0
TC-01475,Male,0,No,Yes,34,Yes,No internet,No internet service,No internet service,No internet service,Month-to-month,Yes,Credit card,18.0,607.08,0,25-48 months,Low (<40),1,17.1,4.0
TC-01476,Male,0,Yes,No,21,Yes,Fiber optic,No,Yes,No,Month-to-month,Yes,Electronic check,88.63,1833.5,0,13-24 months,High (80+),1,6.3,3.0
TC-01477,Female,0,No,No,2,Yes,Fiber optic,Yes,No,No,Month-to-month,No,Electronic check,92.44,184.75,1,0-12 months,High (80+),3,6.4,2.67
TC-01478,Female,0,No,No,53,Yes,Fiber optic,No,No,Yes,One year,No,Bank transfer,100.11,5286.7,0,49+ months,High (80+),3,16.7,2.67
TC-01479,Male,0,No,No,61,Yes,DSL,No,No,No,Two year,Yes,Electronic check,55.53,3454.21,0,49+ months,Medium (40-79),2,16.1,3.5
TC-01480,Male,0,No,Yes,48,Yes,Fiber optic,No,No,No,Two year,Yes,Bank transfer,85.25,4102.44,0,25-48 months,High (80+),4,15.3,2.0
TC-01481,Male,1,No,No,21,Yes,No internet,No internet service,No internet service,No internet service,Month-to-month,Yes,Electronic check,26.29,542.62,0,13-24 months,Low (<40),1,24.9,5.0
TC-01482,Female,0,No,No,6,Yes,DSL,Yes,Yes,Yes,Month-to-month,No,Mailed check,83.36,487.54,0,0-12 months,High (80+),1,14.7,5.0
TC-01483,Male,0,No,No,12,Yes,DSL,No,No,No,Month-to-month,No,Credit card,61.54,749.0,1,0-12 months,Medium (40-79),2,17.6,3.0
TC-01484,Male,0,Yes,No,28,Yes,Fiber optic,No,No,Yes,Month-to-month,Yes,Mailed check,91.03,2624.78,1,25-48 months,High (80+),2,37.0,2.0
TC-01485,Female,0,No,Yes,5,Yes,No internet,No internet service,No internet service,No internet service,Month-to-month,Yes,Mailed check,23.89,122.47,0,0-12 months,Low (<40),0,,
TC-01486,Female,1,Yes,Yes,14,Yes,Fiber optic,No,No,No,Month-to-month,Yes,Credit card,85.04,1206.82,1,13-24 months,High (80+),1,8.7,1.0
TC-01487,Female,0,Yes,No,32,Yes,No internet,No internet service,No internet service,No internet service,Two year,Yes,Credit card,30.76,1009.94,0,25-48 months,Low (<40),1,8.9,5.0
TC-01488,Male,0,No,Yes,64,Yes,No internet,No internet service,No internet service,No internet service,One year,Yes,Mailed check,18.0,1178.93,0,49+ months,Low (<40),2,16.7,5.0
TC-01489,Female,0,No,No,35,Yes,No internet,No internet service,No internet service,No internet service,Two year,Yes,Credit card,26.28,921.3,0,25-48 months,Low (<40),1,3.6,2.0
TC-01490,Male,0,No,No,28,Yes,Fiber optic,Yes,No,Yes,One year,No,Bank transfer,100.97,2894.73,0,25-48 months,High (80+),2,18.6,4.0
TC-01491,Male,0,No,No,12,Yes,No internet,No internet service,No internet service,No internet service,Month-to-month,Yes,Bank transfer,21.05,255.25,0,0-12 months,Low (<40),1,10.9,1.0
TC-01492,Male,0,Yes,Yes,8,Yes,No internet,No internet service,No internet service,No internet service,Month-to-month,No,Credit card,24.23,188.34,0,0-12 months,Low (<40),0,,
TC-01493,Male,0,No,No,12,No,Fiber optic,No,No,Yes,Month-to-month,Yes,Electronic check,90.48,1072.22,1,0-12 months,High (80+),0,,
TC-01494,Male,0,No,No,41,Yes,Fiber optic,No,No,No,Month-to-month,Yes,Credit card,76.06,3046.92,0,25-48 months,Medium (40-79),1,18.9,4.0
TC-01495,Female,0,Yes,No,6,Yes,Fiber optic,No,No,No,Month-to-month,Yes,Mailed check,97.39,578.04,1,0-12 months,High (80+),2,23.1,3.0
TC-01496,Male,0,No,No,20,No,DSL,No,No,No,Two year,No,Electronic check,66.85,1316.63,0,13-24 months,Medium (40-79),0,,
TC-01497,Female,1,Yes,No,9,Yes,DSL,No,No,Yes,Month-to-month,Yes,Electronic check,66.39,611.18,0,0-12 months,Medium (40-79),1,0.4,4.0
TC-01498,Female,0,Yes,No,27,Yes,Fiber optic,Yes,Yes,No,Month-to-month,Yes,Mailed check,106.35,2796.13,0,25-48 months,High (80+),2,10.8,3.0
TC-01499,Female,0,Yes,No,15,Yes,No internet,No internet service,No internet service,No internet service,Month-to-month,Yes,Bank transfer,29.15,434.38,0,13-24 months,Low (<40),1,25.7,3.0
TC-01500,Female,0,Yes,Yes,18,Yes,Fiber optic,No,Yes,Yes,One year,No,Electronic check,93.69,1674.88,0,13-24 months,High (80+),2,9.9,2.5
TC-01501,Male,0,No,No,20,Yes,Fiber optic,No,No,Yes,One year,Yes,Electronic check,98.34,1991.78,1,13-24 months,High (80+),1,36.6,1.0
TC-01502,Male,0,Yes,No,29,Yes,Fiber optic,No,No,No,One year,Yes,Electronic check,85.36,2433.08,1,25-48 months,High (80+),5,8.3,3.0
TC-01503,Male,1,Yes,Yes,5,Yes,Fiber optic,No,No,No,Month-to-month,No,Electronic check,81.69,409.32,1,0-12 months,High (80+),3,11.1,2.0
TC-01504,Male,0,Yes,No,5,Yes,No internet,No internet service,No internet service,No internet service,Month-to-month,Yes,Bank transfer,20.21,103.9,0,0-12 months,Low (<40),0,,
TC-01505,Female,0,Yes,No,20,Yes,No internet,No internet service,No internet service,No internet service,Month-to-month,Yes,Mailed check,24.24,487.38,0,13-24 months,Low (<40),1,9.2,2.0
TC-01506,Female,0,Yes,No,12,Yes,Fiber optic,No,No,Yes,Month-to-month,Yes,Electronic check,98.64,1171.5,1,0-12 months,High (80+),4,18.0,3.5
TC-01507,Female,0,No,No,46,Yes,No internet,No internet service,No internet service,No internet service,One year,No,Mailed check,24.33,1128.38,0,25-48 months,Low (<40),1,23.7,3.0
TC-01508,Female,0,No,No,18,Yes,No internet,No internet service,No internet service,No internet service,Two year,Yes,Credit card,21.01,371.35,0,13-24 months,Low (<40),0,,
TC-01509,Female,0,No,No,52,Yes,Fiber optic,No,No,Yes,One year,Yes,Electronic check,85.38,4414.07,0,49+ months,High (80+),2,22.1,3.5
TC-01510,Female,0,Yes,No,12,Yes,DSL,No,No,Yes,Month-to-month,Yes,Electronic check,62.88,770.18,0,0-12 months,Medium (40-79),2,5.7,3.0
TC-01511,Male,0,No,Yes,3,Yes,Fiber optic,No,Yes,Yes,Month-to-month,No,Credit card,103.36,313.51,1,0-12 months,High (80+),0,,
TC-01512,Female,0,Yes,No,43,Yes,No internet,No internet service,No internet service,No internet service,Two year,No,Credit card,21.27,901.74,0,25-48 months,Low (<40),0,,
TC-01513,Male,0,Yes,Yes,39,Yes,Fiber optic,No,Yes,No,Two year,Yes,Bank transfer,88.33,3342.81,0,25-48 months,High (80+),2,18.6,3.0
TC-01514,Female,0,No,No,40,Yes,DSL,No,No,Yes,One year,Yes,Electronic check,64.13,2625.71,0,25-48 months,Medium (40-79),0,,
TC-01515,Female,0,Yes,Yes,19,Yes,DSL,No,No,Yes,Month-to-month,No,Bank transfer,67.5,1268.93,0,13-24 months,Medium (40-79),0,,
TC-01516,Male,0,No,No,16,Yes,No internet,No internet service,No internet service,No internet service,Month-to-month,Yes,Mailed check,18.0,286.69,0,13-24 months,Low (<40),0,,
TC-01517,Male,0,No,No,40,Yes,No internet,No internet service,No internet service,No internet service,One year,No,Electronic check,18.92,774.59,0,25-48 months,Low (<40),2,18.6,3.0
TC-01518,Female,1,Yes,No,72,Yes,DSL,No,No,No,Two year,Yes,Electronic check,47.79,3379.98,0,49+ months,Medium (40-79),0,,
TC-01519,Male,1,No,No,30,Yes,DSL,No,Yes,Yes,Month-to-month,Yes,Credit card,84.45,2576.29,1,25-48 months,High (80+),2,25.9,2.0
TC-01520,Female,0,Yes,No,13,Yes,DSL,No,No,No,Month-to-month,No,Bank transfer,60.55,772.67,0,13-24 months,Medium (40-79),2,23.0,4.0
TC-01521,Female,0,Yes,Yes,42,Yes,Fiber optic,Yes,No,No,Month-to-month,Yes,Credit card,85.6,3581.71,1,25-48 months,High (80+),2,6.8,3.5
TC-01522,Female,0,No,Yes,23,Yes,Fiber optic,No,Yes,No,Month-to-month,No,Mailed check,90.76,2038.89,0,13-24 months,High (80+),2,8.5,3.0
TC-01523,Male,0,Yes,No,71,Yes,Fiber optic,Yes,Yes,No,Two year,Yes,Electronic check,100.48,6927.53,0,49+ months,High (80+),5,15.0,2.8
TC-01524,Female,1,No,No,16,Yes,No internet,No internet service,No internet service,No internet service,One year,Yes,Credit card,36.75,605.14,0,13-24 months,Low (<40),1,47.0,3.0
TC-01525,Male,0,Yes,No,59,Yes,Fiber optic,No,No,Yes,Two year,No,Mailed check,100.8,6034.9,0,49+ months,High (80+),0,,
TC-01526,Female,0,No,No,41,Yes,DSL,No,Yes,No,Month-to-month,Yes,Bank transfer,55.15,2233.56,0,25-48 months,Medium (40-79),1,12.6,4.0
TC-01527,Male,0,Yes,No,9,Yes,DSL,No,No,Yes,Month-to-month,No,Credit card,70.36,617.22,0,0-12 months,Medium (40-79),1,17.5,4.0
TC-01528,Male,0,No,Yes,72,No,Fiber optic,No,No,Yes,Two year,Yes,Bank transfer,102.2,7552.54,0,49+ months,High (80+),0,,
TC-01529,Female,0,No,Yes,37,Yes,Fiber optic,No,No,No,One year,Yes,Electronic check,86.82,3171.06,0,25-48 months,High (80+),0,,
TC-01530,Male,0,No,No,31,Yes,No internet,No internet service,No internet service,No internet service,Month-to-month,No,Bank transfer,18.0,559.19,0,25-48 months,Low (<40),0,,
TC-01531,Female,0,Yes,No,13,Yes,Fiber optic,No,No,No,Month-to-month,No,Electronic check,75.84,971.07,1,13-24 months,Medium (40-79),4,27.3,3.75
TC-01532,Male,0,Yes,No,35,Yes,Fiber optic,No,No,No,One year,No,Electronic check,101.29,3491.59,1,25-48 months,High (80+),0,,
TC-01533,Male,0,No,No,55,Yes,DSL,No,No,Yes,One year,Yes,Credit card,70.01,3789.38,0,49+ months,Medium (40-79),1,16.5,3.0
TC-01534,Female,1,No,Yes,18,Yes,Fiber optic,No,No,No,Month-to-month,No,Credit card,78.31,1389.5,1,13-24 months,Medium (40-79),4,16.7,1.25
TC-01535,Female,0,Yes,No,19,Yes,Fiber optic,No,No,Yes,Month-to-month,Yes,Credit card,85.68,1612.85,1,13-24 months,High (80+),2,8.8,4.0
TC-01536,Male,1,Yes,No,72,Yes,Fiber optic,No,No,No,Two year,No,Bank transfer,72.54,5138.5,0,49+ months,Medium (40-79),3,17.5,4.33
TC-01537,Female,0,No,Yes,8,Yes,DSL,No,No,No,Month-to-month,No,Bank transfer,54.04,427.3,0,0-12 months,Medium (40-79),1,10.2,4.0
TC-01538,Female,0,No,Yes,23,Yes,DSL,No,No,Yes,One year,No,Electronic check,61.85,1463.64,0,13-24 months,Medium (40-79),1,38.5,3.0
TC-01539,Female,0,Yes,No,12,Yes,No internet,No internet service,No internet service,No internet service,Month-to-month,Yes,Mailed check,18.0,216.59,0,0-12 months,Low (<40),0,,
TC-01540,Male,0,Yes,Yes,52,Yes,No internet,No internet service,No internet service,No internet service,Month-to-month,Yes,Electronic check,33.65,1790.3,0,49+ months,Low (<40),1,28.6,2.0
TC-01541,Female,1,Yes,No,8,Yes,DSL,No,Yes,No,Month-to-month,Yes,Electronic check,76.18,594.68,1,0-12 months,Medium (40-79),1,2.7,2.0
TC-01542,Male,0,Yes,No,26,No,DSL,No,No,Yes,Month-to-month,Yes,Bank transfer,64.29,1694.87,1,25-48 months,Medium (40-79),1,19.7,3.0
TC-01543,Female,1,Yes,No,13,Yes,DSL,Yes,No,Yes,Month-to-month,No,Bank transfer,56.23,738.2,0,13-24 months,Medium (40-79),1,8.8,1.0
TC-01544,Male,0,No,Yes,17,Yes,Fiber optic,No,Yes,No,Month-to-month,No,Electronic check,79.41,1354.38,0,13-24 months,Medium (40-79),1,41.5,2.0
TC-01545,Female,1,No,Yes,22,Yes,DSL,No,No,No,Month-to-month,No,Electronic check,61.09,1375.22,1,13-24 months,Medium (40-79),1,23.0,3.0
TC-01546,Male,0,No,No,5,Yes,DSL,No,No,Yes,Month-to-month,Yes,Electronic check,76.68,383.1,1,0-12 months,Medium (40-79),0,,
TC-01547,Female,0,No,No,28,Yes,No internet,No internet service,No internet service,No internet service,Month-to-month,No,Credit card,18.0,494.58,0,25-48 months,Low (<40),1,28.2,5.0
TC-01548,Female,0,No,No,72,Yes,No internet,No internet service,No internet service,No internet service,Two year,Yes,Bank transfer,18.88,1352.64,0,49+ months,Low (<40),0,,
TC-01549,Male,1,Yes,No,36,Yes,DSL,Yes,No,Yes,Month-to-month,No,Electronic check,71.07,2499.56,0,25-48 months,Medium (40-79),0,,
TC-01550,Female,0,No,Yes,13,Yes,Fiber optic,No,No,No,Month-to-month,No,Credit card,91.97,1165.74,0,13-24 months,High (80+),0,,
TC-01551,Male,0,No,No,5,Yes,Fiber optic,No,No,No,Two year,Yes,Electronic check,87.22,429.22,0,0-12 months,High (80+),3,21.4,3.0
TC-01552,Female,1,No,No,31,Yes,No internet,No internet service,No internet service,No internet service,Month-to-month,Yes,Electronic check,20.7,658.01,0,25-48 months,Low (<40),3,17.8,3.33
TC-01553,Male,0,No,Yes,9,Yes,DSL,Yes,No,Yes,Month-to-month,Yes,Electronic check,64.27,587.63,0,0-12 months,Medium (40-79),1,42.8,3.0
TC-01554,Male,0,Yes,Yes,19,Yes,No internet,No internet service,No internet service,No internet service,Month-to-month,No,Electronic check,27.6,518.22,0,13-24 months,Low (<40),1,21.0,4.0
TC-01555,Male,1,Yes,Yes,2,Yes,DSL,Yes,No,No,Month-to-month,Yes,Electronic check,65.2,127.42,0,0-12 months,Medium (40-79),2,35.6,4.5
TC-01556,Male,0,Yes,Yes,3,Yes,Fiber optic,No,Yes,No,Month-to-month,Yes,Credit card,82.22,253.55,0,0-12 months,High (80+),1,4.0,5.0
TC-01557,Female,0,Yes,Yes,46,Yes,Fiber optic,No,No,No,Two year,Yes,Electronic check,73.01,3405.48,0,25-48 months,Medium (40-79),0,,
TC-01558,Female,0,No,No,57,Yes,Fiber optic,No,No,No,Two year,No,Mailed check,99.9,5695.78,0,49+ months,High (80+),2,18.5,3.0
TC-01559,Female,1,No,No,6,Yes,DSL,No,Yes,No,Month-to-month,No,Credit card,49.58,298.5,1,0-12 months,Medium (40-79),0,,
TC-01560,Female,0,Yes,No,2,Yes,Fiber optic,No,Yes,No,Month-to-month,Yes,Electronic check,92.5,187.46,1,0-12 months,High (80+),4,8.1,2.25
TC-01561,Male,1,Yes,No,31,Yes,No internet,No internet service,No internet service,No internet service,Two year,No,Electronic check,18.0,565.7,0,25-48 months,Low (<40),0,,
TC-01562,Male,0,Yes,No,2,Yes,Fiber optic,No,No,Yes,Month-to-month,No,Mailed check,88.57,179.62,1,0-12 months,High (80+),2,15.7,2.0
TC-01563,Male,1,No,No,72,No,Fiber optic,Yes,Yes,No,One year,Yes,Mailed check,94.09,6620.01,0,49+ months,High (80+),1,7.8,4.0
TC-01564,Female,0,Yes,No,55,Yes,DSL,Yes,No,No,Two year,Yes,Mailed check,74.22,4012.35,0,49+ months,Medium (40-79),2,15.3,4.5
TC-01565,Male,0,No,No,56,Yes,DSL,No,No,Yes,Two year,No,Electronic check,69.98,3900.97,0,49+ months,Medium (40-79),1,24.0,5.0
TC-01566,Male,0,Yes,Yes,41,Yes,No internet,No internet service,No internet service,No internet service,Two year,No,Electronic check,18.49,750.38,0,25-48 months,Low (<40),1,23.6,3.0
TC-01567,Male,0,No,No,17,Yes,No internet,No internet service,No internet service,No internet service,Month-to-month,Yes,Bank transfer,32.59,570.05,0,13-24 months,Low (<40),0,,
TC-01568,Female,0,Yes,No,31,Yes,DSL,No,No,No,Two year,No,Credit card,49.24,1549.61,0,25-48 months,Medium (40-79),0,,
TC-01569,Male,0,No,Yes,13,Yes,DSL,No,No,Yes,Month-to-month,Yes,Bank transfer,73.54,930.73,0,13-24 months,Medium (40-79),0,,
TC-01570,Male,1,Yes,No,6,Yes,Fiber optic,No,No,Yes,Month-to-month,Yes,Mailed check,101.64,619.98,1,0-12 months,High (80+),2,16.4,3.5
TC-01571,Male,0,No,Yes,35,Yes,No internet,No internet service,No internet service,No internet service,Month-to-month,No,Credit card,21.71,765.39,0,25-48 months,Low (<40),0,,
TC-01572,Male,0,Yes,No,18,Yes,DSL,Yes,Yes,Yes,Month-to-month,No,Electronic check,78.37,1394.37,1,13-24 months,Medium (40-79),2,10.0,2.5
TC-01573,Female,0,No,Yes,39,Yes,No internet,No internet service,No internet service,No internet service,Two year,Yes,Electronic check,26.88,1046.77,0,25-48 months,Low (<40),1,3.5,2.0
TC-01574,Female,0,No,No,23,Yes,Fiber optic,No,No,No,Two year,Yes,Electronic check,97.87,2214.37,0,13-24 months,High (80+),1,18.1,3.0
TC-01575,Female,0,No,No,5,Yes,Fiber optic,No,Yes,Yes,Month-to-month,No,Electronic check,106.81,537.24,1,0-12 months,High (80+),2,31.8,2.5
TC-01576,Male,0,Yes,No,36,Yes,No internet,No internet service,No internet service,No internet service,Month-to-month,Yes,Mailed check,18.33,641.88,0,25-48 months,Low (<40),2,15.8,3.5
TC-01577,Female,0,Yes,No,18,Yes,Fiber optic,No,No,Yes,Month-to-month,No,Credit card,91.55,1628.8,1,13-24 months,High (80+),0,,
TC-01578,Female,0,Yes,No,4,Yes,Fiber optic,No,No,No,Month-to-month,Yes,Electronic check,80.15,324.5,1,0-12 months,High (80+),1,11.3,3.0
TC-01579,Female,0,No,Yes,45,Yes,DSL,No,No,Yes,Two year,Yes,Electronic check,58.1,2584.93,0,25-48 months,Medium (40-79),0,,
TC-01580,Male,1,No,No,60,Yes,Fiber optic,No,No,Yes,Two year,No,Bank transfer,89.58,5374.71,0,49+ months,High (80+),1,12.2,2.0
TC-01581,Female,0,Yes,No,17,Yes,Fiber optic,No,No,No,Two year,No,Credit card,78.14,1344.82,0,13-24 months,Medium (40-79),2,14.7,3.0
TC-01582,Male,0,Yes,Yes,42,Yes,Fiber optic,Yes,Yes,Yes,One year,Yes,Mailed check,96.75,3941.64,1,25-48 months,High (80+),2,9.8,2.5
TC-01583,Female,0,Yes,Yes,27,Yes,DSL,No,No,Yes,One year,No,Electronic check,70.72,1951.51,0,25-48 months,Medium (40-79),0,,
TC-01584,Female,1,No,No,40,Yes,No internet,No internet service,No internet service,No internet service,Month-to-month,Yes,Electronic check,24.13,940.43,0,25-48 months,Low (<40),0,,
TC-01585,Male,0,No,No,20,Yes,DSL,Yes,Yes,No,Month-to-month,No,Electronic check,70.27,1429.39,0,13-24 months,Medium (40-79),0,,
TC-01586,Male,0,No,No,17,Yes,DSL,No,No,Yes,Month-to-month,No,Electronic check,70.79,1206.73,0,13-24 months,Medium (40-79),1,14.6,5.0
TC-01587,Male,0,No,No,63,Yes,DSL,No,No,Yes,Two year,No,Electronic check,71.44,4396.1,0,49+ months,Medium (40-79),2,17.5,4.0
TC-01588,Male,0,Yes,No,8,Yes,DSL,No,No,No,Month-to-month,Yes,Bank transfer,58.91,485.34,0,0-12 months,Medium (40-79),2,17.1,4.5
TC-01589,Male,0,No,No,11,Yes,Fiber optic,No,Yes,No,Month-to-month,No,Electronic check,94.1,1037.48,0,0-12 months,High (80+),1,29.2,2.0
TC-01590,Female,0,Yes,No,21,Yes,Fiber optic,No,No,Yes,Month-to-month,Yes,Bank transfer,83.49,1754.07,1,13-24 months,High (80+),2,21.9,2.0
TC-01591,Female,1,No,No,3,Yes,No internet,No internet service,No internet service,No internet service,Month-to-month,No,Mailed check,22.14,65.45,0,0-12 months,Low (<40),2,10.4,4.0
TC-01592,Male,0,No,No,39,Yes,DSL,Yes,No,Yes,One year,Yes,Electronic check,70.31,2705.77,0,25-48 months,Medium (40-79),1,19.7,5.0
TC-01593,Female,0,Yes,Yes,17,Yes,DSL,No,No,Yes,Month-to-month,Yes,Mailed check,73.88,1272.91,0,13-24 months,Medium (40-79),1,7.4,5.0
TC-01594,Male,1,No,Yes,19,Yes,DSL,No,No,Yes,Month-to-month,Yes,Mailed check,66.84,1253.66,0,13-24 months,Medium (40-79),2,7.2,4.0
TC-01595,Male,0,Yes,No,34,Yes,Fiber optic,Yes,No,No,Two year,Yes,Credit card,82.15,2803.05,0,25-48 months,High (80+),1,22.1,3.0
TC-01596,Female,0,Yes,No,72,Yes,DSL,Yes,Yes,Yes,Two year,Yes,Mailed check,85.94,6146.53,0,49+ months,High (80+),1,13.1,4.0
TC-01597,Female,0,No,Yes,19,Yes,Fiber optic,Yes,No,Yes,One year,Yes,Electronic check,96.16,1791.54,0,13-24 months,High (80+),5,18.0,3.4
TC-01598,Female,0,Yes,No,24,Yes,No internet,No internet service,No internet service,No internet service,One year,Yes,Mailed check,26.84,656.21,0,13-24 months,Low (<40),4,13.4,2.75
TC-01599,Male,0,Yes,No,10,Yes,DSL,No,Yes,Yes,Month-to-month,No,Bank transfer,76.86,767.17,0,0-12 months,Medium (40-79),1,7.4,2.0
TC-01600,Male,0,No,Yes,69,Yes,No internet,No internet service,No internet service,No internet service,Two year,Yes,Electronic check,26.68,1855.68,0,49+ months,Low (<40),0,,
TC-01601,Female,0,Yes,No,72,Yes,DSL,No,No,No,Two year,No,Electronic check,64.2,4654.27,0,49+ months,Medium (40-79),0,,
TC-01602,Female,0,No,Yes,7,Yes,DSL,Yes,No,No,Month-to-month,Yes,Credit card,57.3,404.26,0,0-12 months,Medium (40-79),0,,
TC-01603,Female,0,No,Yes,6,Yes,Fiber optic,No,No,Yes,Month-to-month,Yes,Bank transfer,84.99,503.99,0,0-12 months,High (80+),1,20.0,3.0
TC-01604,Male,1,No,No,39,Yes,No internet,No internet service,No internet service,No internet service,Month-to-month,Yes,Mailed check,20.66,805.76,0,25-48 months,Low (<40),0,,
TC-01605,Female,0,Yes,No,23,Yes,Fiber optic,Yes,Yes,Yes,Month-to-month,No,Credit card,90.72,2112.14,0,13-24 months,High (80+),2,14.6,3.5
TC-01606,Male,0,No,Yes,14,Yes,Fiber optic,Yes,No,Yes,Month-to-month,Yes,Credit card,106.7,1474.15,0,13-24 months,High (80+),1,19.8,3.0
TC-01607,Male,0,Yes,No,10,Yes,Fiber optic,No,Yes,Yes,Month-to-month,Yes,Mailed check,101.03,1018.35,0,0-12 months,High (80+),0,,
TC-01608,Male,0,No,No,13,Yes,No internet,No internet service,No internet service,No internet service,Month-to-month,No,Credit card,20.03,267.22,0,13-24 months,Low (<40),1,21.0,3.0
TC-01609,Female,0,No,No,6,Yes,No internet,No internet service,No internet service,No internet service,Month-to-month,Yes,Bank transfer,18.0,106.98,0,0-12 months,Low (<40),0,,
TC-01610,Male,0,No,Yes,32,Yes,No internet,No internet service,No internet service,No internet service,Month-to-month,No,Electronic check,18.0,579.28,0,25-48 months,Low (<40),2,22.6,4.0
TC-01611,Female,0,Yes,Yes,18,Yes,DSL,Yes,Yes,No,Month-to-month,No,Electronic check,78.18,1381.01,0,13-24 months,Medium (40-79),2,33.5,3.0
TC-01612,Male,0,Yes,No,20,Yes,DSL,No,No,No,Month-to-month,No,Mailed check,61.88,1201.91,0,13-24 months,Medium (40-79),2,17.6,3.5
TC-01613,Female,0,No,No,72,Yes,Fiber optic,No,Yes,No,Month-to-month,Yes,Credit card,83.57,5977.15,0,49+ months,High (80+),1,15.7,2.0
TC-01614,Male,0,No,No,4,Yes,Fiber optic,No,No,Yes,One year,No,Electronic check,87.89,344.53,0,0-12 months,High (80+),2,16.9,3.5
TC-01615,Female,0,No,No,5,Yes,No internet,No internet service,No internet service,No internet service,Month-to-month,Yes,Mailed check,31.28,159.77,1,0-12 months,Low (<40),0,,
TC-01616,Female,1,Yes,Yes,9,Yes,No internet,No internet service,No internet service,No internet service,Month-to-month,Yes,Mailed check,23.95,213.56,0,0-12 months,Low (<40),0,,
TC-01617,Male,1,No,No,68,Yes,DSL,Yes,No,No,Two year,No,Bank transfer,61.04,4072.62,0,49+ months,Medium (40-79),2,17.5,4.0
TC-01618,Male,0,Yes,Yes,40,Yes,No internet,No internet service,No internet service,No internet service,Month-to-month,No,Credit card,24.62,985.91,0,25-48 months,Low (<40),3,23.1,2.67
TC-01619,Female,0,No,Yes,19,Yes,Fiber optic,No,No,No,Month-to-month,No,Electronic check,85.51,1589.01,1,13-24 months,High (80+),0,,
TC-01620,Male,1,No,No,23,Yes,No internet,No internet service,No internet service,No internet service,One year,Yes,Credit card,18.0,406.76,0,13-24 months,Low (<40),2,29.0,4.0
TC-01621,Female,0,No,No,53,No,DSL,No,Yes,No,One year,Yes,Bank transfer,74.14,4016.62,0,49+ months,Medium (40-79),1,33.9,2.0
TC-01622,Female,0,No,Yes,72,Yes,Fiber optic,No,No,No,Two year,No,Bank transfer,92.02,6430.18,0,49+ months,High (80+),0,,
TC-01623,Male,0,No,No,58,Yes,DSL,Yes,No,No,Two year,Yes,Credit card,64.11,3747.07,0,49+ months,Medium (40-79),2,16.1,3.0
TC-01624,Female,1,No,Yes,28,Yes,Fiber optic,Yes,No,Yes,One year,No,Credit card,86.01,2459.85,0,25-48 months,High (80+),3,34.5,3.67
TC-01625,Male,0,No,No,20,Yes,Fiber optic,Yes,No,No,One year,No,Electronic check,94.88,1888.29,0,13-24 months,High (80+),1,16.5,3.0
TC-01626,Male,0,Yes,Yes,18,Yes,DSL,No,No,Yes,Month-to-month,No,Electronic check,63.74,1176.53,1,13-24 months,Medium (40-79),2,14.8,3.0
TC-01627,Female,0,No,Yes,17,No,Fiber optic,No,No,No,One year,No,Electronic check,88.71,1505.31,1,13-24 months,High (80+),2,27.5,3.0
TC-01628,Female,0,No,Yes,4,Yes,DSL,No,Yes,No,Month-to-month,Yes,Credit card,66.25,264.75,0,0-12 months,Medium (40-79),1,10.0,3.0
TC-01629,Male,0,Yes,No,11,No,DSL,No,No,Yes,Month-to-month,No,Bank transfer,57.24,637.91,0,0-12 months,Medium (40-79),0,,
TC-01630,Female,0,Yes,No,14,Yes,Fiber optic,No,No,Yes,Month-to-month,No,Credit card,96.94,1321.75,1,13-24 months,High (80+),2,15.1,3.5
TC-01631,Male,1,Yes,No,11,Yes,DSL,No,Yes,No,Month-to-month,No,Bank transfer,60.83,667.55,0,0-12 months,Medium (40-79),1,24.4,3.0
TC-01632,Male,0,Yes,No,9,Yes,Fiber optic,No,Yes,No,Month-to-month,Yes,Credit card,83.89,774.93,1,0-12 months,High (80+),0,,
TC-01633,Male,1,No,No,36,Yes,DSL,No,No,No,One year,Yes,Credit card,62.66,2313.49,0,25-48 months,Medium (40-79),0,,
TC-01634,Female,0,No,Yes,16,Yes,No internet,No internet service,No internet service,No internet service,One year,No,Electronic check,20.56,326.1,0,13-24 months,Low (<40),0,,
TC-01635,Male,1,Yes,No,23,Yes,No internet,No internet service,No internet service,No internet service,Two year,No,Mailed check,30.7,702.07,0,13-24 months,Low (<40),0,,
TC-01636,Female,1,Yes,Yes,35,No,Fiber optic,No,No,Yes,Month-to-month,No,Credit card,97.47,3452.01,0,25-48 months,High (80+),1,28.3,5.0
TC-01637,Male,0,Yes,No,28,Yes,DSL,Yes,No,No,One year,No,Electronic check,54.71,1541.32,0,25-48 months,Medium (40-79),2,12.0,4.5
TC-01638,Male,0,No,Yes,68,Yes,DSL,No,No,Yes,Two year,Yes,Bank transfer,68.17,4645.36,0,49+ months,Medium (40-79),1,6.1,5.0
TC-01639,Male,0,No,No,22,Yes,DSL,No,No,Yes,Month-to-month,Yes,Electronic check,60.55,1346.8,1,13-24 months,Medium (40-79),0,,
TC-01640,Female,0,Yes,No,60,Yes,Fiber optic,No,No,Yes,Month-to-month,No,Electronic check,96.85,5661.59,1,49+ months,High (80+),5,21.0,2.8
TC-01641,Male,0,No,No,32,Yes,Fiber optic,No,No,Yes,Month-to-month,Yes,Credit card,93.93,2989.68,0,25-48 months,High (80+),3,23.6,3.67
TC-01642,Female,1,Yes,No,37,Yes,Fiber optic,No,Yes,Yes,Month-to-month,Yes,Credit card,107.29,3930.99,0,25-48 months,High (80+),2,17.9,3.0
TC-01643,Female,0,No,No,41,Yes,Fiber optic,Yes,Yes,Yes,Month-to-month,No,Bank transfer,102.32,4135.0,0,25-48 months,High (80+),1,12.2,3.0
TC-01644,Male,0,No,No,22,Yes,Fiber optic,No,No,Yes,Month-to-month,No,Mailed check,85.62,1850.68,1,13-24 months,High (80+),1,12.4,4.0
TC-01645,Female,0,Yes,Yes,8,Yes,Fiber optic,No,No,No,Month-to-month,No,Credit card,81.7,642.06,1,0-12 months,High (80+),1,29.8,3.0
TC-01646,Female,0,Yes,No,29,No,Fiber optic,No,No,No,One year,No,Bank transfer,79.4,2369.02,0,25-48 months,Medium (40-79),1,15.1,3.0
TC-01647,Male,0,Yes,No,5,Yes,DSL,No,No,No,Month-to-month,Yes,Bank transfer,42.19,205.27,0,0-12 months,Medium (40-79),0,,
TC-01648,Male,0,Yes,No,49,Yes,Fiber optic,No,No,Yes,One year,Yes,Bank transfer,87.62,4304.41,0,49+ months,High (80+),0,,
TC-01649,Female,0,No,No,25,Yes,Fiber optic,No,No,No,Month-to-month,Yes,Electronic check,93.61,2333.13,0,25-48 months,High (80+),1,23.0,2.0
TC-01650,Female,1,No,No,70,Yes,Fiber optic,No,No,Yes,One year,No,Electronic check,83.54,6006.5,1,49+ months,High (80+),4,12.9,2.75
TC-01651,Female,0,Yes,No,42,Yes,No internet,No internet service,No internet service,No internet service,One year,No,Mailed check,25.09,1035.68,0,25-48 months,Low (<40),1,15.7,4.0
TC-01652,Female,0,Yes,Yes,46,Yes,Fiber optic,No,No,No,One year,Yes,Mailed check,80.02,3693.77,0,25-48 months,High (80+),3,16.9,3.67
TC-01653,Female,0,Yes,Yes,58,Yes,Fiber optic,Yes,No,Yes,Month-to-month,No,Bank transfer,102.86,5879.45,0,49+ months,High (80+),3,7.5,3.67
TC-01654,Male,0,No,No,54,Yes,Fiber optic,No,No,No,Two year,No,Bank transfer,85.87,4741.87,0,49+ months,High (80+),1,9.2,5.0
TC-01655,Male,0,No,No,39,Yes,DSL,No,No,Yes,One year,Yes,Mailed check,64.6,2565.39,1,25-48 months,Medium (40-79),0,,
TC-01656,Male,0,No,No,5,Yes,Fiber optic,No,Yes,No,Month-to-month,Yes,Mailed check,78.5,385.34,1,0-12 months,Medium (40-79),2,18.3,1.5
TC-01657,Male,0,No,Yes,18,Yes,DSL,No,No,Yes,Month-to-month,No,Electronic check,58.5,1037.93,0,13-24 months,Medium (40-79),2,44.6,3.0
TC-01658,Male,0,Yes,No,17,Yes,No internet,No internet service,No internet service,No internet service,Month-to-month,Yes,Electronic check,18.0,305.12,0,13-24 months,Low (<40),0,,
TC-01659,Male,0,Yes,No,18,Yes,DSL,No,No,Yes,Month-to-month,No,Credit card,80.06,1444.69,0,13-24 months,High (80+),0,,
TC-01660,Male,1,No,No,44,Yes,No internet,No internet service,No internet service,No internet service,Month-to-month,Yes,Electronic check,33.18,1433.62,0,25-48 months,Low (<40),0,,
TC-01661,Female,0,Yes,Yes,8,Yes,No internet,No internet service,No internet service,No internet service,Month-to-month,No,Mailed check,18.0,143.91,0,0-12 months,Low (<40),0,,
TC-01662,Female,1,No,No,23,Yes,DSL,No,No,Yes,Month-to-month,No,Bank transfer,67.34,1524.67,0,13-24 months,Medium (40-79),1,18.0,5.0
TC-01663,Female,0,No,No,56,Yes,DSL,Yes,Yes,Yes,Two year,No,Electronic check,66.21,3597.78,0,49+ months,Medium (40-79),0,,
TC-01664,Male,0,Yes,No,12,Yes,DSL,No,No,No,Month-to-month,Yes,Credit card,55.17,649.96,0,0-12 months,Medium (40-79),0,,
TC-01665,Female,0,Yes,Yes,46,Yes,Fiber optic,Yes,No,No,Month-to-month,Yes,Bank transfer,100.53,4655.92,0,25-48 months,High (80+),3,20.1,4.0
TC-01666,Male,0,No,No,4,Yes,No internet,No internet service,No internet service,No internet service,Month-to-month,Yes,Bank transfer,28.51,111.03,0,0-12 months,Low (<40),3,20.3,4.67
TC-01667,Male,0,Yes,No,30,Yes,Fiber optic,No,No,Yes,Month-to-month,Yes,Bank transfer,96.31,2894.03,1,25-48 months,High (80+),2,9.1,1.5
TC-01668,Male,0,Yes,No,11,No,Fiber optic,Yes,Yes,Yes,Month-to-month,No,Electronic check,91.24,974.7,0,0-12 months,High (80+),0,,
TC-01669,Male,0,Yes,No,61,Yes,No internet,No internet service,No internet service,No internet service,Two year,No,Mailed check,18.0,1067.31,0,49+ months,Low (<40),0,,
TC-01670,Male,0,No,Yes,9,Yes,DSL,No,No,Yes,Month-to-month,Yes,Electronic check,59.21,539.06,1,0-12 months,Medium (40-79),1,10.9,3.0
TC-01671,Female,0,No,No,24,No,Fiber optic,No,No,Yes,Month-to-month,No,Bank transfer,109.27,2580.16,1,13-24 months,High (80+),2,10.5,2.5
TC-01672,Female,1,Yes,No,25,Yes,Fiber optic,No,No,Yes,Month-to-month,Yes,Electronic check,93.19,2309.5,1,25-48 months,High (80+),3,28.6,3.33
TC-01673,Female,1,No,No,33,Yes,No internet,No internet service,No internet service,No internet service,Month-to-month,Yes,Electronic check,30.6,1038.83,0,25-48 months,Low (<40),0,,
TC-01674,Female,0,No,No,72,Yes,Fiber optic,No,No,Yes,Two year,Yes,Bank transfer,96.46,6961.67,0,49+ months,High (80+),2,9.5,3.5
TC-01675,Female,0,No,Yes,41,Yes,Fiber optic,No,No,No,Two year,Yes,Bank transfer,83.85,3536.91,0,25-48 months,High (80+),2,24.0,4.0
TC-01676,Male,0,Yes,No,38,Yes,No internet,No internet service,No internet service,No internet service,Month-to-month,Yes,Credit card,18.0,700.81,0,25-48 months,Low (<40),2,9.4,3.0
TC-01677,Female,1,Yes,No,9,Yes,No internet,No internet service,No internet service,No internet service,Month-to-month,No,Bank transfer,32.29,282.62,0,0-12 months,Low (<40),1,21.2,2.0
TC-01678,Male,0,No,Yes,25,Yes,Fiber optic,Yes,No,Yes,Month-to-month,Yes,Electronic check,98.08,2484.56,0,25-48 months,High (80+),2,12.9,2.5
TC-01679,Female,1,No,No,8,Yes,Fiber optic,No,No,Yes,Month-to-month,Yes,Electronic check,97.09,780.51,1,0-12 months,High (80+),1,2.9,3.0
TC-01680,Male,1,Yes,No,47,Yes,Fiber optic,Yes,Yes,Yes,One year,No,Bank transfer,104.55,4914.9,0,25-48 months,High (80+),2,17.9,4.0
TC-01681,Female,0,No,No,58,Yes,No internet,No internet service,No internet service,No internet service,Two year,No,Mailed check,18.0,1058.13,0,49+ months,Low (<40),1,11.4,5.0
TC-01682,Male,1,Yes,No,37,Yes,Fiber optic,No,No,No,One year,No,Credit card,89.71,3321.74,0,25-48 months,High (80+),0,,
TC-01683,Male,0,Yes,Yes,13,Yes,No internet,No internet service,No internet service,No internet service,One year,No,Bank transfer,18.0,232.28,0,13-24 months,Low (<40),0,,
TC-01684,Male,0,No,No,17,Yes,No internet,No internet service,No internet service,No internet service,Month-to-month,No,Electronic check,23.07,383.65,0,13-24 months,Low (<40),0,,
TC-01685,Male,0,Yes,No,20,Yes,Fiber optic,No,No,No,Month-to-month,No,Electronic check,77.99,1551.31,1,13-24 months,Medium (40-79),2,24.9,2.5
TC-01686,Male,0,No,No,15,Yes,No internet,No internet service,No internet service,No internet service,Month-to-month,Yes,Bank transfer,18.0,263.45,0,13-24 months,Low (<40),1,21.3,2.0
TC-01687,Female,0,No,Yes,17,Yes,DSL,No,No,Yes,One year,Yes,Bank transfer,74.43,1269.53,0,13-24 months,Medium (40-79),1,4.2,4.0
TC-01688,Male,0,No,Yes,30,Yes,DSL,No,No,No,Month-to-month,No,Electronic check,64.13,1913.64,0,25-48 months,Medium (40-79),0,,
TC-01689,Female,0,Yes,No,20,Yes,Fiber optic,No,Yes,No,Month-to-month,Yes,Credit card,90.77,1855.31,0,13-24 months,High (80+),2,8.3,4.0
TC-01690,Male,0,Yes,No,67,Yes,No internet,No internet service,No internet service,No internet service,Two year,No,Electronic check,18.0,1178.91,0,49+ months,Low (<40),1,31.9,4.0
TC-01691,Female,0,No,No,7,Yes,Fiber optic,No,No,Yes,Month-to-month,Yes,Credit card,85.52,580.69,1,0-12 months,High (80+),2,15.8,4.0
TC-01692,Male,0,No,No,9,Yes,DSL,Yes,Yes,Yes,Month-to-month,No,Electronic check,79.18,695.05,1,0-12 months,Medium (40-79),1,9.1,3.0
TC-01693,Female,0,Yes,No,1,Yes,No internet,No internet service,No internet service,No internet service,Month-to-month,Yes,Electronic check,18.0,17.66,1,0-12 months,Low (<40),1,9.8,4.0
TC-01694,Male,0,No,No,72,Yes,Fiber optic,Yes,No,Yes,Two year,Yes,Credit card,119.63,8529.28,0,49+ months,High (80+),4,21.8,3.75
TC-01695,Female,0,Yes,No,12,Yes,DSL,Yes,Yes,Yes,Month-to-month,No,Mailed check,69.63,845.93,0,0-12 months,Medium (40-79),1,8.0,2.0
TC-01696,Female,0,Yes,No,23,Yes,Fiber optic,No,Yes,No,Month-to-month,Yes,Electronic check,86.44,1981.46,0,13-24 months,High (80+),1,11.8,5.0
TC-01697,Female,0,Yes,No,8,Yes,DSL,No,No,No,Month-to-month,No,Electronic check,66.8,538.42,1,0-12 months,Medium (40-79),0,,
TC-01698,Male,0,No,No,14,Yes,No internet,No internet service,No internet service,No internet service,One year,Yes,Mailed check,28.49,389.64,0,13-24 months,Low (<40),1,26.2,4.0
TC-01699,Male,0,Yes,No,17,Yes,Fiber optic,Yes,No,No,Month-to-month,No,Electronic check,94.27,1648.87,1,13-24 months,High (80+),0,,
TC-01700,Male,0,No,No,17,Yes,DSL,No,No,Yes,Two year,Yes,Credit card,72.62,1266.99,0,13-24 months,Medium (40-79),0,,
TC-01701,Male,0,Yes,Yes,21,Yes,Fiber optic,No,No,No,Month-to-month,Yes,Electronic check,91.97,1940.09,0,13-24 months,High (80+),2,6.1,3.5
TC-01702,Female,0,Yes,No,27,No,Fiber optic,No,Yes,Yes,One year,No,Bank transfer,100.19,2676.24,1,25-48 months,High (80+),0,,
TC-01703,Male,1,Yes,No,15,Yes,Fiber optic,No,No,No,Month-to-month,No,Bank transfer,82.26,1247.23,0,13-24 months,High (80+),1,12.2,2.0
TC-01704,Male,0,Yes,No,11,Yes,Fiber optic,No,Yes,No,Two year,Yes,Electronic check,89.12,990.44,0,0-12 months,High (80+),1,11.0,4.0
TC-01705,Male,1,Yes,No,18,Yes,DSL,No,No,No,Month-to-month,Yes,Bank transfer,60.08,1074.26,1,13-24 months,Medium (40-79),3,3.8,3.0
TC-01706,Male,0,No,Yes,22,Yes,Fiber optic,Yes,Yes,No,One year,Yes,Bank transfer,97.98,2106.88,1,13-24 months,High (80+),1,5.8,2.0
TC-01707,Female,0,Yes,No,72,Yes,Fiber optic,Yes,No,No,Two year,Yes,Bank transfer,97.81,6888.69,0,49+ months,High (80+),2,16.0,3.0
TC-01708,Male,0,Yes,No,22,Yes,No internet,No internet service,No internet service,No internet service,Month-to-month,Yes,Bank transfer,26.32,583.93,0,13-24 months,Low (<40),1,31.1,3.0
TC-01709,Female,0,No,No,8,Yes,Fiber optic,No,No,No,Month-to-month,No,Electronic check,92.02,731.2,0,0-12 months,High (80+),0,,
TC-01710,Female,0,No,Yes,23,Yes,DSL,Yes,No,No,One year,No,Electronic check,60.57,1419.69,0,13-24 months,Medium (40-79),0,,
TC-01711,Female,0,No,No,21,No,Fiber optic,No,No,No,Month-to-month,Yes,Electronic check,80.6,1659.53,1,13-24 months,High (80+),1,31.8,3.0
TC-01712,Male,0,No,No,10,Yes,No internet,No internet service,No internet service,No internet service,Month-to-month,No,Mailed check,18.0,176.74,0,0-12 months,Low (<40),1,50.7,5.0
TC-01713,Female,1,Yes,No,72,Yes,No internet,No internet service,No internet service,No internet service,Two year,Yes,Credit card,20.84,1495.23,0,49+ months,Low (<40),2,22.7,3.5
TC-01714,Male,0,Yes,Yes,4,Yes,Fiber optic,No,No,Yes,Month-to-month,Yes,Electronic check,84.3,327.47,1,0-12 months,High (80+),0,,
TC-01715,Female,0,Yes,No,44,Yes,DSL,Yes,No,No,Month-to-month,Yes,Mailed check,58.34,2633.37,0,25-48 months,Medium (40-79),1,37.7,5.0
TC-01716,Male,0,No,Yes,1,Yes,Fiber optic,No,No,No,Month-to-month,No,Credit card,88.08,85.54,0,0-12 months,High (80+),2,10.7,3.0
TC-01717,Male,0,Yes,No,7,Yes,DSL,Yes,No,Yes,Month-to-month,Yes,Electronic check,68.5,466.98,1,0-12 months,Medium (40-79),3,16.7,2.33
TC-01718,Male,1,Yes,Yes,72,Yes,DSL,No,No,Yes,Month-to-month,Yes,Credit card,59.08,4256.98,0,49+ months,Medium (40-79),1,37.7,2.0
TC-01719,Female,0,Yes,No,32,No,Fiber optic,No,Yes,No,Month-to-month,Yes,Credit card,80.93,2619.15,0,25-48 months,High (80+),1,25.8,3.0
TC-01720,Male,0,No,No,53,Yes,No internet,No internet service,No internet service,No internet service,Month-to-month,No,Electronic check,18.0,961.47,0,49+ months,Low (<40),1,16.0,3.0
TC-01721,Male,0,Yes,No,25,Yes,Fiber optic,No,No,Yes,Month-to-month,Yes,Electronic check,87.37,2242.05,1,25-48 months,High (80+),1,17.0,3.0
TC-01722,Female,0,No,No,18,Yes,Fiber optic,No,Yes,No,Month-to-month,Yes,Credit card,101.09,1873.59,1,13-24 months,High (80+),0,,
TC-01723,Male,0,Yes,No,71,Yes,No internet,No internet service,No internet service,No internet service,Two year,Yes,Credit card,32.15,2253.67,0,49+ months,Low (<40),0,,
TC-01724,Male,0,Yes,Yes,4,Yes,No internet,No internet service,No internet service,No internet service,Month-to-month,No,Credit card,34.55,135.84,0,0-12 months,Low (<40),0,,
TC-01725,Female,0,Yes,No,8,Yes,Fiber optic,No,Yes,No,Month-to-month,No,Electronic check,87.62,680.59,0,0-12 months,High (80+),0,,
TC-01726,Female,0,No,No,6,Yes,Fiber optic,No,No,No,Month-to-month,Yes,Mailed check,78.17,457.38,1,0-12 months,Medium (40-79),1,27.8,4.0
TC-01727,Female,0,Yes,No,5,Yes,Fiber optic,No,No,No,Month-to-month,Yes,Electronic check,80.12,403.14,1,0-12 months,High (80+),1,28.2,2.0
TC-01728,Female,1,No,Yes,72,Yes,Fiber optic,No,No,No,Month-to-month,Yes,Electronic check,75.9,5388.02,1,49+ months,Medium (40-79),5,20.2,3.2
TC-01729,Female,1,No,No,7,Yes,No internet,No internet service,No internet service,No internet service,Month-to-month,Yes,Mailed check,22.5,157.97,0,0-12 months,Low (<40),3,20.7,3.0
TC-01730,Female,0,No,No,34,Yes,DSL,Yes,No,Yes,Month-to-month,No,Credit card,66.55,2197.11,0,25-48 months,Medium (40-79),2,17.6,3.0
TC-01731,Male,1,No,No,28,No,Fiber optic,Yes,No,Yes,One year,Yes,Electronic check,105.06,2873.19,0,25-48 months,High (80+),1,9.4,4.0
TC-01732,Male,0,No,No,28,Yes,DSL,Yes,Yes,Yes,Two year,No,Credit card,70.45,1916.0,0,25-48 months,Medium (40-79),1,6.7,3.0
TC-01733,Male,0,Yes,No,65,No,Fiber optic,Yes,No,No,Two year,Yes,Electronic check,91.16,5753.82,0,49+ months,High (80+),0,,
TC-01734,Female,0,Yes,Yes,5,Yes,Fiber optic,Yes,No,Yes,Month-to-month,Yes,Electronic check,79.19,404.55,1,0-12 months,Medium (40-79),1,16.0,2.0
TC-01735,Female,0,No,Yes,13,Yes,DSL,No,Yes,Yes,Month-to-month,Yes,Mailed check,69.56,911.63,0,13-24 months,Medium (40-79),0,,
TC-01736,Male,0,Yes,No,44,Yes,Fiber optic,No,No,No,Month-to-month,Yes,Bank transfer,84.23,3762.76,1,25-48 months,High (80+),1,8.4,5.0
TC-01737,Female,0,Yes,No,40,Yes,DSL,No,Yes,Yes,Month-to-month,Yes,Credit card,72.2,2967.17,0,25-48 months,Medium (40-79),0,,
TC-01738,Female,1,Yes,No,63,Yes,Fiber optic,Yes,Yes,Yes,Two year,Yes,Electronic check,100.22,6346.21,0,49+ months,High (80+),1,7.8,3.0
TC-01739,Female,0,No,No,58,Yes,DSL,No,No,No,Month-to-month,Yes,Credit card,57.99,3279.98,0,49+ months,Medium (40-79),1,5.3,4.0
TC-01740,Male,0,No,No,50,Yes,No internet,No internet service,No internet service,No internet service,Month-to-month,Yes,Bank transfer,22.32,1120.65,0,49+ months,Low (<40),1,19.4,4.0
TC-01741,Female,0,No,No,33,Yes,Fiber optic,No,No,No,One year,Yes,Bank transfer,85.51,2779.75,0,25-48 months,High (80+),2,29.6,4.5
TC-01742,Male,0,Yes,No,31,Yes,DSL,No,No,Yes,One year,Yes,Electronic check,76.83,2376.24,1,25-48 months,Medium (40-79),2,9.2,3.5
TC-01743,Female,0,No,Yes,8,Yes,Fiber optic,No,No,No,Month-to-month,Yes,Electronic check,82.74,671.78,1,0-12 months,High (80+),2,19.0,4.5
TC-01744,Male,0,Yes,No,57,Yes,DSL,No,Yes,No,Two year,No,Bank transfer,69.06,3905.49,0,49+ months,Medium (40-79),0,,
TC-01745,Male,1,No,No,15,Yes,Fiber optic,Yes,No,No,Month-to-month,No,Credit card,99.82,1536.98,1,13-24 months,High (80+),1,22.4,3.0
TC-01746,Male,0,No,Yes,72,Yes,DSL,No,Yes,Yes,One year,Yes,Electronic check,79.3,5588.38,0,49+ months,Medium (40-79),0,,
TC-01747,Male,0,No,No,24,Yes,Fiber optic,No,No,Yes,Month-to-month,Yes,Bank transfer,97.99,2404.29,0,13-24 months,High (80+),0,,
TC-01748,Male,0,Yes,No,63,Yes,DSL,Yes,No,Yes,Two year,No,Electronic check,75.78,4660.69,0,49+ months,Medium (40-79),0,,
TC-01749,Female,0,No,No,30,Yes,Fiber optic,Yes,No,No,Month-to-month,Yes,Credit card,99.14,2933.97,1,25-48 months,High (80+),0,,
TC-01750,Female,0,No,Yes,51,No,DSL,No,No,No,Month-to-month,No,Electronic check,67.62,3369.21,0,49+ months,Medium (40-79),1,65.9,5.0
TC-01751,Female,0,Yes,Yes,37,Yes,DSL,No,No,Yes,Two year,Yes,Electronic check,63.45,2414.2,0,25-48 months,Medium (40-79),0,,
TC-01752,Male,0,No,Yes,39,Yes,Fiber optic,Yes,Yes,No,Two year,Yes,Electronic check,94.61,3653.26,0,25-48 months,High (80+),0,,
TC-01753,Male,0,Yes,Yes,49,Yes,Fiber optic,No,Yes,Yes,Two year,Yes,Electronic check,109.91,5490.51,0,49+ months,High (80+),0,,
TC-01754,Male,1,No,No,72,Yes,No internet,No internet service,No internet service,No internet service,Two year,Yes,Credit card,25.36,1805.54,0,49+ months,Low (<40),0,,
TC-01755,Female,1,Yes,No,18,Yes,Fiber optic,Yes,No,No,Month-to-month,No,Electronic check,82.09,1480.18,1,13-24 months,High (80+),2,17.9,3.0
TC-01756,Male,0,No,No,40,Yes,Fiber optic,Yes,No,Yes,Month-to-month,No,Mailed check,100.44,4070.26,0,25-48 months,High (80+),2,11.6,3.0
TC-01757,Female,0,Yes,No,1,Yes,DSL,No,No,No,Month-to-month,Yes,Bank transfer,63.8,62.12,0,0-12 months,Medium (40-79),1,20.6,2.0
TC-01758,Female,0,No,Yes,2,Yes,Fiber optic,Yes,Yes,No,Month-to-month,Yes,Electronic check,99.01,202.26,1,0-12 months,High (80+),2,9.2,2.5
TC-01759,Male,0,Yes,Yes,36,Yes,Fiber optic,No,No,Yes,Two year,Yes,Electronic check,94.94,3324.55,0,25-48 months,High (80+),0,,
TC-01760,Female,0,No,Yes,9,Yes,DSL,Yes,No,Yes,Month-to-month,Yes,Electronic check,71.29,644.3,1,0-12 months,Medium (40-79),3,7.0,2.0
TC-01761,Female,0,Yes,No,15,Yes,Fiber optic,No,No,No,Month-to-month,Yes,Mailed check,83.3,1279.16,1,13-24 months,High (80+),1,32.8,2.0
TC-01762,Female,0,Yes,Yes,24,Yes,DSL,No,No,No,Month-to-month,Yes,Mailed check,50.38,1241.88,0,13-24 months,Medium (40-79),1,18.4,1.0
TC-01763,Male,0,No,No,57,Yes,No internet,No internet service,No internet service,No internet service,Month-to-month,Yes,Credit card,25.88,1450.72,0,49+ months,Low (<40),2,7.0,3.5
TC-01764,Female,0,Yes,No,34,Yes,Fiber optic,No,No,Yes,Month-to-month,Yes,Electronic check,96.88,3294.21,1,25-48 months,High (80+),1,8.9,2.0
TC-01765,Female,0,Yes,Yes,35,Yes,Fiber optic,No,No,No,Month-to-month,Yes,Bank transfer,80.31,2805.1,1,25-48 months,High (80+),5,24.0,3.0
TC-01766,Male,0,Yes,No,51,Yes,DSL,No,No,No,Two year,Yes,Bank transfer,53.03,2727.74,0,49+ months,Medium (40-79),0,,
TC-01767,Female,0,No,No,33,Yes,No internet,No internet service,No internet service,No internet service,One year,Yes,Mailed check,18.0,601.01,0,25-48 months,Low (<40),1,14.8,4.0
TC-01768,Male,0,No,No,24,Yes,Fiber optic,No,No,No,Month-to-month,No,Electronic check,83.01,2051.15,1,13-24 months,High (80+),5,19.4,3.2
TC-01769,Female,0,No,No,27,Yes,Fiber optic,No,No,Yes,Two year,No,Credit card,106.74,2908.42,0,25-48 months,High (80+),1,24.7,4.0
TC-01770,Female,0,Yes,No,13,Yes,No internet,No internet service,No internet service,No internet service,Two year,Yes,Bank transfer,23.28,309.59,0,13-24 months,Low (<40),0,,
TC-01771,Female,0,No,No,26,Yes,DSL,No,Yes,Yes,Month-to-month,No,Credit card,76.1,2012.24,0,25-48 months,Medium (40-79),2,22.0,4.0
TC-01772,Male,0,Yes,Yes,72,Yes,Fiber optic,Yes,No,Yes,Two year,Yes,Mailed check,99.75,7025.56,0,49+ months,High (80+),2,11.8,4.5
TC-01773,Male,0,No,No,26,Yes,No internet,No internet service,No internet service,No internet service,Two year,No,Mailed check,23.31,612.39,0,25-48 months,Low (<40),2,18.5,4.5
TC-01774,Male,0,Yes,No,72,Yes,DSL,No,No,No,One year,No,Bank transfer,57.56,4124.35,0,49+ months,Medium (40-79),1,9.1,3.0
TC-01775,Male,1,Yes,No,55,Yes,No internet,No internet service,No internet service,No internet service,Month-to-month,Yes,Electronic check,18.0,985.13,0,49+ months,Low (<40),1,24.7,5.0
TC-01776,Female,0,No,No,37,Yes,Fiber optic,No,Yes,No,Two year,No,Mailed check,98.02,3706.36,0,25-48 months,High (80+),1,19.8,2.0
TC-01777,Male,0,Yes,No,27,Yes,No internet,No internet service,No internet service,No internet service,Two year,No,Mailed check,26.93,709.11,0,25-48 months,Low (<40),1,5.6,3.0
TC-01778,Male,1,No,Yes,44,Yes,Fiber optic,No,Yes,Yes,Month-to-month,No,Electronic check,103.43,4537.87,0,25-48 months,High (80+),0,,
TC-01779,Male,0,Yes,Yes,8,Yes,Fiber optic,No,No,No,Month-to-month,No,Credit card,89.1,721.11,1,0-12 months,High (80+),2,10.4,2.0
TC-01780,Female,0,No,Yes,37,Yes,Fiber optic,Yes,Yes,No,Two year,No,Mailed check,102.87,3717.92,0,25-48 months,High (80+),0,,
TC-01781,Female,0,Yes,Yes,28,Yes,No internet,No internet service,No internet service,No internet service,One year,Yes,Bank transfer,19.49,532.65,0,25-48 months,Low (<40),0,,
TC-01782,Male,0,No,No,1,Yes,Fiber optic,Yes,No,No,Month-to-month,Yes,Bank transfer,95.63,97.31,0,0-12 months,High (80+),1,6.2,4.0
TC-01783,Male,0,Yes,No,23,Yes,No internet,No internet service,No internet service,No internet service,One year,Yes,Electronic check,40.53,939.99,0,13-24 months,Medium (40-79),2,1.3,4.5
TC-01784,Female,0,Yes,No,4,Yes,No internet,No internet service,No internet service,No internet service,Month-to-month,Yes,Bank transfer,33.25,133.0,1,0-12 months,Low (<40),2,18.1,2.0
TC-01785,Female,0,Yes,No,21,Yes,Fiber optic,No,Yes,Yes,Two year,Yes,Mailed check,101.83,2179.06,0,13-24 months,High (80+),1,10.9,4.0
TC-01786,Female,1,No,No,31,Yes,Fiber optic,No,Yes,No,Month-to-month,Yes,Electronic check,79.82,2480.76,1,25-48 months,Medium (40-79),3,26.6,2.67
TC-01787,Female,0,Yes,No,25,Yes,DSL,No,No,Yes,Month-to-month,No,Bank transfer,49.98,1286.95,0,25-48 months,Medium (40-79),2,7.9,3.0
TC-01788,Male,0,Yes,Yes,37,No,DSL,No,No,Yes,Month-to-month,Yes,Credit card,64.19,2379.9,0,25-48 months,Medium (40-79),1,22.0,5.0
TC-01789,Male,0,Yes,No,7,Yes,No internet,No internet service,No internet service,No internet service,Month-to-month,Yes,Credit card,26.73,188.42,1,0-12 months,Low (<40),1,2.5,4.0
TC-01790,Female,0,No,Yes,26,Yes,No internet,No internet service,No internet service,No internet service,Two year,Yes,Mailed check,19.81,526.89,0,25-48 months,Low (<40),1,7.9,4.0
TC-01791,Male,0,Yes,No,9,Yes,Fiber optic,Yes,Yes,No,Month-to-month,No,Credit card,98.37,868.72,1,0-12 months,High (80+),2,12.3,2.0
TC-01792,Male,0,Yes,No,17,Yes,No internet,No internet service,No internet service,No internet service,Month-to-month,No,Electronic check,26.64,442.42,0,13-24 months,Low (<40),0,,
TC-01793,Male,0,No,No,21,Yes,Fiber optic,Yes,No,Yes,Two year,Yes,Bank transfer,106.33,2240.79,0,13-24 months,High (80+),0,,
TC-01794,Male,0,No,No,4,Yes,No internet,No internet service,No internet service,No internet service,Month-to-month,No,Credit card,32.13,130.36,0,0-12 months,Low (<40),1,9.4,3.0
TC-01795,Female,0,Yes,No,22,Yes,Fiber optic,No,No,No,Month-to-month,No,Electronic check,88.56,1969.3,0,13-24 months,High (80+),1,10.2,4.0
TC-01796,Female,0,No,Yes,72,Yes,No internet,No internet service,No internet service,No internet service,Two year,No,Credit card,20.24,1430.68,0,49+ months,Low (<40),1,38.2,3.0
TC-01797,Female,0,No,Yes,29,Yes,No internet,No internet service,No internet service,No internet service,Month-to-month,No,Bank transfer,21.04,628.19,0,25-48 months,Low (<40),1,4.0,3.0
TC-01798,Female,0,Yes,No,32,Yes,Fiber optic,Yes,No,Yes,Two year,No,Credit card,94.19,3006.04,0,25-48 months,High (80+),2,12.2,4.0
TC-01799,Male,0,No,No,35,Yes,No internet,No internet service,No internet service,No internet service,Two year,No,Electronic check,42.93,1505.49,0,25-48 months,Medium (40-79),0,,
TC-01800,Female,0,No,Yes,12,Yes,Fiber optic,No,No,No,Month-to-month,Yes,Electronic check,92.61,1080.16,0,0-12 months,High (80+),1,1.7,2.0
TC-01801,Female,0,Yes,No,15,Yes,Fiber optic,No,No,No,One year,Yes,Electronic check,91.38,1389.27,0,13-24 months,High (80+),1,2.7,4.0
TC-01802,Female,0,Yes,No,11,Yes,DSL,No,No,Yes,One year,Yes,Credit card,58.43,628.31,0,0-12 months,Medium (40-79),1,38.2,5.0
TC-01803,Female,0,No,Yes,26,Yes,DSL,No,No,Yes,One year,Yes,Electronic check,59.24,1541.01,0,25-48 months,Medium (40-79),2,28.8,3.5
TC-01804,Male,1,No,Yes,6,Yes,Fiber optic,Yes,No,Yes,Month-to-month,Yes,Mailed check,101.52,610.69,1,0-12 months,High (80+),1,17.5,5.0
TC-01805,Male,0,Yes,No,12,Yes,Fiber optic,No,No,Yes,Month-to-month,Yes,Credit card,99.45,1171.08,1,0-12 months,High (80+),1,13.6,2.0
TC-01806,Female,1,Yes,No,20,Yes,DSL,Yes,Yes,Yes,Month-to-month,Yes,Bank transfer,82.62,1654.18,0,13-24 months,High (80+),0,,
TC-01807,Female,0,Yes,Yes,23,Yes,Fiber optic,Yes,No,No,Month-to-month,No,Bank transfer,101.38,2381.04,0,13-24 months,High (80+),0,,
TC-01808,Male,0,Yes,Yes,18,Yes,No internet,No internet service,No internet service,No internet service,Month-to-month,Yes,Bank transfer,27.11,481.21,0,13-24 months,Low (<40),0,,
TC-01809,Male,0,Yes,No,72,Yes,Fiber optic,No,No,No,Two year,Yes,Electronic check,84.48,6110.06,0,49+ months,High (80+),3,14.0,3.33
TC-01810,Male,0,Yes,No,26,Yes,DSL,Yes,Yes,Yes,Two year,No,Electronic check,77.21,1986.71,0,25-48 months,Medium (40-79),0,,
TC-01811,Male,0,Yes,Yes,3,Yes,DSL,Yes,No,Yes,Month-to-month,No,Mailed check,78.53,242.38,0,0-12 months,Medium (40-79),1,16.4,4.0
TC-01812,Male,0,No,No,42,Yes,DSL,No,No,No,One year,No,Electronic check,67.54,2767.25,0,25-48 months,Medium (40-79),1,10.1,2.0
TC-01813,Male,1,No,No,13,Yes,Fiber optic,Yes,Yes,Yes,Month-to-month,No,Credit card,114.58,1462.14,1,13-24 months,High (80+),1,16.0,3.0
TC-01814,Male,0,Yes,Yes,66,Yes,DSL,No,No,Yes,Month-to-month,No,Electronic check,72.73,4670.49,0,49+ months,Medium (40-79),1,3.9,2.0
TC-01815,Female,1,No,No,55,Yes,Fiber optic,No,No,No,Month-to-month,Yes,Credit card,101.18,5647.0,1,49+ months,High (80+),3,10.9,2.0
TC-01816,Male,0,Yes,No,22,Yes,Fiber optic,No,No,Yes,Two year,No,Electronic check,91.63,2063.78,0,13-24 months,High (80+),0,,
TC-01817,Female,0,Yes,No,12,Yes,Fiber optic,No,No,No,Month-to-month,Yes,Bank transfer,88.63,1065.69,1,0-12 months,High (80+),3,9.8,2.33
TC-01818,Female,0,No,No,22,No,DSL,No,No,No,One year,No,Bank transfer,53.73,1205.04,0,13-24 months,Medium (40-79),1,14.5,1.0
TC-01819,Female,0,No,No,21,Yes,Fiber optic,No,No,No,Two year,No,Electronic check,84.27,1747.45,0,13-24 months,High (80+),3,19.2,3.0
TC-01820,Female,0,Yes,No,46,Yes,No internet,No internet service,No internet service,No internet service,Month-to-month,Yes,Electronic check,35.52,1601.35,0,25-48 months,Low (<40),1,9.1,4.0
TC-01821,Male,1,Yes,Yes,37,Yes,DSL,No,Yes,No,Two year,No,Bank transfer,55.47,2025.11,0,25-48 months,Medium (40-79),0,,
TC-01822,Male,0,No,No,18,Yes,Fiber optic,No,Yes,Yes,Month-to-month,Yes,Mailed check,99.17,1799.3,0,13-24 months,High (80+),0,,
TC-01823,Female,1,Yes,No,55,No,Fiber optic,No,Yes,Yes,One year,No,Credit card,98.65,5469.84,0,49+ months,High (80+),1,7.0,2.0
TC-01824,Male,0,Yes,No,21,Yes,No internet,No internet service,No internet service,No internet service,Two year,No,Electronic check,24.24,510.31,0,13-24 months,Low (<40),0,,
TC-01825,Male,1,Yes,No,66,Yes,Fiber optic,No,No,No,Two year,Yes,Electronic check,90.33,6076.11,0,49+ months,High (80+),2,9.2,3.0
TC-01826,Female,0,No,Yes,29,Yes,Fiber optic,No,Yes,Yes,Two year,Yes,Credit card,94.24,2752.64,0,25-48 months,High (80+),1,29.8,1.0
TC-01827,Female,0,Yes,Yes,36,Yes,DSL,Yes,No,No,One year,Yes,Mailed check,60.01,2187.75,0,25-48 months,Medium (40-79),0,,
TC-01828,Male,0,No,Yes,61,Yes,Fiber optic,No,No,Yes,Two year,Yes,Mailed check,90.13,5346.43,0,49+ months,High (80+),3,12.1,4.0
TC-01829,Male,0,No,No,14,Yes,Fiber optic,No,No,No,Month-to-month,No,Electronic check,78.31,1115.02,1,13-24 months,Medium (40-79),4,18.6,3.0
TC-01830,Male,0,Yes,No,20,Yes,No internet,No internet service,No internet service,No internet service,Month-to-month,No,Credit card,21.83,424.53,0,13-24 months,Low (<40),2,19.9,4.5
TC-01831,Female,1,Yes,No,22,Yes,No internet,No internet service,No internet service,No internet service,Month-to-month,No,Credit card,18.4,408.6,0,13-24 months,Low (<40),2,23.9,3.5
TC-01832,Female,1,No,Yes,8,Yes,Fiber optic,No,No,Yes,Month-to-month,Yes,Mailed check,91.0,721.97,1,0-12 months,High (80+),3,30.3,2.33
TC-01833,Male,1,No,Yes,16,Yes,Fiber optic,No,No,Yes,Month-to-month,Yes,Credit card,87.34,1402.0,1,13-24 months,High (80+),2,28.5,2.5
TC-01834,Male,0,Yes,No,59,Yes,Fiber optic,No,No,No,One year,No,Mailed check,76.01,4470.21,0,49+ months,Medium (40-79),1,5.0,4.0
TC-01835,Female,0,No,No,40,Yes,No internet,No internet service,No internet service,No internet service,Two year,No,Electronic check,18.0,731.29,0,25-48 months,Low (<40),2,24.8,4.0
TC-01836,Male,0,No,Yes,3,Yes,Fiber optic,No,Yes,No,Month-to-month,Yes,Electronic check,82.1,250.12,0,0-12 months,High (80+),1,22.9,3.0
TC-01837,Male,0,Yes,Yes,46,Yes,DSL,No,Yes,No,Two year,No,Mailed check,56.63,2675.95,0,25-48 months,Medium (40-79),0,,
TC-01838,Male,0,Yes,No,72,Yes,No internet,No internet service,No internet service,No internet service,Month-to-month,No,Credit card,18.0,1322.52,0,49+ months,Low (<40),1,26.8,4.0
TC-01839,Male,0,Yes,No,6,Yes,Fiber optic,No,Yes,No,Month-to-month,Yes,Bank transfer,82.49,503.04,1,0-12 months,High (80+),1,8.3,1.0
TC-01840,Male,0,No,Yes,72,Yes,DSL,Yes,No,Yes,Two year,Yes,Electronic check,84.3,6010.22,0,49+ months,High (80+),1,22.0,4.0
TC-01841,Female,0,No,No,72,Yes,Fiber optic,No,No,No,Two year,No,Bank transfer,76.7,5596.16,0,49+ months,Medium (40-79),1,13.5,4.0
TC-01842,Female,0,No,No,60,Yes,Fiber optic,No,Yes,Yes,One year,Yes,Electronic check,103.39,6170.84,0,49+ months,High (80+),0,,
TC-01843,Male,1,Yes,No,2,Yes,No internet,No internet service,No internet service,No internet service,Month-to-month,Yes,Bank transfer,42.46,82.86,0,0-12 months,Medium (40-79),0,,
TC-01844,Male,0,No,No,44,Yes,DSL,No,Yes,No,Month-to-month,Yes,Electronic check,72.25,3218.11,1,25-48 months,Medium (40-79),0,,
TC-01845,Male,0,Yes,Yes,36,Yes,Fiber optic,Yes,No,No,Two year,No,Electronic check,94.77,3483.74,0,25-48 months,High (80+),3,25.1,3.0
TC-01846,Male,1,No,No,38,Yes,DSL,No,No,No,Month-to-month,No,Electronic check,56.49,2136.63,1,25-48 months,Medium (40-79),2,53.9,2.5
TC-01847,Female,1,No,No,23,Yes,No internet,No internet service,No internet service,No internet service,Two year,Yes,Mailed check,37.6,853.96,0,13-24 months,Low (<40),0,,
TC-01848,Female,1,No,Yes,25,Yes,DSL,No,Yes,Yes,Two year,Yes,Mailed check,72.09,1852.84,0,25-48 months,Medium (40-79),1,17.8,4.0
TC-01849,Female,0,Yes,No,61,Yes,Fiber optic,No,No,Yes,Month-to-month,Yes,Bank transfer,95.43,5846.13,0,49+ months,High (80+),2,12.8,2.5
TC-01850,Female,0,Yes,Yes,56,Yes,No internet,No internet service,No internet service,No internet service,Two year,No,Electronic check,18.0,1000.95,0,49+ months,Low (<40),1,7.5,4.0
TC-01851,Male,0,Yes,No,3,Yes,No internet,No internet service,No internet service,No internet service,Month-to-month,Yes,Mailed check,24.34,72.2,0,0-12 months,Low (<40),1,13.0,3.0
TC-01852,Female,0,No,Yes,13,Yes,Fiber optic,No,No,No,One year,Yes,Credit card,89.13,1179.31,0,13-24 months,High (80+),3,14.3,3.67
TC-01853,Female,0,No,Yes,21,Yes,Fiber optic,No,No,No,One year,Yes,Electronic check,73.36,1520.81,0,13-24 months,Medium (40-79),1,13.9,5.0
TC-01854,Male,0,No,Yes,23,Yes,Fiber optic,No,No,No,Month-to-month,Yes,Electronic check,87.32,2064.09,1,13-24 months,High (80+),1,27.1,2.0
TC-01855,Male,1,No,Yes,7,Yes,Fiber optic,Yes,No,Yes,Month-to-month,No,Electronic check,102.76,711.73,1,0-12 months,High (80+),0,,
TC-01856,Male,0,No,No,25,Yes,No internet,No internet service,No internet service,No internet service,One year,No,Bank transfer,24.9,622.33,0,25-48 months,Low (<40),0,,
TC-01857,Male,0,Yes,No,13,Yes,Fiber optic,No,No,Yes,Month-to-month,Yes,Electronic check,85.69,1118.48,0,13-24 months,High (80+),0,,
TC-01858,Male,0,No,No,22,Yes,Fiber optic,No,No,Yes,Month-to-month,Yes,Electronic check,91.64,1990.96,1,13-24 months,High (80+),1,18.5,3.0
TC-01859,Female,0,No,No,40,Yes,Fiber optic,Yes,No,No,Two year,No,Mailed check,99.6,3963.85,0,25-48 months,High (80+),0,,
TC-01860,Male,1,No,No,72,Yes,Fiber optic,No,No,Yes,Two year,Yes,Bank transfer,99.21,6950.29,0,49+ months,High (80+),1,10.3,3.0
TC-01861,Female,0,Yes,Yes,9,Yes,Fiber optic,No,No,Yes,Month-to-month,Yes,Credit card,85.27,752.79,0,0-12 months,High (80+),0,,
TC-01862,Male,1,No,No,19,Yes,DSL,Yes,No,No,Two year,No,Credit card,65.38,1205.94,1,13-24 months,Medium (40-79),1,51.8,2.0
TC-01863,Male,0,No,No,37,Yes,DSL,Yes,No,Yes,Month-to-month,Yes,Bank transfer,59.55,2141.86,0,25-48 months,Medium (40-79),1,9.2,5.0
TC-01864,Female,0,No,No,11,Yes,Fiber optic,No,No,Yes,Month-to-month,Yes,Electronic check,98.47,1066.13,1,0-12 months,High (80+),3,23.4,2.67
TC-01865,Female,0,Yes,Yes,16,Yes,DSL,No,No,No,Two year,No,Electronic check,67.39,1105.53,0,13-24 months,Medium (40-79),1,19.6,4.0
TC-01866,Female,1,Yes,No,20,Yes,DSL,No,No,Yes,Month-to-month,No,Bank transfer,83.46,1699.43,1,13-24 months,High (80+),0,,
TC-01867,Male,0,Yes,No,38,Yes,Fiber optic,No,Yes,No,One year,No,Bank transfer,87.02,3313.14,0,25-48 months,High (80+),0,,
TC-01868,Female,0,Yes,Yes,61,Yes,Fiber optic,No,No,Yes,Two year,Yes,Credit card,94.12,5770.25,0,49+ months,High (80+),3,30.2,2.67
TC-01869,Female,0,Yes,No,24,Yes,DSL,Yes,No,No,Month-to-month,No,Bank transfer,62.49,1500.62,1,13-24 months,Medium (40-79),2,21.5,2.0
TC-01870,Male,0,No,No,29,Yes,DSL,Yes,No,No,Month-to-month,Yes,Bank transfer,57.22,1649.18,0,25-48 months,Medium (40-79),2,18.5,3.5
TC-01871,Female,0,No,Yes,45,Yes,Fiber optic,Yes,Yes,No,Two year,No,Credit card,88.95,4023.82,0,25-48 months,High (80+),0,,
TC-01872,Female,0,No,Yes,22,Yes,No internet,No internet service,No internet service,No internet service,One year,No,Credit card,25.95,582.13,0,13-24 months,Low (<40),0,,
TC-01873,Male,0,No,No,57,Yes,DSL,No,No,Yes,Two year,Yes,Mailed check,63.17,3605.65,0,49+ months,Medium (40-79),1,13.2,4.0
TC-01874,Female,0,No,No,26,Yes,Fiber optic,No,No,Yes,Month-to-month,No,Bank transfer,93.58,2501.51,1,25-48 months,High (80+),3,15.4,3.0
TC-01875,Female,1,Yes,No,72,Yes,No internet,No internet service,No internet service,No internet service,Two year,Yes,Electronic check,18.58,1346.13,0,49+ months,Low (<40),3,19.3,4.0
TC-01876,Female,0,Yes,No,51,Yes,Fiber optic,Yes,Yes,No,Two year,Yes,Mailed check,91.17,4564.38,0,49+ months,High (80+),1,21.9,4.0
TC-01877,Male,0,No,No,6,Yes,DSL,No,No,No,Month-to-month,Yes,Credit card,51.04,312.95,0,0-12 months,Medium (40-79),3,35.1,3.67
TC-01878,Male,1,Yes,No,10,Yes,No internet,No internet service,No internet service,No internet service,Month-to-month,No,Bank transfer,19.15,196.21,0,0-12 months,Low (<40),3,18.0,3.33
TC-01879,Female,0,No,Yes,16,Yes,DSL,Yes,No,Yes,Month-to-month,No,Credit card,79.11,1247.81,0,13-24 months,Medium (40-79),3,29.9,4.33
TC-01880,Male,0,Yes,No,12,Yes,Fiber optic,No,No,Yes,Month-to-month,No,Electronic check,103.8,1270.93,1,0-12 months,High (80+),2,9.7,3.0
TC-01881,Female,1,Yes,No,2,Yes,DSL,No,Yes,No,Month-to-month,Yes,Electronic check,77.21,149.8,1,0-12 months,Medium (40-79),1,33.7,3.0
TC-01882,Female,0,No,No,5,Yes,DSL,Yes,No,No,Month-to-month,Yes,Mailed check,51.97,261.98,0,0-12 months,Medium (40-79),1,36.4,3.0
TC-01883,Male,0,Yes,Yes,47,Yes,Fiber optic,No,No,No,Month-to-month,No,Credit card,76.54,3627.11,0,25-48 months,Medium (40-79),0,,
TC-01884,Female,0,No,No,36,Yes,DSL,No,No,No,Two year,Yes,Electronic check,64.13,2353.68,0,25-48 months,Medium (40-79),0,,
TC-01885,Male,0,No,Yes,41,Yes,No internet,No internet service,No internet service,No internet service,Month-to-month,No,Credit card,26.46,1108.17,1,25-48 months,Low (<40),0,,
TC-01886,Female,0,Yes,No,49,Yes,DSL,No,Yes,Yes,One year,No,Electronic check,67.45,3286.1,0,49+ months,Medium (40-79),0,,
TC-01887,Male,0,Yes,No,26,Yes,DSL,No,Yes,No,Month-to-month,No,Electronic check,67.94,1731.01,0,25-48 months,Medium (40-79),0,,
TC-01888,Female,0,No,No,27,Yes,Fiber optic,No,Yes,No,Month-to-month,Yes,Bank transfer,90.69,2451.36,1,25-48 months,High (80+),0,,
TC-01889,Male,0,No,No,29,Yes,Fiber optic,No,Yes,No,One year,No,Bank transfer,79.72,2363.75,0,25-48 months,Medium (40-79),1,21.1,3.0
TC-01890,Male,0,Yes,No,7,Yes,No internet,No internet service,No internet service,No internet service,Month-to-month,No,Credit card,25.62,179.76,0,0-12 months,Low (<40),1,37.4,5.0
TC-01891,Female,0,Yes,No,35,Yes,No internet,No internet service,No internet service,No internet service,One year,Yes,Bank transfer,23.98,827.51,0,25-48 months,Low (<40),1,11.3,5.0
TC-01892,Female,0,Yes,Yes,29,Yes,Fiber optic,No,No,No,Month-to-month,No,Credit card,85.59,2493.21,1,25-48 months,High (80+),1,26.0,4.0
TC-01893,Female,0,Yes,No,55,Yes,Fiber optic,No,No,Yes,One year,No,Mailed check,96.41,5426.32,0,49+ months,High (80+),1,34.3,5.0
TC-01894,Female,0,No,No,72,Yes,DSL,No,Yes,No,Two year,Yes,Electronic check,51.61,3780.46,0,49+ months,Medium (40-79),0,,
TC-01895,Male,0,No,No,21,Yes,DSL,Yes,No,No,Month-to-month,No,Bank transfer,69.41,1419.34,1,13-24 months,Medium (40-79),4,21.1,3.0
TC-01896,Female,0,No,No,25,Yes,No internet,No internet service,No internet service,No internet service,Month-to-month,No,Credit card,22.68,572.83,0,25-48 months,Low (<40),1,8.8,5.0
TC-01897,Male,0,Yes,No,40,Yes,No internet,No internet service,No internet service,No internet service,One year,Yes,Bank transfer,31.62,1277.34,0,25-48 months,Low (<40),2,17.1,4.0
TC-01898,Male,0,No,Yes,4,Yes,DSL,No,Yes,No,Month-to-month,Yes,Bank transfer,65.19,261.63,0,0-12 months,Medium (40-79),0,,
TC-01899,Female,0,No,No,55,Yes,Fiber optic,No,No,Yes,Two year,No,Electronic check,96.49,5450.28,0,49+ months,High (80+),1,57.3,2.0
TC-01900,Male,0,Yes,Yes,9,Yes,No internet,No internet service,No internet service,No internet service,Month-to-month,Yes,Credit card,18.0,162.01,0,0-12 months,Low (<40),1,18.5,2.0
TC-01901,Female,0,Yes,No,28,Yes,Fiber optic,No,No,Yes,Month-to-month,Yes,Mailed check,85.7,2409.14,0,25-48 months,High (80+),1,39.9,2.0
TC-01902,Female,1,Yes,No,72,Yes,Fiber optic,No,Yes,No,Two year,Yes,Electronic check,92.74,6861.18,0,49+ months,High (80+),1,15.2,4.0
TC-01903,Male,0,No,Yes,34,Yes,Fiber optic,No,No,No,Two year,Yes,Credit card,78.65,2736.98,0,25-48 months,Medium (40-79),3,7.9,4.33
TC-01904,Female,0,No,No,16,Yes,Fiber optic,Yes,No,No,One year,Yes,Bank transfer,93.02,1479.97,0,13-24 months,High (80+),3,20.4,3.67
TC-01905,Male,0,Yes,Yes,24,Yes,Fiber optic,No,No,No,Two year,Yes,Electronic check,84.32,1998.04,0,13-24 months,High (80+),4,17.9,3.75
TC-01906,Female,1,Yes,No,12,Yes,Fiber optic,Yes,No,Yes,Month-to-month,Yes,Electronic check,84.34,1041.92,1,0-12 months,High (80+),4,16.9,2.75
TC-01907,Male,0,No,No,4,No,DSL,Yes,Yes,No,Month-to-month,No,Electronic check,70.95,278.23,0,0-12 months,Medium (40-79),2,18.5,4.0
TC-01908,Male,0,Yes,No,39,Yes,DSL,Yes,No,Yes,One year,No,Credit card,78.44,3133.27,1,25-48 months,Medium (40-79),1,18.6,2.0
TC-01909,Female,0,No,Yes,47,Yes,Fiber optic,No,Yes,Yes,Two year,No,Electronic check,93.37,4346.55,0,25-48 months,High (80+),0,,
TC-01910,Male,0,No,No,6,Yes,DSL,No,Yes,No,One year,No,Credit card,56.24,337.6,0,0-12 months,Medium (40-79),2,6.0,3.0
TC-01911,Male,0,No,No,55,Yes,DSL,No,No,Yes,One year,Yes,Bank transfer,68.78,3688.26,0,49+ months,Medium (40-79),1,7.4,4.0
TC-01912,Male,0,Yes,No,17,Yes,Fiber optic,No,Yes,Yes,Month-to-month,No,Bank transfer,95.63,1623.75,0,13-24 months,High (80+),2,6.0,4.5
TC-01913,Female,0,No,Yes,34,Yes,DSL,No,No,Yes,One year,No,Bank transfer,66.65,2202.34,0,25-48 months,Medium (40-79),2,16.3,3.5
TC-01914,Female,0,No,No,54,Yes,DSL,Yes,No,No,One year,Yes,Electronic check,54.31,2924.82,0,49+ months,Medium (40-79),1,81.4,5.0
TC-01915,Female,1,No,No,48,Yes,DSL,No,Yes,No,Two year,Yes,Electronic check,59.16,2801.49,0,25-48 months,Medium (40-79),0,,
TC-01916,Female,0,Yes,Yes,66,Yes,Fiber optic,No,No,No,Two year,No,Mailed check,82.35,5414.71,1,49+ months,High (80+),3,28.5,2.33
TC-01917,Male,0,No,No,50,Yes,Fiber optic,No,No,Yes,One year,Yes,Electronic check,91.05,4503.98,0,49+ months,High (80+),2,33.5,3.5
TC-01918,Male,0,Yes,No,34,Yes,Fiber optic,No,No,No,Two year,No,Mailed check,94.26,3293.98,0,25-48 months,High (80+),3,16.0,4.0
TC-01919,Male,1,No,No,25,Yes,No internet,No internet service,No internet service,No internet service,Month-to-month,No,Mailed check,18.0,460.72,0,25-48 months,Low (<40),3,15.6,3.33
TC-01920,Female,1,Yes,No,23,Yes,Fiber optic,No,No,Yes,Two year,Yes,Credit card,82.62,1946.45,0,13-24 months,High (80+),1,21.9,3.0
TC-01921,Male,0,Yes,Yes,18,No,Fiber optic,Yes,Yes,No,Month-to-month,Yes,Credit card,86.78,1538.11,1,13-24 months,High (80+),1,52.3,3.0
TC-01922,Female,0,Yes,Yes,60,Yes,No internet,No internet service,No internet service,No internet service,One year,Yes,Electronic check,18.0,1079.2,0,49+ months,Low (<40),1,26.2,5.0
TC-01923,Male,0,No,Yes,7,Yes,DSL,No,No,Yes,Month-to-month,Yes,Electronic check,70.09,480.76,1,0-12 months,Medium (40-79),0,,
TC-01924,Female,0,No,No,13,Yes,No internet,No internet service,No internet service,No internet service,Month-to-month,No,Bank transfer,31.57,409.83,1,13-24 months,Low (<40),1,12.4,3.0
TC-01925,Female,0,Yes,No,37,No,Fiber optic,No,No,No,Two year,No,Electronic check,85.25,3083.91,0,25-48 months,High (80+),0,,
TC-01926,Male,0,Yes,No,3,Yes,DSL,No,No,Yes,Month-to-month,Yes,Electronic check,74.53,225.53,1,0-12 months,Medium (40-79),0,,
TC-01927,Female,0,No,No,33,Yes,DSL,No,No,No,Month-to-month,Yes,Electronic check,52.43,1723.58,0,25-48 months,Medium (40-79),0,,
TC-01928,Female,0,No,No,6,Yes,No internet,No internet service,No internet service,No internet service,Month-to-month,No,Electronic check,28.14,172.32,0,0-12 months,Low (<40),1,3.2,2.0
TC-01929,Female,0,Yes,Yes,33,Yes,DSL,Yes,Yes,Yes,Two year,No,Electronic check,76.52,2494.49,0,25-48 months,Medium (40-79),0,,
TC-01930,Female,0,No,No,26,Yes,DSL,Yes,No,Yes,Month-to-month,No,Mailed check,71.49,1819.86,0,25-48 months,Medium (40-79),0,,
TC-01931,Male,0,Yes,No,56,Yes,No internet,No internet service,No internet service,No internet service,Two year,Yes,Bank transfer,18.38,1047.96,0,49+ months,Low (<40),2,22.7,3.0
TC-01932,Female,0,Yes,No,50,Yes,No internet,No internet service,No internet service,No internet service,Month-to-month,Yes,Credit card,20.74,1035.81,0,49+ months,Low (<40),2,19.3,3.0
TC-01933,Male,0,No,Yes,4,Yes,Fiber optic,No,No,Yes,Month-to-month,No,Credit card,101.16,396.63,1,0-12 months,High (80+),0,,
TC-01934,Male,0,Yes,Yes,32,Yes,Fiber optic,No,Yes,Yes,One year,Yes,Bank transfer,96.22,3092.04,0,25-48 months,High (80+),2,22.1,4.0
TC-01935,Male,0,Yes,No,24,Yes,DSL,Yes,No,Yes,One year,Yes,Bank transfer,75.02,1785.54,0,13-24 months,Medium (40-79),0,,
TC-01936,Female,0,No,No,49,Yes,Fiber optic,No,Yes,No,Two year,Yes,Credit card,88.31,4223.62,0,49+ months,High (80+),0,,
TC-01937,Male,0,No,Yes,22,Yes,No internet,No internet service,No internet service,No internet service,Two year,Yes,Electronic check,19.01,423.11,0,13-24 months,Low (<40),1,49.9,2.0
TC-01938,Male,0,Yes,Yes,4,Yes,Fiber optic,Yes,No,No,Month-to-month,Yes,Electronic check,90.0,354.34,1,0-12 months,High (80+),5,11.2,3.0
TC-01939,Male,0,Yes,Yes,33,Yes,DSL,No,No,No,One year,No,Bank transfer,43.67,1432.8,0,25-48 months,Medium (40-79),1,20.5,5.0
TC-01940,Male,0,No,No,14,Yes,Fiber optic,No,No,Yes,One year,Yes,Electronic check,95.65,1331.94,0,13-24 months,High (80+),1,24.7,1.0
TC-01941,Male,1,No,No,30,Yes,Fiber optic,Yes,Yes,Yes,Month-to-month,No,Electronic check,106.25,3204.71,0,25-48 months,High (80+),1,26.9,3.0
TC-01942,Male,1,No,No,60,Yes,Fiber optic,Yes,Yes,No,Two year,Yes,Credit card,86.07,5085.22,0,49+ months,High (80+),2,6.8,2.5
TC-01943,Male,0,No,No,72,Yes,Fiber optic,No,No,Yes,Two year,No,Credit card,92.54,6531.78,0,49+ months,High (80+),1,13.7,4.0
TC-01944,Female,0,Yes,No,44,Yes,Fiber optic,Yes,Yes,Yes,Month-to-month,No,Bank transfer,104.85,4721.36,1,25-48 months,High (80+),1,0.8,3.0
TC-01945,Female,0,No,No,72,Yes,Fiber optic,No,No,Yes,Two year,Yes,Bank transfer,86.2,6267.7,0,49+ months,High (80+),2,18.1,4.0
TC-01946,Male,0,Yes,No,6,Yes,DSL,No,Yes,No,Month-to-month,Yes,Bank transfer,63.21,384.34,0,0-12 months,Medium (40-79),0,,
TC-01947,Female,0,Yes,No,4,Yes,DSL,Yes,No,Yes,Month-to-month,Yes,Mailed check,77.28,307.67,0,0-12 months,Medium (40-79),1,19.8,4.0
TC-01948,Female,0,Yes,No,24,Yes,Fiber optic,Yes,Yes,Yes,Two year,No,Credit card,109.07,2546.36,0,13-24 months,High (80+),1,34.1,4.0
TC-01949,Male,0,Yes,No,7,Yes,Fiber optic,Yes,No,No,Month-to-month,Yes,Mailed check,90.61,636.25,0,0-12 months,High (80+),1,8.9,3.0
TC-01950,Male,0,Yes,No,28,Yes,Fiber optic,No,Yes,Yes,One year,No,Bank transfer,110.51,3170.21,0,25-48 months,High (80+),2,10.0,4.5
TC-01951,Male,0,No,No,20,Yes,No internet,No internet service,No internet service,No internet service,Month-to-month,Yes,Credit card,28.63,561.29,1,13-24 months,Low (<40),1,8.8,3.0
TC-01952,Female,0,Yes,Yes,46,Yes,Fiber optic,Yes,No,Yes,Month-to-month,Yes,Mailed check,94.78,4461.15,1,25-48 months,High (80+),1,23.2,4.0
TC-01953,Female,0,Yes,No,31,Yes,No internet,No internet service,No internet service,No internet service,One year,No,Credit card,22.78,689.06,0,25-48 months,Low (<40),1,18.5,5.0
TC-01954,Female,0,No,No,22,Yes,DSL,Yes,Yes,Yes,One year,No,Credit card,88.21,1964.82,0,13-24 months,High (80+),2,11.8,3.5
TC-01955,Female,0,Yes,No,13,Yes,Fiber optic,No,No,No,Month-to-month,Yes,Electronic check,89.16,1154.81,0,13-24 months,High (80+),1,26.2,4.0
TC-01956,Female,0,No,Yes,10,Yes,Fiber optic,No,No,Yes,Month-to-month,Yes,Bank transfer,93.11,941.29,0,0-12 months,High (80+),2,8.4,3.5
TC-01957,Male,0,Yes,No,72,Yes,DSL,No,Yes,No,Two year,Yes,Electronic check,69.17,4989.08,0,49+ months,Medium (40-79),2,12.3,3.5
TC-01958,Female,0,Yes,No,72,Yes,Fiber optic,No,No,Yes,Two year,Yes,Electronic check,95.24,6855.66,0,49+ months,High (80+),2,27.4,2.5
TC-01959,Male,0,No,No,39,Yes,DSL,Yes,No,No,Two year,Yes,Bank transfer,58.79,2292.49,0,25-48 months,Medium (40-79),0,,
TC-01960,Male,0,No,No,6,Yes,Fiber optic,Yes,Yes,No,Month-to-month,No,Electronic check,90.89,559.28,1,0-12 months,High (80+),1,2.6,2.0
TC-01961,Female,1,No,No,36,No,Fiber optic,Yes,No,Yes,Month-to-month,Yes,Electronic check,96.6,3482.23,1,25-48 months,High (80+),2,32.9,2.5
TC-01962,Female,0,Yes,No,11,Yes,DSL,Yes,No,No,Month-to-month,Yes,Mailed check,49.59,531.97,1,0-12 months,Medium (40-79),1,5.0,2.0
TC-01963,Male,1,No,No,25,Yes,DSL,No,Yes,No,Month-to-month,Yes,Bank transfer,60.4,1540.58,0,25-48 months,Medium (40-79),4,12.3,3.5
TC-01964,Female,0,No,No,26,Yes,Fiber optic,No,No,No,Month-to-month,No,Credit card,78.78,2004.73,0,25-48 months,Medium (40-79),3,6.1,4.33
TC-01965,Male,1,No,No,43,Yes,DSL,No,No,No,Month-to-month,No,Credit card,55.46,2339.1,0,25-48 months,Medium (40-79),1,9.2,3.0
TC-01966,Male,0,No,No,9,Yes,DSL,No,Yes,Yes,Month-to-month,No,Credit card,69.21,640.95,0,0-12 months,Medium (40-79),0,,
TC-01967,Female,0,No,No,19,Yes,No internet,No internet service,No internet service,No internet service,Month-to-month,Yes,Mailed check,24.52,459.1,0,13-24 months,Low (<40),0,,
TC-01968,Female,0,Yes,No,11,Yes,Fiber optic,Yes,No,No,Month-to-month,No,Credit card,89.22,984.13,1,0-12 months,High (80+),3,15.2,2.33
TC-01969,Female,0,Yes,No,27,Yes,No internet,No internet service,No internet service,No internet service,Month-to-month,No,Bank transfer,20.02,550.84,0,25-48 months,Low (<40),1,12.6,5.0
TC-01970,Female,0,No,No,56,Yes,Fiber optic,Yes,Yes,No,One year,Yes,Mailed check,95.53,5213.71,0,49+ months,High (80+),1,22.7,3.0
TC-01971,Male,0,No,No,43,Yes,No internet,No internet service,No internet service,No internet service,One year,No,Credit card,23.84,1024.92,0,25-48 months,Low (<40),3,9.0,3.0
TC-01972,Female,0,No,No,72,Yes,Fiber optic,No,No,Yes,Two year,Yes,Credit card,89.89,6484.86,0,49+ months,High (80+),4,26.9,2.5
TC-01973,Male,0,No,Yes,43,Yes,No internet,No internet service,No internet service,No internet service,Two year,Yes,Electronic check,18.12,790.62,0,25-48 months,Low (<40),2,23.3,4.0
TC-01974,Female,0,Yes,Yes,38,Yes,No internet,No internet service,No internet service,No internet service,One year,Yes,Mailed check,21.3,826.51,0,25-48 months,Low (<40),0,,
TC-01975,Female,0,Yes,No,40,Yes,Fiber optic,Yes,No,No,Two year,No,Credit card,91.96,3752.09,0,25-48 months,High (80+),2,24.8,5.0
TC-01976,Female,0,No,Yes,23,Yes,Fiber optic,No,No,No,Month-to-month,Yes,Electronic check,87.66,2006.95,1,13-24 months,High (80+),1,23.0,1.0
TC-01977,Male,1,No,No,61,Yes,DSL,No,No,No,Two year,Yes,Electronic check,46.5,2789.89,0,49+ months,Medium (40-79),1,11.0,3.0
TC-01978,Male,0,No,No,8,Yes,Fiber optic,No,Yes,Yes,Month-to-month,Yes,Credit card,93.98,759.17,0,0-12 months,High (80+),2,22.6,5.0
TC-01979,Male,0,Yes,No,12,Yes,No internet,No internet service,No internet service,No internet service,Month-to-month,No,Bank transfer,18.92,227.61,0,0-12 months,Low (<40),2,15.4,4.0
TC-01980,Female,0,No,Yes,64,Yes,Fiber optic,No,No,Yes,Two year,Yes,Credit card,82.5,5232.9,0,49+ months,High (80+),2,6.0,4.0
TC-01981,Female,0,Yes,No,30,Yes,No internet,No internet service,No internet service,No internet service,One year,Yes,Mailed check,21.29,627.89,0,25-48 months,Low (<40),0,,
TC-01982,Female,0,Yes,No,6,Yes,Fiber optic,No,No,Yes,Month-to-month,Yes,Credit card,99.57,583.39,1,0-12 months,High (80+),1,18.7,3.0
TC-01983,Female,0,Yes,No,72,Yes,DSL,Yes,Yes,Yes,Two year,No,Electronic check,70.21,5035.28,0,49+ months,Medium (40-79),1,9.8,3.0
TC-01984,Female,0,No,No,35,Yes,No internet,No internet service,No internet service,No internet service,Month-to-month,Yes,Electronic check,18.0,617.67,0,25-48 months,Low (<40),0,,
TC-01985,Male,1,Yes,No,42,Yes,Fiber optic,No,No,No,Two year,No,Electronic check,92.16,3872.23,0,25-48 months,High (80+),4,12.9,3.5
TC-01986,Male,0,No,Yes,5,Yes,DSL,No,No,No,Month-to-month,Yes,Credit card,53.97,262.31,0,0-12 months,Medium (40-79),3,31.8,3.67
TC-01987,Female,0,Yes,Yes,39,Yes,DSL,No,No,No,Month-to-month,Yes,Electronic check,55.45,2106.23,0,25-48 months,Medium (40-79),1,11.1,2.0
TC-01988,Female,0,Yes,Yes,22,Yes,Fiber optic,Yes,No,No,Month-to-month,No,Bank transfer,90.24,1935.81,0,13-24 months,High (80+),3,41.1,3.67
TC-01989,Female,0,Yes,No,8,Yes,No internet,No internet service,No internet service,No internet service,Month-to-month,Yes,Electronic check,20.83,170.65,0,0-12 months,Low (<40),0,,
TC-01990,Female,0,Yes,No,72,Yes,Fiber optic,Yes,Yes,No,Two year,Yes,Mailed check,98.25,6929.36,0,49+ months,High (80+),1,11.9,4.0
TC-01991,Male,0,Yes,Yes,17,No,DSL,No,No,No,Month-to-month,No,Credit card,60.05,1042.88,1,13-24 months,Medium (40-79),0,,
TC-01992,Male,1,Yes,No,5,No,Fiber optic,No,No,Yes,Month-to-month,Yes,Credit card,85.03,416.53,1,0-12 months,High (80+),1,4.6,3.0
TC-01993,Male,0,No,No,69,Yes,Fiber optic,No,No,No,One year,Yes,Credit card,89.41,6110.07,0,49+ months,High (80+),1,16.7,3.0
TC-01994,Male,0,Yes,No,48,Yes,Fiber optic,Yes,Yes,Yes,One year,Yes,Credit card,105.02,4916.99,0,25-48 months,High (80+),1,5.3,3.0
TC-01995,Male,0,No,No,60,No,DSL,No,No,No,Two year,Yes,Credit card,67.58,4057.72,0,49+ months,Medium (40-79),1,2.1,2.0
TC-01996,Male,0,Yes,No,18,Yes,DSL,Yes,No,Yes,Month-to-month,Yes,Electronic check,75.85,1397.78,0,13-24 months,Medium (40-79),1,30.1,3.0
TC-01997,Male,1,Yes,No,18,Yes,No internet,No internet service,No internet service,No internet service,Month-to-month,No,Bank transfer,18.0,320.6,0,13-24 months,Low (<40),0,,
TC-01998,Female,0,Yes,Yes,42,Yes,DSL,No,Yes,No,Two year,Yes,Bank transfer,70.61,2937.41,0,25-48 months,Medium (40-79),2,18.1,4.0
TC-01999,Male,1,No,No,16,Yes,Fiber optic,Yes,Yes,No,Month-to-month,No,Electronic check,92.76,1510.43,1,13-24 months,High (80+),2,11.3,2.5
TC-02000,Male,0,Yes,No,34,Yes,No internet,No internet service,No internet service,No internet service,Month-to-month,Yes,Mailed check,18.52,646.01,0,25-48 months,Low (<40),3,7.2,3.67
TC-02001,Female,1,No,No,12,Yes,Fiber optic,No,No,No,Month-to-month,No,Credit card,84.64,1033.2,0,0-12 months,High (80+),2,24.0,3.5
TC-02002,Female,0,Yes,Yes,27,Yes,Fiber optic,No,Yes,No,Month-to-month,No,Electronic check,89.37,2409.35,1,25-48 months,High (80+),2,21.0,3.5
TC-02003,Male,1,Yes,Yes,53,Yes,DSL,No,No,No,Two year,No,Bank transfer,54.74,2840.72,0,49+ months,Medium (40-79),1,1.7,3.0
TC-02004,Female,0,No,No,17,No,DSL,No,No,Yes,One year,Yes,Bank transfer,67.19,1110.62,0,13-24 months,Medium (40-79),2,13.3,3.0
TC-02005,Female,0,No,Yes,32,Yes,Fiber optic,No,No,Yes,One year,No,Bank transfer,88.94,2766.26,0,25-48 months,High (80+),2,26.4,4.0
TC-02006,Female,0,Yes,No,20,Yes,No internet,No internet service,No internet service,No internet service,Month-to-month,Yes,Credit card,18.0,368.15,0,13-24 months,Low (<40),1,8.6,3.0
TC-02007,Male,0,No,No,60,Yes,Fiber optic,No,Yes,Yes,One year,Yes,Credit card,111.19,6522.34,0,49+ months,High (80+),4,20.6,3.5
TC-02008,Male,0,Yes,No,45,Yes,Fiber optic,No,No,No,One year,Yes,Credit card,75.03,3444.85,0,25-48 months,Medium (40-79),0,,
TC-02009,Female,0,Yes,No,48,Yes,Fiber optic,No,No,No,Month-to-month,Yes,Mailed check,92.55,4322.5,1,25-48 months,High (80+),1,18.7,3.0
TC-02010,Female,0,Yes,No,1,No,DSL,No,No,No,Month-to-month,No,Electronic check,59.37,58.63,0,0-12 months,Medium (40-79),1,27.2,2.0
TC-02011,Female,0,Yes,No,18,Yes,No internet,No internet service,No internet service,No internet service,Month-to-month,No,Mailed check,18.0,315.15,0,13-24 months,Low (<40),0,,
TC-02012,Male,0,No,Yes,37,Yes,Fiber optic,Yes,Yes,Yes,Two year,Yes,Bank transfer,98.71,3673.15,0,25-48 months,High (80+),2,9.1,3.0
TC-02013,Male,0,No,No,59,Yes,No internet,No internet service,No internet service,No internet service,One year,No,Mailed check,18.0,1082.23,0,49+ months,Low (<40),2,25.2,3.0
TC-02014,Female,0,Yes,No,50,Yes,No internet,No internet service,No internet service,No internet service,Two year,Yes,Credit card,18.0,903.75,0,49+ months,Low (<40),0,,
TC-02015,Female,0,No,Yes,42,Yes,No internet,No internet service,No internet service,No internet service,Month-to-month,Yes,Credit card,29.69,1230.0,0,25-48 months,Low (<40),0,,
TC-02016,Female,0,Yes,Yes,33,Yes,No internet,No internet service,No internet service,No internet service,Two year,No,Mailed check,18.0,589.13,0,25-48 months,Low (<40),0,,
TC-02017,Male,0,Yes,No,15,Yes,No internet,No internet service,No internet service,No internet service,Month-to-month,Yes,Electronic check,25.61,381.79,1,13-24 months,Low (<40),0,,
TC-02018,Male,0,Yes,Yes,62,Yes,No internet,No internet service,No internet service,No internet service,Two year,No,Bank transfer,21.62,1314.47,0,49+ months,Low (<40),1,15.6,3.0
TC-02019,Female,0,Yes,No,47,Yes,DSL,No,No,No,One year,No,Electronic check,49.15,2281.48,0,25-48 months,Medium (40-79),1,5.9,2.0
TC-02020,Male,0,No,Yes,48,Yes,Fiber optic,Yes,No,No,Month-to-month,No,Bank transfer,85.53,4009.91,0,25-48 months,High (80+),0,,
TC-02021,Male,0,Yes,No,64,Yes,Fiber optic,Yes,No,Yes,Two year,No,Bank transfer,107.22,6835.26,0,49+ months,High (80+),3,7.9,3.67
TC-02022,Male,0,No,Yes,36,Yes,Fiber optic,Yes,No,No,One year,Yes,Bank transfer,85.35,3018.12,0,25-48 months,High (80+),3,19.2,3.0
TC-02023,Female,0,No,No,71,No,Fiber optic,No,No,Yes,One year,Yes,Credit card,94.17,6692.48,0,49+ months,High (80+),3,19.4,3.67
TC-02024,Female,0,Yes,No,25,Yes,No internet,No internet service,No internet service,No internet service,Month-to-month,No,Bank transfer,18.0,456.99,0,25-48 months,Low (<40),4,16.5,3.25
TC-02025,Female,0,Yes,No,61,Yes,DSL,No,Yes,Yes,One year,No,Electronic check,68.87,4225.25,0,49+ months,Medium (40-79),1,0.4,4.0
TC-02026,Female,0,No,No,15,Yes,Fiber optic,No,No,No,Month-to-month,No,Mailed check,86.37,1301.92,1,13-24 months,High (80+),2,7.8,2.0
TC-02027,Male,0,No,No,14,Yes,Fiber optic,Yes,No,Yes,Month-to-month,Yes,Credit card,103.28,1434.49,0,13-24 months,High (80+),1,13.3,2.0
TC-02028,Male,0,Yes,No,13,Yes,No internet,No internet service,No internet service,No internet service,Month-to-month,Yes,Bank transfer,18.0,228.46,0,13-24 months,Low (<40),3,37.8,3.0
TC-02029,Female,0,No,No,3,Yes,No internet,No internet service,No internet service,No internet service,Month-to-month,Yes,Electronic check,26.62,81.26,0,0-12 months,Low (<40),0,,
TC-02030,Female,1,Yes,No,41,No,Fiber optic,No,No,No,Month-to-month,Yes,Credit card,91.66,3746.82,0,25-48 months,High (80+),1,13.7,3.0
TC-02031,Female,0,Yes,Yes,72,Yes,Fiber optic,Yes,No,Yes,Two year,No,Bank transfer,95.04,6896.46,0,49+ months,High (80+),1,18.4,5.0
TC-02032,Female,0,No,Yes,23,No,Fiber optic,Yes,Yes,No,Month-to-month,No,Electronic check,98.99,2331.72,1,13-24 months,High (80+),1,35.4,3.0
TC-02033,Female,0,Yes,No,9,Yes,Fiber optic,No,No,No,Month-to-month,Yes,Credit card,79.19,721.64,1,0-12 months,Medium (40-79),3,11.1,2.33
TC-02034,Male,0,Yes,Yes,23,Yes,Fiber optic,Yes,No,No,Two year,Yes,Mailed check,93.91,2206.13,0,13-24 months,High (80+),1,16.0,4.0
TC-02035,Male,0,No,Yes,7,Yes,DSL,No,No,No,Month-to-month,Yes,Credit card,59.16,426.01,0,0-12 months,Medium (40-79),3,16.4,4.67
TC-02036,Male,1,No,No,7,Yes,Fiber optic,Yes,No,No,Month-to-month,Yes,Mailed check,88.93,633.02,1,0-12 months,High (80+),1,4.3,2.0
TC-02037,Female,1,Yes,No,32,Yes,Fiber optic,No,No,Yes,Month-to-month,No,Bank transfer,99.79,3140.6,1,25-48 months,High (80+),4,17.1,3.25
TC-02038,Male,0,No,No,6,No,Fiber optic,No,No,No,Month-to-month,Yes,Electronic check,91.06,533.79,1,0-12 months,High (80+),1,30.0,2.0
TC-02039,Female,1,Yes,No,27,Yes,Fiber optic,No,Yes,No,Month-to-month,No,Credit card,91.25,2459.43,0,25-48 months,High (80+),1,11.1,3.0
TC-02040,Female,1,No,No,47,Yes,DSL,No,Yes,Yes,Two year,No,Mailed check,70.83,3334.42,0,25-48 months,Medium (40-79),2,10.4,4.0
TC-02041,Female,0,No,No,15,Yes,Fiber optic,No,Yes,No,Month-to-month,No,Bank transfer,95.96,1412.03,0,13-24 months,High (80+),0,,
TC-02042,Male,1,Yes,No,72,Yes,Fiber optic,Yes,Yes,Yes,Two year,Yes,Mailed check,103.53,7252.16,0,49+ months,High (80+),1,3.2,4.0
TC-02043,Male,0,No,No,43,Yes,No internet,No internet service,No internet service,No internet service,Two year,No,Credit card,38.24,1665.1,0,25-48 months,Low (<40),0,,
TC-02044,Female,1,No,No,27,Yes,No internet,No internet service,No internet service,No internet service,One year,No,Credit card,18.0,480.37,0,25-48 months,Low (<40),1,4.6,4.0
TC-02045,Male,0,No,No,23,Yes,DSL,Yes,No,No,Month-to-month,Yes,Electronic check,69.9,1575.08,0,13-24 months,Medium (40-79),1,22.0,4.0
TC-02046,Male,0,No,No,24,Yes,Fiber optic,No,No,No,Month-to-month,No,Electronic check,94.31,2331.07,0,13-24 months,High (80+),1,12.2,3.0
TC-02047,Female,1,No,No,28,No,Fiber optic,No,No,Yes,Month-to-month,Yes,Bank transfer,94.08,2591.21,1,25-48 months,High (80+),3,9.0,1.67
TC-02048,Male,1,Yes,Yes,9,Yes,Fiber optic,No,No,Yes,Month-to-month,Yes,Mailed check,81.43,724.4,1,0-12 months,High (80+),1,10.6,1.0
TC-02049,Male,0,Yes,No,26,Yes,DSL,No,Yes,No,Two year,Yes,Mailed check,67.36,1712.17,0,25-48 months,Medium (40-79),0,,
TC-02050,Female,0,No,No,8,Yes,No internet,No internet service,No internet service,No internet service,Month-to-month,Yes,Electronic check,21.99,173.1,0,0-12 months,Low (<40),2,16.0,3.0
TC-02051,Male,0,Yes,Yes,38,Yes,DSL,No,No,Yes,Two year,Yes,Credit card,71.34,2659.78,0,25-48 months,Medium (40-79),2,14.4,4.5
TC-02052,Male,0,Yes,No,16,Yes,Fiber optic,No,No,No,One year,Yes,Credit card,94.35,1465.26,1,13-24 months,High (80+),3,23.4,2.33
TC-02053,Female,0,Yes,No,17,No,Fiber optic,Yes,No,Yes,Month-to-month,No,Bank transfer,98.65,1670.96,1,13-24 months,High (80+),2,5.3,3.0
TC-02054,Female,0,Yes,No,72,Yes,No internet,No internet service,No internet service,No internet service,Month-to-month,Yes,Credit card,20.25,1424.09,0,49+ months,Low (<40),1,11.0,4.0
TC-02055,Female,1,No,Yes,15,Yes,No internet,No internet service,No internet service,No internet service,One year,No,Bank transfer,26.71,390.81,0,13-24 months,Low (<40),1,18.7,5.0
TC-02056,Female,0,No,Yes,72,Yes,Fiber optic,No,Yes,Yes,One year,Yes,Credit card,95.52,6839.07,0,49+ months,High (80+),0,,
TC-02057,Male,0,Yes,Yes,8,Yes,No internet,No internet service,No internet service,No internet service,Month-to-month,No,Electronic check,18.3,142.48,0,0-12 months,Low (<40),1,28.7,2.0
TC-02058,Female,0,Yes,No,13,Yes,No internet,No internet service,No internet service,No internet service,Two year,Yes,Electronic check,23.23,298.21,0,13-24 months,Low (<40),1,12.5,2.0
TC-02059,Female,0,No,No,12,Yes,DSL,Yes,No,Yes,Month-to-month,No,Credit card,73.38,891.86,0,0-12 months,Medium (40-79),1,67.2,5.0
TC-02060,Female,0,No,No,7,Yes,Fiber optic,No,No,No,Month-to-month,No,Bank transfer,91.3,649.39,1,0-12 months,High (80+),3,13.1,4.0
TC-02061,Male,0,Yes,No,8,Yes,No internet,No internet service,No internet service,No internet service,Month-to-month,No,Credit card,30.72,238.69,0,0-12 months,Low (<40),1,21.4,3.0
TC-02062,Male,0,No,No,72,Yes,Fiber optic,No,No,No,One year,Yes,Electronic check,86.32,6298.97,0,49+ months,High (80+),1,0.6,4.0
TC-02063,Female,0,No,Yes,16,Yes,No internet,No internet service,No internet service,No internet service,Month-to-month,Yes,Mailed check,18.0,289.71,0,13-24 months,Low (<40),1,21.3,1.0
TC-02064,Female,0,Yes,Yes,35,Yes,Fiber optic,No,No,No,Month-to-month,Yes,Electronic check,99.34,3454.77,0,25-48 months,High (80+),2,22.1,4.5
TC-02065,Male,0,No,No,72,Yes,DSL,No,No,Yes,Two year,No,Bank transfer,82.74,5878.55,0,49+ months,High (80+),0,,
TC-02066,Male,0,Yes,No,32,Yes,DSL,No,No,No,Month-to-month,Yes,Electronic check,65.05,2045.11,1,25-48 months,Medium (40-79),1,4.1,1.0
TC-02067,Female,0,Yes,No,46,Yes,Fiber optic,No,No,No,One year,No,Bank transfer,74.85,3398.32,0,25-48 months,Medium (40-79),2,15.6,4.5
TC-02068,Male,0,Yes,No,42,No,Fiber optic,No,No,No,One year,No,Electronic check,73.91,3111.45,0,25-48 months,Medium (40-79),3,17.4,3.33
TC-02069,Male,0,Yes,Yes,53,Yes,No internet,No internet service,No internet service,No internet service,One year,No,Electronic check,23.44,1237.45,0,49+ months,Low (<40),0,,
TC-02070,Male,0,Yes,No,19,Yes,No internet,No internet service,No internet service,No internet service,Month-to-month,No,Bank transfer,18.0,345.0,0,13-24 months,Low (<40),1,22.1,1.0
TC-02071,Male,0,No,No,21,Yes,DSL,No,No,No,One year,Yes,Bank transfer,63.16,1307.26,0,13-24 months,Medium (40-79),0,,
TC-02072,Male,0,Yes,No,5,Yes,Fiber optic,No,Yes,No,Month-to-month,No,Credit card,92.47,450.97,1,0-12 months,High (80+),2,22.2,3.0
TC-02073,Female,0,Yes,Yes,9,Yes,DSL,Yes,Yes,Yes,Month-to-month,No,Mailed check,82.1,755.09,0,0-12 months,High (80+),2,8.0,3.5
TC-02074,Male,0,No,Yes,19,Yes,No internet,No internet service,No internet service,No internet service,Month-to-month,Yes,Mailed check,22.89,446.58,0,13-24 months,Low (<40),0,,
TC-02075,Male,0,Yes,No,8,Yes,Fiber optic,No,Yes,Yes,Month-to-month,Yes,Mailed check,97.33,763.7,1,0-12 months,High (80+),4,13.9,2.25
TC-02076,Male,0,No,No,5,Yes,No internet,No internet service,No internet service,No internet service,Month-to-month,No,Electronic check,18.0,91.71,1,0-12 months,Low (<40),3,21.4,2.0
TC-02077,Female,0,No,No,62,Yes,No internet,No internet service,No internet service,No internet service,One year,No,Electronic check,18.0,1105.37,0,49+ months,Low (<40),0,,
TC-02078,Male,0,Yes,Yes,33,Yes,Fiber optic,No,Yes,No,One year,Yes,Mailed check,101.15,3346.97,1,25-48 months,High (80+),3,4.8,3.0
TC-02079,Male,0,Yes,No,4,Yes,DSL,Yes,No,No,Month-to-month,No,Bank transfer,68.89,267.43,1,0-12 months,Medium (40-79),1,11.2,3.0
TC-02080,Male,0,No,Yes,30,Yes,No internet,No internet service,No internet service,No internet service,Month-to-month,Yes,Electronic check,18.0,552.79,0,25-48 months,Low (<40),0,,
TC-02081,Female,0,Yes,No,3,Yes,No internet,No internet service,No internet service,No internet service,Month-to-month,No,Mailed check,23.87,72.79,0,0-12 months,Low (<40),1,11.3,3.0
TC-02082,Female,0,Yes,No,12,Yes,Fiber optic,No,Yes,Yes,Month-to-month,No,Electronic check,96.24,1122.79,0,0-12 months,High (80+),1,5.0,5.0
TC-02083,Male,0,Yes,No,54,Yes,Fiber optic,Yes,No,Yes,One year,Yes,Mailed check,103.37,5602.04,0,49+ months,High (80+),3,21.2,4.0
TC-02084,Male,1,No,No,70,Yes,No internet,No internet service,No internet service,No internet service,Two year,No,Electronic check,25.38,1791.63,0,49+ months,Low (<40),0,,
TC-02085,Male,0,No,No,14,Yes,No internet,No internet service,No internet service,No internet service,Month-to-month,Yes,Bank transfer,34.77,482.79,0,13-24 months,Low (<40),1,7.1,3.0
TC-02086,Female,0,Yes,No,20,Yes,Fiber optic,Yes,Yes,No,Two year,Yes,Credit card,86.4,1772.69,0,13-24 months,High (80+),1,3.4,2.0
TC-02087,Male,0,Yes,Yes,55,Yes,No internet,No internet service,No internet service,No internet service,Two year,Yes,Electronic check,18.03,969.24,0,49+ months,Low (<40),2,17.0,5.0
TC-02088,Male,0,No,Yes,24,Yes,DSL,No,No,No,Month-to-month,No,Credit card,67.72,1598.42,0,13-24 months,Medium (40-79),0,,
TC-02089,Male,0,Yes,No,18,Yes,DSL,Yes,No,Yes,One year,Yes,Mailed check,69.0,1250.86,0,13-24 months,Medium (40-79),2,16.8,5.0
TC-02090,Male,1,No,No,40,Yes,No internet,No internet service,No internet service,No internet service,Two year,Yes,Bank transfer,28.84,1169.89,0,25-48 months,Low (<40),1,7.1,5.0
TC-02091,Female,0,No,No,20,No,DSL,Yes,No,Yes,One year,Yes,Bank transfer,80.09,1623.56,0,13-24 months,High (80+),1,27.3,5.0
TC-02092,Male,0,No,No,11,Yes,Fiber optic,No,Yes,Yes,Month-to-month,Yes,Bank transfer,97.32,1086.55,0,0-12 months,High (80+),0,,
TC-02093,Male,0,No,No,72,Yes,Fiber optic,Yes,No,No,One year,Yes,Credit card,88.75,6414.17,0,49+ months,High (80+),1,14.2,4.0
TC-02094,Male,1,No,No,29,No,DSL,No,No,No,Two year,Yes,Electronic check,63.9,1798.57,0,25-48 months,Medium (40-79),1,16.6,2.0
TC-02095,Female,0,Yes,Yes,10,Yes,Fiber optic,No,Yes,No,Month-to-month,Yes,Bank transfer,82.01,831.31,1,0-12 months,High (80+),3,28.4,3.67
TC-02096,Female,0,No,No,8,Yes,No internet,No internet service,No internet service,No internet service,Month-to-month,No,Electronic check,18.0,139.97,0,0-12 months,Low (<40),2,20.8,3.5
TC-02097,Male,0,Yes,Yes,28,Yes,Fiber optic,No,No,No,Month-to-month,Yes,Credit card,87.32,2511.56,0,25-48 months,High (80+),0,,
TC-02098,Female,0,No,No,38,No,Fiber optic,Yes,No,No,Two year,Yes,Electronic check,81.47,3037.42,0,25-48 months,High (80+),1,11.9,3.0
TC-02099,Female,0,Yes,Yes,33,Yes,DSL,No,Yes,Yes,Two year,Yes,Mailed check,69.78,2341.63,0,25-48 months,Medium (40-79),3,10.5,4.33
TC-02100,Male,0,Yes,Yes,41,Yes,No internet,No internet service,No internet service,No internet service,Month-to-month,Yes,Bank transfer,29.02,1212.5,0,25-48 months,Low (<40),0,,
TC-02101,Male,0,Yes,No,36,Yes,No internet,No internet service,No internet service,No internet service,One year,Yes,Electronic check,29.22,1082.84,0,25-48 months,Low (<40),1,4.1,4.0
TC-02102,Female,0,No,No,50,Yes,DSL,No,No,No,One year,Yes,Electronic check,70.84,3515.07,0,49+ months,Medium (40-79),1,10.9,4.0
TC-02103,Female,0,Yes,Yes,4,No,Fiber optic,No,No,No,Month-to-month,No,Credit card,88.6,361.22,0,0-12 months,High (80+),1,15.7,3.0
TC-02104,Male,0,Yes,No,6,Yes,Fiber optic,No,No,Yes,Month-to-month,Yes,Electronic check,96.04,584.67,1,0-12 months,High (80+),1,11.7,2.0
TC-02105,Female,1,Yes,Yes,37,Yes,Fiber optic,No,Yes,Yes,One year,Yes,Credit card,93.16,3387.96,0,25-48 months,High (80+),1,9.9,5.0
TC-02106,Female,0,No,No,7,Yes,DSL,Yes,Yes,No,Month-to-month,No,Credit card,62.74,449.18,0,0-12 months,Medium (40-79),1,23.1,5.0
TC-02107,Male,0,No,No,2,Yes,No internet,No internet service,No internet service,No internet service,Month-to-month,Yes,Bank transfer,18.0,35.44,0,0-12 months,Low (<40),0,,
TC-02108,Female,0,Yes,No,72,Yes,Fiber optic,Yes,No,Yes,Two year,No,Mailed check,109.55,8060.15,0,49+ months,High (80+),0,,
TC-02109,Male,0,No,No,27,Yes,Fiber optic,No,Yes,No,One year,Yes,Electronic check,86.03,2275.04,0,25-48 months,High (80+),2,15.1,3.5
TC-02110,Male,0,No,Yes,15,Yes,No internet,No internet service,No internet service,No internet service,Month-to-month,Yes,Credit card,18.0,266.76,0,13-24 months,Low (<40),1,15.5,1.0
TC-02111,Female,0,Yes,Yes,15,Yes,No internet,No internet service,No internet service,No internet service,Month-to-month,Yes,Credit card,18.0,264.72,0,13-24 months,Low (<40),0,,
TC-02112,Female,1,No,Yes,11,Yes,Fiber optic,Yes,No,No,Month-to-month,Yes,Credit card,86.14,946.86,0,0-12 months,High (80+),4,24.8,3.5
TC-02113,Female,1,Yes,No,33,Yes,DSL,No,No,Yes,Two year,Yes,Mailed check,64.35,2102.41,0,25-48 months,Medium (40-79),0,,
TC-02114,Female,0,No,Yes,71,Yes,No internet,No internet service,No internet service,No internet service,One year,Yes,Electronic check,18.0,1247.65,0,49+ months,Low (<40),0,,
TC-02115,Male,0,Yes,Yes,47,Yes,No internet,No internet service,No internet service,No internet service,Two year,No,Bank transfer,23.57,1128.77,0,25-48 months,Low (<40),0,,
TC-02116,Male,0,Yes,No,24,Yes,Fiber optic,No,No,No,One year,No,Bank transfer,82.32,1960.85,0,13-24 months,High (80+),2,24.8,3.5
TC-02117,Female,0,No,No,37,Yes,DSL,Yes,Yes,Yes,One year,Yes,Mailed check,74.31,2736.03,0,25-48 months,Medium (40-79),0,,
TC-02118,Male,0,No,Yes,3,Yes,No internet,No internet service,No internet service,No internet service,Month-to-month,Yes,Bank transfer,18.0,52.5,0,0-12 months,Low (<40),1,19.0,3.0
TC-02119,Male,0,Yes,No,5,Yes,No internet,No internet service,No internet service,No internet service,One year,Yes,Credit card,18.0,92.65,0,0-12 months,Low (<40),0,,
TC-02120,Male,0,Yes,No,6,Yes,DSL,Yes,No,No,Month-to-month,Yes,Bank transfer,69.22,416.32,1,0-12 months,Medium (40-79),1,8.4,3.0
TC-02121,Female,1,No,Yes,4,No,DSL,Yes,Yes,Yes,Month-to-month,Yes,Bank transfer,72.5,290.48,0,0-12 months,Medium (40-79),0,,
TC-02122,Female,1,No,No,22,Yes,Fiber optic,No,No,No,Month-to-month,No,Electronic check,71.45,1557.38,1,13-24 months,Medium (40-79),6,22.1,3.5
TC-02123,Female,1,Yes,Yes,42,Yes,Fiber optic,No,No,Yes,One year,No,Electronic check,84.36,3597.88,0,25-48 months,High (80+),2,13.3,3.0
TC-02124,Male,1,Yes,Yes,8,Yes,Fiber optic,No,No,No,Month-to-month,No,Electronic check,93.87,730.5,1,0-12 months,High (80+),3,23.5,1.67
TC-02125,Female,0,Yes,Yes,31,Yes,No internet,No internet service,No internet service,No internet service,Month-to-month,Yes,Bank transfer,27.07,834.34,0,25-48 months,Low (<40),1,21.1,1.0
TC-02126,Female,0,Yes,No,22,Yes,DSL,Yes,Yes,No,Month-to-month,No,Bank transfer,67.06,1437.97,0,13-24 months,Medium (40-79),2,36.6,3.5
TC-02127,Male,0,No,No,15,Yes,No internet,No internet service,No internet service,No internet service,Month-to-month,Yes,Credit card,26.99,409.09,0,13-24 months,Low (<40),1,9.2,3.0
TC-02128,Female,0,No,No,32,Yes,Fiber optic,No,No,Yes,Two year,No,Electronic check,88.91,2925.83,0,25-48 months,High (80+),1,10.6,3.0
TC-02129,Female,0,No,No,19,Yes,Fiber optic,No,No,Yes,One year,Yes,Mailed check,97.26,1887.9,0,13-24 months,High (80+),2,20.3,3.5
TC-02130,Male,0,No,No,27,No,Fiber optic,No,No,Yes,One year,Yes,Bank transfer,95.36,2556.83,0,25-48 months,High (80+),1,9.3,4.0
TC-02131,Male,0,Yes,No,36,Yes,Fiber optic,Yes,No,Yes,Month-to-month,Yes,Mailed check,94.43,3418.44,0,25-48 months,High (80+),3,18.1,3.0
TC-02132,Male,0,No,No,43,Yes,No internet,No internet service,No internet service,No internet service,Month-to-month,Yes,Bank transfer,18.0,761.03,0,25-48 months,Low (<40),1,28.9,1.0
TC-02133,Female,0,No,No,16,Yes,No internet,No internet service,No internet service,No internet service,Month-to-month,Yes,Electronic check,22.75,368.28,0,13-24 months,Low (<40),0,,
TC-02134,Male,0,No,Yes,51,Yes,No internet,No internet service,No internet service,No internet service,Two year,No,Bank transfer,18.0,895.87,0,49+ months,Low (<40),0,,
TC-02135,Female,0,No,No,25,Yes,DSL,No,No,No,Month-to-month,No,Mailed check,64.79,1650.62,0,25-48 months,Medium (40-79),1,5.2,1.0
TC-02136,Female,0,Yes,Yes,38,Yes,No internet,No internet service,No internet service,No internet service,One year,Yes,Bank transfer,24.26,906.67,0,25-48 months,Low (<40),0,,
TC-02137,Female,1,Yes,No,1,Yes,DSL,No,No,No,Month-to-month,Yes,Electronic check,45.85,46.84,1,0-12 months,Medium (40-79),2,30.4,3.0
TC-02138,Female,0,Yes,No,25,Yes,DSL,No,No,Yes,Month-to-month,Yes,Credit card,56.56,1442.38,0,25-48 months,Medium (40-79),0,,
TC-02139,Male,0,No,No,71,Yes,Fiber optic,Yes,No,Yes,One year,Yes,Electronic check,84.2,6023.2,0,49+ months,High (80+),2,19.3,3.5
TC-02140,Male,0,No,No,19,Yes,DSL,No,No,Yes,Month-to-month,No,Mailed check,58.72,1106.43,0,13-24 months,Medium (40-79),0,,
TC-02141,Female,1,Yes,No,14,Yes,Fiber optic,No,No,Yes,Month-to-month,No,Mailed check,94.15,1281.56,0,13-24 months,High (80+),3,19.8,3.67
TC-02142,Male,1,Yes,No,36,Yes,DSL,Yes,No,No,Month-to-month,No,Electronic check,50.21,1821.75,0,25-48 months,Medium (40-79),0,,
TC-02143,Female,0,Yes,No,22,Yes,DSL,Yes,Yes,No,One year,Yes,Electronic check,59.97,1283.17,0,13-24 months,Medium (40-79),0,,
TC-02144,Female,0,No,No,15,Yes,Fiber optic,No,No,No,Month-to-month,Yes,Credit card,82.1,1240.56,0,13-24 months,High (80+),3,18.1,3.33
TC-02145,Male,0,No,No,13,Yes,Fiber optic,No,No,No,One year,Yes,Electronic check,82.08,1068.65,0,13-24 months,High (80+),1,6.1,2.0
TC-02146,Female,1,No,No,10,Yes,No internet,No internet service,No internet service,No internet service,Month-to-month,No,Bank transfer,19.52,198.72,0,0-12 months,Low (<40),1,15.2,2.0
TC-02147,Female,0,No,No,28,No,Fiber optic,Yes,Yes,No,One year,No,Credit card,89.67,2512.95,0,25-48 months,High (80+),0,,
TC-02148,Female,1,No,Yes,56,Yes,Fiber optic,No,No,Yes,Month-to-month,Yes,Electronic check,104.28,6014.47,1,49+ months,High (80+),3,13.9,3.33
TC-02149,Male,0,Yes,No,28,Yes,DSL,No,Yes,No,Month-to-month,Yes,Credit card,57.39,1600.06,0,25-48 months,Medium (40-79),2,15.6,5.0
TC-02150,Male,0,Yes,No,61,Yes,DSL,No,No,No,Two year,No,Mailed check,62.36,3813.26,0,49+ months,Medium (40-79),1,18.4,4.0
TC-02151,Female,0,Yes,No,31,Yes,Fiber optic,No,Yes,No,One year,No,Mailed check,80.83,2546.04,0,25-48 months,High (80+),1,41.5,5.0
TC-02152,Male,0,Yes,No,17,Yes,DSL,Yes,No,No,One year,No,Credit card,65.41,1089.91,0,13-24 months,Medium (40-79),1,3.4,4.0
TC-02153,Male,1,No,No,6,Yes,No internet,No internet service,No internet service,No internet service,Month-to-month,Yes,Mailed check,33.33,199.17,0,0-12 months,Low (<40),0,,
TC-02154,Female,0,No,No,58,Yes,Fiber optic,No,No,No,Two year,Yes,Bank transfer,87.94,5097.76,0,49+ months,High (80+),0,,
TC-02155,Female,0,No,No,11,Yes,Fiber optic,No,Yes,No,Month-to-month,Yes,Electronic check,74.14,815.46,1,0-12 months,Medium (40-79),3,18.2,3.0
TC-02156,Female,0,Yes,Yes,64,Yes,No internet,No internet service,No internet service,No internet service,Two year,No,Bank transfer,27.11,1713.44,0,49+ months,Low (<40),1,19.4,3.0
TC-02157,Male,0,No,No,47,Yes,DSL,No,Yes,No,Two year,Yes,Electronic check,66.15,3119.1,0,25-48 months,Medium (40-79),0,,
TC-02158,Female,0,Yes,No,59,No,Fiber optic,No,No,No,One year,Yes,Bank transfer,79.96,4657.01,1,49+ months,Medium (40-79),1,5.2,3.0
TC-02159,Male,0,Yes,No,48,Yes,No internet,No internet service,No internet service,No internet service,Two year,No,Bank transfer,27.39,1335.07,0,25-48 months,Low (<40),2,18.9,3.5
TC-02160,Female,0,No,No,24,Yes,No internet,No internet service,No internet service,No internet service,Month-to-month,No,Electronic check,27.57,678.86,0,13-24 months,Low (<40),1,41.0,4.0
TC-02161,Male,0,No,No,41,Yes,DSL,Yes,No,Yes,One year,Yes,Bank transfer,68.04,2717.33,0,25-48 months,Medium (40-79),2,13.2,3.0
TC-02162,Female,0,No,No,40,Yes,Fiber optic,Yes,Yes,No,Month-to-month,No,Bank transfer,98.61,3873.09,1,25-48 months,High (80+),0,,
TC-02163,Female,0,No,No,22,Yes,Fiber optic,Yes,No,No,Two year,Yes,Mailed check,90.51,2047.1,0,13-24 months,High (80+),2,34.4,3.5
TC-02164,Male,0,No,Yes,72,Yes,DSL,No,No,No,Two year,Yes,Electronic check,61.71,4360.0,0,49+ months,Medium (40-79),1,10.2,3.0
TC-02165,Male,0,No,Yes,16,Yes,DSL,No,Yes,No,Month-to-month,Yes,Electronic check,63.53,1002.47,0,13-24 months,Medium (40-79),2,28.5,4.0
TC-02166,Male,0,No,Yes,23,Yes,Fiber optic,Yes,No,Yes,Month-to-month,Yes,Electronic check,85.87,1959.78,1,13-24 months,High (80+),4,9.4,2.25
TC-02167,Female,0,No,Yes,68,Yes,Fiber optic,Yes,No,No,One year,Yes,Electronic check,91.28,6027.16,0,49+ months,High (80+),1,18.7,2.0
TC-02168,Female,0,No,Yes,14,Yes,No internet,No internet service,No internet service,No internet service,Two year,No,Electronic check,18.0,249.28,0,13-24 months,Low (<40),1,3.6,4.0
TC-02169,Female,0,Yes,No,5,Yes,Fiber optic,No,No,No,Month-to-month,Yes,Credit card,76.12,370.48,1,0-12 months,Medium (40-79),0,,
TC-02170,Female,0,Yes,Yes,57,Yes,Fiber optic,Yes,No,Yes,Two year,No,Electronic check,107.86,6104.41,0,49+ months,High (80+),0,,
TC-02171,Female,0,No,Yes,2,Yes,No internet,No internet service,No internet service,No internet service,Month-to-month,Yes,Electronic check,21.12,43.35,1,0-12 months,Low (<40),0,,
TC-02172,Male,0,No,Yes,66,Yes,Fiber optic,No,No,No,Two year,Yes,Electronic check,82.82,5391.52,0,49+ months,High (80+),1,12.7,4.0
TC-02173,Male,0,Yes,No,39,Yes,DSL,No,No,No,One year,No,Credit card,37.82,1481.41,0,25-48 months,Low (<40),1,10.3,3.0
TC-02174,Female,0,No,No,13,Yes,DSL,No,No,Yes,Month-to-month,Yes,Bank transfer,63.13,810.93,0,13-24 months,Medium (40-79),0,,
TC-02175,Female,0,No,No,55,Yes,Fiber optic,No,No,No,Month-to-month,No,Electronic check,86.72,4861.43,1,49+ months,High (80+),1,18.2,1.0
TC-02176,Female,0,No,No,8,Yes,Fiber optic,No,No,No,Month-to-month,Yes,Bank transfer,80.59,639.37,1,0-12 months,High (80+),2,14.9,3.5
TC-02177,Male,0,Yes,No,4,Yes,Fiber optic,No,Yes,No,Month-to-month,Yes,Bank transfer,84.04,326.8,1,0-12 months,High (80+),0,,
TC-02178,Male,0,No,No,72,Yes,DSL,No,No,Yes,One year,No,Bank transfer,67.86,4813.84,0,49+ months,Medium (40-79),2,18.4,4.5
TC-02179,Male,1,No,No,68,No,Fiber optic,Yes,No,No,Two year,No,Electronic check,85.28,5669.08,0,49+ months,High (80+),0,,
TC-02180,Male,0,Yes,No,63,Yes,No internet,No internet service,No internet service,No internet service,Two year,Yes,Credit card,18.0,1145.59,0,49+ months,Low (<40),1,12.3,3.0
TC-02181,Female,1,Yes,No,10,Yes,Fiber optic,No,No,No,Month-to-month,Yes,Credit card,74.77,741.44,1,0-12 months,Medium (40-79),0,,
TC-02182,Female,0,Yes,No,38,Yes,No internet,No internet service,No internet service,No internet service,Two year,No,Bank transfer,18.0,687.32,0,25-48 months,Low (<40),2,28.0,5.0
TC-02183,Female,0,No,No,15,Yes,DSL,No,No,No,Month-to-month,No,Credit card,57.58,854.46,0,13-24 months,Medium (40-79),0,,
TC-02184,Male,0,No,No,27,Yes,DSL,Yes,No,Yes,Two year,Yes,Credit card,80.09,2148.49,0,25-48 months,High (80+),2,27.1,4.0
TC-02185,Male,0,Yes,No,33,Yes,No internet,No internet service,No internet service,No internet service,Two year,Yes,Credit card,18.7,617.99,0,25-48 months,Low (<40),3,19.2,3.67
TC-02186,Male,0,No,Yes,6,Yes,Fiber optic,No,Yes,Yes,Month-to-month,Yes,Credit card,91.47,539.62,0,0-12 months,High (80+),1,36.4,3.0
TC-02187,Male,0,Yes,No,37,Yes,No internet,No internet service,No internet service,No internet service,Two year,No,Credit card,20.55,776.49,0,25-48 months,Low (<40),1,5.2,3.0
TC-02188,Male,0,Yes,No,34,Yes,DSL,No,No,No,One year,Yes,Electronic check,47.46,1611.62,0,25-48 months,Medium (40-79),0,,
TC-02189,Male,1,No,No,50,Yes,Fiber optic,Yes,No,No,One year,No,Electronic check,84.66,4315.22,0,49+ months,High (80+),3,21.1,4.33
TC-02190,Female,0,Yes,No,29,Yes,No internet,No internet service,No internet service,No internet service,Two year,Yes,Bank transfer,18.0,532.6,0,25-48 months,Low (<40),2,21.8,2.5
TC-02191,Male,0,Yes,Yes,7,No,Fiber optic,Yes,No,Yes,Month-to-month,No,Credit card,100.56,705.78,1,0-12 months,High (80+),1,34.3,2.0
TC-02192,Male,0,Yes,No,8,Yes,No internet,No internet service,No internet service,No internet service,Month-to-month,No,Electronic check,22.82,182.23,0,0-12 months,Low (<40),4,10.9,3.5
TC-02193,Male,0,Yes,No,10,Yes,Fiber optic,No,No,Yes,Month-to-month,No,Credit card,95.58,957.23,1,0-12 months,High (80+),3,15.9,1.67
TC-02194,Female,0,No,No,53,No,DSL,Yes,No,Yes,Two year,Yes,Electronic check,66.78,3621.73,0,49+ months,Medium (40-79),2,14.6,3.0
TC-02195,Female,0,Yes,Yes,32,Yes,Fiber optic,Yes,No,No,Two year,No,Credit card,99.26,3231.41,0,25-48 months,High (80+),0,,
TC-02196,Male,0,No,No,11,Yes,Fiber optic,Yes,No,No,Month-to-month,No,Electronic check,89.62,1006.54,1,0-12 months,High (80+),2,25.3,2.5
TC-02197,Female,0,No,No,56,Yes,No internet,No internet service,No internet service,No internet service,Two year,Yes,Mailed check,18.0,1036.38,0,49+ months,Low (<40),0,,
TC-02198,Female,0,No,Yes,38,Yes,DSL,No,No,Yes,Month-to-month,Yes,Electronic check,67.5,2589.23,0,25-48 months,Medium (40-79),3,31.8,2.33
TC-02199,Female,0,Yes,No,18,Yes,Fiber optic,No,No,Yes,Month-to-month,Yes,Electronic check,89.06,1647.76,0,13-24 months,High (80+),1,17.7,3.0
TC-02200,Female,0,Yes,No,50,Yes,Fiber optic,No,Yes,No,Month-to-month,Yes,Credit card,93.57,4619.25,1,49+ months,High (80+),4,26.9,2.5
TC-02201,Male,0,No,No,19,No,Fiber optic,No,No,No,One year,No,Mailed check,79.79,1549.44,1,13-24 months,Medium (40-79),2,21.8,3.0
TC-02202,Male,0,No,Yes,12,Yes,DSL,No,No,Yes,Month-to-month,Yes,Bank transfer,66.91,787.58,1,0-12 months,Medium (40-79),0,,
TC-02203,Male,0,No,Yes,26,Yes,No internet,No internet service,No internet service,No internet service,Month-to-month,No,Bank transfer,33.32,874.52,0,25-48 months,Low (<40),0,,
TC-02204,Male,0,No,No,1,Yes,Fiber optic,No,Yes,No,Month-to-month,Yes,Electronic check,97.29,99.27,1,0-12 months,High (80+),0,,
TC-02205,Male,0,No,No,14,Yes,DSL,No,No,Yes,Month-to-month,No,Credit card,71.68,977.26,0,13-24 months,Medium (40-79),1,4.7,5.0
TC-02206,Male,0,No,No,55,Yes,No internet,No internet service,No internet service,No internet service,Two year,Yes,Bank transfer,19.67,1089.82,0,49+ months,Low (<40),1,14.1,3.0
TC-02207,Male,1,No,No,13,Yes,Fiber optic,No,Yes,Yes,Month-to-month,No,Credit card,94.14,1206.05,1,13-24 months,High (80+),2,14.4,1.5
TC-02208,Female,0,No,Yes,7,Yes,Fiber optic,No,Yes,No,Month-to-month,Yes,Mailed check,87.08,612.63,0,0-12 months,High (80+),2,16.3,3.5
TC-02209,Male,0,Yes,No,72,Yes,DSL,Yes,No,Yes,One year,No,Credit card,76.77,5605.97,0,49+ months,Medium (40-79),1,6.5,5.0
TC-02210,Male,0,No,No,2,Yes,DSL,No,No,No,Month-to-month,No,Mailed check,64.02,127.53,0,0-12 months,Medium (40-79),0,,
TC-02211,Female,0,No,No,40,Yes,No internet,No internet service,No internet service,No internet service,Month-to-month,No,Mailed check,23.72,941.28,0,25-48 months,Low (<40),2,17.1,4.0
TC-02212,Female,0,Yes,No,28,Yes,Fiber optic,Yes,Yes,No,Two year,No,Mailed check,101.28,2907.23,0,25-48 months,High (80+),1,6.1,3.0
TC-02213,Male,1,Yes,No,42,Yes,No internet,No internet service,No internet service,No internet service,Two year,Yes,Bank transfer,18.0,740.43,0,25-48 months,Low (<40),0,,
TC-02214,Male,0,No,Yes,48,Yes,Fiber optic,No,No,No,Two year,Yes,Mailed check,91.85,4344.08,0,25-48 months,High (80+),0,,
TC-02215,Male,0,No,Yes,9,Yes,No internet,No internet service,No internet service,No internet service,Month-to-month,Yes,Credit card,18.0,162.59,0,0-12 months,Low (<40),1,16.0,5.0
TC-02216,Female,0,No,No,72,Yes,DSL,No,Yes,No,Two year,Yes,Credit card,55.36,3940.21,0,49+ months,Medium (40-79),0,,
TC-02217,Female,0,Yes,No,39,Yes,DSL,No,Yes,No,Month-to-month,Yes,Bank transfer,58.13,2264.53,0,25-48 months,Medium (40-79),1,5.7,3.0
TC-02218,Female,0,No,Yes,8,Yes,Fiber optic,Yes,Yes,Yes,Month-to-month,Yes,Credit card,99.61,778.2,1,0-12 months,High (80+),2,15.9,2.0
TC-02219,Female,0,Yes,No,14,Yes,DSL,No,No,Yes,Month-to-month,Yes,Bank transfer,66.74,939.87,0,13-24 months,Medium (40-79),1,3.2,5.0
TC-02220,Male,0,Yes,No,72,Yes,DSL,No,No,Yes,Two year,Yes,Mailed check,87.6,6319.66,0,49+ months,High (80+),1,7.0,3.0
TC-02221,Male,0,No,No,29,Yes,DSL,No,No,Yes,Two year,No,Electronic check,64.07,1803.03,0,25-48 months,Medium (40-79),4,15.8,4.25
TC-02222,Female,0,No,No,57,Yes,Fiber optic,No,Yes,Yes,Month-to-month,No,Electronic check,111.06,6243.59,0,49+ months,High (80+),0,,
TC-02223,Male,0,Yes,Yes,28,Yes,Fiber optic,No,Yes,No,Month-to-month,Yes,Electronic check,84.49,2339.74,0,25-48 months,High (80+),2,14.7,4.0
TC-02224,Male,0,Yes,No,42,Yes,DSL,Yes,Yes,Yes,Two year,Yes,Electronic check,85.63,3591.93,0,25-48 months,High (80+),2,20.4,4.5
TC-02225,Female,0,Yes,Yes,41,Yes,DSL,No,No,Yes,Two year,Yes,Mailed check,62.07,2593.05,0,25-48 months,Medium (40-79),1,45.2,4.0
TC-02226,Male,0,Yes,No,14,Yes,Fiber optic,No,No,Yes,Month-to-month,Yes,Credit card,99.84,1379.15,1,13-24 months,High (80+),0,,
TC-02227,Female,0,Yes,Yes,35,Yes,Fiber optic,Yes,No,Yes,Month-to-month,Yes,Bank transfer,100.47,3524.38,1,25-48 months,High (80+),2,12.7,1.5
TC-02228,Female,0,No,No,17,Yes,DSL,No,Yes,No,Month-to-month,Yes,Electronic check,67.92,1158.84,0,13-24 months,Medium (40-79),2,20.0,3.5
TC-02229,Female,0,Yes,No,23,Yes,DSL,No,Yes,No,One year,Yes,Credit card,62.77,1470.57,0,13-24 months,Medium (40-79),0,,
TC-02230,Female,0,No,Yes,41,Yes,No internet,No internet service,No internet service,No internet service,Month-to-month,No,Credit card,18.0,742.44,1,25-48 months,Low (<40),1,19.3,1.0
TC-02231,Female,0,Yes,Yes,57,Yes,Fiber optic,Yes,No,No,Month-to-month,No,Credit card,83.56,4828.87,1,49+ months,High (80+),3,10.6,2.33
TC-02232,Female,0,No,No,24,Yes,Fiber optic,Yes,Yes,No,Month-to-month,Yes,Credit card,95.0,2292.39,0,13-24 months,High (80+),0,,
TC-02233,Male,0,Yes,Yes,41,Yes,Fiber optic,No,No,No,Month-to-month,No,Bank transfer,90.2,3686.93,0,25-48 months,High (80+),0,,
TC-02234,Male,0,Yes,No,6,Yes,Fiber optic,No,No,Yes,Month-to-month,Yes,Electronic check,90.33,525.79,1,0-12 months,High (80+),2,22.3,1.5
TC-02235,Male,0,Yes,No,13,Yes,No internet,No internet service,No internet service,No internet service,Month-to-month,No,Electronic check,19.59,254.02,0,13-24 months,Low (<40),1,32.8,5.0
TC-02236,Female,1,Yes,No,53,Yes,No internet,No internet service,No internet service,No internet service,Two year,No,Bank transfer,26.74,1426.0,0,49+ months,Low (<40),0,,
TC-02237,Male,0,No,Yes,7,Yes,DSL,Yes,No,No,Month-to-month,No,Electronic check,56.7,400.46,0,0-12 months,Medium (40-79),0,,
TC-02238,Female,0,Yes,No,35,Yes,Fiber optic,No,No,Yes,One year,No,Bank transfer,94.8,3316.55,0,25-48 months,High (80+),2,33.6,3.5
TC-02239,Male,1,No,No,36,No,Fiber optic,No,Yes,No,Two year,Yes,Electronic check,89.72,3146.27,1,25-48 months,High (80+),0,,
TC-02240,Male,0,Yes,Yes,9,Yes,Fiber optic,No,No,No,Month-to-month,No,Bank transfer,89.86,814.13,1,0-12 months,High (80+),2,5.9,2.5
TC-02241,Female,0,No,Yes,62,Yes,DSL,Yes,No,Yes,One year,No,Mailed check,59.52,3760.92,0,49+ months,Medium (40-79),0,,
TC-02242,Female,0,Yes,No,8,Yes,Fiber optic,Yes,Yes,No,Month-to-month,No,Electronic check,92.33,736.33,1,0-12 months,High (80+),4,28.8,2.75
TC-02243,Male,0,Yes,Yes,36,Yes,No internet,No internet service,No internet service,No internet service,One year,Yes,Mailed check,32.42,1148.93,0,25-48 months,Low (<40),0,,
TC-02244,Female,0,Yes,No,18,Yes,DSL,Yes,No,No,One year,Yes,Mailed check,50.89,937.6,0,13-24 months,Medium (40-79),0,,
TC-02245,Male,0,No,Yes,44,Yes,Fiber optic,No,No,Yes,One year,No,Electronic check,91.95,4155.25,0,25-48 months,High (80+),4,27.6,3.5
TC-02246,Female,1,No,Yes,42,Yes,No internet,No internet service,No internet service,No internet service,Month-to-month,No,Bank transfer,19.7,809.78,0,25-48 months,Low (<40),1,9.9,4.0
TC-02247,Female,0,Yes,No,66,Yes,DSL,No,No,Yes,Two year,Yes,Credit card,61.28,3935.42,0,49+ months,Medium (40-79),1,24.4,3.0
TC-02248,Male,0,No,No,38,No,DSL,No,No,Yes,Two year,Yes,Credit card,61.49,2364.67,0,25-48 months,Medium (40-79),0,,
TC-02249,Male,0,No,No,64,Yes,DSL,No,No,No,One year,Yes,Credit card,51.22,3205.23,0,49+ months,Medium (40-79),0,,
TC-02250,Male,0,No,No,58,Yes,DSL,Yes,No,No,One year,Yes,Credit card,75.64,4263.77,0,49+ months,Medium (40-79),1,22.0,3.0
TC-02251,Male,0,Yes,No,37,Yes,DSL,No,Yes,Yes,Month-to-month,No,Bank transfer,72.54,2712.62,0,25-48 months,Medium (40-79),1,10.5,4.0
TC-02252,Female,0,No,No,72,Yes,DSL,Yes,No,Yes,Two year,Yes,Electronic check,75.64,5483.67,0,49+ months,Medium (40-79),1,9.0,3.0
TC-02253,Male,0,Yes,No,13,Yes,DSL,No,No,No,One year,Yes,Bank transfer,53.44,687.73,0,13-24 months,Medium (40-79),0,,
TC-02254,Female,0,No,Yes,49,Yes,DSL,No,No,No,Two year,Yes,Credit card,47.12,2357.53,0,49+ months,Medium (40-79),0,,
TC-02255,Male,0,Yes,No,23,Yes,Fiber optic,Yes,Yes,No,Month-to-month,No,Bank transfer,101.16,2379.79,0,13-24 months,High (80+),1,11.5,2.0
TC-02256,Female,0,Yes,No,31,Yes,Fiber optic,No,No,Yes,Two year,No,Bank transfer,99.22,3070.29,0,25-48 months,High (80+),0,,
TC-02257,Male,0,No,Yes,5,Yes,No internet,No internet service,No internet service,No internet service,Month-to-month,No,Electronic check,18.0,91.64,0,0-12 months,Low (<40),1,26.9,2.0
TC-02258,Male,0,Yes,No,5,Yes,No internet,No internet service,No internet service,No internet service,Month-to-month,Yes,Credit card,18.0,88.76,0,0-12 months,Low (<40),2,12.1,4.0
TC-02259,Male,0,Yes,No,17,Yes,No internet,No internet service,No internet service,No internet service,Month-to-month,Yes,Credit card,32.38,546.24,0,13-24 months,Low (<40),0,,
TC-02260,Male,0,Yes,No,4,Yes,Fiber optic,No,No,No,Month-to-month,Yes,Bank transfer,89.07,357.72,1,0-12 months,High (80+),2,11.9,2.0
TC-02261,Male,0,No,No,43,Yes,DSL,No,No,Yes,Two year,Yes,Electronic check,65.98,2778.85,0,25-48 months,Medium (40-79),0,,
TC-02262,Female,0,No,Yes,12,Yes,DSL,Yes,No,Yes,Month-to-month,No,Electronic check,76.62,902.67,0,0-12 months,Medium (40-79),1,25.7,4.0
TC-02263,Male,0,No,No,19,Yes,Fiber optic,Yes,Yes,Yes,Month-to-month,Yes,Bank transfer,116.05,2182.85,0,13-24 months,High (80+),0,,
TC-02264,Female,0,No,No,13,No,DSL,Yes,No,No,Month-to-month,No,Bank transfer,68.91,918.66,1,13-24 months,Medium (40-79),1,22.9,2.0
TC-02265,Female,0,No,No,25,Yes,DSL,No,Yes,Yes,Two year,No,Electronic check,79.68,1946.05,0,25-48 months,Medium (40-79),0,,
TC-02266,Male,0,No,No,15,Yes,DSL,Yes,Yes,Yes,Month-to-month,Yes,Bank transfer,82.56,1245.45,0,13-24 months,High (80+),1,4.8,2.0
TC-02267,Female,0,Yes,Yes,3,Yes,DSL,No,No,No,Month-to-month,Yes,Mailed check,57.18,167.45,0,0-12 months,Medium (40-79),0,,
TC-02268,Female,0,No,No,72,Yes,Fiber optic,Yes,Yes,No,Two year,Yes,Credit card,89.84,6276.04,0,49+ months,High (80+),3,24.5,2.67
TC-02269,Female,1,Yes,No,40,Yes,DSL,Yes,No,Yes,One year,No,Bank transfer,84.85,3405.69,0,25-48 months,High (80+),2,7.7,4.5
TC-02270,Male,0,No,No,57,Yes,No internet,No internet service,No internet service,No internet service,One year,Yes,Credit card,18.0,1009.97,0,49+ months,Low (<40),0,,
TC-02271,Female,0,No,No,61,Yes,Fiber optic,No,No,Yes,Two year,Yes,Credit card,89.47,5468.94,0,49+ months,High (80+),1,14.9,4.0
TC-02272,Male,0,No,Yes,11,Yes,DSL,No,No,Yes,Month-to-month,Yes,Mailed check,68.95,771.44,0,0-12 months,Medium (40-79),1,20.5,1.0
TC-02273,Female,0,Yes,No,65,Yes,No internet,No internet service,No internet service,No internet service,One year,Yes,Credit card,18.0,1186.26,0,49+ months,Low (<40),0,,
TC-02274,Female,1,Yes,No,39,Yes,No internet,No internet service,No internet service,No internet service,One year,Yes,Credit card,21.32,812.21,0,25-48 months,Low (<40),0,,
TC-02275,Female,0,Yes,No,24,Yes,No internet,No internet service,No internet service,No internet service,One year,Yes,Electronic check,22.0,539.04,0,13-24 months,Low (<40),3,24.9,4.0
TC-02276,Female,0,No,No,44,Yes,Fiber optic,No,No,No,One year,No,Mailed check,86.47,3751.16,0,25-48 months,High (80+),0,,
TC-02277,Male,0,No,No,33,Yes,Fiber optic,Yes,Yes,No,Month-to-month,Yes,Electronic check,99.39,3257.82,0,25-48 months,High (80+),0,,
TC-02278,Female,0,Yes,No,27,Yes,Fiber optic,Yes,Yes,No,Month-to-month,No,Bank transfer,104.63,2794.03,0,25-48 months,High (80+),2,13.5,3.5
TC-02279,Male,0,No,No,61,Yes,Fiber optic,No,No,No,Two year,No,Mailed check,98.87,5950.52,0,49+ months,High (80+),0,,
TC-02280,Male,0,No,Yes,35,Yes,No internet,No internet service,No internet service,No internet service,One year,Yes,Electronic check,26.06,927.8,0,25-48 months,Low (<40),5,20.6,3.8
TC-02281,Male,1,No,No,2,Yes,No internet,No internet service,No internet service,No internet service,Month-to-month,No,Bank transfer,23.57,46.42,1,0-12 months,Low (<40),2,22.7,3.0
TC-02282,Male,0,Yes,No,4,Yes,DSL,No,No,Yes,Month-to-month,Yes,Bank transfer,69.1,282.63,0,0-12 months,Medium (40-79),0,,
TC-02283,Male,0,Yes,No,9,Yes,Fiber optic,No,No,No,Month-to-month,No,Credit card,81.37,746.73,1,0-12 months,High (80+),3,23.3,3.0
TC-02284,Male,0,No,Yes,8,Yes,No internet,No internet service,No internet service,No internet service,Month-to-month,No,Bank transfer,18.89,155.5,0,0-12 months,Low (<40),1,50.6,2.0
TC-02285,Male,0,No,No,49,Yes,DSL,Yes,Yes,No,One year,No,Bank transfer,68.69,3357.17,0,49+ months,Medium (40-79),0,,
TC-02286,Female,0,No,Yes,29,No,DSL,No,No,Yes,Month-to-month,Yes,Mailed check,72.1,2058.73,0,25-48 months,Medium (40-79),1,17.6,1.0
TC-02287,Male,0,Yes,Yes,44,Yes,Fiber optic,No,No,Yes,Two year,Yes,Mailed check,101.51,4389.57,0,25-48 months,High (80+),1,63.0,3.0
TC-02288,Male,0,Yes,No,26,Yes,Fiber optic,Yes,Yes,No,Month-to-month,No,Electronic check,91.08,2333.53,0,25-48 months,High (80+),0,,
TC-02289,Male,0,Yes,No,13,No,DSL,No,Yes,Yes,Month-to-month,Yes,Credit card,75.54,952.88,1,13-24 months,Medium (40-79),0,,
TC-02290,Female,0,No,No,12,Yes,DSL,Yes,No,Yes,Month-to-month,Yes,Mailed check,74.44,901.71,1,0-12 months,Medium (40-79),1,24.6,1.0
TC-02291,Male,0,No,No,17,Yes,Fiber optic,No,No,No,Two year,Yes,Credit card,98.84,1692.59,0,13-24 months,High (80+),3,10.0,3.67
TC-02292,Female,0,Yes,No,48,Yes,Fiber optic,No,No,No,One year,Yes,Credit card,92.49,4444.52,0,25-48 months,High (80+),1,18.0,5.0
TC-02293,Male,0,No,No,6,Yes,DSL,Yes,Yes,Yes,Month-to-month,No,Bank transfer,84.8,504.65,0,0-12 months,High (80+),0,,
TC-02294,Male,0,Yes,No,44,Yes,No internet,No internet service,No internet service,No internet service,Two year,Yes,Mailed check,18.0,810.02,0,25-48 months,Low (<40),1,8.8,4.0
TC-02295,Female,0,Yes,No,5,Yes,DSL,No,Yes,Yes,One year,Yes,Bank transfer,64.82,320.37,0,0-12 months,Medium (40-79),0,,
TC-02296,Female,0,No,No,1,No,Fiber optic,Yes,Yes,Yes,Month-to-month,Yes,Electronic check,104.15,102.73,1,0-12 months,High (80+),2,34.5,3.0
TC-02297,Female,1,Yes,No,66,Yes,DSL,Yes,Yes,No,Two year,Yes,Bank transfer,72.37,4876.61,0,49+ months,Medium (40-79),0,,
TC-02298,Female,1,No,No,72,Yes,No internet,No internet service,No internet service,No internet service,Month-to-month,Yes,Mailed check,18.0,1297.87,0,49+ months,Low (<40),0,,
TC-02299,Male,1,No,No,64,Yes,No internet,No internet service,No internet service,No internet service,Two year,No,Bank transfer,24.87,1548.69,0,49+ months,Low (<40),0,,
TC-02300,Female,0,No,Yes,17,Yes,Fiber optic,No,Yes,Yes,Month-to-month,Yes,Bank transfer,102.17,1741.97,1,13-24 months,High (80+),0,,
TC-02301,Male,0,Yes,Yes,72,Yes,Fiber optic,No,No,Yes,Two year,No,Bank transfer,97.85,6981.62,0,49+ months,High (80+),2,18.1,3.0
TC-02302,Male,1,No,No,10,Yes,Fiber optic,No,No,No,Month-to-month,No,Credit card,95.71,968.05,0,0-12 months,High (80+),2,30.6,4.0
TC-02303,Male,0,Yes,No,35,Yes,Fiber optic,Yes,No,No,One year,Yes,Credit card,80.17,2802.5,0,25-48 months,High (80+),2,9.0,3.5
TC-02304,Female,0,No,No,38,No,Fiber optic,Yes,No,No,Month-to-month,Yes,Mailed check,82.88,3082.32,1,25-48 months,High (80+),1,29.7,2.0
TC-02305,Male,0,Yes,No,36,Yes,Fiber optic,No,No,No,Month-to-month,Yes,Bank transfer,88.75,3141.02,0,25-48 months,High (80+),4,11.1,3.75
TC-02306,Female,0,Yes,Yes,14,No,DSL,No,Yes,No,One year,No,Credit card,59.89,862.23,0,13-24 months,Medium (40-79),1,44.4,3.0
TC-02307,Female,0,Yes,No,12,Yes,No internet,No internet service,No internet service,No internet service,Month-to-month,No,Credit card,25.38,310.23,0,0-12 months,Low (<40),2,27.3,4.0
TC-02308,Male,0,No,No,18,Yes,DSL,Yes,No,Yes,Month-to-month,Yes,Credit card,77.22,1350.24,1,13-24 months,Medium (40-79),0,,
TC-02309,Male,0,No,Yes,11,Yes,DSL,Yes,No,Yes,Month-to-month,Yes,Electronic check,59.64,672.48,1,0-12 months,Medium (40-79),3,15.3,2.33
TC-02310,Female,0,Yes,No,21,Yes,Fiber optic,No,No,No,One year,No,Credit card,97.88,2032.1,1,13-24 months,High (80+),2,24.0,4.0
TC-02311,Male,0,Yes,No,9,Yes,DSL,Yes,Yes,No,Month-to-month,No,Credit card,79.63,700.65,1,0-12 months,Medium (40-79),1,14.6,2.0
TC-02312,Female,0,No,No,2,Yes,Fiber optic,No,Yes,Yes,Month-to-month,Yes,Electronic check,88.76,179.2,0,0-12 months,High (80+),2,20.2,3.5
TC-02313,Male,0,No,Yes,21,Yes,No internet,No internet service,No internet service,No internet service,Month-to-month,Yes,Electronic check,18.34,395.66,1,13-24 months,Low (<40),0,,
TC-02314,Male,0,No,No,44,Yes,No internet,No internet service,No internet service,No internet service,Month-to-month,Yes,Electronic check,28.37,1273.63,0,25-48 months,Low (<40),2,26.2,4.0
TC-02315,Female,0,No,Yes,51,Yes,No internet,No internet service,No internet service,No internet service,Two year,No,Credit card,19.26,955.44,0,49+ months,Low (<40),0,,
TC-02316,Female,0,No,No,2,Yes,DSL,No,Yes,Yes,Month-to-month,No,Electronic check,75.4,147.96,0,0-12 months,Medium (40-79),1,36.5,5.0
TC-02317,Female,0,No,No,59,Yes,Fiber optic,Yes,No,No,One year,No,Electronic check,83.97,4807.35,0,49+ months,High (80+),1,11.1,3.0
TC-02318,Male,0,Yes,Yes,27,No,Fiber optic,No,No,No,One year,No,Mailed check,94.08,2470.9,0,25-48 months,High (80+),1,9.0,3.0
TC-02319,Male,0,No,No,55,Yes,No internet,No internet service,No internet service,No internet service,Two year,Yes,Electronic check,18.0,998.27,0,49+ months,Low (<40),0,,
TC-02320,Male,1,Yes,Yes,20,Yes,Fiber optic,No,No,Yes,Month-to-month,Yes,Mailed check,93.03,1814.31,1,13-24 months,High (80+),2,9.2,1.5
TC-02321,Female,0,Yes,No,7,Yes,DSL,No,No,Yes,Month-to-month,Yes,Bank transfer,68.64,480.14,0,0-12 months,Medium (40-79),2,1.9,2.5
TC-02322,Female,0,Yes,No,19,Yes,Fiber optic,Yes,No,No,Month-to-month,Yes,Mailed check,80.37,1483.33,0,13-24 months,High (80+),0,,
TC-02323,Male,0,No,No,38,Yes,Fiber optic,Yes,No,No,Month-to-month,Yes,Electronic check,91.81,3513.41,1,25-48 months,High (80+),3,30.0,3.67
TC-02324,Male,0,Yes,No,18,Yes,Fiber optic,No,Yes,No,Month-to-month,No,Electronic check,91.67,1660.66,1,13-24 months,High (80+),0,,
TC-02325,Female,0,Yes,Yes,42,Yes,DSL,No,No,No,Two year,Yes,Bank transfer,62.78,2680.82,0,25-48 months,Medium (40-79),0,,
TC-02326,Female,0,Yes,Yes,19,No,DSL,Yes,No,Yes,One year,No,Electronic check,61.77,1176.98,0,13-24 months,Medium (40-79),3,12.1,4.0
TC-02327,Female,0,Yes,No,35,Yes,Fiber optic,Yes,No,No,Month-to-month,Yes,Credit card,99.44,3535.92,0,25-48 months,High (80+),2,4.8,3.0
TC-02328,Female,1,No,No,8,Yes,Fiber optic,No,No,Yes,Month-to-month,No,Electronic check,88.26,696.23,1,0-12 months,High (80+),2,7.5,2.5
TC-02329,Female,0,No,No,42,Yes,No internet,No internet service,No internet service,No internet service,Two year,Yes,Electronic check,18.0,750.3,0,25-48 months,Low (<40),2,9.4,3.5
TC-02330,Female,1,No,No,10,Yes,DSL,Yes,Yes,Yes,Month-to-month,No,Electronic check,73.42,752.93,0,0-12 months,Medium (40-79),0,,
TC-02331,Female,0,Yes,No,11,Yes,Fiber optic,Yes,No,No,Month-to-month,No,Electronic check,94.48,1051.03,1,0-12 months,High (80+),5,21.1,2.4
TC-02332,Female,1,No,Yes,72,Yes,DSL,Yes,No,Yes,Two year,Yes,Bank transfer,70.1,4909.12,0,49+ months,Medium (40-79),0,,
TC-02333,Male,0,No,No,21,Yes,DSL,Yes,No,Yes,Two year,Yes,Electronic check,70.32,1480.08,0,13-24 months,Medium (40-79),0,,
TC-02334,Female,1,No,No,71,Yes,Fiber optic,Yes,No,No,Two year,Yes,Bank transfer,93.51,6659.59,0,49+ months,High (80+),2,12.5,4.0
TC-02335,Male,1,No,No,37,Yes,Fiber optic,No,No,No,Two year,Yes,Bank transfer,83.37,3038.28,0,25-48 months,High (80+),0,,
TC-02336,Female,0,No,No,47,Yes,DSL,Yes,No,No,Month-to-month,No,Electronic check,59.02,2846.74,1,25-48 months,Medium (40-79),2,19.4,2.5
TC-02337,Male,0,Yes,No,53,Yes,DSL,No,Yes,No,Month-to-month,Yes,Bank transfer,58.23,3012.32,0,49+ months,Medium (40-79),2,10.4,3.5
TC-02338,Female,0,No,Yes,26,Yes,No internet,No internet service,No internet service,No internet service,One year,Yes,Credit card,19.73,512.36,0,25-48 months,Low (<40),0,,
TC-02339,Female,0,Yes,Yes,12,Yes,No internet,No internet service,No internet service,No internet service,Month-to-month,Yes,Bank transfer,23.2,285.24,0,0-12 months,Low (<40),1,16.1,4.0
TC-02340,Female,0,Yes,No,25,Yes,Fiber optic,No,No,No,One year,Yes,Electronic check,93.34,2295.35,1,25-48 months,High (80+),1,4.7,3.0
TC-02341,Male,0,Yes,No,26,Yes,Fiber optic,No,Yes,No,Month-to-month,Yes,Mailed check,90.53,2354.52,1,25-48 months,High (80+),0,,
TC-02342,Female,0,Yes,Yes,12,Yes,Fiber optic,No,No,No,Month-to-month,Yes,Electronic check,92.39,1120.87,1,0-12 months,High (80+),3,19.8,3.33
TC-02343,Female,1,No,Yes,28,Yes,Fiber optic,Yes,Yes,Yes,One year,Yes,Mailed check,109.4,3070.85,0,25-48 months,High (80+),0,,
TC-02344,Male,0,No,No,6,Yes,Fiber optic,No,No,Yes,Month-to-month,No,Credit card,104.28,617.04,1,0-12 months,High (80+),1,26.9,2.0
TC-02345,Female,0,No,No,72,Yes,DSL,No,No,No,One year,No,Electronic check,59.76,4226.02,0,49+ months,Medium (40-79),3,8.8,3.67
TC-02346,Male,0,No,No,40,Yes,Fiber optic,No,Yes,No,Two year,Yes,Electronic check,87.62,3468.69,0,25-48 months,High (80+),0,,
TC-02347,Female,0,Yes,No,44,No,DSL,No,No,Yes,Two year,No,Electronic check,52.52,2371.46,0,25-48 months,Medium (40-79),0,,
TC-02348,Female,0,No,No,40,Yes,Fiber optic,No,No,Yes,One year,Yes,Mailed check,92.62,3809.07,0,25-48 months,High (80+),3,18.4,4.33
TC-02349,Female,0,No,Yes,24,Yes,DSL,No,No,No,Two year,Yes,Mailed check,61.21,1473.84,0,13-24 months,Medium (40-79),1,36.1,3.0
TC-02350,Male,1,No,Yes,24,Yes,No internet,No internet service,No internet service,No internet service,One year,No,Credit card,26.46,618.34,0,13-24 months,Low (<40),1,10.9,4.0
TC-02351,Female,0,No,Yes,39,Yes,No internet,No internet service,No internet service,No internet service,Two year,Yes,Mailed check,18.0,693.24,0,25-48 months,Low (<40),1,8.9,5.0
TC-02352,Male,1,No,Yes,72,Yes,Fiber optic,Yes,No,Yes,Two year,No,Mailed check,93.72,6879.72,0,49+ months,High (80+),4,13.9,2.75
TC-02353,Female,0,Yes,No,14,Yes,DSL,No,No,Yes,Month-to-month,Yes,Electronic check,61.07,849.67,1,13-24 months,Medium (40-79),2,20.4,2.5
TC-02354,Female,0,Yes,No,16,Yes,No internet,No internet service,No internet service,No internet service,Month-to-month,Yes,Electronic check,18.63,304.95,0,13-24 months,Low (<40),0,,
TC-02355,Female,0,Yes,No,23,No,DSL,No,Yes,Yes,Month-to-month,No,Electronic check,77.41,1805.6,1,13-24 months,Medium (40-79),0,,
TC-02356,Male,0,No,No,50,Yes,No internet,No internet service,No internet service,No internet service,Month-to-month,Yes,Bank transfer,25.96,1302.0,0,49+ months,Low (<40),3,4.4,3.33
TC-02357,Female,0,No,Yes,11,Yes,Fiber optic,Yes,No,Yes,Month-to-month,No,Mailed check,107.38,1203.51,0,0-12 months,High (80+),2,22.9,3.5
TC-02358,Male,0,No,No,43,Yes,Fiber optic,No,No,No,Two year,Yes,Electronic check,74.73,3242.32,0,25-48 months,Medium (40-79),1,34.2,5.0
TC-02359,Male,0,No,No,9,Yes,No internet,No internet service,No internet service,No internet service,Month-to-month,No,Bank transfer,18.0,158.08,0,0-12 months,Low (<40),1,23.5,3.0
TC-02360,Female,0,Yes,No,2,Yes,No internet,No internet service,No internet service,No internet service,Month-to-month,Yes,Electronic check,21.82,44.81,0,0-12 months,Low (<40),1,15.1,4.0
TC-02361,Male,0,Yes,No,53,Yes,Fiber optic,No,No,Yes,Two year,No,Electronic check,88.98,4840.29,0,49+ months,High (80+),1,23.7,2.0
TC-02362,Male,0,No,Yes,6,Yes,No internet,No internet service,No internet service,No internet service,Month-to-month,Yes,Bank transfer,21.91,132.56,0,0-12 months,Low (<40),1,41.3,5.0
TC-02363,Female,0,Yes,Yes,13,Yes,DSL,Yes,Yes,No,Month-to-month,Yes,Credit card,68.02,902.15,1,13-24 months,Medium (40-79),1,26.1,2.0
TC-02364,Female,0,No,No,41,No,Fiber optic,No,Yes,No,Two year,Yes,Electronic check,95.58,3852.31,0,25-48 months,High (80+),0,,
TC-02365,Female,0,Yes,No,45,Yes,Fiber optic,No,No,No,Two year,No,Electronic check,92.52,4066.18,0,25-48 months,High (80+),3,12.2,3.0
TC-02366,Female,0,Yes,Yes,14,Yes,Fiber optic,No,No,Yes,Month-to-month,Yes,Mailed check,90.18,1263.6,1,13-24 months,High (80+),1,27.9,1.0
TC-02367,Male,1,No,No,12,Yes,Fiber optic,No,Yes,Yes,Month-to-month,Yes,Electronic check,101.5,1206.56,1,0-12 months,High (80+),3,15.9,2.33
TC-02368,Male,0,No,Yes,4,Yes,Fiber optic,No,No,No,Month-to-month,No,Electronic check,88.63,360.25,1,0-12 months,High (80+),2,60.0,3.0
TC-02369,Male,0,Yes,No,58,Yes,Fiber optic,Yes,No,No,Two year,No,Mailed check,99.9,5768.33,0,49+ months,High (80+),1,24.5,4.0
TC-02370,Female,0,No,No,72,Yes,DSL,No,Yes,No,Two year,No,Credit card,65.23,4813.99,0,49+ months,Medium (40-79),1,6.9,3.0
TC-02371,Female,0,No,No,3,Yes,No internet,No internet service,No internet service,No internet service,Month-to-month,Yes,Bank transfer,18.0,53.44,0,0-12 months,Low (<40),1,12.1,2.0
TC-02372,Female,0,No,No,12,Yes,Fiber optic,No,Yes,No,One year,Yes,Credit card,92.61,1131.39,0,0-12 months,High (80+),2,43.9,4.5
TC-02373,Male,0,No,No,21,Yes,Fiber optic,Yes,Yes,Yes,Month-to-month,No,Electronic check,101.8,2162.94,1,13-24 months,High (80+),1,18.5,2.0
TC-02374,Male,0,Yes,Yes,27,Yes,DSL,No,No,No,One year,Yes,Electronic check,48.3,1287.13,0,25-48 months,Medium (40-79),0,,
TC-02375,Female,0,No,No,20,Yes,Fiber optic,Yes,Yes,Yes,Month-to-month,Yes,Credit card,111.18,2273.44,1,13-24 months,High (80+),1,7.4,2.0
TC-02376,Male,0,Yes,No,69,Yes,Fiber optic,No,No,Yes,Month-to-month,Yes,Credit card,89.93,6253.88,0,49+ months,High (80+),2,16.7,3.5
TC-02377,Male,0,Yes,No,28,Yes,DSL,No,No,No,Month-to-month,No,Credit card,58.34,1647.17,0,25-48 months,Medium (40-79),1,18.2,3.0
TC-02378,Female,0,No,No,30,No,Fiber optic,No,No,No,Month-to-month,Yes,Bank transfer,81.14,2437.5,0,25-48 months,High (80+),1,12.6,3.0
TC-02379,Female,0,No,Yes,31,Yes,Fiber optic,Yes,No,No,Two year,Yes,Electronic check,90.48,2870.05,0,25-48 months,High (80+),0,,
TC-02380,Female,0,No,No,42,Yes,No internet,No internet service,No internet service,No internet service,Two year,Yes,Credit card,24.38,1004.44,0,25-48 months,Low (<40),1,22.3,2.0
TC-02381,Male,0,No,No,22,Yes,DSL,No,No,No,One year,Yes,Bank transfer,61.38,1355.25,0,13-24 months,Medium (40-79),1,1.7,4.0
TC-02382,Female,0,Yes,Yes,38,Yes,Fiber optic,No,Yes,No,One year,No,Electronic check,104.14,4029.09,0,25-48 months,High (80+),1,46.5,4.0
TC-02383,Male,1,Yes,No,11,Yes,DSL,No,No,Yes,Month-to-month,No,Credit card,80.09,860.34,1,0-12 months,High (80+),2,20.4,2.5
TC-02384,Female,0,Yes,Yes,39,Yes,DSL,No,No,Yes,Month-to-month,Yes,Mailed check,63.28,2398.93,1,25-48 months,Medium (40-79),0,,
TC-02385,Female,0,No,No,46,Yes,Fiber optic,No,Yes,Yes,Two year,No,Credit card,105.84,5013.55,0,25-48 months,High (80+),6,20.7,3.17
TC-02386,Male,0,Yes,No,24,Yes,Fiber optic,No,No,Yes,Two year,No,Bank transfer,103.54,2463.56,0,13-24 months,High (80+),3,13.6,3.0
TC-02387,Female,0,Yes,Yes,19,No,Fiber optic,No,Yes,No,Month-to-month,No,Electronic check,96.26,1778.6,1,13-24 months,High (80+),1,55.8,3.0
TC-02388,Female,0,No,No,14,Yes,Fiber optic,No,No,No,Two year,Yes,Credit card,89.01,1237.26,0,13-24 months,High (80+),3,30.6,5.0
TC-02389,Male,0,No,Yes,72,Yes,Fiber optic,No,No,Yes,Two year,No,Bank transfer,95.12,6776.98,0,49+ months,High (80+),2,23.6,2.5
TC-02390,Female,0,Yes,No,21,Yes,Fiber optic,No,No,Yes,Two year,No,Bank transfer,92.19,1968.89,0,13-24 months,High (80+),2,24.8,3.0
TC-02391,Female,0,Yes,No,22,Yes,Fiber optic,Yes,No,Yes,Month-to-month,Yes,Credit card,93.95,2126.48,1,13-24 months,High (80+),1,16.3,1.0
TC-02392,Male,0,Yes,No,35,Yes,Fiber optic,No,No,Yes,One year,Yes,Bank transfer,89.45,3139.67,0,25-48 months,High (80+),3,12.7,4.33
TC-02393,Male,0,No,Yes,10,Yes,DSL,No,Yes,Yes,Month-to-month,Yes,Bank transfer,76.29,783.56,1,0-12 months,Medium (40-79),0,,
TC-02394,Male,0,No,Yes,12,Yes,DSL,No,Yes,Yes,Month-to-month,Yes,Electronic check,68.58,836.3,0,0-12 months,Medium (40-79),1,65.6,1.0
TC-02395,Male,0,Yes,Yes,3,Yes,DSL,No,No,No,Month-to-month,Yes,Mailed check,64.87,194.07,0,0-12 months,Medium (40-79),1,2.8,4.0
TC-02396,Male,0,No,No,7,Yes,Fiber optic,No,Yes,Yes,Month-to-month,Yes,Mailed check,92.68,651.82,1,0-12 months,High (80+),1,15.7,1.0
TC-02397,Female,0,No,No,4,No,DSL,No,No,No,Month-to-month,No,Credit card,64.93,254.02,0,0-12 months,Medium (40-79),2,12.5,4.0
TC-02398,Male,0,No,No,59,Yes,Fiber optic,No,No,No,Two year,Yes,Electronic check,79.31,4560.86,0,49+ months,Medium (40-79),2,13.9,2.5
TC-02399,Male,0,Yes,Yes,28,Yes,DSL,Yes,No,Yes,One year,No,Bank transfer,65.4,1872.39,0,25-48 months,Medium (40-79),2,29.0,3.5
TC-02400,Female,0,Yes,Yes,67,Yes,DSL,No,No,No,Two year,Yes,Electronic check,54.96,3591.54,0,49+ months,Medium (40-79),2,6.6,3.0
TC-02401,Female,1,No,Yes,6,Yes,Fiber optic,No,No,No,Month-to-month,No,Credit card,97.1,596.79,1,0-12 months,High (80+),1,30.7,1.0
TC-02402,Female,0,No,No,14,Yes,No internet,No internet service,No internet service,No internet service,Month-to-month,No,Credit card,29.88,413.29,0,13-24 months,Low (<40),0,,
TC-02403,Female,1,Yes,Yes,7,Yes,DSL,No,No,No,One year,Yes,Bank transfer,48.34,341.83,0,0-12 months,Medium (40-79),0,,
TC-02404,Female,1,No,Yes,72,Yes,Fiber optic,No,No,Yes,Two year,Yes,Credit card,104.66,7417.1,0,49+ months,High (80+),1,15.2,4.0
TC-02405,Female,0,Yes,No,12,Yes,No internet,No internet service,No internet service,No internet service,Month-to-month,Yes,Credit card,20.22,242.52,0,0-12 months,Low (<40),4,9.6,4.0
TC-02406,Female,0,No,No,30,Yes,No internet,No internet service,No internet service,No internet service,Month-to-month,Yes,Electronic check,18.0,524.44,0,25-48 months,Low (<40),0,,
TC-02407,Male,0,No,No,48,Yes,DSL,Yes,Yes,No,One year,No,Bank transfer,81.43,3994.53,0,25-48 months,High (80+),1,49.3,3.0
TC-02408,Male,0,No,No,72,Yes,Fiber optic,No,Yes,Yes,Two year,No,Bank transfer,97.24,7018.92,0,49+ months,High (80+),0,,
TC-02409,Male,1,No,No,28,Yes,Fiber optic,No,No,No,Two year,No,Credit card,79.35,2236.41,0,25-48 months,Medium (40-79),3,23.9,3.0
TC-02410,Male,1,Yes,No,17,Yes,Fiber optic,Yes,Yes,Yes,Two year,No,Mailed check,111.41,1946.9,0,13-24 months,High (80+),1,16.7,3.0
TC-02411,Male,0,No,No,44,Yes,No internet,No internet service,No internet service,No internet service,Month-to-month,Yes,Electronic check,30.66,1374.05,0,25-48 months,Low (<40),0,,
TC-02412,Female,0,No,No,16,Yes,DSL,No,No,No,Month-to-month,No,Mailed check,47.85,763.77,0,13-24 months,Medium (40-79),1,8.3,3.0
TC-02413,Male,0,No,No,45,No,Fiber optic,Yes,No,Yes,Two year,Yes,Bank transfer,104.77,4785.28,0,25-48 months,High (80+),1,6.7,3.0
TC-02414,Female,0,Yes,Yes,14,Yes,No internet,No internet service,No internet service,No internet service,Two year,No,Credit card,18.0,253.21,0,13-24 months,Low (<40),0,,
TC-02415,Male,0,No,Yes,72,No,Fiber optic,Yes,No,No,Two year,Yes,Electronic check,81.41,5731.46,0,49+ months,High (80+),4,24.1,4.0
TC-02416,Male,0,No,No,13,Yes,DSL,Yes,No,Yes,Month-to-month,Yes,Mailed check,70.78,915.77,0,13-24 months,Medium (40-79),1,12.6,3.0
TC-02417,Male,0,No,No,9,Yes,DSL,No,No,No,Month-to-month,Yes,Electronic check,58.87,520.41,0,0-12 months,Medium (40-79),3,14.6,3.33
TC-02418,Female,0,Yes,Yes,46,Yes,Fiber optic,Yes,Yes,Yes,Month-to-month,Yes,Bank transfer,100.65,4765.49,1,25-48 months,High (80+),0,,
TC-02419,Female,0,Yes,No,72,Yes,Fiber optic,No,No,Yes,Two year,Yes,Electronic check,86.96,6407.32,1,49+ months,High (80+),4,9.1,2.25
TC-02420,Female,0,Yes,No,72,Yes,DSL,No,No,No,Two year,No,Bank transfer,57.62,4186.05,0,49+ months,Medium (40-79),1,20.0,5.0
TC-02421,Male,0,Yes,Yes,23,Yes,Fiber optic,No,Yes,No,Month-to-month,No,Mailed check,99.07,2303.21,1,13-24 months,High (80+),0,,
TC-02422,Male,0,No,No,31,No,DSL,No,No,No,Two year,Yes,Electronic check,55.58,1736.88,0,25-48 months,Medium (40-79),0,,
TC-02423,Female,1,Yes,No,2,Yes,No internet,No internet service,No internet service,No internet service,Month-to-month,Yes,Electronic check,30.84,63.19,1,0-12 months,Low (<40),1,14.3,2.0
TC-02424,Male,0,No,No,7,Yes,Fiber optic,No,Yes,No,Month-to-month,Yes,Credit card,86.3,594.24,1,0-12 months,High (80+),1,14.8,3.0
TC-02425,Female,0,No,No,25,Yes,Fiber optic,No,No,Yes,One year,Yes,Bank transfer,95.53,2396.42,0,25-48 months,High (80+),2,3.6,4.0
TC-02426,Male,0,Yes,No,12,Yes,No internet,No internet service,No internet service,No internet service,Month-to-month,No,Mailed check,23.34,280.62,0,0-12 months,Low (<40),0,,
TC-02427,Female,0,Yes,Yes,13,Yes,Fiber optic,No,No,No,Month-to-month,No,Credit card,78.54,1051.15,0,13-24 months,Medium (40-79),2,13.1,3.0
TC-02428,Female,0,No,Yes,18,Yes,DSL,No,No,Yes,Month-to-month,Yes,Mailed check,78.62,1456.41,0,13-24 months,Medium (40-79),1,9.9,4.0
TC-02429,Male,0,No,Yes,10,Yes,Fiber optic,No,No,No,Month-to-month,Yes,Credit card,88.37,892.67,1,0-12 months,High (80+),0,,
TC-02430,Female,0,No,Yes,10,Yes,No internet,No internet service,No internet service,No internet service,Month-to-month,Yes,Bank transfer,23.8,234.54,1,0-12 months,Low (<40),1,9.9,3.0
TC-02431,Female,0,No,No,11,Yes,DSL,No,Yes,No,Month-to-month,No,Mailed check,63.93,697.92,1,0-12 months,Medium (40-79),2,11.1,2.0
TC-02432,Female,0,No,No,24,Yes,Fiber optic,No,No,No,Two year,Yes,Mailed check,87.15,2090.36,1,13-24 months,High (80+),2,10.8,3.0
TC-02433,Female,0,No,No,4,Yes,DSL,No,No,Yes,Month-to-month,Yes,Electronic check,73.05,300.74,1,0-12 months,Medium (40-79),2,13.1,2.5
TC-02434,Female,1,No,No,23,Yes,Fiber optic,Yes,No,Yes,Month-to-month,No,Mailed check,108.88,2542.83,1,13-24 months,High (80+),2,17.9,2.0
TC-02435,Male,1,Yes,No,15,No,Fiber optic,Yes,No,No,One year,Yes,Electronic check,92.31,1388.96,1,13-24 months,High (80+),4,21.4,2.75
TC-02436,Female,1,No,No,17,Yes,Fiber optic,No,No,Yes,Month-to-month,No,Electronic check,96.36,1660.07,1,13-24 months,High (80+),1,2.2,3.0
TC-02437,Male,0,No,No,9,Yes,Fiber optic,No,No,Yes,Month-to-month,Yes,Mailed check,92.21,841.1,0,0-12 months,High (80+),0,,
TC-02438,Male,0,Yes,No,42,Yes,No internet,No internet service,No internet service,No internet service,One year,Yes,Mailed check,18.0,761.55,0,25-48 months,Low (<40),0,,
TC-02439,Female,0,No,Yes,30,Yes,DSL,No,Yes,Yes,One year,No,Credit card,75.92,2241.19,0,25-48 months,Medium (40-79),2,30.6,3.5
TC-02440,Male,0,Yes,No,51,Yes,DSL,Yes,No,No,Two year,Yes,Bank transfer,53.61,2808.75,0,49+ months,Medium (40-79),1,11.2,5.0
TC-02441,Female,0,Yes,No,45,Yes,No internet,No internet service,No internet service,No internet service,Two year,No,Electronic check,29.18,1319.4,0,25-48 months,Low (<40),4,8.5,4.5
TC-02442,Male,0,Yes,No,19,Yes,Fiber optic,No,No,Yes,Month-to-month,Yes,Electronic check,94.97,1805.04,1,13-24 months,High (80+),1,41.2,3.0
TC-02443,Male,0,No,No,72,Yes,Fiber optic,No,No,No,Two year,Yes,Credit card,77.85,5495.45,0,49+ months,Medium (40-79),4,13.6,3.75
TC-02444,Male,0,No,No,5,Yes,Fiber optic,No,Yes,No,Month-to-month,Yes,Electronic check,91.36,467.98,1,0-12 months,High (80+),2,16.3,3.5
TC-02445,Male,0,No,No,36,Yes,Fiber optic,No,No,No,One year,No,Mailed check,75.19,2740.92,0,25-48 months,Medium (40-79),1,20.6,4.0
TC-02446,Male,0,Yes,No,17,Yes,Fiber optic,No,No,No,Month-to-month,Yes,Electronic check,79.61,1363.52,1,13-24 months,Medium (40-79),3,16.8,2.67
TC-02447,Female,0,No,No,16,Yes,DSL,No,No,Yes,Month-to-month,Yes,Mailed check,53.18,834.85,0,13-24 months,Medium (40-79),0,,
TC-02448,Male,0,No,No,30,Yes,No internet,No internet service,No internet service,No internet service,One year,Yes,Bank transfer,33.07,1003.52,0,25-48 months,Low (<40),3,14.9,3.67
TC-02449,Male,0,Yes,Yes,29,Yes,DSL,No,Yes,Yes,Two year,No,Electronic check,70.07,2049.66,0,25-48 months,Medium (40-79),0,,
TC-02450,Female,0,No,No,67,Yes,Fiber optic,No,Yes,Yes,Two year,Yes,Mailed check,90.43,5943.45,0,49+ months,High (80+),0,,
TC-02451,Female,0,No,Yes,10,Yes,Fiber optic,Yes,Yes,No,Month-to-month,No,Mailed check,98.53,984.9,0,0-12 months,High (80+),1,1.8,3.0
TC-02452,Male,0,Yes,Yes,35,Yes,No internet,No internet service,No internet service,No internet service,Two year,Yes,Credit card,18.0,613.85,0,25-48 months,Low (<40),0,,
TC-02453,Female,0,Yes,Yes,45,Yes,DSL,No,Yes,No,One year,No,Bank transfer,57.75,2524.09,0,25-48 months,Medium (40-79),1,19.0,3.0
TC-02454,Male,0,No,No,21,No,Fiber optic,No,No,No,One year,Yes,Mailed check,85.92,1751.22,0,13-24 months,High (80+),1,16.1,3.0
TC-02455,Male,1,Yes,No,43,Yes,Fiber optic,No,No,No,Two year,Yes,Mailed check,92.5,3975.23,1,25-48 months,High (80+),4,12.3,1.75
TC-02456,Female,0,Yes,No,22,Yes,No internet,No internet service,No internet service,No internet service,Month-to-month,Yes,Credit card,28.99,626.24,0,13-24 months,Low (<40),0,,
TC-02457,Female,0,Yes,Yes,28,Yes,No internet,No internet service,No internet service,No internet service,Two year,Yes,Electronic check,23.5,661.71,0,25-48 months,Low (<40),0,,
TC-02458,Female,0,Yes,Yes,28,Yes,Fiber optic,No,No,No,Two year,No,Credit card,80.5,2239.25,0,25-48 months,High (80+),6,17.6,3.0
TC-02459,Female,1,Yes,No,72,No,DSL,Yes,Yes,No,Two year,Yes,Mailed check,64.87,4748.39,0,49+ months,Medium (40-79),1,52.9,4.0
TC-02460,Female,0,Yes,No,41,Yes,No internet,No internet service,No internet service,No internet service,Month-to-month,No,Credit card,18.24,769.3,0,25-48 months,Low (<40),0,,
TC-02461,Female,0,No,Yes,10,Yes,DSL,No,No,Yes,Month-to-month,No,Mailed check,68.46,674.99,0,0-12 months,Medium (40-79),0,,
TC-02462,Female,0,No,Yes,13,Yes,DSL,Yes,Yes,No,Month-to-month,No,Credit card,64.9,853.1,0,13-24 months,Medium (40-79),3,24.4,4.0
TC-02463,Male,0,Yes,Yes,10,Yes,Fiber optic,No,Yes,No,One year,Yes,Credit card,83.05,855.04,0,0-12 months,High (80+),3,27.2,3.33
TC-02464,Male,0,Yes,Yes,32,Yes,No internet,No internet service,No internet service,No internet service,Two year,Yes,Electronic check,26.19,843.17,0,25-48 months,Low (<40),0,,
TC-02465,Male,0,Yes,No,43,Yes,DSL,Yes,No,No,Month-to-month,Yes,Credit card,58.3,2527.76,0,25-48 months,Medium (40-79),1,36.9,3.0
TC-02466,Female,0,Yes,No,12,Yes,Fiber optic,No,No,Yes,One year,No,Electronic check,84.18,1006.65,1,0-12 months,High (80+),1,34.8,3.0
TC-02467,Female,0,Yes,No,12,Yes,DSL,No,No,No,One year,Yes,Electronic check,66.72,819.69,0,0-12 months,Medium (40-79),1,20.8,4.0
TC-02468,Male,0,No,No,12,Yes,Fiber optic,No,No,No,Month-to-month,Yes,Credit card,92.16,1082.87,1,0-12 months,High (80+),1,5.7,3.0
TC-02469,Female,0,No,Yes,72,Yes,Fiber optic,No,No,Yes,Two year,No,Electronic check,82.88,5961.2,0,49+ months,High (80+),0,,
TC-02470,Female,0,Yes,Yes,7,Yes,Fiber optic,No,No,No,Month-to-month,No,Credit card,83.52,573.82,0,0-12 months,High (80+),0,,
TC-02471,Male,0,No,No,17,Yes,Fiber optic,No,Yes,No,Month-to-month,Yes,Bank transfer,83.84,1394.59,0,13-24 months,High (80+),1,21.0,4.0
TC-02472,Female,0,Yes,Yes,52,Yes,DSL,No,No,No,Month-to-month,Yes,Mailed check,65.96,3445.27,0,49+ months,Medium (40-79),0,,
TC-02473,Male,0,Yes,No,72,Yes,No internet,No internet service,No internet service,No internet service,Two year,No,Electronic check,20.23,1429.17,0,49+ months,Low (<40),1,45.5,5.0
TC-02474,Female,0,Yes,Yes,4,Yes,Fiber optic,No,Yes,No,Month-to-month,Yes,Electronic check,93.3,366.36,0,0-12 months,High (80+),2,11.8,5.0
TC-02475,Female,1,Yes,Yes,18,Yes,No internet,No internet service,No internet service,No internet service,Month-to-month,No,Electronic check,18.0,322.61,1,13-24 months,Low (<40),1,13.2,2.0
TC-02476,Female,0,Yes,No,19,Yes,Fiber optic,No,No,No,Month-to-month,Yes,Electronic check,87.5,1647.51,1,13-24 months,High (80+),0,,
TC-02477,Female,0,Yes,Yes,30,Yes,No internet,No internet service,No internet service,No internet service,One year,No,Electronic check,40.33,1179.53,0,25-48 months,Medium (40-79),0,,
TC-02478,Male,1,No,No,4,Yes,DSL,No,No,No,Month-to-month,Yes,Bank transfer,68.54,269.87,1,0-12 months,Medium (40-79),2,27.4,2.0
TC-02479,Male,0,No,No,43,Yes,Fiber optic,No,No,No,Two year,Yes,Electronic check,93.78,3962.43,0,25-48 months,High (80+),1,18.1,3.0
TC-02480,Male,0,Yes,Yes,47,No,DSL,Yes,No,No,One year,No,Electronic check,73.65,3440.29,0,25-48 months,Medium (40-79),1,36.4,2.0
TC-02481,Male,0,Yes,No,52,Yes,Fiber optic,No,No,No,One year,Yes,Credit card,83.36,4383.43,0,49+ months,High (80+),0,,
TC-02482,Male,0,No,No,5,Yes,DSL,No,No,Yes,Month-to-month,Yes,Electronic check,71.11,349.31,1,0-12 months,Medium (40-79),2,18.6,2.5
TC-02483,Female,0,Yes,Yes,7,Yes,No internet,No internet service,No internet service,No internet service,Month-to-month,No,Electronic check,24.21,170.63,1,0-12 months,Low (<40),1,15.7,2.0
TC-02484,Female,1,Yes,No,72,Yes,No internet,No internet service,No internet service,No internet service,Two year,Yes,Bank transfer,19.37,1426.68,0,49+ months,Low (<40),0,,
TC-02485,Male,0,Yes,No,25,Yes,DSL,No,No,No,Two year,Yes,Bank transfer,58.09,1460.18,0,25-48 months,Medium (40-79),0,,
TC-02486,Male,0,Yes,Yes,66,No,DSL,No,No,No,One year,No,Credit card,69.11,4555.02,0,49+ months,Medium (40-79),1,20.3,4.0
TC-02487,Male,0,Yes,Yes,70,Yes,Fiber optic,No,Yes,Yes,Two year,No,Bank transfer,106.57,7599.35,0,49+ months,High (80+),2,15.5,3.0
TC-02488,Female,1,Yes,Yes,23,Yes,Fiber optic,No,No,No,One year,Yes,Electronic check,84.36,1950.95,0,13-24 months,High (80+),3,22.5,3.67
TC-02489,Female,0,Yes,No,30,Yes,DSL,No,Yes,No,One year,Yes,Electronic check,70.11,2133.7,0,25-48 months,Medium (40-79),0,,
TC-02490,Female,0,No,Yes,34,Yes,DSL,No,No,Yes,Month-to-month,No,Mailed check,82.91,2812.86,0,25-48 months,High (80+),0,,
TC-02491,Male,0,Yes,No,13,Yes,No internet,No internet service,No internet service,No internet service,Month-to-month,No,Bank transfer,18.0,231.34,0,13-24 months,Low (<40),0,,
TC-02492,Female,0,No,Yes,2,Yes,DSL,No,Yes,No,Month-to-month,Yes,Electronic check,61.79,126.87,1,0-12 months,Medium (40-79),1,6.7,4.0
TC-02493,Female,0,Yes,Yes,20,Yes,Fiber optic,Yes,Yes,No,Month-to-month,No,Bank transfer,91.27,1783.96,0,13-24 months,High (80+),1,20.0,4.0
TC-02494,Male,0,No,Yes,17,Yes,No internet,No internet service,No internet service,No internet service,Month-to-month,Yes,Electronic check,34.75,573.85,0,13-24 months,Low (<40),0,,
TC-02495,Female,0,No,No,7,Yes,DSL,No,No,No,Month-to-month,Yes,Credit card,54.41,387.76,0,0-12 months,Medium (40-79),2,8.6,3.0
TC-02496,Male,0,No,No,17,No,Fiber optic,No,Yes,No,Month-to-month,Yes,Electronic check,88.47,1479.12,1,13-24 months,High (80+),1,2.3,2.0
TC-02497,Male,0,No,Yes,16,Yes,Fiber optic,No,No,No,Month-to-month,Yes,Credit card,75.81,1218.44,1,13-24 months,Medium (40-79),2,19.2,3.0
TC-02498,Male,0,Yes,No,14,Yes,Fiber optic,No,No,Yes,Month-to-month,No,Credit card,92.4,1277.85,1,13-24 months,High (80+),5,27.5,3.2
TC-02499,Female,0,No,Yes,36,Yes,Fiber optic,No,No,Yes,One year,Yes,Bank transfer,97.21,3540.09,0,25-48 months,High (80+),2,13.8,3.0
TC-02500,Female,0,No,Yes,21,Yes,Fiber optic,No,No,No,Two year,No,Bank transfer,80.27,1724.5,0,13-24 months,High (80+),2,12.3,3.5
TC-02501,Female,0,No,Yes,33,Yes,No internet,No internet service,No internet service,No internet service,One year,Yes,Bank transfer,18.0,578.67,0,25-48 months,Low (<40),2,23.1,3.0
TC-02502,Female,0,No,Yes,69,Yes,DSL,No,Yes,No,One year,No,Bank transfer,57.84,4082.81,0,49+ months,Medium (40-79),0,,
TC-02503,Female,0,No,No,10,Yes,Fiber optic,No,No,No,One year,Yes,Credit card,95.05,974.03,0,0-12 months,High (80+),2,12.8,4.0
TC-02504,Female,0,Yes,No,21,Yes,No internet,No internet service,No internet service,No internet service,Month-to-month,No,Electronic check,33.18,711.43,0,13-24 months,Low (<40),1,15.1,4.0
TC-02505,Female,0,Yes,No,46,Yes,DSL,Yes,No,No,Month-to-month,Yes,Bank transfer,86.03,3894.11,0,25-48 months,High (80+),1,2.4,3.0
TC-02506,Male,1,No,Yes,72,Yes,Fiber optic,Yes,No,No,Two year,No,Bank transfer,80.4,5862.65,0,49+ months,High (80+),1,4.3,4.0
TC-02507,Female,0,Yes,No,58,Yes,No internet,No internet service,No internet service,No internet service,Two year,No,Bank transfer,27.69,1649.97,0,49+ months,Low (<40),0,,
TC-02508,Female,0,Yes,No,1,Yes,Fiber optic,No,No,No,Month-to-month,Yes,Mailed check,74.44,73.26,1,0-12 months,Medium (40-79),1,12.5,3.0
TC-02509,Male,0,No,Yes,14,Yes,Fiber optic,Yes,Yes,No,Month-to-month,No,Electronic check,92.2,1324.21,0,13-24 months,High (80+),1,7.5,4.0
TC-02510,Female,0,No,Yes,21,Yes,Fiber optic,No,No,No,Two year,Yes,Electronic check,80.81,1655.69,0,13-24 months,High (80+),4,24.4,2.25
TC-02511,Male,0,No,Yes,17,Yes,DSL,No,No,Yes,Two year,No,Credit card,64.59,1108.68,0,13-24 months,Medium (40-79),1,4.9,4.0
TC-02512,Female,1,No,No,24,Yes,Fiber optic,No,Yes,Yes,One year,No,Electronic check,86.95,2036.64,1,13-24 months,High (80+),0,,
TC-02513,Male,1,Yes,No,21,Yes,No internet,No internet service,No internet service,No internet service,Two year,Yes,Bank transfer,34.8,715.06,0,13-24 months,Low (<40),1,19.2,5.0
TC-02514,Female,0,No,No,19,Yes,Fiber optic,No,No,Yes,One year,No,Mailed check,97.94,1822.48,1,13-24 months,High (80+),1,20.1,2.0
TC-02515,Male,1,Yes,No,67,Yes,Fiber optic,Yes,No,No,Two year,Yes,Electronic check,89.98,6187.2,0,49+ months,High (80+),0,,
TC-02516,Female,0,Yes,No,25,Yes,No internet,No internet service,No internet service,No internet service,Month-to-month,Yes,Credit card,20.8,531.4,0,25-48 months,Low (<40),1,9.6,5.0
TC-02517,Female,0,Yes,No,7,Yes,No internet,No internet service,No internet service,No internet service,Month-to-month,No,Credit card,18.48,127.66,0,0-12 months,Low (<40),1,11.2,5.0
TC-02518,Female,0,No,No,30,Yes,DSL,No,No,No,One year,No,Mailed check,69.01,2087.47,0,25-48 months,Medium (40-79),1,12.4,2.0
TC-02519,Female,0,No,No,45,Yes,DSL,Yes,No,Yes,Month-to-month,Yes,Credit card,74.64,3303.86,0,25-48 months,Medium (40-79),1,13.6,3.0
TC-02520,Male,1,No,Yes,61,Yes,DSL,Yes,Yes,Yes,One year,Yes,Mailed check,73.69,4372.22,0,49+ months,Medium (40-79),1,3.0,4.0
TC-02521,Female,1,No,No,37,Yes,Fiber optic,No,No,No,Month-to-month,Yes,Electronic check,94.9,3599.99,1,25-48 months,High (80+),0,,
TC-02522,Male,0,Yes,Yes,3,Yes,No internet,No internet service,No internet service,No internet service,One year,Yes,Credit card,30.58,94.36,0,0-12 months,Low (<40),1,33.4,2.0
TC-02523,Female,1,No,No,33,Yes,No internet,No internet service,No internet service,No internet service,Two year,Yes,Electronic check,31.15,1027.21,0,25-48 months,Low (<40),1,31.9,2.0
TC-02524,Male,0,Yes,No,38,Yes,No internet,No internet service,No internet service,No internet service,Month-to-month,No,Electronic check,20.42,794.59,0,25-48 months,Low (<40),1,19.1,5.0
TC-02525,Female,0,Yes,Yes,63,Yes,DSL,Yes,No,Yes,Two year,Yes,Bank transfer,74.3,4666.49,0,49+ months,Medium (40-79),1,4.4,3.0
TC-02526,Female,0,Yes,No,22,Yes,Fiber optic,No,No,Yes,One year,No,Bank transfer,93.76,2032.08,0,13-24 months,High (80+),1,69.0,4.0
TC-02527,Male,0,No,No,43,Yes,DSL,No,No,No,One year,Yes,Mailed check,71.28,2995.11,0,25-48 months,Medium (40-79),0,,
TC-02528,Male,0,Yes,No,22,Yes,DSL,Yes,No,No,Month-to-month,No,Bank transfer,74.39,1594.39,0,13-24 months,Medium (40-79),3,16.2,3.67
TC-02529,Female,0,Yes,Yes,23,Yes,No internet,No internet service,No internet service,No internet service,Month-to-month,Yes,Mailed check,35.61,802.69,0,13-24 months,Low (<40),1,1.1,5.0
TC-02530,Male,0,Yes,No,7,Yes,No internet,No internet service,No internet service,No internet service,One year,No,Mailed check,26.08,181.73,0,0-12 months,Low (<40),1,14.7,5.0
TC-02531,Female,0,No,Yes,72,Yes,No internet,No internet service,No internet service,No internet service,Two year,Yes,Electronic check,25.46,1840.88,0,49+ months,Low (<40),1,5.7,4.0
TC-02532,Male,0,Yes,Yes,23,Yes,No internet,No internet service,No internet service,No internet service,One year,Yes,Electronic check,27.84,627.24,0,13-24 months,Low (<40),2,16.3,4.0
TC-02533,Male,1,No,No,26,Yes,DSL,Yes,No,No,Two year,No,Electronic check,53.07,1401.32,0,25-48 months,Medium (40-79),1,12.3,5.0
TC-02534,Female,0,Yes,No,21,Yes,Fiber optic,No,No,No,Month-to-month,Yes,Mailed check,92.51,1902.32,1,13-24 months,High (80+),3,8.9,2.33
TC-02535,Male,0,No,No,49,Yes,Fiber optic,No,No,Yes,Two year,No,Electronic check,92.69,4419.85,0,49+ months,High (80+),1,26.9,2.0
TC-02536,Female,0,No,No,61,No,Fiber optic,Yes,No,Yes,Two year,No,Electronic check,102.52,6354.14,0,49+ months,High (80+),2,10.5,3.5
TC-02537,Male,0,Yes,No,41,Yes,No internet,No internet service,No internet service,No internet service,One year,No,Credit card,18.64,777.28,0,25-48 months,Low (<40),0,,
TC-02538,Male,0,No,Yes,7,Yes,DSL,Yes,Yes,No,Month-to-month,Yes,Bank transfer,70.85,492.58,0,0-12 months,Medium (40-79),1,27.5,2.0
TC-02539,Male,0,Yes,Yes,72,Yes,DSL,No,Yes,No,One year,Yes,Electronic check,74.57,5363.09,0,49+ months,Medium (40-79),0,,
TC-02540,Male,0,No,Yes,6,Yes,No internet,No internet service,No internet service,No internet service,Month-to-month,Yes,Mailed check,25.96,151.57,0,0-12 months,Low (<40),0,,
TC-02541,Male,0,Yes,No,41,No,Fiber optic,Yes,No,No,One year,No,Electronic check,80.85,3228.29,0,25-48 months,High (80+),3,10.4,2.33
TC-02542,Female,0,No,No,21,No,DSL,No,No,Yes,One year,Yes,Mailed check,64.68,1348.39,0,13-24 months,Medium (40-79),1,22.2,5.0
TC-02543,Male,1,Yes,Yes,4,Yes,Fiber optic,No,No,Yes,Month-to-month,No,Electronic check,96.4,388.27,1,0-12 months,High (80+),0,,
TC-02544,Male,1,No,No,28,Yes,Fiber optic,No,Yes,No,Month-to-month,No,Electronic check,94.08,2568.36,0,25-48 months,High (80+),1,47.9,4.0
TC-02545,Female,0,Yes,No,29,Yes,DSL,No,No,No,Month-to-month,Yes,Mailed check,57.2,1633.42,0,25-48 months,Medium (40-79),0,,
TC-02546,Female,0,Yes,No,7,Yes,Fiber optic,Yes,No,Yes,Month-to-month,Yes,Bank transfer,96.17,666.88,0,0-12 months,High (80+),1,37.0,5.0
TC-02547,Male,0,No,Yes,45,Yes,Fiber optic,No,No,Yes,Two year,No,Mailed check,99.58,4459.48,0,25-48 months,High (80+),3,29.2,3.67
TC-02548,Female,0,No,No,6,Yes,No internet,No internet service,No internet service,No internet service,Month-to-month,No,Credit card,22.16,132.13,0,0-12 months,Low (<40),2,9.9,4.0
TC-02549,Male,0,Yes,Yes,11,Yes,DSL,Yes,No,No,Month-to-month,Yes,Mailed check,62.46,698.21,0,0-12 months,Medium (40-79),0,,
TC-02550,Female,0,Yes,Yes,32,No,Fiber optic,No,No,No,Month-to-month,No,Mailed check,89.35,2861.29,1,25-48 months,High (80+),2,5.8,3.0
TC-02551,Female,0,No,No,31,Yes,Fiber optic,No,Yes,No,Month-to-month,No,Electronic check,90.9,2743.93,0,25-48 months,High (80+),0,,
TC-02552,Male,1,No,No,33,Yes,DSL,Yes,Yes,Yes,One year,No,Credit card,73.51,2442.53,0,25-48 months,Medium (40-79),2,20.6,4.0
TC-02553,Female,0,Yes,No,72,Yes,DSL,No,No,Yes,Two year,Yes,Mailed check,59.57,4308.34,0,49+ months,Medium (40-79),2,28.4,3.5
TC-02554,Male,0,No,Yes,47,Yes,DSL,No,No,No,Two year,No,Electronic check,64.34,3055.72,0,25-48 months,Medium (40-79),1,37.1,3.0
TC-02555,Male,0,Yes,No,17,Yes,Fiber optic,No,No,Yes,Two year,Yes,Bank transfer,88.62,1510.75,0,13-24 months,High (80+),1,6.2,3.0
TC-02556,Male,0,Yes,No,61,Yes,No internet,No internet service,No internet service,No internet service,Two year,Yes,Electronic check,28.85,1802.09,0,49+ months,Low (<40),1,4.8,5.0
TC-02557,Male,1,Yes,No,8,Yes,DSL,Yes,Yes,No,Month-to-month,No,Bank transfer,62.42,506.13,0,0-12 months,Medium (40-79),0,,
TC-02558,Male,1,Yes,Yes,5,Yes,Fiber optic,No,No,Yes,Month-to-month,No,Mailed check,97.55,498.11,1,0-12 months,High (80+),2,16.5,3.0
TC-02559,Female,0,No,No,27,Yes,DSL,No,No,Yes,Two year,Yes,Electronic check,67.05,1794.69,0,25-48 months,Medium (40-79),1,14.9,2.0
TC-02560,Female,0,Yes,No,20,No,DSL,No,Yes,No,Month-to-month,Yes,Electronic check,56.39,1150.42,0,13-24 months,Medium (40-79),0,,
TC-02561,Male,0,Yes,No,26,Yes,DSL,Yes,No,No,One year,No,Electronic check,50.62,1355.34,0,25-48 months,Medium (40-79),0,,
TC-02562,Female,0,No,No,2,No,DSL,No,No,No,Month-to-month,No,Bank transfer,62.01,120.84,0,0-12 months,Medium (40-79),0,,
TC-02563,Female,0,No,No,27,Yes,No internet,No internet service,No internet service,No internet service,Two year,Yes,Electronic check,18.0,484.66,0,25-48 months,Low (<40),2,17.6,3.0
TC-02564,Male,1,No,No,19,No,Fiber optic,Yes,Yes,No,Month-to-month,Yes,Credit card,99.88,1933.42,0,13-24 months,High (80+),1,11.3,3.0
TC-02565,Male,0,No,No,11,Yes,No internet,No internet service,No internet service,No internet service,Month-to-month,No,Electronic check,29.03,328.29,0,0-12 months,Low (<40),0,,
TC-02566,Male,0,Yes,No,6,Yes,DSL,No,Yes,Yes,Month-to-month,Yes,Mailed check,81.75,477.89,0,0-12 months,High (80+),1,18.0,5.0
TC-02567,Female,0,No,Yes,51,Yes,DSL,No,No,Yes,Two year,Yes,Electronic check,65.68,3443.35,0,49+ months,Medium (40-79),1,15.5,5.0
TC-02568,Female,0,Yes,Yes,30,Yes,DSL,No,Yes,Yes,One year,Yes,Credit card,75.53,2310.49,0,25-48 months,Medium (40-79),2,14.8,3.5
TC-02569,Female,0,No,No,40,Yes,Fiber optic,Yes,No,Yes,One year,No,Electronic check,91.68,3762.84,0,25-48 months,High (80+),2,25.9,3.5
TC-02570,Male,1,No,No,24,Yes,No internet,No internet service,No internet service,No internet service,Month-to-month,Yes,Electronic check,26.89,649.03,0,13-24 months,Low (<40),0,,
TC-02571,Female,0,Yes,No,34,Yes,DSL,No,No,Yes,Month-to-month,No,Mailed check,71.35,2378.67,0,25-48 months,Medium (40-79),1,6.8,4.0
TC-02572,Female,0,No,No,13,Yes,No internet,No internet service,No internet service,No internet service,Two year,Yes,Electronic check,27.1,346.78,0,13-24 months,Low (<40),2,11.4,4.0
TC-02573,Male,0,Yes,Yes,72,Yes,No internet,No internet service,No internet service,No internet service,Two year,Yes,Mailed check,18.0,1320.13,0,49+ months,Low (<40),0,,
TC-02574,Male,0,Yes,No,72,Yes,DSL,No,Yes,No,One year,Yes,Credit card,68.92,5076.82,0,49+ months,Medium (40-79),1,15.0,3.0
TC-02575,Female,0,Yes,No,72,Yes,Fiber optic,Yes,No,Yes,Two year,No,Mailed check,90.27,6600.91,0,49+ months,High (80+),1,12.6,3.0
TC-02576,Female,0,No,Yes,43,Yes,DSL,No,Yes,No,One year,No,Electronic check,68.38,3023.75,0,25-48 months,Medium (40-79),0,,
TC-02577,Female,0,Yes,No,8,Yes,Fiber optic,No,Yes,No,Month-to-month,No,Bank transfer,94.41,771.23,1,0-12 months,High (80+),1,7.1,1.0
TC-02578,Female,0,No,No,55,Yes,DSL,Yes,No,No,One year,Yes,Electronic check,72.24,3972.47,0,49+ months,Medium (40-79),1,20.1,2.0
TC-02579,Female,0,No,Yes,47,No,DSL,No,No,No,Month-to-month,Yes,Bank transfer,53.35,2564.1,0,25-48 months,Medium (40-79),0,,
TC-02580,Female,0,No,No,1,Yes,Fiber optic,No,No,No,Month-to-month,No,Electronic check,95.56,96.03,1,0-12 months,High (80+),2,31.6,2.5
TC-02581,Female,0,Yes,No,6,Yes,Fiber optic,No,Yes,Yes,Month-to-month,No,Electronic check,87.93,518.11,0,0-12 months,High (80+),0,,
TC-02582,Female,0,Yes,No,8,Yes,Fiber optic,No,Yes,No,One year,Yes,Mailed check,97.29,773.2,0,0-12 months,High (80+),1,20.5,5.0
TC-02583,Male,1,Yes,No,47,Yes,DSL,Yes,No,Yes,Two year,Yes,Mailed check,78.3,3780.95,0,25-48 months,Medium (40-79),0,,
TC-02584,Female,1,No,No,45,Yes,Fiber optic,Yes,Yes,No,Two year,No,Electronic check,96.99,4461.81,0,25-48 months,High (80+),1,7.9,4.0
TC-02585,Female,0,Yes,No,25,No,Fiber optic,Yes,No,No,Month-to-month,Yes,Electronic check,102.06,2475.82,1,25-48 months,High (80+),3,14.9,2.0
TC-02586,Male,0,Yes,Yes,70,Yes,No internet,No internet service,No internet service,No internet service,Two year,Yes,Credit card,26.86,1922.24,0,49+ months,Low (<40),2,8.7,3.5
TC-02587,Male,0,Yes,Yes,72,Yes,DSL,No,No,Yes,Two year,Yes,Bank transfer,53.14,3862.79,0,49+ months,Medium (40-79),1,21.3,3.0
TC-02588,Male,1,No,No,68,Yes,DSL,No,No,Yes,Two year,Yes,Electronic check,73.28,4884.74,0,49+ months,Medium (40-79),0,,
TC-02589,Male,0,Yes,Yes,25,Yes,DSL,Yes,No,No,One year,Yes,Credit card,69.52,1717.64,0,25-48 months,Medium (40-79),0,,
TC-02590,Male,0,No,No,43,Yes,Fiber optic,No,Yes,No,Two year,Yes,Mailed check,92.15,4037.21,0,25-48 months,High (80+),1,19.5,4.0
TC-02591,Female,0,Yes,No,6,Yes,DSL,Yes,Yes,No,Month-to-month,No,Bank transfer,68.84,415.56,0,0-12 months,Medium (40-79),1,11.4,4.0
TC-02592,Male,1,No,No,52,Yes,DSL,No,No,No,Month-to-month,Yes,Credit card,54.94,2843.7,0,49+ months,Medium (40-79),1,26.9,4.0
TC-02593,Male,0,Yes,Yes,28,Yes,DSL,Yes,No,Yes,Month-to-month,No,Electronic check,77.75,2216.26,0,25-48 months,Medium (40-79),1,10.9,4.0
TC-02594,Male,0,Yes,No,26,Yes,No internet,No internet service,No internet service,No internet service,One year,No,Mailed check,24.27,622.11,0,25-48 months,Low (<40),0,,
TC-02595,Female,0,No,Yes,15,Yes,DSL,No,Yes,No,Month-to-month,Yes,Electronic check,57.76,864.97,0,13-24 months,Medium (40-79),0,,
TC-02596,Male,0,No,No,18,Yes,No internet,No internet service,No internet service,No internet service,Month-to-month,No,Mailed check,24.93,447.37,0,13-24 months,Low (<40),3,32.5,3.0
TC-02597,Male,0,Yes,Yes,41,Yes,Fiber optic,No,No,Yes,Month-to-month,No,Electronic check,95.74,4033.62,0,25-48 months,High (80+),2,11.9,4.5
TC-02598,Male,0,Yes,Yes,2,Yes,DSL,Yes,No,Yes,Month-to-month,No,Credit card,63.35,127.64,1,0-12 months,Medium (40-79),3,23.9,3.67
TC-02599,Male,1,Yes,No,31,Yes,DSL,No,No,No,Month-to-month,Yes,Electronic check,56.56,1704.03,1,25-48 months,Medium (40-79),1,21.5,2.0
TC-02600,Female,0,No,No,24,Yes,Fiber optic,No,Yes,No,Month-to-month,No,Electronic check,86.75,2097.66,0,13-24 months,High (80+),1,19.9,4.0
TC-02601,Female,0,Yes,Yes,50,Yes,DSL,No,No,Yes,One year,Yes,Bank transfer,64.85,3282.68,0,49+ months,Medium (40-79),1,6.2,5.0
TC-02602,Female,0,No,No,8,Yes,Fiber optic,Yes,No,No,Month-to-month,No,Bank transfer,93.19,762.89,0,0-12 months,High (80+),2,5.5,4.5
TC-02603,Female,0,No,Yes,17,Yes,Fiber optic,No,Yes,Yes,Month-to-month,Yes,Credit card,84.5,1395.26,1,13-24 months,High (80+),1,16.5,2.0
TC-02604,Male,0,Yes,Yes,66,Yes,No internet,No internet service,No internet service,No internet service,Two year,Yes,Electronic check,31.98,2077.98,0,49+ months,Low (<40),1,19.7,4.0
TC-02605,Female,1,Yes,No,6,Yes,Fiber optic,Yes,No,No,One year,No,Mailed check,90.16,531.93,0,0-12 months,High (80+),4,15.4,3.75
TC-02606,Female,0,No,No,72,Yes,Fiber optic,No,No,No,Two year,No,Electronic check,87.17,6182.48,0,49+ months,High (80+),1,6.0,3.0
TC-02607,Male,0,Yes,No,72,Yes,Fiber optic,No,No,No,Two year,Yes,Electronic check,74.85,5326.04,0,49+ months,Medium (40-79),0,,
TC-02608,Female,0,Yes,Yes,57,Yes,Fiber optic,Yes,No,Yes,Two year,Yes,Mailed check,98.23,5436.68,0,49+ months,High (80+),0,,
TC-02609,Female,0,Yes,No,14,Yes,Fiber optic,Yes,No,No,Month-to-month,Yes,Mailed check,85.77,1178.8,1,13-24 months,High (80+),6,16.6,3.0
TC-02610,Male,0,No,Yes,4,No,Fiber optic,No,Yes,Yes,Month-to-month,No,Mailed check,105.65,430.68,1,0-12 months,High (80+),2,13.4,2.0
TC-02611,Male,0,No,Yes,44,No,DSL,No,No,Yes,Two year,Yes,Credit card,71.02,3067.07,0,25-48 months,Medium (40-79),0,,
TC-02612,Female,0,Yes,No,13,Yes,Fiber optic,No,No,No,Month-to-month,Yes,Credit card,83.07,1064.3,1,13-24 months,High (80+),3,14.3,2.0
TC-02613,Male,1,No,No,72,No,DSL,Yes,No,Yes,Two year,Yes,Credit card,66.73,4705.69,0,49+ months,Medium (40-79),2,11.6,3.0
TC-02614,Female,1,Yes,No,8,Yes,No internet,No internet service,No internet service,No internet service,Month-to-month,No,Credit card,25.2,199.05,0,0-12 months,Low (<40),1,11.8,5.0
TC-02615,Male,1,No,No,4,Yes,Fiber optic,No,Yes,No,Month-to-month,No,Credit card,87.08,345.35,0,0-12 months,High (80+),0,,
TC-02616,Female,0,Yes,No,37,Yes,DSL,No,No,Yes,Two year,Yes,Electronic check,61.1,2319.04,0,25-48 months,Medium (40-79),2,20.4,4.5
TC-02617,Female,0,No,No,27,Yes,DSL,Yes,Yes,Yes,Month-to-month,No,Electronic check,87.07,2409.59,0,25-48 months,High (80+),2,6.3,3.0
TC-02618,Female,0,Yes,No,28,Yes,No internet,No internet service,No internet service,No internet service,Month-to-month,Yes,Credit card,24.4,692.67,0,25-48 months,Low (<40),2,41.0,3.5
TC-02619,Male,0,No,No,36,Yes,DSL,Yes,No,Yes,Two year,No,Mailed check,82.17,2943.43,0,25-48 months,High (80+),0,,
TC-02620,Male,0,Yes,No,32,Yes,Fiber optic,No,No,Yes,Month-to-month,Yes,Electronic check,96.78,3064.13,0,25-48 months,High (80+),3,26.8,3.0
TC-02621,Female,0,No,No,40,Yes,Fiber optic,No,Yes,Yes,Two year,Yes,Electronic check,101.31,4172.87,0,25-48 months,High (80+),3,17.9,3.67
TC-02622,Female,0,No,Yes,4,No,Fiber optic,No,No,No,Month-to-month,Yes,Electronic check,86.47,355.03,1,0-12 months,High (80+),0,,
TC-02623,Male,0,Yes,No,60,Yes,No internet,No internet service,No internet service,No internet service,Month-to-month,No,Bank transfer,21.31,1256.65,0,49+ months,Low (<40),2,26.0,4.0
TC-02624,Female,0,Yes,No,22,Yes,DSL,No,No,No,Month-to-month,Yes,Credit card,55.68,1239.13,1,13-24 months,Medium (40-79),0,,
TC-02625,Female,0,Yes,No,10,Yes,Fiber optic,No,No,Yes,Month-to-month,Yes,Bank transfer,105.25,1022.69,1,0-12 months,High (80+),4,8.8,2.25
TC-02626,Female,0,Yes,No,5,Yes,Fiber optic,No,No,No,Month-to-month,No,Bank transfer,81.04,396.52,0,0-12 months,High (80+),3,32.8,4.0
TC-02627,Male,0,Yes,No,64,Yes,DSL,Yes,No,Yes,Two year,No,Electronic check,72.05,4525.83,0,49+ months,Medium (40-79),1,8.4,3.0
TC-02628,Male,1,Yes,No,4,Yes,DSL,No,No,Yes,Month-to-month,Yes,Credit card,73.48,290.64,0,0-12 months,Medium (40-79),2,24.6,3.5
TC-02629,Male,1,No,Yes,11,Yes,Fiber optic,No,No,Yes,Month-to-month,Yes,Credit card,105.86,1181.09,1,0-12 months,High (80+),2,26.0,2.5
TC-02630,Male,1,Yes,No,29,Yes,Fiber optic,No,No,No,Month-to-month,Yes,Electronic check,97.54,2884.98,0,25-48 months,High (80+),0,,
TC-02631,Male,0,No,No,5,Yes,DSL,No,No,No,One year,No,Credit card,53.88,268.76,0,0-12 months,Medium (40-79),0,,
TC-02632,Male,0,No,No,35,No,DSL,No,No,No,Two year,Yes,Bank transfer,61.52,2095.01,0,25-48 months,Medium (40-79),1,8.4,5.0
TC-02633,Male,0,No,Yes,23,Yes,DSL,No,No,Yes,Month-to-month,Yes,Credit card,68.21,1588.55,0,13-24 months,Medium (40-79),1,26.2,3.0
TC-02634,Female,0,No,Yes,44,Yes,DSL,No,No,Yes,One year,Yes,Credit card,59.89,2611.65,0,25-48 months,Medium (40-79),0,,
TC-02635,Female,0,No,No,24,Yes,DSL,No,No,No,One year,No,Electronic check,60.22,1444.14,0,13-24 months,Medium (40-79),3,38.4,4.33
TC-02636,Female,0,No,Yes,20,Yes,No internet,No internet service,No internet service,No internet service,Month-to-month,No,Mailed check,18.0,370.77,0,13-24 months,Low (<40),4,16.7,3.5
TC-02637,Female,0,No,No,9,Yes,DSL,Yes,Yes,No,Month-to-month,No,Mailed check,60.61,529.96,0,0-12 months,Medium (40-79),0,,
TC-02638,Female,0,No,No,9,Yes,No internet,No internet service,No internet service,No internet service,Two year,Yes,Bank transfer,18.0,160.46,0,0-12 months,Low (<40),0,,
TC-02639,Male,0,Yes,Yes,27,Yes,Fiber optic,No,No,No,Month-to-month,Yes,Electronic check,96.19,2639.12,0,25-48 months,High (80+),1,20.4,3.0
TC-02640,Male,0,Yes,No,18,Yes,No internet,No internet service,No internet service,No internet service,Two year,No,Credit card,18.0,331.96,0,13-24 months,Low (<40),1,19.9,3.0
TC-02641,Female,0,No,No,16,Yes,No internet,No internet service,No internet service,No internet service,Month-to-month,No,Credit card,31.22,486.37,0,13-24 months,Low (<40),2,17.8,4.0
TC-02642,Female,0,No,Yes,17,Yes,No internet,No internet service,No internet service,No internet service,Month-to-month,No,Credit card,18.0,314.53,0,13-24 months,Low (<40),1,12.7,2.0
TC-02643,Female,1,Yes,No,9,Yes,No internet,No internet service,No internet service,No internet service,Month-to-month,No,Mailed check,23.62,206.78,0,0-12 months,Low (<40),2,28.6,2.5
TC-02644,Female,1,No,No,7,Yes,Fiber optic,No,No,No,Month-to-month,No,Bank transfer,82.76,582.1,1,0-12 months,High (80+),2,22.8,2.5
TC-02645,Female,0,Yes,Yes,60,Yes,Fiber optic,Yes,No,No,Month-to-month,Yes,Credit card,91.91,5391.27,0,49+ months,High (80+),1,24.3,5.0
TC-02646,Female,0,Yes,No,16,Yes,Fiber optic,No,No,No,Month-to-month,Yes,Electronic check,84.9,1319.09,1,13-24 months,High (80+),1,4.8,1.0
TC-02647,Female,0,No,No,5,Yes,Fiber optic,No,No,No,Month-to-month,Yes,Credit card,79.62,405.07,0,0-12 months,Medium (40-79),0,,
TC-02648,Male,0,No,No,18,Yes,Fiber optic,No,No,No,Month-to-month,Yes,Electronic check,82.56,1462.22,0,13-24 months,High (80+),0,,
TC-02649,Male,0,No,No,21,Yes,DSL,Yes,No,No,Month-to-month,Yes,Electronic check,59.71,1218.56,1,13-24 months,Medium (40-79),0,,
TC-02650,Male,0,Yes,Yes,26,Yes,Fiber optic,Yes,No,No,Month-to-month,Yes,Electronic check,85.05,2249.89,0,25-48 months,High (80+),2,27.9,2.5
TC-02651,Male,0,Yes,No,37,Yes,DSL,No,No,No,Month-to-month,No,Electronic check,50.93,1881.29,0,25-48 months,Medium (40-79),2,39.8,4.0
TC-02652,Female,0,No,No,37,Yes,Fiber optic,No,Yes,Yes,Two year,No,Credit card,109.39,3989.03,0,25-48 months,High (80+),0,,
TC-02653,Male,0,Yes,No,38,Yes,No internet,No internet service,No internet service,No internet service,Month-to-month,Yes,Credit card,20.86,789.2,0,25-48 months,Low (<40),2,13.8,2.5
TC-02654,Female,0,Yes,No,65,Yes,DSL,No,Yes,No,One year,No,Credit card,74.68,4935.96,0,49+ months,Medium (40-79),0,,
TC-02655,Female,1,No,No,28,Yes,DSL,Yes,No,Yes,Month-to-month,Yes,Electronic check,69.44,1922.98,0,25-48 months,Medium (40-79),0,,
TC-02656,Male,0,No,No,49,Yes,Fiber optic,No,No,Yes,One year,Yes,Electronic check,92.69,4644.69,0,49+ months,High (80+),1,10.9,4.0
TC-02657,Female,0,No,No,52,Yes,DSL,No,No,No,Month-to-month,No,Electronic check,54.81,2888.51,0,49+ months,Medium (40-79),2,25.0,4.5
TC-02658,Female,0,Yes,No,10,Yes,DSL,Yes,No,Yes,Month-to-month,Yes,Bank transfer,68.4,693.71,1,0-12 months,Medium (40-79),1,4.1,2.0
TC-02659,Female,0,Yes,No,12,Yes,DSL,No,No,Yes,Month-to-month,No,Mailed check,62.84,735.21,0,0-12 months,Medium (40-79),0,,
TC-02660,Male,0,Yes,No,64,Yes,Fiber optic,No,No,No,Two year,Yes,Electronic check,85.65,5324.79,0,49+ months,High (80+),2,15.0,3.5
TC-02661,Male,0,No,No,18,Yes,DSL,No,Yes,Yes,Month-to-month,Yes,Credit card,71.86,1280.34,0,13-24 months,Medium (40-79),0,,
TC-02662,Female,0,No,Yes,36,Yes,Fiber optic,Yes,No,No,Month-to-month,No,Electronic check,88.59,3101.26,0,25-48 months,High (80+),2,21.9,4.0
TC-02663,Male,0,No,No,21,Yes,No internet,No internet service,No internet service,No internet service,Month-to-month,Yes,Credit card,18.0,385.36,0,13-24 months,Low (<40),1,21.0,1.0
TC-02664,Male,0,No,Yes,72,Yes,Fiber optic,No,No,No,Two year,Yes,Electronic check,100.14,7038.61,0,49+ months,High (80+),3,24.3,4.33
TC-02665,Female,0,Yes,Yes,33,Yes,No internet,No internet service,No internet service,No internet service,Month-to-month,Yes,Credit card,21.13,677.65,0,25-48 months,Low (<40),1,9.5,5.0
TC-02666,Female,0,Yes,No,9,No,Fiber optic,No,No,Yes,Month-to-month,Yes,Bank transfer,94.54,869.02,0,0-12 months,High (80+),1,29.9,4.0
TC-02667,Female,0,No,No,33,Yes,Fiber optic,No,Yes,Yes,One year,Yes,Credit card,104.14,3427.49,0,25-48 months,High (80+),2,11.4,3.5
TC-02668,Male,0,Yes,No,42,Yes,DSL,Yes,No,No,Two year,Yes,Electronic check,65.73,2803.16,0,25-48 months,Medium (40-79),1,18.2,3.0
TC-02669,Male,0,Yes,Yes,45,Yes,Fiber optic,No,No,No,One year,Yes,Mailed check,65.68,2900.0,0,25-48 months,Medium (40-79),1,7.2,5.0
TC-02670,Male,0,No,Yes,12,Yes,Fiber optic,No,No,No,Month-to-month,Yes,Electronic check,80.0,934.33,1,0-12 months,High (80+),2,15.6,3.0
TC-02671,Female,0,Yes,No,8,Yes,Fiber optic,No,No,No,Month-to-month,Yes,Bank transfer,84.84,682.96,1,0-12 months,High (80+),2,25.1,2.0
TC-02672,Male,0,Yes,No,7,No,Fiber optic,Yes,No,Yes,Month-to-month,Yes,Credit card,94.13,671.31,0,0-12 months,High (80+),3,11.0,3.67
TC-02673,Male,0,No,No,12,Yes,No internet,No internet service,No internet service,No internet service,Month-to-month,Yes,Bank transfer,31.05,365.83,0,0-12 months,Low (<40),2,8.8,3.0
TC-02674,Female,1,No,No,48,Yes,No internet,No internet service,No internet service,No internet service,Two year,No,Credit card,26.99,1327.27,0,25-48 months,Low (<40),0,,
TC-02675,Female,0,Yes,No,10,Yes,No internet,No internet service,No internet service,No internet service,Month-to-month,Yes,Mailed check,18.0,185.13,0,0-12 months,Low (<40),1,39.1,3.0
TC-02676,Male,0,Yes,No,13,Yes,No internet,No internet service,No internet service,No internet service,Month-to-month,Yes,Electronic check,23.98,319.1,0,13-24 months,Low (<40),1,3.4,2.0
TC-02677,Male,0,No,No,48,Yes,Fiber optic,No,Yes,No,Two year,Yes,Electronic check,99.29,4703.0,0,25-48 months,High (80+),1,13.2,2.0
TC-02678,Female,0,No,Yes,54,Yes,DSL,Yes,Yes,No,Two year,Yes,Bank transfer,67.46,3603.92,0,49+ months,Medium (40-79),0,,
TC-02679,Male,0,No,No,72,Yes,DSL,No,No,Yes,Two year,Yes,Mailed check,55.3,3925.38,0,49+ months,Medium (40-79),0,,
TC-02680,Male,0,Yes,No,13,No,Fiber optic,No,No,Yes,Month-to-month,No,Credit card,97.65,1262.69,1,13-24 months,High (80+),2,22.4,2.0
TC-02681,Female,0,Yes,No,3,Yes,Fiber optic,Yes,No,Yes,Month-to-month,Yes,Mailed check,95.84,283.24,0,0-12 months,High (80+),2,15.5,3.0
TC-02682,Male,1,Yes,No,26,Yes,Fiber optic,Yes,No,Yes,Month-to-month,No,Credit card,86.75,2210.21,1,25-48 months,High (80+),2,27.3,4.5
TC-02683,Male,0,Yes,No,24,Yes,Fiber optic,No,No,Yes,One year,Yes,Bank transfer,88.97,2171.59,0,13-24 months,High (80+),2,31.6,3.5
TC-02684,Female,0,No,Yes,47,Yes,Fiber optic,Yes,No,No,Two year,Yes,Electronic check,88.3,4087.35,0,25-48 months,High (80+),3,10.5,3.67
TC-02685,Male,0,Yes,No,20,Yes,No internet,No internet service,No internet service,No internet service,Two year,No,Mailed check,21.18,416.17,0,13-24 months,Low (<40),2,25.7,3.5
TC-02686,Female,0,No,No,72,Yes,Fiber optic,No,Yes,No,Two year,Yes,Bank transfer,95.0,6829.1,0,49+ months,High (80+),2,15.2,5.0
TC-02687,Female,1,Yes,Yes,11,Yes,Fiber optic,No,No,No,Month-to-month,Yes,Electronic check,87.76,958.79,1,0-12 months,High (80+),0,,
TC-02688,Male,0,Yes,No,18,Yes,Fiber optic,No,No,No,One year,Yes,Mailed check,76.3,1370.11,1,13-24 months,Medium (40-79),3,21.5,3.33
TC-02689,Female,0,Yes,Yes,2,Yes,No internet,No internet service,No internet service,No internet service,Month-to-month,No,Electronic check,21.63,43.97,0,0-12 months,Low (<40),1,31.3,3.0
TC-02690,Female,0,No,No,8,Yes,Fiber optic,No,No,Yes,Month-to-month,No,Bank transfer,99.1,780.94,0,0-12 months,High (80+),3,7.0,3.33
TC-02691,Female,0,No,Yes,33,Yes,DSL,Yes,No,Yes,Month-to-month,Yes,Credit card,67.51,2287.23,0,25-48 months,Medium (40-79),0,,
TC-02692,Female,0,No,No,52,No,DSL,No,No,Yes,Month-to-month,Yes,Electronic check,63.44,3358.04,0,49+ months,Medium (40-79),1,1.9,2.0
TC-02693,Male,1,No,Yes,57,Yes,Fiber optic,No,No,No,Month-to-month,Yes,Mailed check,83.1,4713.43,0,49+ months,High (80+),0,,
TC-02694,Male,0,No,No,9,Yes,No internet,No internet service,No internet service,No internet service,Month-to-month,Yes,Mailed check,18.21,160.87,1,0-12 months,Low (<40),1,10.9,2.0
TC-02695,Female,0,Yes,No,5,Yes,No internet,No internet service,No internet service,No internet service,Month-to-month,No,Mailed check,18.0,88.95,0,0-12 months,Low (<40),2,6.3,3.0
TC-02696,Female,0,No,No,6,Yes,No internet,No internet service,No internet service,No internet service,One year,No,Credit card,24.27,143.6,0,0-12 months,Low (<40),0,,
TC-02697,Male,0,Yes,Yes,9,Yes,DSL,No,No,Yes,Month-to-month,Yes,Electronic check,68.85,632.83,0,0-12 months,Medium (40-79),0,,
TC-02698,Female,0,No,Yes,10,Yes,Fiber optic,No,No,No,Month-to-month,Yes,Credit card,88.79,872.19,1,0-12 months,High (80+),3,16.8,2.33
TC-02699,Female,0,No,No,68,Yes,DSL,Yes,No,No,One year,Yes,Mailed check,61.37,4105.73,0,49+ months,Medium (40-79),1,1.4,4.0
TC-02700,Female,0,No,No,11,Yes,No internet,No internet service,No internet service,No internet service,One year,No,Electronic check,18.0,203.23,0,0-12 months,Low (<40),1,7.9,4.0
TC-02701,Male,0,No,No,21,Yes,DSL,No,No,No,One year,Yes,Credit card,60.87,1241.52,0,13-24 months,Medium (40-79),1,15.1,2.0
TC-02702,Male,0,Yes,No,51,Yes,No internet,No internet service,No internet service,No internet service,One year,Yes,Credit card,23.57,1232.83,0,49+ months,Low (<40),1,36.1,4.0
TC-02703,Male,1,No,No,16,Yes,DSL,Yes,Yes,No,One year,No,Bank transfer,66.15,1049.73,0,13-24 months,Medium (40-79),0,,
TC-02704,Male,0,No,No,58,Yes,Fiber optic,No,Yes,Yes,One year,No,Credit card,107.25,6070.7,0,49+ months,High (80+),2,12.4,3.5
TC-02705,Male,0,No,No,49,No,DSL,No,No,No,One year,No,Electronic check,64.24,3210.93,0,49+ months,Medium (40-79),1,15.8,4.0
TC-02706,Male,0,Yes,No,18,Yes,DSL,No,No,No,Month-to-month,Yes,Bank transfer,47.16,837.61,0,13-24 months,Medium (40-79),0,,
TC-02707,Male,0,No,No,35,Yes,Fiber optic,Yes,No,No,Month-to-month,Yes,Electronic check,88.28,3110.65,0,25-48 months,High (80+),1,2.1,3.0
TC-02708,Male,0,Yes,No,12,Yes,DSL,No,No,No,One year,Yes,Bank transfer,55.35,652.44,0,0-12 months,Medium (40-79),4,18.6,3.25
TC-02709,Male,0,No,Yes,6,Yes,No internet,No internet service,No internet service,No internet service,Month-to-month,Yes,Electronic check,31.63,191.09,0,0-12 months,Low (<40),2,8.5,2.5
TC-02710,Male,0,Yes,No,10,Yes,No internet,No internet service,No internet service,No internet service,Month-to-month,No,Credit card,18.0,182.59,0,0-12 months,Low (<40),1,30.1,3.0
TC-02711,Male,0,No,No,36,Yes,No internet,No internet service,No internet service,No internet service,Month-to-month,Yes,Electronic check,19.29,713.74,0,25-48 months,Low (<40),2,23.9,3.5
TC-02712,Male,1,No,No,33,Yes,DSL,No,No,No,Month-to-month,Yes,Bank transfer,58.19,1911.94,1,25-48 months,Medium (40-79),0,,
TC-02713,Female,1,No,No,24,Yes,DSL,No,No,Yes,Two year,Yes,Bank transfer,80.89,1995.12,0,13-24 months,High (80+),0,,
TC-02714,Male,0,Yes,Yes,47,Yes,DSL,Yes,Yes,Yes,One year,Yes,Credit card,66.17,3063.41,0,25-48 months,Medium (40-79),1,8.4,2.0
TC-02715,Male,0,No,No,19,Yes,Fiber optic,No,No,Yes,Month-to-month,No,Mailed check,84.82,1658.4,0,13-24 months,High (80+),1,29.3,5.0
TC-02716,Female,0,Yes,Yes,39,Yes,Fiber optic,No,No,Yes,Month-to-month,Yes,Bank transfer,85.47,3332.74,0,25-48 months,High (80+),4,21.9,3.75
TC-02717,Female,1,Yes,No,45,Yes,No internet,No internet service,No internet service,No internet service,Two year,Yes,Bank transfer,18.0,834.29,0,25-48 months,Low (<40),0,,
TC-02718,Female,0,No,No,8,Yes,Fiber optic,No,No,No,One year,Yes,Credit card,74.46,597.12,0,0-12 months,Medium (40-79),1,40.7,3.0
TC-02719,Female,0,No,No,9,Yes,Fiber optic,No,No,Yes,Month-to-month,No,Mailed check,88.41,774.12,1,0-12 months,High (80+),3,21.5,4.0
TC-02720,Male,1,Yes,Yes,27,Yes,DSL,No,Yes,No,Two year,Yes,Mailed check,56.69,1498.51,0,25-48 months,Medium (40-79),0,,
TC-02721,Female,0,No,No,16,Yes,No internet,No internet service,No internet service,No internet service,One year,Yes,Credit card,20.59,321.02,0,13-24 months,Low (<40),0,,
TC-02722,Male,0,No,Yes,33,Yes,Fiber optic,No,Yes,Yes,Two year,Yes,Electronic check,94.09,3117.97,0,25-48 months,High (80+),2,16.6,4.5
TC-02723,Female,0,Yes,No,17,Yes,No internet,No internet service,No internet service,No internet service,One year,Yes,Electronic check,18.0,304.24,0,13-24 months,Low (<40),2,16.1,4.0
TC-02724,Male,0,No,No,46,No,DSL,No,No,No,Two year,Yes,Bank transfer,61.13,2776.95,0,25-48 months,Medium (40-79),0,,
TC-02725,Male,1,Yes,No,9,Yes,Fiber optic,No,No,Yes,One year,No,Mailed check,97.96,861.87,1,0-12 months,High (80+),2,26.6,2.0
TC-02726,Female,0,No,Yes,46,Yes,DSL,Yes,No,Yes,One year,No,Bank transfer,64.0,2995.53,0,25-48 months,Medium (40-79),0,,
TC-02727,Female,0,No,No,39,Yes,DSL,No,No,Yes,Two year,No,Credit card,76.46,2905.4,0,25-48 months,Medium (40-79),1,26.6,4.0
TC-02728,Female,0,Yes,No,13,Yes,Fiber optic,No,No,No,Month-to-month,Yes,Electronic check,78.23,1034.05,1,13-24 months,Medium (40-79),0,,
TC-02729,Female,0,No,Yes,19,Yes,DSL,No,No,No,Month-to-month,Yes,Credit card,59.81,1138.25,1,13-24 months,Medium (40-79),3,5.2,2.0
TC-02730,Female,1,No,No,72,Yes,DSL,No,Yes,Yes,One year,No,Credit card,63.58,4507.7,0,49+ months,Medium (40-79),1,7.5,2.0
TC-02731,Male,0,Yes,No,38,Yes,DSL,No,No,No,Month-to-month,No,Mailed check,52.85,2015.01,0,25-48 months,Medium (40-79),1,11.6,2.0
TC-02732,Female,0,Yes,No,67,Yes,DSL,No,Yes,Yes,Two year,Yes,Mailed check,74.57,5022.86,0,49+ months,Medium (40-79),0,,
TC-02733,Female,0,Yes,No,14,Yes,DSL,No,Yes,No,One year,No,Bank transfer,63.5,912.62,0,13-24 months,Medium (40-79),0,,
TC-02734,Female,0,Yes,No,72,Yes,DSL,No,No,No,Two year,Yes,Electronic check,65.16,4561.79,0,49+ months,Medium (40-79),0,,
TC-02735,Female,0,Yes,No,41,Yes,Fiber optic,No,No,Yes,Month-to-month,Yes,Credit card,96.39,3862.34,0,25-48 months,High (80+),0,,
TC-02736,Male,0,Yes,No,38,Yes,Fiber optic,No,No,No,Month-to-month,No,Credit card,81.18,3156.11,0,25-48 months,High (80+),3,17.9,3.67
TC-02737,Male,1,Yes,No,36,Yes,DSL,No,No,Yes,Two year,Yes,Electronic check,77.47,2832.26,0,25-48 months,Medium (40-79),0,,
TC-02738,Female,0,Yes,No,26,Yes,Fiber optic,Yes,Yes,No,Month-to-month,No,Bank transfer,89.41,2277.56,0,25-48 months,High (80+),2,16.4,4.5
TC-02739,Male,0,Yes,Yes,27,Yes,No internet,No internet service,No internet service,No internet service,Two year,Yes,Electronic check,18.0,493.57,0,25-48 months,Low (<40),1,10.8,3.0
TC-02740,Male,0,Yes,Yes,10,Yes,Fiber optic,Yes,No,No,Month-to-month,No,Mailed check,93.02,905.81,0,0-12 months,High (80+),0,,
TC-02741,Male,0,No,Yes,6,Yes,No internet,No internet service,No internet service,No internet service,Month-to-month,Yes,Electronic check,20.26,119.07,1,0-12 months,Low (<40),1,24.9,4.0
TC-02742,Female,0,Yes,Yes,29,Yes,Fiber optic,No,No,No,Month-to-month,Yes,Bank transfer,80.73,2375.78,1,25-48 months,High (80+),3,9.6,2.33
TC-02743,Female,1,No,No,10,Yes,Fiber optic,No,No,Yes,Month-to-month,No,Credit card,94.0,919.2,1,0-12 months,High (80+),2,15.7,1.0
TC-02744,Male,1,No,No,19,No,DSL,No,No,No,Month-to-month,No,Bank transfer,48.52,947.45,0,13-24 months,Medium (40-79),3,26.5,4.33
TC-02745,Female,0,No,No,12,Yes,DSL,No,Yes,Yes,Month-to-month,Yes,Electronic check,77.22,928.94,0,0-12 months,Medium (40-79),2,10.1,4.5
TC-02746,Female,0,Yes,Yes,40,Yes,DSL,No,No,No,Two year,No,Electronic check,55.15,2188.24,0,25-48 months,Medium (40-79),1,14.4,5.0
TC-02747,Female,0,Yes,No,72,Yes,DSL,No,Yes,Yes,Two year,No,Electronic check,68.92,4907.77,0,49+ months,Medium (40-79),0,,
TC-02748,Female,0,Yes,No,8,No,Fiber optic,Yes,Yes,Yes,Month-to-month,Yes,Credit card,107.25,836.03,0,0-12 months,High (80+),1,22.3,4.0
TC-02749,Female,0,Yes,No,5,Yes,DSL,Yes,No,Yes,Month-to-month,No,Electronic check,59.49,294.76,0,0-12 months,Medium (40-79),1,25.6,3.0
TC-02750,Female,0,No,No,17,Yes,Fiber optic,Yes,Yes,Yes,Month-to-month,No,Bank transfer,108.17,1873.11,0,13-24 months,High (80+),1,23.0,3.0
TC-02751,Female,0,Yes,No,63,Yes,No internet,No internet service,No internet service,No internet service,Two year,No,Electronic check,22.81,1434.55,0,49+ months,Low (<40),0,,
TC-02752,Male,0,Yes,No,3,Yes,Fiber optic,Yes,No,Yes,Month-to-month,Yes,Electronic check,101.71,298.19,1,0-12 months,High (80+),3,19.7,2.0
TC-02753,Male,0,No,No,54,Yes,Fiber optic,Yes,No,Yes,One year,Yes,Electronic check,106.49,5762.41,0,49+ months,High (80+),4,11.6,3.5
TC-02754,Male,1,No,No,46,Yes,Fiber optic,No,No,No,Month-to-month,No,Electronic check,82.77,3699.04,0,25-48 months,High (80+),0,,
TC-02755,Female,0,No,No,7,No,Fiber optic,Yes,Yes,No,Month-to-month,Yes,Bank transfer,96.3,684.58,1,0-12 months,High (80+),0,,
TC-02756,Female,0,Yes,Yes,12,Yes,DSL,Yes,Yes,No,Month-to-month,Yes,Credit card,78.34,957.02,0,0-12 months,Medium (40-79),0,,
TC-02757,Female,0,Yes,Yes,15,Yes,DSL,Yes,No,No,One year,Yes,Electronic check,66.01,1013.44,0,13-24 months,Medium (40-79),2,45.2,3.0
TC-02758,Male,1,Yes,No,36,Yes,No internet,No internet service,No internet service,No internet service,Month-to-month,No,Bank transfer,18.51,674.73,0,25-48 months,Low (<40),0,,
TC-02759,Male,0,Yes,No,39,Yes,Fiber optic,No,No,Yes,Two year,No,Credit card,85.29,3230.82,0,25-48 months,High (80+),4,14.5,4.0
TC-02760,Female,0,Yes,No,71,Yes,DSL,No,Yes,No,One year,Yes,Bank transfer,61.07,4293.34,0,49+ months,Medium (40-79),1,16.0,4.0
TC-02761,Female,0,No,No,1,Yes,DSL,Yes,No,Yes,Month-to-month,Yes,Electronic check,78.59,78.37,0,0-12 months,Medium (40-79),0,,
TC-02762,Male,0,Yes,No,44,No,Fiber optic,Yes,Yes,No,Month-to-month,No,Mailed check,96.25,4162.27,1,25-48 months,High (80+),2,12.8,2.5
TC-02763,Female,0,No,No,25,Yes,Fiber optic,No,No,No,One year,No,Electronic check,89.72,2250.58,0,25-48 months,High (80+),7,18.4,3.43
TC-02764,Female,0,No,No,26,Yes,No internet,No internet service,No internet service,No internet service,One year,Yes,Credit card,27.66,721.86,0,25-48 months,Low (<40),1,44.9,4.0
TC-02765,Female,0,Yes,No,20,Yes,DSL,No,No,No,Month-to-month,Yes,Mailed check,55.76,1088.71,0,13-24 months,Medium (40-79),1,32.3,3.0
TC-02766,Male,1,Yes,Yes,13,Yes,Fiber optic,Yes,No,No,Month-to-month,No,Bank transfer,75.59,1001.63,0,13-24 months,Medium (40-79),2,28.6,2.5
TC-02767,Male,0,No,Yes,11,Yes,DSL,No,Yes,No,Month-to-month,No,Mailed check,53.94,582.24,0,0-12 months,Medium (40-79),0,,
TC-02768,Male,0,No,No,44,Yes,Fiber optic,Yes,Yes,Yes,Two year,Yes,Credit card,112.75,4879.19,0,25-48 months,High (80+),1,21.1,2.0
TC-02769,Female,0,No,No,10,Yes,DSL,No,No,No,Month-to-month,Yes,Bank transfer,51.27,526.83,0,0-12 months,Medium (40-79),2,18.9,4.0
TC-02770,Female,0,No,No,34,Yes,DSL,No,No,Yes,Two year,Yes,Bank transfer,72.36,2523.14,0,25-48 months,Medium (40-79),0,,
TC-02771,Female,0,No,No,33,Yes,Fiber optic,No,No,No,One year,No,Electronic check,89.32,2874.01,1,25-48 months,High (80+),1,16.4,2.0
TC-02772,Female,0,Yes,Yes,37,Yes,Fiber optic,No,No,No,One year,No,Mailed check,80.72,2945.17,0,25-48 months,High (80+),0,,
TC-02773,Female,0,Yes,Yes,6,Yes,Fiber optic,Yes,Yes,Yes,Month-to-month,Yes,Mailed check,94.05,566.88,1,0-12 months,High (80+),1,47.9,1.0
TC-02774,Male,0,Yes,Yes,11,Yes,No internet,No internet service,No internet service,No internet service,One year,No,Mailed check,30.83,330.2,0,0-12 months,Low (<40),1,16.6,3.0
TC-02775,Male,1,Yes,No,10,Yes,No internet,No internet service,No internet service,No internet service,Month-to-month,Yes,Mailed check,21.01,208.32,0,0-12 months,Low (<40),0,,
TC-02776,Female,0,Yes,No,72,Yes,No internet,No internet service,No internet service,No internet service,One year,No,Bank transfer,30.39,2154.27,0,49+ months,Low (<40),1,13.8,5.0
TC-02777,Male,0,Yes,Yes,23,Yes,Fiber optic,Yes,Yes,Yes,Month-to-month,Yes,Credit card,102.1,2322.48,1,13-24 months,High (80+),0,,
TC-02778,Male,0,No,Yes,18,Yes,DSL,No,No,No,Month-to-month,No,Bank transfer,49.96,914.07,0,13-24 months,Medium (40-79),0,,
TC-02779,Male,0,No,No,48,Yes,No internet,No internet service,No internet service,No internet service,Two year,Yes,Bank transfer,20.66,974.31,0,25-48 months,Low (<40),1,26.9,3.0
TC-02780,Female,0,No,Yes,9,Yes,No internet,No internet service,No internet service,No internet service,Month-to-month,Yes,Credit card,22.33,205.43,0,0-12 months,Low (<40),2,23.4,2.5
TC-02781,Female,0,Yes,No,7,Yes,DSL,No,No,No,Two year,Yes,Mailed check,57.63,411.29,0,0-12 months,Medium (40-79),1,9.4,4.0
TC-02782,Male,0,No,Yes,72,Yes,Fiber optic,Yes,Yes,Yes,Two year,Yes,Bank transfer,111.94,8301.36,0,49+ months,High (80+),2,12.3,3.5
TC-02783,Male,1,No,No,14,Yes,No internet,No internet service,No internet service,No internet service,One year,No,Bank transfer,24.16,330.72,0,13-24 months,Low (<40),0,,
TC-02784,Male,0,Yes,No,5,Yes,No internet,No internet service,No internet service,No internet service,Month-to-month,Yes,Mailed check,18.0,92.2,0,0-12 months,Low (<40),4,28.7,3.5
TC-02785,Male,0,No,No,27,Yes,Fiber optic,No,Yes,Yes,One year,Yes,Electronic check,92.76,2558.38,0,25-48 months,High (80+),2,22.4,3.5
TC-02786,Female,0,Yes,Yes,28,Yes,Fiber optic,No,No,Yes,One year,No,Electronic check,86.68,2428.17,1,25-48 months,High (80+),4,23.1,2.25
TC-02787,Female,0,Yes,No,30,Yes,DSL,No,No,No,Month-to-month,No,Electronic check,66.35,2020.35,0,25-48 months,Medium (40-79),1,12.0,3.0
TC-02788,Male,0,Yes,Yes,72,Yes,Fiber optic,Yes,No,Yes,Two year,Yes,Electronic check,98.51,7201.19,0,49+ months,High (80+),0,,
TC-02789,Male,0,No,Yes,10,Yes,DSL,No,Yes,No,Month-to-month,No,Bank transfer,70.9,695.51,0,0-12 months,Medium (40-79),1,10.5,2.0
TC-02790,Male,0,Yes,Yes,25,Yes,Fiber optic,Yes,Yes,No,Month-to-month,No,Bank transfer,98.66,2467.17,0,25-48 months,High (80+),2,26.3,4.5
TC-02791,Female,0,Yes,No,5,Yes,Fiber optic,No,No,Yes,Month-to-month,No,Credit card,99.92,512.24,1,0-12 months,High (80+),3,15.3,3.0
TC-02792,Male,0,No,No,4,Yes,DSL,Yes,No,No,Month-to-month,No,Bank transfer,68.87,269.3,0,0-12 months,Medium (40-79),1,12.2,3.0
TC-02793,Female,0,No,Yes,32,Yes,No internet,No internet service,No internet service,No internet service,One year,No,Credit card,18.0,572.44,0,25-48 months,Low (<40),0,,
TC-02794,Female,0,No,No,34,Yes,DSL,No,No,No,Two year,No,Electronic check,50.0,1661.58,0,25-48 months,Medium (40-79),2,18.7,3.0
TC-02795,Female,1,Yes,No,32,Yes,No internet,No internet service,No internet service,No internet service,Month-to-month,Yes,Credit card,18.0,571.36,0,25-48 months,Low (<40),2,11.2,3.5
TC-02796,Female,0,Yes,Yes,72,Yes,DSL,No,No,Yes,Month-to-month,No,Mailed check,60.46,4269.33,0,49+ months,Medium (40-79),1,36.8,5.0
TC-02797,Female,1,Yes,No,45,Yes,Fiber optic,Yes,No,No,One year,No,Electronic check,88.06,3869.54,0,25-48 months,High (80+),1,12.0,4.0
TC-02798,Female,0,No,No,18,No,DSL,No,No,No,Month-to-month,Yes,Bank transfer,52.38,968.99,0,13-24 months,Medium (40-79),0,,
TC-02799,Male,0,No,Yes,5,Yes,Fiber optic,No,No,No,Month-to-month,No,Credit card,82.24,418.44,1,0-12 months,High (80+),4,12.9,3.0
TC-02800,Male,0,No,No,72,Yes,DSL,No,Yes,No,Two year,Yes,Bank transfer,75.39,5532.65,0,49+ months,Medium (40-79),0,,
TC-02801,Male,0,No,Yes,16,Yes,DSL,No,No,No,Two year,Yes,Electronic check,54.78,857.24,0,13-24 months,Medium (40-79),2,17.1,4.0
TC-02802,Female,1,No,No,10,Yes,No internet,No internet service,No internet service,No internet service,Two year,No,Bank transfer,26.21,265.53,0,0-12 months,Low (<40),2,19.4,2.5
TC-02803,Male,0,Yes,No,63,Yes,DSL,No,No,No,Two year,Yes,Bank transfer,49.3,3099.64,0,49+ months,Medium (40-79),0,,
TC-02804,Female,0,No,No,12,Yes,Fiber optic,No,No,No,Month-to-month,Yes,Bank transfer,76.65,941.45,0,0-12 months,Medium (40-79),0,,
TC-02805,Male,0,No,No,2,Yes,No internet,No internet service,No internet service,No internet service,Month-to-month,No,Electronic check,38.72,78.46,0,0-12 months,Low (<40),3,22.4,2.33
TC-02806,Male,1,No,No,72,Yes,Fiber optic,Yes,No,No,One year,Yes,Electronic check,98.31,7159.06,0,49+ months,High (80+),0,,
TC-02807,Male,0,No,No,59,Yes,Fiber optic,No,No,No,Two year,Yes,Bank transfer,87.22,5045.29,0,49+ months,High (80+),4,10.1,3.0
TC-02808,Female,0,No,No,61,Yes,DSL,Yes,Yes,No,Month-to-month,No,Electronic check,64.33,3912.56,0,49+ months,Medium (40-79),2,19.9,4.0
TC-02809,Female,0,No,No,37,Yes,No internet,No internet service,No internet service,No internet service,Month-to-month,No,Mailed check,18.0,653.44,0,25-48 months,Low (<40),1,24.5,4.0
TC-02810,Male,0,Yes,Yes,10,Yes,DSL,Yes,No,No,Month-to-month,No,Bank transfer,59.16,580.29,1,0-12 months,Medium (40-79),3,24.7,2.0
TC-02811,Female,0,Yes,No,19,Yes,No internet,No internet service,No internet service,No internet service,Month-to-month,No,Bank transfer,36.55,676.44,0,13-24 months,Low (<40),0,,
TC-02812,Female,1,Yes,No,61,Yes,Fiber optic,No,Yes,Yes,Month-to-month,No,Electronic check,93.29,5606.1,0,49+ months,High (80+),1,8.1,4.0
TC-02813,Male,0,No,No,23,Yes,Fiber optic,No,Yes,Yes,Month-to-month,No,Credit card,91.8,2114.56,0,13-24 months,High (80+),1,16.3,3.0
TC-02814,Male,0,Yes,No,47,Yes,DSL,Yes,No,Yes,Month-to-month,Yes,Credit card,68.7,3309.39,0,25-48 months,Medium (40-79),1,6.4,2.0
TC-02815,Male,0,No,No,25,Yes,No internet,No internet service,No internet service,No internet service,Month-to-month,Yes,Bank transfer,20.83,518.41,0,25-48 months,Low (<40),1,19.1,4.0
TC-02816,Male,0,No,Yes,38,Yes,Fiber optic,No,No,Yes,One year,Yes,Credit card,93.2,3453.36,0,25-48 months,High (80+),1,28.5,5.0
TC-02817,Female,1,Yes,No,13,Yes,Fiber optic,No,No,Yes,Month-to-month,No,Bank transfer,91.34,1166.5,1,13-24 months,High (80+),1,1.6,3.0
TC-02818,Female,0,Yes,Yes,28,Yes,DSL,No,No,No,One year,Yes,Electronic check,52.36,1446.9,1,25-48 months,Medium (40-79),1,12.3,1.0
TC-02819,Male,0,No,Yes,30,Yes,Fiber optic,No,No,Yes,One year,Yes,Electronic check,90.76,2758.6,0,25-48 months,High (80+),0,,
TC-02820,Male,0,Yes,No,46,Yes,Fiber optic,Yes,Yes,Yes,Two year,Yes,Mailed check,121.76,5599.73,0,25-48 months,High (80+),1,12.8,4.0
TC-02821,Male,0,Yes,No,23,No,Fiber optic,No,No,Yes,Month-to-month,Yes,Bank transfer,99.08,2261.49,1,13-24 months,High (80+),2,6.1,3.0
TC-02822,Male,0,Yes,No,72,Yes,No internet,No internet service,No internet service,No internet service,Two year,Yes,Credit card,18.0,1327.5,0,49+ months,Low (<40),1,25.7,2.0
TC-02823,Female,0,No,Yes,28,Yes,DSL,No,No,No,Month-to-month,Yes,Electronic check,68.49,1880.8,1,25-48 months,Medium (40-79),1,27.3,3.0
TC-02824,Male,0,Yes,No,21,Yes,DSL,No,Yes,No,One year,Yes,Credit card,72.37,1529.71,0,13-24 months,Medium (40-79),3,20.6,3.33
TC-02825,Female,0,No,Yes,35,No,DSL,Yes,No,No,Two year,No,Electronic check,67.9,2344.34,0,25-48 months,Medium (40-79),0,,
TC-02826,Male,0,No,Yes,16,Yes,Fiber optic,Yes,No,Yes,Month-to-month,No,Credit card,101.49,1576.24,0,13-24 months,High (80+),3,39.9,2.67
TC-02827,Female,0,Yes,No,9,Yes,No internet,No internet service,No internet service,No internet service,Month-to-month,Yes,Credit card,36.19,325.09,0,0-12 months,Low (<40),0,,
TC-02828,Male,0,Yes,No,19,Yes,Fiber optic,No,No,Yes,One year,Yes,Mailed check,83.38,1627.99,0,13-24 months,High (80+),1,8.6,3.0
TC-02829,Male,0,No,No,3,Yes,DSL,No,Yes,No,Month-to-month,No,Credit card,62.16,181.48,0,0-12 months,Medium (40-79),0,,
TC-02830,Female,1,Yes,Yes,3,Yes,DSL,Yes,No,No,Month-to-month,Yes,Electronic check,57.05,167.27,0,0-12 months,Medium (40-79),0,,
TC-02831,Female,1,Yes,No,18,Yes,Fiber optic,No,No,No,Month-to-month,No,Credit card,94.68,1682.71,1,13-24 months,High (80+),3,8.5,3.67
TC-02832,Male,0,No,No,2,Yes,No internet,No internet service,No internet service,No internet service,Month-to-month,No,Electronic check,18.0,35.01,0,0-12 months,Low (<40),0,,
TC-02833,Male,0,No,No,48,Yes,Fiber optic,No,Yes,No,One year,Yes,Electronic check,95.57,4660.33,0,25-48 months,High (80+),0,,
TC-02834,Male,0,Yes,No,20,Yes,Fiber optic,No,Yes,No,Two year,Yes,Credit card,79.95,1617.52,0,13-24 months,Medium (40-79),0,,
TC-02835,Female,0,Yes,No,43,Yes,No internet,No internet service,No internet service,No internet service,Two year,Yes,Credit card,31.72,1389.89,0,25-48 months,Low (<40),3,11.1,3.0
TC-02836,Male,0,No,No,14,Yes,DSL,No,Yes,Yes,Month-to-month,Yes,Credit card,69.43,989.4,0,13-24 months,Medium (40-79),2,22.9,5.0
TC-02837,Female,0,Yes,No,14,Yes,DSL,No,No,Yes,Month-to-month,Yes,Credit card,59.82,844.36,0,13-24 months,Medium (40-79),1,1.7,4.0
TC-02838,Male,0,No,No,25,No,DSL,Yes,Yes,No,Month-to-month,No,Electronic check,60.74,1516.37,0,25-48 months,Medium (40-79),0,,
TC-02839,Male,0,No,No,18,Yes,Fiber optic,No,No,Yes,Month-to-month,Yes,Mailed check,89.45,1611.3,1,13-24 months,High (80+),4,17.8,2.25
TC-02840,Female,0,Yes,No,8,Yes,Fiber optic,No,No,No,Month-to-month,Yes,Electronic check,82.92,671.06,1,0-12 months,High (80+),0,,
TC-02841,Male,0,No,No,16,Yes,Fiber optic,No,No,No,Two year,Yes,Electronic check,85.46,1359.08,0,13-24 months,High (80+),2,28.6,4.0
TC-02842,Female,0,No,No,37,Yes,Fiber optic,No,No,No,One year,No,Credit card,76.47,2829.94,0,25-48 months,Medium (40-79),1,5.3,5.0
TC-02843,Female,0,Yes,No,14,Yes,DSL,No,No,Yes,One year,No,Bank transfer,77.67,1099.08,0,13-24 months,Medium (40-79),1,12.4,4.0
TC-02844,Male,0,Yes,Yes,56,No,Fiber optic,No,Yes,No,One year,No,Credit card,93.06,5233.87,0,49+ months,High (80+),1,41.3,3.0
TC-02845,Male,0,No,No,67,Yes,DSL,Yes,Yes,No,One year,No,Mailed check,62.67,4307.62,0,49+ months,Medium (40-79),1,6.4,3.0
TC-02846,Male,0,No,No,61,Yes,No internet,No internet service,No internet service,No internet service,One year,Yes,Electronic check,27.55,1670.56,0,49+ months,Low (<40),0,,
TC-02847,Female,1,No,No,72,Yes,DSL,No,No,No,Two year,Yes,Bank transfer,66.39,4822.48,0,49+ months,Medium (40-79),0,,
TC-02848,Male,0,Yes,No,18,Yes,No internet,No internet service,No internet service,No internet service,Two year,No,Electronic check,24.83,451.24,0,13-24 months,Low (<40),1,79.5,4.0
TC-02849,Female,0,Yes,No,72,Yes,Fiber optic,No,No,Yes,Two year,No,Credit card,83.69,5929.97,0,49+ months,High (80+),4,5.9,3.5
TC-02850,Female,0,Yes,No,33,No,Fiber optic,No,No,Yes,Two year,Yes,Electronic check,93.77,3151.6,1,25-48 months,High (80+),1,29.0,2.0
TC-02851,Female,0,No,No,8,Yes,Fiber optic,Yes,No,No,Month-to-month,Yes,Electronic check,87.33,689.49,1,0-12 months,High (80+),2,15.2,3.0
TC-02852,Male,0,Yes,No,4,Yes,No internet,No internet service,No internet service,No internet service,Month-to-month,Yes,Mailed check,18.0,72.03,0,0-12 months,Low (<40),1,7.7,4.0
TC-02853,Female,0,No,No,32,Yes,No internet,No internet service,No internet service,No internet service,Two year,Yes,Bank transfer,22.35,728.05,0,25-48 months,Low (<40),2,17.4,3.5
TC-02854,Female,1,No,No,11,Yes,DSL,No,Yes,No,Month-to-month,No,Electronic check,56.12,609.75,1,0-12 months,Medium (40-79),2,21.5,2.0
TC-02855,Female,1,Yes,Yes,30,Yes,Fiber optic,Yes,No,No,One year,Yes,Credit card,84.88,2528.44,1,25-48 months,High (80+),1,8.7,3.0
TC-02856,Female,0,Yes,No,16,Yes,DSL,No,No,Yes,Month-to-month,Yes,Electronic check,69.98,1131.78,1,13-24 months,Medium (40-79),1,84.0,1.0
TC-02857,Female,0,Yes,Yes,3,Yes,Fiber optic,No,No,No,Month-to-month,Yes,Credit card,71.14,214.86,0,0-12 months,Medium (40-79),3,21.3,3.67
TC-02858,Female,1,Yes,No,1,Yes,No internet,No internet service,No internet service,No internet service,Month-to-month,No,Electronic check,26.2,26.71,0,0-12 months,Low (<40),0,,
TC-02859,Female,0,No,No,42,Yes,No internet,No internet service,No internet service,No internet service,Month-to-month,No,Credit card,18.0,760.63,0,25-48 months,Low (<40),1,18.3,4.0
TC-02860,Male,0,Yes,No,35,Yes,DSL,No,Yes,Yes,Month-to-month,No,Bank transfer,80.92,2772.01,0,25-48 months,High (80+),1,16.0,5.0
TC-02861,Female,0,Yes,Yes,31,Yes,Fiber optic,No,Yes,Yes,Month-to-month,Yes,Electronic check,95.2,2968.13,1,25-48 months,High (80+),1,17.1,3.0
TC-02862,Female,0,Yes,Yes,56,Yes,No internet,No internet service,No internet service,No internet service,Two year,No,Bank transfer,18.0,1015.86,0,49+ months,Low (<40),0,,
TC-02863,Female,0,Yes,No,6,No,Fiber optic,No,No,No,Month-to-month,Yes,Bank transfer,102.56,627.98,0,0-12 months,High (80+),1,8.1,3.0
TC-02864,Female,1,No,No,15,Yes,Fiber optic,Yes,No,No,Month-to-month,Yes,Mailed check,108.3,1612.64,1,13-24 months,High (80+),2,9.4,3.0
TC-02865,Female,0,No,No,41,Yes,DSL,No,No,Yes,Two year,Yes,Bank transfer,51.1,2120.89,0,25-48 months,Medium (40-79),0,,
TC-02866,Female,0,Yes,No,36,Yes,Fiber optic,Yes,No,No,One year,No,Bank transfer,93.93,3477.14,0,25-48 months,High (80+),4,22.3,3.0
TC-02867,Male,0,Yes,No,13,Yes,No internet,No internet service,No internet service,No internet service,Month-to-month,No,Bank transfer,18.0,228.13,0,13-24 months,Low (<40),0,,
TC-02868,Male,1,Yes,No,10,No,Fiber optic,Yes,No,No,Month-to-month,Yes,Electronic check,92.23,913.28,1,0-12 months,High (80+),5,26.5,2.8
TC-02869,Female,0,Yes,No,45,Yes,No internet,No internet service,No internet service,No internet service,One year,No,Credit card,18.3,818.48,0,25-48 months,Low (<40),2,20.4,3.0
TC-02870,Female,1,Yes,No,11,Yes,Fiber optic,No,No,Yes,Month-to-month,Yes,Electronic check,93.67,1038.84,1,0-12 months,High (80+),3,22.4,3.67
TC-02871,Female,0,No,Yes,5,Yes,Fiber optic,No,No,Yes,Month-to-month,Yes,Mailed check,92.71,455.83,1,0-12 months,High (80+),2,28.0,2.0
TC-02872,Male,0,No,No,20,Yes,DSL,No,No,Yes,One year,No,Mailed check,63.0,1269.15,0,13-24 months,Medium (40-79),1,4.3,2.0
TC-02873,Male,1,No,No,13,No,Fiber optic,No,Yes,Yes,Month-to-month,Yes,Mailed check,89.87,1157.66,1,13-24 months,High (80+),2,17.9,3.0
TC-02874,Female,1,No,No,11,Yes,DSL,Yes,No,No,Month-to-month,No,Bank transfer,64.09,720.41,0,0-12 months,Medium (40-79),2,9.2,2.5
TC-02875,Female,0,No,No,34,No,Fiber optic,No,No,No,One year,Yes,Bank transfer,89.38,3102.61,0,25-48 months,High (80+),1,22.0,4.0
TC-02876,Male,1,Yes,No,49,Yes,Fiber optic,No,No,Yes,One year,Yes,Bank transfer,90.93,4447.58,0,49+ months,High (80+),3,19.0,3.67
TC-02877,Male,0,Yes,No,19,Yes,No internet,No internet service,No internet service,No internet service,Month-to-month,No,Credit card,31.36,602.61,0,13-24 months,Low (<40),1,8.5,4.0
TC-02878,Female,0,Yes,No,3,Yes,DSL,No,No,No,Month-to-month,Yes,Bank transfer,52.31,161.1,1,0-12 months,Medium (40-79),1,2.9,3.0
TC-02879,Female,0,No,No,12,Yes,Fiber optic,No,Yes,No,Month-to-month,Yes,Credit card,95.32,1151.88,1,0-12 months,High (80+),3,8.6,3.33
TC-02880,Female,0,No,Yes,37,Yes,Fiber optic,Yes,Yes,No,Two year,No,Mailed check,103.31,3764.86,0,25-48 months,High (80+),0,,
TC-02881,Female,1,No,No,8,Yes,DSL,Yes,No,Yes,Month-to-month,Yes,Bank transfer,62.93,508.74,0,0-12 months,Medium (40-79),0,,
TC-02882,Male,1,No,No,22,Yes,Fiber optic,No,Yes,No,Month-to-month,Yes,Credit card,93.57,2040.9,1,13-24 months,High (80+),0,,
TC-02883,Female,0,No,Yes,8,Yes,DSL,Yes,No,Yes,Month-to-month,Yes,Credit card,66.98,541.28,0,0-12 months,Medium (40-79),0,,
TC-02884,Male,0,Yes,No,32,No,Fiber optic,No,No,Yes,One year,No,Mailed check,90.12,2946.26,0,25-48 months,High (80+),0,,
TC-02885,Male,1,No,Yes,72,Yes,Fiber optic,No,No,No,Two year,No,Electronic check,103.39,7338.43,0,49+ months,High (80+),1,45.4,3.0
TC-02886,Female,0,No,No,10,Yes,Fiber optic,No,No,No,Month-to-month,No,Electronic check,89.4,870.53,1,0-12 months,High (80+),3,42.3,3.0
TC-02887,Female,0,Yes,Yes,23,No,Fiber optic,Yes,Yes,Yes,Two year,No,Electronic check,103.99,2455.21,0,13-24 months,High (80+),3,14.7,4.67
TC-02888,Male,0,Yes,Yes,18,Yes,No internet,No internet service,No internet service,No internet service,One year,Yes,Mailed check,18.0,326.32,0,13-24 months,Low (<40),0,,
TC-02889,Male,0,Yes,Yes,12,Yes,Fiber optic,No,No,Yes,Month-to-month,No,Credit card,96.27,1157.8,1,0-12 months,High (80+),0,,
TC-02890,Female,1,No,No,21,Yes,No internet,No internet service,No internet service,No internet service,Two year,No,Bank transfer,18.98,392.72,0,13-24 months,Low (<40),0,,
TC-02891,Male,0,Yes,No,17,Yes,No internet,No internet service,No internet service,No internet service,Month-to-month,Yes,Bank transfer,20.9,346.98,0,13-24 months,Low (<40),0,,
TC-02892,Male,0,No,No,46,Yes,Fiber optic,Yes,No,Yes,Two year,No,Electronic check,97.62,4582.29,0,25-48 months,High (80+),0,,
TC-02893,Male,0,No,Yes,53,Yes,Fiber optic,No,Yes,Yes,Month-to-month,Yes,Mailed check,115.66,6227.19,0,49+ months,High (80+),3,28.6,2.67
TC-02894,Male,0,Yes,No,18,Yes,DSL,Yes,No,Yes,Month-to-month,Yes,Bank transfer,76.97,1415.6,0,13-24 months,Medium (40-79),1,6.7,5.0
TC-02895,Male,0,Yes,Yes,39,Yes,Fiber optic,Yes,No,Yes,Month-to-month,Yes,Electronic check,100.86,4000.45,1,25-48 months,High (80+),0,,
TC-02896,Female,0,No,No,56,Yes,No internet,No internet service,No internet service,No internet service,Two year,Yes,Credit card,25.7,1463.99,0,49+ months,Low (<40),1,33.9,2.0
TC-02897,Female,0,No,No,27,Yes,Fiber optic,Yes,No,Yes,Two year,Yes,Credit card,91.67,2420.73,0,25-48 months,High (80+),3,13.2,3.67
TC-02898,Male,0,Yes,No,41,Yes,No internet,No internet service,No internet service,No internet service,Month-to-month,Yes,Electronic check,26.9,1081.61,0,25-48 months,Low (<40),2,14.0,4.0
TC-02899,Male,0,Yes,No,23,Yes,DSL,No,Yes,No,Month-to-month,No,Electronic check,63.36,1483.98,0,13-24 months,Medium (40-79),0,,
TC-02900,Female,0,No,Yes,11,Yes,Fiber optic,Yes,No,No,Month-to-month,No,Bank transfer,83.07,938.36,1,0-12 months,High (80+),1,13.0,2.0
TC-02901,Male,0,No,Yes,14,Yes,DSL,No,No,Yes,Month-to-month,Yes,Mailed check,73.02,1027.69,0,13-24 months,Medium (40-79),2,16.6,2.5
TC-02902,Male,0,Yes,Yes,43,Yes,No internet,No internet service,No internet service,No internet service,Two year,Yes,Electronic check,18.0,761.69,0,25-48 months,Low (<40),0,,
TC-02903,Female,0,Yes,No,44,Yes,Fiber optic,No,No,No,One year,No,Electronic check,83.4,3658.23,1,25-48 months,High (80+),2,10.8,2.0
TC-02904,Female,0,No,Yes,32,Yes,Fiber optic,No,No,Yes,Month-to-month,No,Mailed check,89.65,2787.66,1,25-48 months,High (80+),1,6.9,2.0
TC-02905,Male,0,No,No,19,Yes,DSL,No,No,No,Month-to-month,No,Electronic check,49.36,923.85,1,13-24 months,Medium (40-79),1,12.2,3.0
TC-02906,Male,0,Yes,No,34,No,Fiber optic,No,No,Yes,Two year,Yes,Electronic check,89.88,3134.98,0,25-48 months,High (80+),0,,
TC-02907,Female,0,No,No,18,No,DSL,No,Yes,No,Month-to-month,Yes,Mailed check,61.58,1107.63,0,13-24 months,Medium (40-79),0,,
TC-02908,Female,0,Yes,Yes,57,Yes,DSL,No,No,No,Two year,Yes,Bank transfer,63.06,3680.33,0,49+ months,Medium (40-79),0,,
TC-02909,Male,0,No,No,13,No,Fiber optic,No,No,No,One year,No,Bank transfer,91.8,1160.44,0,13-24 months,High (80+),3,11.8,4.0
TC-02910,Male,0,No,No,19,Yes,No internet,No internet service,No internet service,No internet service,Month-to-month,No,Electronic check,26.14,508.87,0,13-24 months,Low (<40),0,,
TC-02911,Female,1,No,Yes,60,Yes,DSL,No,No,Yes,One year,No,Bank transfer,76.55,4506.87,0,49+ months,Medium (40-79),1,52.1,4.0
TC-02912,Male,0,Yes,No,4,Yes,No internet,No internet service,No internet service,No internet service,Month-to-month,No,Electronic check,18.0,73.52,0,0-12 months,Low (<40),0,,
TC-02913,Male,0,No,No,6,Yes,Fiber optic,No,No,Yes,Month-to-month,Yes,Electronic check,82.89,491.73,0,0-12 months,High (80+),2,24.4,5.0
TC-02914,Male,0,Yes,No,56,Yes,Fiber optic,No,Yes,Yes,Month-to-month,Yes,Mailed check,100.51,5674.96,0,49+ months,High (80+),0,,
TC-02915,Female,0,No,No,4,Yes,Fiber optic,No,No,No,Month-to-month,No,Bank transfer,76.92,306.77,1,0-12 months,Medium (40-79),5,16.6,2.2
TC-02916,Female,0,No,No,10,Yes,Fiber optic,No,No,Yes,Month-to-month,No,Mailed check,93.28,951.43,0,0-12 months,High (80+),1,24.6,4.0
TC-02917,Male,0,No,Yes,17,Yes,Fiber optic,Yes,No,Yes,Month-to-month,No,Credit card,103.15,1715.73,1,13-24 months,High (80+),1,10.5,2.0
TC-02918,Male,0,No,Yes,44,Yes,Fiber optic,No,Yes,Yes,Two year,Yes,Bank transfer,110.16,4824.27,0,25-48 months,High (80+),0,,
TC-02919,Female,0,Yes,No,17,Yes,No internet,No internet service,No internet service,No internet service,Month-to-month,Yes,Electronic check,26.91,459.25,1,13-24 months,Low (<40),3,35.4,3.67
TC-02920,Female,0,Yes,Yes,22,Yes,No internet,No internet service,No internet service,No internet service,Month-to-month,No,Bank transfer,25.8,580.13,0,13-24 months,Low (<40),0,,
TC-02921,Female,0,No,Yes,61,Yes,DSL,Yes,No,Yes,Two year,Yes,Credit card,74.63,4570.37,0,49+ months,Medium (40-79),3,35.9,3.0
TC-02922,Female,0,No,Yes,37,Yes,DSL,Yes,Yes,Yes,Two year,No,Credit card,71.29,2681.12,0,25-48 months,Medium (40-79),1,9.6,3.0
TC-02923,Female,0,Yes,Yes,72,Yes,Fiber optic,No,No,No,Two year,No,Mailed check,81.64,5755.63,0,49+ months,High (80+),2,33.1,3.5
TC-02924,Male,0,No,No,54,Yes,No internet,No internet service,No internet service,No internet service,One year,Yes,Mailed check,18.0,954.86,0,49+ months,Low (<40),2,17.1,3.0
TC-02925,Male,0,No,No,7,Yes,No internet,No internet service,No internet service,No internet service,One year,Yes,Credit card,21.7,148.15,0,0-12 months,Low (<40),2,11.0,3.5
TC-02926,Female,0,Yes,No,36,Yes,No internet,No internet service,No internet service,No internet service,One year,Yes,Bank transfer,23.45,821.27,0,25-48 months,Low (<40),2,8.0,3.5
TC-02927,Female,0,Yes,No,16,Yes,Fiber optic,No,No,No,One year,Yes,Mailed check,77.56,1255.25,0,13-24 months,Medium (40-79),4,22.5,3.0
TC-02928,Female,0,No,No,38,Yes,No internet,No internet service,No internet service,No internet service,Month-to-month,No,Electronic check,26.63,1042.26,0,25-48 months,Low (<40),0,,
TC-02929,Female,0,Yes,No,20,Yes,Fiber optic,Yes,No,No,Month-to-month,Yes,Electronic check,84.19,1699.64,1,13-24 months,High (80+),4,13.0,2.0
TC-02930,Female,0,Yes,No,6,Yes,DSL,No,Yes,Yes,Month-to-month,Yes,Electronic check,83.2,510.44,1,0-12 months,High (80+),0,,
TC-02931,Female,0,Yes,Yes,10,Yes,DSL,No,No,No,Month-to-month,Yes,Credit card,58.07,565.05,1,0-12 months,Medium (40-79),0,,
TC-02932,Male,0,Yes,No,4,Yes,Fiber optic,No,Yes,Yes,Month-to-month,No,Electronic check,93.52,377.73,1,0-12 months,High (80+),0,,
TC-02933,Female,0,Yes,No,43,Yes,DSL,No,Yes,Yes,Two year,No,Mailed check,77.34,3345.5,0,25-48 months,Medium (40-79),1,0.3,4.0
TC-02934,Male,0,No,No,72,Yes,No internet,No internet service,No internet service,No internet service,One year,Yes,Mailed check,32.19,2306.6,0,49+ months,Low (<40),0,,
TC-02935,Female,1,No,Yes,42,Yes,DSL,No,No,No,Month-to-month,Yes,Credit card,59.45,2494.31,0,25-48 months,Medium (40-79),1,19.4,1.0
TC-02936,Male,0,No,No,37,Yes,DSL,Yes,No,No,Two year,Yes,Electronic check,62.75,2364.71,0,25-48 months,Medium (40-79),1,11.3,3.0
TC-02937,Female,0,No,No,12,Yes,DSL,No,No,No,Month-to-month,Yes,Bank transfer,50.74,602.8,1,0-12 months,Medium (40-79),2,11.0,3.0
TC-02938,Female,0,No,Yes,68,Yes,No internet,No internet service,No internet service,No internet service,Two year,No,Electronic check,18.0,1203.38,0,49+ months,Low (<40),3,8.3,3.0
TC-02939,Female,0,Yes,No,41,Yes,Fiber optic,Yes,Yes,No,One year,Yes,Credit card,84.82,3565.03,0,25-48 months,High (80+),1,15.7,4.0
TC-02940,Female,1,No,Yes,6,Yes,Fiber optic,Yes,Yes,No,One year,Yes,Credit card,93.01,566.94,0,0-12 months,High (80+),0,,
TC-02941,Male,0,No,No,40,Yes,DSL,Yes,No,No,Month-to-month,No,Credit card,75.77,3053.53,0,25-48 months,Medium (40-79),1,12.9,5.0
TC-02942,Male,0,No,No,63,Yes,DSL,No,No,No,Two year,No,Mailed check,56.06,3476.01,0,49+ months,Medium (40-79),1,9.6,4.0
TC-02943,Female,0,No,No,22,Yes,DSL,No,No,No,Month-to-month,No,Electronic check,47.01,1016.65,0,13-24 months,Medium (40-79),0,,
TC-02944,Male,0,No,Yes,18,Yes,No internet,No internet service,No internet service,No internet service,Month-to-month,Yes,Mailed check,23.86,440.29,0,13-24 months,Low (<40),0,,
TC-02945,Male,0,Yes,Yes,11,Yes,DSL,Yes,No,No,Month-to-month,Yes,Credit card,62.89,709.94,0,0-12 months,Medium (40-79),0,,
TC-02946,Male,0,No,No,16,Yes,Fiber optic,Yes,No,Yes,Month-to-month,No,Mailed check,106.25,1709.25,1,13-24 months,High (80+),2,16.7,3.5
TC-02947,Female,0,No,No,24,Yes,DSL,Yes,Yes,No,Month-to-month,No,Bank transfer,71.88,1748.0,0,13-24 months,Medium (40-79),0,,
TC-02948,Female,0,Yes,No,29,Yes,No internet,No internet service,No internet service,No internet service,Month-to-month,No,Bank transfer,18.0,522.36,0,25-48 months,Low (<40),0,,
TC-02949,Female,1,No,Yes,40,Yes,No internet,No internet service,No internet service,No internet service,Month-to-month,No,Bank transfer,23.2,904.89,0,25-48 months,Low (<40),0,,
TC-02950,Male,0,No,No,43,Yes,DSL,No,No,Yes,Two year,Yes,Mailed check,67.82,2964.65,0,25-48 months,Medium (40-79),1,19.4,3.0
TC-02951,Male,0,Yes,Yes,28,Yes,Fiber optic,Yes,No,Yes,One year,Yes,Electronic check,92.61,2545.0,0,25-48 months,High (80+),1,41.0,2.0
TC-02952,Male,0,No,No,7,No,DSL,No,No,No,Month-to-month,No,Mailed check,66.82,464.29,1,0-12 months,Medium (40-79),1,12.9,4.0
TC-02953,Female,0,Yes,No,72,Yes,Fiber optic,Yes,No,No,One year,Yes,Electronic check,90.25,6365.48,0,49+ months,High (80+),0,,
TC-02954,Female,0,No,No,12,No,DSL,No,No,No,Month-to-month,No,Credit card,53.99,650.71,0,0-12 months,Medium (40-79),0,,
TC-02955,Female,0,Yes,No,16,Yes,Fiber optic,No,No,No,One year,Yes,Credit card,83.64,1298.76,0,13-24 months,High (80+),3,24.7,4.0
TC-02956,Male,0,No,No,13,Yes,DSL,No,No,No,One year,Yes,Electronic check,62.91,821.48,0,13-24 months,Medium (40-79),1,6.1,4.0
TC-02957,Female,0,Yes,No,32,Yes,DSL,No,No,No,Two year,Yes,Credit card,66.44,2164.26,0,25-48 months,Medium (40-79),1,49.8,3.0
TC-02958,Male,0,Yes,No,11,No,DSL,No,Yes,No,Month-to-month,Yes,Mailed check,66.44,747.89,0,0-12 months,Medium (40-79),1,9.8,3.0
TC-02959,Female,1,No,No,60,Yes,Fiber optic,No,No,No,Two year,No,Credit card,85.14,5071.6,0,49+ months,High (80+),3,17.1,4.33
TC-02960,Male,0,Yes,No,1,Yes,Fiber optic,No,No,No,Month-to-month,No,Electronic check,88.78,90.97,1,0-12 months,High (80+),2,9.0,2.0
TC-02961,Male,0,Yes,No,24,Yes,Fiber optic,No,No,Yes,Month-to-month,No,Mailed check,86.91,2033.94,0,13-24 months,High (80+),2,16.7,4.0
TC-02962,Female,0,Yes,Yes,72,Yes,DSL,No,No,No,Month-to-month,Yes,Bank transfer,56.8,4058.61,0,49+ months,Medium (40-79),1,10.7,2.0
TC-02963,Male,0,Yes,Yes,7,Yes,Fiber optic,No,No,No,Month-to-month,No,Electronic check,81.47,567.08,0,0-12 months,High (80+),2,16.6,4.5
TC-02964,Male,0,No,Yes,58,Yes,Fiber optic,No,Yes,No,Two year,Yes,Credit card,86.69,5127.99,0,49+ months,High (80+),2,35.8,3.0
TC-02965,Female,0,Yes,No,5,Yes,DSL,No,No,No,Month-to-month,No,Credit card,72.48,355.55,0,0-12 months,Medium (40-79),1,12.0,3.0
TC-02966,Female,0,No,No,16,Yes,Fiber optic,Yes,No,Yes,Month-to-month,Yes,Bank transfer,104.13,1711.02,1,13-24 months,High (80+),3,33.0,1.67
TC-02967,Male,0,Yes,No,30,Yes,No internet,No internet service,No internet service,No internet service,One year,Yes,Credit card,21.95,651.24,0,25-48 months,Low (<40),0,,
TC-02968,Female,1,Yes,Yes,70,Yes,Fiber optic,Yes,No,No,Month-to-month,Yes,Electronic check,76.42,5201.31,0,49+ months,Medium (40-79),0,,
TC-02969,Male,0,Yes,Yes,42,Yes,No internet,No internet service,No internet service,No internet service,Two year,Yes,Bank transfer,28.66,1202.71,0,25-48 months,Low (<40),0,,
TC-02970,Female,0,No,No,38,Yes,No internet,No internet service,No internet service,No internet service,Month-to-month,No,Credit card,22.69,885.8,0,25-48 months,Low (<40),0,,
TC-02971,Female,0,Yes,No,11,Yes,Fiber optic,No,Yes,No,Two year,No,Mailed check,85.74,948.39,0,0-12 months,High (80+),1,4.9,4.0
TC-02972,Male,1,No,No,55,Yes,Fiber optic,Yes,Yes,Yes,Two year,Yes,Mailed check,99.89,5570.63,0,49+ months,High (80+),1,3.4,4.0
TC-02973,Male,0,Yes,No,35,Yes,Fiber optic,Yes,Yes,No,Month-to-month,No,Electronic check,96.91,3348.55,0,25-48 months,High (80+),1,23.9,4.0
TC-02974,Female,0,No,No,1,Yes,DSL,No,No,Yes,Month-to-month,No,Mailed check,52.92,52.59,1,0-12 months,Medium (40-79),1,15.0,5.0
TC-02975,Female,0,No,No,4,Yes,No internet,No internet service,No internet service,No internet service,Month-to-month,Yes,Credit card,18.0,71.25,0,0-12 months,Low (<40),0,,
TC-02976,Male,1,Yes,Yes,21,No,Fiber optic,Yes,No,No,Month-to-month,Yes,Electronic check,93.77,2012.74,1,13-24 months,High (80+),2,11.5,2.0
TC-02977,Male,0,No,No,60,Yes,No internet,No internet service,No internet service,No internet service,Month-to-month,Yes,Bank transfer,18.0,1111.06,0,49+ months,Low (<40),3,9.6,4.0
TC-02978,Female,1,Yes,No,16,Yes,Fiber optic,No,No,No,Two year,No,Credit card,80.14,1307.45,0,13-24 months,High (80+),3,12.5,3.67
TC-02979,Female,0,No,Yes,6,Yes,Fiber optic,No,No,No,Month-to-month,Yes,Mailed check,78.28,456.01,1,0-12 months,Medium (40-79),3,24.5,1.67
TC-02980,Female,0,Yes,No,10,Yes,No internet,No internet service,No internet service,No internet service,One year,No,Credit card,32.22,327.6,0,0-12 months,Low (<40),1,20.5,4.0
TC-02981,Male,0,Yes,No,22,No,DSL,No,No,No,One year,Yes,Electronic check,52.9,1182.84,0,13-24 months,Medium (40-79),1,19.0,5.0
TC-02982,Male,0,Yes,No,30,Yes,Fiber optic,Yes,No,No,Month-to-month,Yes,Bank transfer,90.96,2775.14,0,25-48 months,High (80+),0,,
TC-02983,Female,1,No,No,17,Yes,Fiber optic,No,No,Yes,Month-to-month,No,Credit card,99.1,1729.87,0,13-24 months,High (80+),1,14.2,3.0
TC-02984,Female,0,Yes,No,38,Yes,No internet,No internet service,No internet service,No internet service,Two year,Yes,Electronic check,18.41,706.93,0,25-48 months,Low (<40),2,20.6,3.5
TC-02985,Male,0,Yes,No,6,Yes,Fiber optic,Yes,No,No,Month-to-month,Yes,Electronic check,84.36,495.2,1,0-12 months,High (80+),3,22.4,2.0
TC-02986,Female,0,Yes,No,30,Yes,No internet,No internet service,No internet service,No internet service,Month-to-month,Yes,Credit card,37.29,1135.05,0,25-48 months,Low (<40),0,,
TC-02987,Male,0,Yes,Yes,1,No,Fiber optic,No,No,Yes,Month-to-month,Yes,Bank transfer,98.22,100.07,1,0-12 months,High (80+),1,7.8,2.0
TC-02988,Male,0,No,No,16,Yes,No internet,No internet service,No internet service,No internet service,One year,No,Credit card,28.02,440.33,0,13-24 months,Low (<40),1,4.2,5.0
TC-02989,Male,0,Yes,No,7,Yes,No internet,No internet service,No internet service,No internet service,Month-to-month,No,Electronic check,18.0,124.67,0,0-12 months,Low (<40),1,29.5,4.0
TC-02990,Female,0,No,No,3,Yes,DSL,No,Yes,No,Month-to-month,Yes,Electronic check,82.49,254.13,0,0-12 months,High (80+),0,,
TC-02991,Male,0,Yes,Yes,16,Yes,No internet,No internet service,No internet service,No internet service,One year,No,Credit card,26.81,436.01,0,13-24 months,Low (<40),0,,
TC-02992,Male,0,No,No,20,Yes,Fiber optic,No,No,No,One year,Yes,Bank transfer,77.88,1583.31,0,13-24 months,Medium (40-79),0,,
TC-02993,Female,0,No,Yes,66,Yes,Fiber optic,No,No,No,One year,No,Electronic check,73.64,4874.14,0,49+ months,Medium (40-79),3,17.1,4.0
TC-02994,Male,0,No,Yes,72,Yes,Fiber optic,No,No,No,Month-to-month,Yes,Bank transfer,93.16,6578.04,0,49+ months,High (80+),1,1.6,3.0
TC-02995,Female,0,Yes,No,24,Yes,Fiber optic,No,Yes,No,Month-to-month,Yes,Mailed check,82.13,1915.46,0,13-24 months,High (80+),1,13.5,4.0
TC-02996,Female,0,Yes,Yes,15,Yes,Fiber optic,No,No,Yes,Month-to-month,Yes,Electronic check,103.1,1576.68,1,13-24 months,High (80+),0,,
TC-02997,Female,0,No,No,13,No,Fiber optic,No,No,Yes,Month-to-month,Yes,Mailed check,81.53,1053.38,1,13-24 months,High (80+),1,41.4,3.0
TC-02998,Male,0,No,No,29,Yes,DSL,No,No,No,One year,Yes,Electronic check,54.1,1603.28,0,25-48 months,Medium (40-79),1,18.5,4.0
TC-02999,Female,1,Yes,No,9,Yes,Fiber optic,No,No,No,Month-to-month,Yes,Electronic check,95.51,862.05,1,0-12 months,High (80+),1,21.3,4.0
TC-03000,Male,1,No,No,72,Yes,Fiber optic,No,No,Yes,Two year,Yes,Credit card,91.05,6671.75,0,49+ months,High (80+),4,17.2,3.5
TC-03001,Male,0,Yes,No,19,No,DSL,No,No,Yes,Month-to-month,Yes,Electronic check,71.73,1396.88,1,13-24 months,Medium (40-79),0,,
TC-03002,Male,0,Yes,Yes,40,Yes,Fiber optic,Yes,No,Yes,Two year,Yes,Bank transfer,98.47,3928.53,0,25-48 months,High (80+),0,,
TC-03003,Male,0,No,No,25,Yes,Fiber optic,No,No,No,One year,Yes,Mailed check,92.86,2379.65,0,25-48 months,High (80+),0,,
TC-03004,Female,0,No,No,54,Yes,No internet,No internet service,No internet service,No internet service,Two year,No,Electronic check,22.6,1250.18,0,49+ months,Low (<40),3,14.2,3.33
TC-03005,Male,0,Yes,Yes,64,Yes,No internet,No internet service,No internet service,No internet service,Two year,Yes,Mailed check,21.89,1414.88,0,49+ months,Low (<40),1,39.1,4.0
TC-03006,Female,0,Yes,No,16,Yes,Fiber optic,No,No,No,Month-to-month,Yes,Electronic check,92.56,1503.78,0,13-24 months,High (80+),1,9.8,3.0
TC-03007,Male,1,No,No,37,Yes,No internet,No internet service,No internet service,No internet service,Two year,No,Electronic check,20.2,736.06,0,25-48 months,Low (<40),2,20.3,4.0
TC-03008,Male,1,No,Yes,61,Yes,No internet,No internet service,No internet service,No internet service,Month-to-month,No,Credit card,25.12,1530.05,0,49+ months,Low (<40),1,14.5,4.0
TC-03009,Female,0,No,Yes,14,Yes,DSL,No,Yes,Yes,One year,Yes,Bank transfer,90.17,1256.27,0,13-24 months,High (80+),1,17.7,4.0
TC-03010,Male,1,No,Yes,60,Yes,DSL,Yes,No,No,Two year,No,Credit card,62.38,3805.23,0,49+ months,Medium (40-79),0,,
TC-03011,Female,0,No,No,59,Yes,DSL,No,No,No,One year,Yes,Electronic check,66.6,3940.57,0,49+ months,Medium (40-79),2,22.9,3.5
TC-03012,Female,1,No,No,11,Yes,No internet,No internet service,No internet service,No internet service,One year,Yes,Bank transfer,18.31,196.89,1,0-12 months,Low (<40),0,,
TC-03013,Female,0,Yes,No,20,Yes,Fiber optic,No,No,Yes,Month-to-month,Yes,Electronic check,88.26,1756.11,1,13-24 months,High (80+),2,24.0,3.0
TC-03014,Male,0,Yes,Yes,18,Yes,Fiber optic,Yes,No,No,One year,No,Credit card,88.82,1567.33,0,13-24 months,High (80+),1,43.5,4.0
TC-03015,Female,0,Yes,Yes,13,Yes,Fiber optic,No,Yes,No,Month-to-month,Yes,Electronic check,97.21,1249.29,1,13-24 months,High (80+),0,,
TC-03016,Female,0,No,No,11,Yes,No internet,No internet service,No internet service,No internet service,Month-to-month,Yes,Electronic check,30.42,329.63,0,0-12 months,Low (<40),2,22.6,4.0
TC-03017,Female,0,No,No,37,Yes,Fiber optic,Yes,No,No,Month-to-month,Yes,Electronic check,94.26,3384.69,0,25-48 months,High (80+),2,17.9,4.5
TC-03018,Female,0,Yes,No,43,Yes,No internet,No internet service,No internet service,No internet service,Two year,Yes,Bank transfer,19.39,826.66,0,25-48 months,Low (<40),0,,
TC-03019,Male,0,No,No,21,Yes,No internet,No internet service,No internet service,No internet service,One year,Yes,Electronic check,26.04,562.61,0,13-24 months,Low (<40),0,,
TC-03020,Female,0,No,Yes,11,Yes,Fiber optic,Yes,No,Yes,One year,Yes,Mailed check,98.72,1093.76,1,0-12 months,High (80+),3,25.7,2.33
TC-03021,Female,0,No,No,7,Yes,DSL,Yes,Yes,No,Month-to-month,Yes,Credit card,81.15,560.43,0,0-12 months,High (80+),0,,
TC-03022,Male,0,No,Yes,4,Yes,Fiber optic,No,No,No,Month-to-month,No,Bank transfer,89.98,350.81,1,0-12 months,High (80+),1,11.0,2.0
TC-03023,Female,0,No,Yes,72,Yes,No internet,No internet service,No internet service,No internet service,Two year,Yes,Mailed check,23.72,1666.99,0,49+ months,Low (<40),2,19.1,2.0
TC-03024,Male,0,No,No,13,Yes,DSL,No,No,No,Month-to-month,Yes,Mailed check,58.17,739.89,0,13-24 months,Medium (40-79),0,,
TC-03025,Female,0,No,No,40,Yes,DSL,No,No,Yes,Two year,Yes,Bank transfer,64.16,2620.92,0,25-48 months,Medium (40-79),1,16.8,5.0
TC-03026,Male,0,Yes,Yes,18,Yes,DSL,No,No,Yes,Month-to-month,Yes,Bank transfer,67.66,1197.71,1,13-24 months,Medium (40-79),2,11.5,3.0
TC-03027,Male,0,No,No,52,Yes,DSL,No,No,No,Month-to-month,No,Credit card,71.53,3683.78,0,49+ months,Medium (40-79),0,,
TC-03028,Male,0,Yes,No,8,Yes,Fiber optic,No,Yes,No,Month-to-month,Yes,Credit card,80.59,663.62,0,0-12 months,High (80+),0,,
TC-03029,Male,0,Yes,Yes,8,Yes,Fiber optic,No,Yes,No,Month-to-month,No,Mailed check,93.7,750.78,0,0-12 months,High (80+),0,,
TC-03030,Male,0,Yes,No,8,Yes,DSL,No,No,No,Month-to-month,Yes,Mailed check,62.4,485.81,0,0-12 months,Medium (40-79),4,18.4,4.5
TC-03031,Male,1,No,No,15,Yes,Fiber optic,No,No,Yes,Month-to-month,No,Mailed check,85.37,1305.31,1,13-24 months,High (80+),2,21.5,2.5
TC-03032,Female,0,No,Yes,29,Yes,No internet,No internet service,No internet service,No internet service,One year,No,Bank transfer,27.98,819.47,0,25-48 months,Low (<40),0,,
TC-03033,Female,0,Yes,Yes,21,Yes,Fiber optic,No,No,Yes,Month-to-month,Yes,Mailed check,99.16,2138.83,1,13-24 months,High (80+),5,26.1,2.4
TC-03034,Male,1,No,Yes,4,Yes,Fiber optic,No,Yes,Yes,Month-to-month,Yes,Credit card,88.47,351.68,1,0-12 months,High (80+),1,19.1,2.0
TC-03035,Female,0,No,No,18,Yes,Fiber optic,No,No,No,Month-to-month,Yes,Bank transfer,92.5,1693.7,0,13-24 months,High (80+),3,28.4,4.0
TC-03036,Male,0,Yes,No,1,Yes,DSL,No,No,No,Month-to-month,Yes,Bank transfer,56.11,55.43,0,0-12 months,Medium (40-79),2,22.8,2.5
TC-03037,Male,0,No,No,13,Yes,Fiber optic,No,No,Yes,Month-to-month,Yes,Credit card,90.6,1201.52,1,13-24 months,High (80+),5,18.1,2.8
TC-03038,Male,1,Yes,No,8,Yes,No internet,No internet service,No internet service,No internet service,Month-to-month,Yes,Bank transfer,18.0,140.41,1,0-12 months,Low (<40),0,,
TC-03039,Male,0,No,No,72,Yes,DSL,Yes,No,No,Two year,Yes,Credit card,63.52,4518.97,0,49+ months,Medium (40-79),0,,
TC-03040,Male,0,Yes,Yes,24,Yes,DSL,No,Yes,Yes,Month-to-month,No,Electronic check,80.5,1953.64,0,13-24 months,High (80+),0,,
TC-03041,Male,0,No,No,37,No,Fiber optic,No,Yes,No,Month-to-month,No,Electronic check,85.56,3256.09,0,25-48 months,High (80+),0,,
TC-03042,Female,0,Yes,No,69,Yes,DSL,No,Yes,Yes,Two year,Yes,Credit card,81.89,5667.13,0,49+ months,High (80+),0,,
TC-03043,Female,0,No,No,31,No,Fiber optic,No,No,Yes,Month-to-month,Yes,Credit card,109.2,3445.49,0,25-48 months,High (80+),0,,
TC-03044,Female,0,Yes,Yes,24,Yes,No internet,No internet service,No internet service,No internet service,Two year,Yes,Mailed check,30.47,723.15,0,13-24 months,Low (<40),2,20.5,4.0
TC-03045,Female,0,Yes,No,28,Yes,No internet,No internet service,No internet service,No internet service,One year,No,Electronic check,18.0,498.07,0,25-48 months,Low (<40),0,,
TC-03046,Female,0,No,No,18,Yes,DSL,No,Yes,Yes,Month-to-month,Yes,Electronic check,75.53,1324.6,1,13-24 months,Medium (40-79),1,22.3,3.0
TC-03047,Female,0,Yes,No,18,Yes,DSL,No,Yes,No,Month-to-month,Yes,Electronic check,59.8,1072.6,0,13-24 months,Medium (40-79),0,,
TC-03048,Male,0,No,Yes,70,Yes,DSL,No,Yes,Yes,Two year,Yes,Electronic check,61.89,4234.41,0,49+ months,Medium (40-79),0,,
TC-03049,Female,0,Yes,No,5,Yes,Fiber optic,No,No,No,Month-to-month,Yes,Electronic check,86.85,435.04,1,0-12 months,High (80+),1,5.5,3.0
TC-03050,Male,0,Yes,No,25,Yes,DSL,Yes,No,No,One year,Yes,Electronic check,48.66,1243.19,0,25-48 months,Medium (40-79),0,,
TC-03051,Male,1,No,No,61,Yes,No internet,No internet service,No internet service,No internet service,Two year,No,Credit card,22.36,1390.43,0,49+ months,Low (<40),0,,
TC-03052,Male,1,No,Yes,22,Yes,No internet,No internet service,No internet service,No internet service,One year,No,Electronic check,18.0,387.28,0,13-24 months,Low (<40),0,,
TC-03053,Female,0,No,Yes,17,Yes,Fiber optic,No,Yes,Yes,Month-to-month,Yes,Electronic check,87.77,1482.92,1,13-24 months,High (80+),0,,
TC-03054,Female,0,No,No,42,No,Fiber optic,No,No,No,Two year,Yes,Electronic check,82.27,3384.28,1,25-48 months,High (80+),2,33.9,2.5
TC-03055,Female,0,Yes,No,17,Yes,DSL,No,Yes,Yes,Month-to-month,No,Electronic check,67.3,1172.66,0,13-24 months,Medium (40-79),0,,
TC-03056,Male,0,Yes,No,13,Yes,Fiber optic,No,No,No,Month-to-month,Yes,Mailed check,93.75,1247.07,0,13-24 months,High (80+),1,36.9,5.0
TC-03057,Female,0,Yes,No,33,Yes,DSL,No,No,Yes,Month-to-month,Yes,Mailed check,75.48,2460.61,0,25-48 months,Medium (40-79),3,23.0,3.67
TC-03058,Male,1,No,No,45,Yes,DSL,Yes,No,Yes,One year,Yes,Mailed check,87.11,3930.46,0,25-48 months,High (80+),1,16.1,1.0
TC-03059,Male,0,Yes,No,15,Yes,DSL,No,Yes,Yes,Two year,Yes,Credit card,73.54,1117.61,0,13-24 months,Medium (40-79),1,21.8,4.0
TC-03060,Female,0,Yes,Yes,64,Yes,Fiber optic,No,No,Yes,One year,No,Electronic check,91.56,5957.47,0,49+ months,High (80+),1,29.7,3.0
TC-03061,Male,0,Yes,No,15,Yes,Fiber optic,No,No,Yes,Month-to-month,Yes,Electronic check,94.19,1373.52,1,13-24 months,High (80+),2,17.1,2.0
TC-03062,Female,0,No,Yes,47,Yes,DSL,No,No,No,Two year,Yes,Bank transfer,65.83,3096.54,0,25-48 months,Medium (40-79),1,16.4,2.0
TC-03063,Female,0,No,No,55,Yes,No internet,No internet service,No internet service,No internet service,Month-to-month,No,Electronic check,21.77,1208.95,0,49+ months,Low (<40),0,,
TC-03064,Female,1,No,No,1,Yes,DSL,No,No,No,Month-to-month,No,Credit card,67.09,65.82,0,0-12 months,Medium (40-79),0,,
TC-03065,Female,0,No,No,21,Yes,DSL,No,Yes,No,One year,Yes,Credit card,60.94,1249.79,0,13-24 months,Medium (40-79),0,,
TC-03066,Female,1,No,Yes,24,Yes,DSL,No,Yes,No,Month-to-month,Yes,Electronic check,59.39,1444.71,0,13-24 months,Medium (40-79),0,,
TC-03067,Male,0,No,No,18,Yes,Fiber optic,Yes,No,Yes,Month-to-month,Yes,Mailed check,108.4,1978.65,0,13-24 months,High (80+),2,10.8,4.0
TC-03068,Male,1,No,No,45,Yes,Fiber optic,Yes,No,No,One year,Yes,Mailed check,95.42,4166.97,0,25-48 months,High (80+),2,10.4,3.5
TC-03069,Male,0,Yes,No,41,Yes,Fiber optic,Yes,No,No,One year,No,Mailed check,94.46,3855.06,1,25-48 months,High (80+),2,3.8,3.5
TC-03070,Male,0,Yes,Yes,56,Yes,Fiber optic,No,No,No,Two year,No,Credit card,84.72,4839.92,0,49+ months,High (80+),3,18.0,3.0
TC-03071,Male,1,No,No,2,Yes,No internet,No internet service,No internet service,No internet service,Month-to-month,Yes,Mailed check,20.23,39.46,0,0-12 months,Low (<40),1,6.6,2.0
TC-03072,Male,0,No,No,51,Yes,Fiber optic,No,Yes,No,Two year,Yes,Bank transfer,91.65,4779.95,0,49+ months,High (80+),0,,
TC-03073,Male,0,Yes,No,51,Yes,No internet,No internet service,No internet service,No internet service,Two year,No,Electronic check,18.0,932.51,0,49+ months,Low (<40),1,14.5,4.0
TC-03074,Female,1,Yes,Yes,27,Yes,Fiber optic,No,No,No,Month-to-month,Yes,Electronic check,83.14,2291.97,1,25-48 months,High (80+),2,22.8,3.0
TC-03075,Female,1,No,No,29,Yes,Fiber optic,No,No,No,Month-to-month,No,Mailed check,78.25,2279.85,1,25-48 months,Medium (40-79),1,20.6,2.0
TC-03076,Female,0,No,No,63,Yes,DSL,No,No,No,One year,Yes,Bank transfer,60.38,3793.55,0,49+ months,Medium (40-79),1,27.2,5.0
TC-03077,Female,1,No,No,13,Yes,Fiber optic,Yes,Yes,Yes,Month-to-month,Yes,Bank transfer,96.82,1224.25,0,13-24 months,High (80+),0,,
TC-03078,Female,0,No,No,22,Yes,Fiber optic,No,No,No,Month-to-month,Yes,Electronic check,73.43,1610.1,0,13-24 months,Medium (40-79),2,34.3,4.0
TC-03079,Female,0,No,Yes,49,No,DSL,Yes,Yes,Yes,Two year,Yes,Bank transfer,73.58,3499.26,0,49+ months,Medium (40-79),2,17.0,3.5
TC-03080,Male,0,Yes,Yes,21,Yes,Fiber optic,No,No,No,Month-to-month,Yes,Bank transfer,78.37,1677.76,1,13-24 months,Medium (40-79),3,43.9,3.67
TC-03081,Male,1,Yes,Yes,63,Yes,No internet,No internet service,No internet service,No internet service,Month-to-month,No,Electronic check,18.0,1110.56,0,49+ months,Low (<40),2,15.9,4.0
TC-03082,Male,0,No,No,15,Yes,No internet,No internet service,No internet service,No internet service,Month-to-month,Yes,Mailed check,18.0,275.33,0,13-24 months,Low (<40),2,22.5,4.0
TC-03083,Male,0,Yes,No,72,Yes,DSL,No,Yes,Yes,Two year,No,Bank transfer,90.55,6620.8,0,49+ months,High (80+),0,,
TC-03084,Female,0,No,No,59,Yes,DSL,Yes,No,Yes,One year,Yes,Mailed check,71.42,4281.95,0,49+ months,Medium (40-79),1,6.1,1.0
TC-03085,Male,0,No,No,35,Yes,Fiber optic,Yes,Yes,Yes,Month-to-month,No,Electronic check,116.1,4007.28,0,25-48 months,High (80+),1,24.5,3.0
TC-03086,Male,0,Yes,No,49,Yes,Fiber optic,No,No,No,Two year,Yes,Electronic check,88.28,4198.4,0,49+ months,High (80+),4,18.8,3.5
TC-03087,Female,0,No,No,22,Yes,DSL,No,No,No,Month-to-month,No,Electronic check,57.42,1269.62,1,13-24 months,Medium (40-79),0,,
TC-03088,Male,0,No,No,22,Yes,No internet,No internet service,No internet service,No internet service,One year,No,Mailed check,18.0,397.59,0,13-24 months,Low (<40),1,33.2,5.0
TC-03089,Male,1,No,No,16,Yes,Fiber optic,No,No,No,Month-to-month,No,Credit card,91.58,1434.89,1,13-24 months,High (80+),5,19.8,3.2
TC-03090,Male,0,Yes,No,40,Yes,DSL,No,No,No,One year,Yes,Electronic check,61.13,2505.36,0,25-48 months,Medium (40-79),1,18.0,5.0
TC-03091,Female,0,Yes,Yes,15,Yes,DSL,No,No,No,One year,No,Bank transfer,59.32,899.46,0,13-24 months,Medium (40-79),0,,
TC-03092,Female,0,Yes,No,53,No,Fiber optic,No,Yes,No,Two year,No,Credit card,90.31,4682.0,0,49+ months,High (80+),2,18.1,5.0
TC-03093,Male,0,Yes,No,9,Yes,DSL,No,Yes,Yes,Month-to-month,Yes,Mailed check,65.05,587.95,0,0-12 months,Medium (40-79),0,,
TC-03094,Male,0,Yes,No,18,Yes,Fiber optic,Yes,No,No,Month-to-month,No,Electronic check,82.37,1477.81,1,13-24 months,High (80+),4,11.7,2.25
TC-03095,Male,0,No,No,52,Yes,No internet,No internet service,No internet service,No internet service,One year,Yes,Electronic check,22.9,1159.05,0,49+ months,Low (<40),2,33.5,3.5
TC-03096,Female,0,No,No,62,Yes,DSL,Yes,No,Yes,Two year,Yes,Electronic check,75.73,4832.49,0,49+ months,Medium (40-79),3,20.0,3.67
TC-03097,Female,0,Yes,No,3,Yes,Fiber optic,Yes,No,Yes,Month-to-month,Yes,Credit card,111.15,329.71,0,0-12 months,High (80+),0,,
TC-03098,Male,1,Yes,No,20,Yes,Fiber optic,No,No,No,Month-to-month,No,Credit card,71.12,1444.91,1,13-24 months,Medium (40-79),2,20.7,3.0
TC-03099,Male,0,No,No,24,No,DSL,Yes,Yes,No,Month-to-month,Yes,Bank transfer,71.32,1674.05,0,13-24 months,Medium (40-79),0,,
TC-03100,Female,1,Yes,No,31,Yes,No internet,No internet service,No internet service,No internet service,Two year,Yes,Bank transfer,21.51,656.65,0,25-48 months,Low (<40),2,32.7,3.0
TC-03101,Female,0,No,No,20,Yes,DSL,Yes,No,No,Month-to-month,Yes,Electronic check,57.3,1166.4,0,13-24 months,Medium (40-79),2,27.4,5.0
TC-03102,Female,0,Yes,No,29,No,DSL,No,No,No,Month-to-month,No,Mailed check,56.1,1644.0,0,25-48 months,Medium (40-79),0,,
TC-03103,Female,0,No,No,11,Yes,DSL,No,Yes,No,Month-to-month,No,Bank transfer,67.71,723.04,0,0-12 months,Medium (40-79),0,,
TC-03104,Male,0,No,No,72,Yes,No internet,No internet service,No internet service,No internet service,Two year,Yes,Mailed check,19.21,1377.15,0,49+ months,Low (<40),0,,
TC-03105,Female,1,Yes,No,27,Yes,DSL,Yes,Yes,No,Month-to-month,No,Electronic check,66.86,1826.49,0,25-48 months,Medium (40-79),0,,
TC-03106,Female,1,No,Yes,25,Yes,DSL,No,No,Yes,One year,No,Bank transfer,64.73,1572.99,0,25-48 months,Medium (40-79),1,20.4,4.0
TC-03107,Female,0,Yes,No,22,Yes,DSL,Yes,No,No,One year,No,Credit card,62.12,1384.27,0,13-24 months,Medium (40-79),2,23.8,4.5
TC-03108,Male,1,No,No,2,Yes,No internet,No internet service,No internet service,No internet service,Month-to-month,Yes,Electronic check,41.06,81.57,0,0-12 months,Medium (40-79),0,,
TC-03109,Female,0,Yes,No,41,Yes,DSL,No,No,No,One year,No,Mailed check,74.49,2984.53,0,25-48 months,Medium (40-79),1,12.0,4.0
TC-03110,Male,0,No,Yes,27,Yes,DSL,Yes,No,No,Month-to-month,Yes,Electronic check,71.34,1907.91,0,25-48 months,Medium (40-79),1,21.2,5.0
TC-03111,Female,0,No,Yes,16,Yes,Fiber optic,No,No,No,Month-to-month,No,Credit card,72.87,1183.87,0,13-24 months,Medium (40-79),1,12.3,2.0
TC-03112,Male,0,No,Yes,2,Yes,DSL,No,No,No,Month-to-month,Yes,Bank transfer,71.51,141.18,1,0-12 months,Medium (40-79),2,25.1,2.5
TC-03113,Male,1,Yes,No,1,Yes,No internet,No internet service,No internet service,No internet service,Month-to-month,No,Electronic check,19.95,19.56,1,0-12 months,Low (<40),1,20.4,3.0
TC-03114,Female,0,Yes,No,20,Yes,DSL,No,No,Yes,One year,No,Mailed check,69.39,1360.73,0,13-24 months,Medium (40-79),1,15.9,2.0
TC-03115,Male,0,No,No,6,Yes,Fiber optic,No,Yes,No,Month-to-month,Yes,Mailed check,86.51,520.24,0,0-12 months,High (80+),0,,
TC-03116,Male,0,Yes,No,11,Yes,DSL,No,Yes,No,Month-to-month,Yes,Credit card,66.62,727.19,0,0-12 months,Medium (40-79),1,7.8,4.0
TC-03117,Female,0,Yes,No,67,Yes,Fiber optic,No,No,No,Two year,No,Credit card,77.48,5181.53,0,49+ months,Medium (40-79),1,10.8,4.0
TC-03118,Male,0,Yes,No,27,Yes,No internet,No internet service,No internet service,No internet service,Month-to-month,Yes,Credit card,29.94,804.0,0,25-48 months,Low (<40),0,,
TC-03119,Male,0,Yes,No,5,Yes,No internet,No internet service,No internet service,No internet service,Month-to-month,No,Credit card,26.17,127.43,0,0-12 months,Low (<40),0,,
TC-03120,Male,0,Yes,No,62,No,Fiber optic,Yes,No,No,One year,Yes,Credit card,86.45,5407.09,0,49+ months,High (80+),2,30.1,3.5
TC-03121,Male,0,No,No,14,Yes,DSL,No,No,No,Month-to-month,Yes,Electronic check,57.2,801.71,0,13-24 months,Medium (40-79),2,16.4,3.0
TC-03122,Male,0,Yes,Yes,14,Yes,No internet,No internet service,No internet service,No internet service,Month-to-month,No,Bank transfer,18.0,258.07,0,13-24 months,Low (<40),1,15.1,4.0
TC-03123,Male,0,No,No,34,Yes,Fiber optic,No,No,No,Month-to-month,No,Electronic check,85.11,2968.57,0,25-48 months,High (80+),1,32.2,4.0
TC-03124,Male,0,No,Yes,21,Yes,DSL,No,Yes,Yes,One year,Yes,Electronic check,70.87,1487.8,0,13-24 months,Medium (40-79),0,,
TC-03125,Female,0,No,Yes,43,Yes,DSL,Yes,No,Yes,Month-to-month,No,Bank transfer,68.46,2872.37,0,25-48 months,Medium (40-79),2,6.8,4.5
TC-03126,Female,0,No,Yes,39,Yes,DSL,Yes,No,Yes,Two year,Yes,Credit card,65.8,2583.19,0,25-48 months,Medium (40-79),2,14.6,4.5
TC-03127,Female,0,No,Yes,32,Yes,Fiber optic,No,No,Yes,Two year,Yes,Electronic check,93.63,3033.12,1,25-48 months,High (80+),3,17.2,2.67
TC-03128,Male,1,Yes,No,13,Yes,Fiber optic,No,No,No,Month-to-month,No,Bank transfer,82.66,1100.09,0,13-24 months,High (80+),1,11.3,3.0
TC-03129,Male,1,No,No,72,Yes,No internet,No internet service,No internet service,No internet service,Two year,Yes,Electronic check,21.47,1546.03,0,49+ months,Low (<40),1,17.4,2.0
TC-03130,Female,0,Yes,Yes,28,Yes,Fiber optic,No,Yes,No,Month-to-month,Yes,Credit card,85.11,2348.64,0,25-48 months,High (80+),1,45.0,4.0
TC-03131,Male,0,Yes,No,37,Yes,No internet,No internet service,No internet service,No internet service,Month-to-month,No,Mailed check,32.51,1181.67,0,25-48 months,Low (<40),0,,
TC-03132,Female,0,Yes,No,60,Yes,DSL,No,No,Yes,Two year,Yes,Electronic check,63.55,3723.2,0,49+ months,Medium (40-79),0,,
TC-03133,Female,0,Yes,No,6,Yes,No internet,No internet service,No internet service,No internet service,Month-to-month,Yes,Electronic check,30.9,182.18,0,0-12 months,Low (<40),0,,
TC-03134,Female,0,No,Yes,8,Yes,No internet,No internet service,No internet service,No internet service,Month-to-month,Yes,Credit card,22.8,184.76,1,0-12 months,Low (<40),2,8.4,1.5
TC-03135,Male,1,No,No,11,Yes,DSL,No,No,Yes,One year,Yes,Electronic check,72.78,792.3,0,0-12 months,Medium (40-79),2,20.4,3.0
TC-03136,Female,0,No,Yes,52,Yes,Fiber optic,No,Yes,No,One year,No,Credit card,75.45,3893.12,0,49+ months,Medium (40-79),1,31.9,4.0
TC-03137,Female,0,No,No,31,Yes,Fiber optic,Yes,Yes,Yes,One year,No,Credit card,117.33,3738.56,0,25-48 months,High (80+),0,,
TC-03138,Male,0,Yes,No,4,Yes,No internet,No internet service,No internet service,No internet service,Month-to-month,Yes,Mailed check,18.0,70.97,0,0-12 months,Low (<40),1,28.5,5.0
TC-03139,Male,0,Yes,Yes,46,Yes,DSL,Yes,No,No,Month-to-month,Yes,Mailed check,59.86,2695.59,0,25-48 months,Medium (40-79),2,10.3,3.0
TC-03140,Male,0,No,No,32,Yes,DSL,No,No,Yes,Month-to-month,Yes,Electronic check,61.99,1964.57,1,25-48 months,Medium (40-79),0,,
TC-03141,Male,0,No,No,17,Yes,Fiber optic,No,No,No,Month-to-month,Yes,Bank transfer,92.23,1555.96,0,13-24 months,High (80+),2,35.5,3.5
TC-03142,Male,0,No,Yes,10,No,Fiber optic,No,No,Yes,Month-to-month,No,Mailed check,99.86,978.86,1,0-12 months,High (80+),2,16.3,3.5
TC-03143,Male,0,Yes,Yes,37,Yes,DSL,No,No,No,One year,No,Bank transfer,50.91,1857.65,0,25-48 months,Medium (40-79),0,,
TC-03144,Male,0,No,Yes,3,Yes,Fiber optic,No,Yes,No,Month-to-month,Yes,Bank transfer,94.74,288.21,1,0-12 months,High (80+),2,40.4,2.5
TC-03145,Male,0,No,No,8,Yes,DSL,No,Yes,Yes,Month-to-month,No,Electronic check,78.32,618.03,0,0-12 months,Medium (40-79),0,,
TC-03146,Female,0,No,No,43,Yes,Fiber optic,No,No,Yes,Two year,Yes,Bank transfer,90.01,3823.98,0,25-48 months,High (80+),2,12.4,4.0
TC-03147,Male,0,Yes,No,13,Yes,DSL,Yes,No,Yes,Month-to-month,Yes,Mailed check,70.05,889.09,0,13-24 months,Medium (40-79),2,21.6,4.5
TC-03148,Male,0,No,No,64,Yes,Fiber optic,Yes,No,No,Two year,No,Credit card,88.71,5641.32,0,49+ months,High (80+),3,13.0,3.67
TC-03149,Male,1,No,Yes,22,No,Fiber optic,No,Yes,No,One year,Yes,Mailed check,89.81,2021.22,0,13-24 months,High (80+),2,8.8,3.5
TC-03150,Male,0,No,No,12,Yes,Fiber optic,No,No,Yes,One year,Yes,Electronic check,98.24,1163.18,0,0-12 months,High (80+),0,,
TC-03151,Female,0,No,Yes,1,Yes,DSL,No,Yes,No,Month-to-month,Yes,Electronic check,68.08,68.81,1,0-12 months,Medium (40-79),0,,
TC-03152,Male,0,Yes,No,24,Yes,DSL,Yes,Yes,Yes,One year,No,Mailed check,72.88,1703.11,0,13-24 months,Medium (40-79),0,,
TC-03153,Male,0,Yes,No,8,Yes,Fiber optic,No,No,No,Month-to-month,Yes,Electronic check,85.4,678.11,1,0-12 months,High (80+),0,,
TC-03154,Male,1,No,Yes,11,Yes,Fiber optic,No,Yes,No,Month-to-month,Yes,Electronic check,92.01,992.61,1,0-12 months,High (80+),0,,
TC-03155,Female,0,Yes,No,34,No,Fiber optic,Yes,Yes,No,Two year,Yes,Credit card,95.16,3205.64,0,25-48 months,High (80+),1,20.3,4.0
TC-03156,Male,0,No,No,17,No,Fiber optic,No,Yes,Yes,Month-to-month,Yes,Mailed check,88.19,1466.46,1,13-24 months,High (80+),0,,
TC-03157,Female,0,Yes,No,8,Yes,No internet,No internet service,No internet service,No internet service,Month-to-month,Yes,Credit card,18.0,145.04,0,0-12 months,Low (<40),0,,
TC-03158,Female,0,Yes,No,31,Yes,DSL,No,Yes,No,One year,Yes,Mailed check,57.83,1832.19,0,25-48 months,Medium (40-79),0,,
TC-03159,Male,0,Yes,Yes,21,Yes,DSL,Yes,No,Yes,Month-to-month,Yes,Credit card,68.91,1441.81,0,13-24 months,Medium (40-79),4,34.6,3.0
TC-03160,Male,0,No,No,6,Yes,DSL,No,No,No,Month-to-month,Yes,Electronic check,62.82,381.9,0,0-12 months,Medium (40-79),2,29.7,3.5
TC-03161,Female,0,Yes,No,61,Yes,Fiber optic,No,No,No,Two year,Yes,Electronic check,78.43,4758.74,0,49+ months,Medium (40-79),1,37.6,4.0
TC-03162,Female,1,Yes,No,42,No,Fiber optic,No,Yes,Yes,Month-to-month,Yes,Mailed check,115.58,4809.73,0,25-48 months,High (80+),2,22.9,3.0
TC-03163,Male,0,Yes,Yes,20,Yes,Fiber optic,No,No,No,Month-to-month,Yes,Bank transfer,76.5,1485.52,1,13-24 months,Medium (40-79),1,27.9,2.0
TC-03164,Male,0,Yes,No,23,Yes,No internet,No internet service,No internet service,No internet service,Two year,No,Bank transfer,22.02,499.41,0,13-24 months,Low (<40),2,24.7,2.5
TC-03165,Male,0,Yes,No,9,Yes,DSL,Yes,No,Yes,Month-to-month,No,Bank transfer,71.74,628.75,0,0-12 months,Medium (40-79),2,17.8,5.0
TC-03166,Male,0,Yes,Yes,7,Yes,Fiber optic,Yes,No,No,Month-to-month,No,Credit card,81.99,561.44,1,0-12 months,High (80+),1,1.0,2.0
TC-03167,Female,0,No,No,60,Yes,No internet,No internet service,No internet service,No internet service,Two year,Yes,Bank transfer,28.46,1750.55,0,49+ months,Low (<40),0,,
TC-03168,Female,0,No,No,5,No,DSL,No,No,No,Month-to-month,Yes,Mailed check,60.29,300.28,1,0-12 months,Medium (40-79),0,,
TC-03169,Female,0,Yes,No,25,Yes,No internet,No internet service,No internet service,No internet service,Two year,No,Electronic check,18.14,463.2,0,25-48 months,Low (<40),0,,
TC-03170,Female,0,No,No,48,Yes,No internet,No internet service,No internet service,No internet service,Two year,No,Credit card,19.5,938.5,0,25-48 months,Low (<40),1,5.8,2.0
TC-03171,Female,0,Yes,No,65,Yes,DSL,No,No,No,Two year,No,Credit card,49.64,3294.71,0,49+ months,Medium (40-79),2,19.5,4.0
TC-03172,Male,0,Yes,No,14,Yes,DSL,No,No,Yes,Month-to-month,No,Bank transfer,74.05,1041.32,1,13-24 months,Medium (40-79),0,,
TC-03173,Male,0,No,No,12,Yes,Fiber optic,No,No,Yes,Month-to-month,Yes,Mailed check,94.56,1138.28,0,0-12 months,High (80+),1,4.7,3.0
TC-03174,Male,0,Yes,No,57,Yes,No internet,No internet service,No internet service,No internet service,One year,No,Mailed check,18.0,1002.52,0,49+ months,Low (<40),1,13.9,4.0
TC-03175,Female,0,Yes,No,23,No,Fiber optic,No,No,No,Two year,Yes,Electronic check,90.97,2131.31,0,13-24 months,High (80+),0,,
TC-03176,Male,0,No,Yes,26,Yes,DSL,No,Yes,No,Month-to-month,No,Mailed check,49.41,1255.8,0,25-48 months,Medium (40-79),0,,
TC-03177,Female,0,Yes,No,41,No,Fiber optic,No,No,No,Month-to-month,Yes,Electronic check,87.8,3551.54,0,25-48 months,High (80+),1,1.9,3.0
TC-03178,Female,0,Yes,No,23,Yes,Fiber optic,No,Yes,No,Month-to-month,No,Mailed check,93.84,2102.7,1,13-24 months,High (80+),2,12.7,3.0
TC-03179,Female,0,Yes,Yes,16,Yes,Fiber optic,No,No,No,Month-to-month,No,Credit card,84.81,1358.73,0,13-24 months,High (80+),2,26.5,3.0
TC-03180,Male,0,Yes,No,24,Yes,DSL,No,Yes,No,Month-to-month,Yes,Credit card,65.93,1605.57,1,13-24 months,Medium (40-79),2,4.3,3.5
TC-03181,Male,0,No,No,33,Yes,No internet,No internet service,No internet service,No internet service,Month-to-month,No,Electronic check,28.87,961.79,0,25-48 months,Low (<40),1,14.4,3.0
TC-03182,Male,0,Yes,Yes,62,Yes,Fiber optic,No,No,Yes,One year,Yes,Electronic check,101.19,6190.23,1,49+ months,High (80+),1,4.6,3.0
TC-03183,Female,1,No,No,14,Yes,Fiber optic,No,Yes,No,Month-to-month,Yes,Electronic check,85.03,1196.17,1,13-24 months,High (80+),2,19.1,2.0
TC-03184,Female,0,No,No,16,Yes,DSL,Yes,No,No,Month-to-month,Yes,Credit card,69.43,1133.28,0,13-24 months,Medium (40-79),1,24.0,3.0
TC-03185,Male,0,No,No,4,Yes,Fiber optic,No,Yes,No,Month-to-month,Yes,Electronic check,86.83,342.12,1,0-12 months,High (80+),0,,
TC-03186,Male,0,No,Yes,9,Yes,Fiber optic,No,No,Yes,Month-to-month,Yes,Electronic check,90.31,805.67,1,0-12 months,High (80+),2,11.7,3.5
TC-03187,Female,0,Yes,No,4,Yes,DSL,Yes,Yes,No,Month-to-month,Yes,Bank transfer,71.02,285.25,0,0-12 months,Medium (40-79),0,,
TC-03188,Female,0,No,No,50,No,DSL,No,Yes,No,Two year,Yes,Electronic check,59.34,2931.31,0,49+ months,Medium (40-79),1,6.7,2.0
TC-03189,Male,0,No,Yes,13,Yes,Fiber optic,No,No,Yes,Month-to-month,Yes,Mailed check,99.04,1283.9,1,13-24 months,High (80+),0,,
TC-03190,Female,0,No,No,33,Yes,DSL,No,Yes,Yes,Month-to-month,No,Credit card,76.34,2575.29,0,25-48 months,Medium (40-79),1,14.0,5.0
TC-03191,Male,0,Yes,No,43,Yes,No internet,No internet service,No internet service,No internet service,One year,Yes,Mailed check,26.94,1185.63,0,25-48 months,Low (<40),0,,
TC-03192,Male,0,No,No,72,Yes,No internet,No internet service,No internet service,No internet service,Two year,Yes,Electronic check,18.0,1313.48,0,49+ months,Low (<40),0,,
TC-03193,Female,0,No,Yes,61,Yes,No internet,No internet service,No internet service,No internet service,Two year,Yes,Electronic check,23.79,1444.24,0,49+ months,Low (<40),2,31.5,3.0
TC-03194,Male,0,No,No,16,Yes,Fiber optic,Yes,No,No,One year,No,Electronic check,96.21,1576.69,1,13-24 months,High (80+),2,19.8,2.5
TC-03195,Male,0,No,No,45,Yes,Fiber optic,No,No,Yes,Month-to-month,Yes,Electronic check,101.23,4631.61,1,25-48 months,High (80+),2,27.0,3.0
TC-03196,Female,0,Yes,No,32,Yes,DSL,No,No,Yes,Month-to-month,No,Electronic check,80.43,2525.01,0,25-48 months,High (80+),1,27.2,5.0
TC-03197,Male,0,Yes,Yes,5,Yes,No internet,No internet service,No internet service,No internet service,Month-to-month,Yes,Electronic check,29.96,151.63,0,0-12 months,Low (<40),1,45.9,5.0
TC-03198,Female,0,Yes,Yes,38,Yes,Fiber optic,No,No,Yes,Two year,Yes,Bank transfer,84.93,3272.83,0,25-48 months,High (80+),1,12.5,4.0
TC-03199,Male,0,No,No,38,Yes,No internet,No internet service,No internet service,No internet service,Two year,No,Mailed check,21.33,813.12,0,25-48 months,Low (<40),1,6.8,4.0
TC-03200,Male,0,Yes,No,20,Yes,DSL,No,Yes,No,Month-to-month,No,Bank transfer,64.11,1284.28,0,13-24 months,Medium (40-79),1,27.0,2.0
TC-03201,Female,0,No,No,35,Yes,No internet,No internet service,No internet service,No internet service,Two year,No,Bank transfer,18.0,620.82,0,25-48 months,Low (<40),1,17.1,4.0
TC-03202,Male,0,Yes,Yes,36,Yes,DSL,No,No,No,One year,Yes,Electronic check,54.37,1929.93,0,25-48 months,Medium (40-79),1,12.0,3.0
TC-03203,Male,0,Yes,No,55,Yes,DSL,No,No,No,One year,No,Bank transfer,49.35,2782.58,0,49+ months,Medium (40-79),1,17.1,4.0
TC-03204,Male,0,Yes,No,6,Yes,No internet,No internet service,No internet service,No internet service,Month-to-month,No,Mailed check,18.89,110.22,0,0-12 months,Low (<40),0,,
TC-03205,Female,0,No,No,7,Yes,DSL,Yes,Yes,Yes,Month-to-month,No,Electronic check,87.6,600.63,0,0-12 months,High (80+),0,,
TC-03206,Female,0,Yes,Yes,63,Yes,No internet,No internet service,No internet service,No internet service,Month-to-month,No,Electronic check,22.23,1365.07,0,49+ months,Low (<40),0,,
TC-03207,Male,0,Yes,No,36,No,Fiber optic,No,No,Yes,Two year,Yes,Electronic check,86.71,3044.16,1,25-48 months,High (80+),0,,
TC-03208,Female,0,No,No,33,Yes,Fiber optic,No,No,No,Two year,Yes,Bank transfer,74.2,2464.23,1,25-48 months,Medium (40-79),2,11.7,3.5
TC-03209,Male,1,Yes,Yes,55,Yes,DSL,Yes,Yes,No,Two year,No,Credit card,63.87,3538.65,0,49+ months,Medium (40-79),0,,
TC-03210,Male,1,No,No,23,Yes,Fiber optic,No,No,Yes,Two year,Yes,Bank transfer,109.6,2494.14,0,13-24 months,High (80+),2,25.3,5.0
TC-03211,Female,0,No,No,46,Yes,Fiber optic,No,No,No,Two year,Yes,Electronic check,81.58,3837.52,0,25-48 months,High (80+),1,14.7,3.0
TC-03212,Male,0,Yes,Yes,28,Yes,No internet,No internet service,No internet service,No internet service,Month-to-month,Yes,Mailed check,19.71,542.69,0,25-48 months,Low (<40),2,12.5,4.5
TC-03213,Male,0,Yes,Yes,26,Yes,No internet,No internet service,No internet service,No internet service,Two year,Yes,Credit card,41.91,1100.13,0,25-48 months,Medium (40-79),3,11.5,3.33
TC-03214,Female,0,No,No,31,Yes,DSL,No,No,Yes,Month-to-month,Yes,Bank transfer,70.46,2196.17,0,25-48 months,Medium (40-79),2,14.0,2.5
TC-03215,Male,0,No,No,27,Yes,Fiber optic,No,No,Yes,One year,Yes,Mailed check,90.65,2508.05,0,25-48 months,High (80+),2,18.9,3.0
TC-03216,Male,0,No,No,35,Yes,No internet,No internet service,No internet service,No internet service,Month-to-month,Yes,Electronic check,21.41,752.45,0,25-48 months,Low (<40),1,17.4,5.0
TC-03217,Female,0,No,No,32,Yes,No internet,No internet service,No internet service,No internet service,Two year,Yes,Credit card,18.0,559.2,0,25-48 months,Low (<40),0,,
TC-03218,Female,0,No,No,48,Yes,DSL,Yes,No,Yes,Two year,Yes,Credit card,78.81,3857.5,0,25-48 months,Medium (40-79),2,13.5,4.0
TC-03219,Female,0,Yes,Yes,16,Yes,DSL,Yes,No,No,Month-to-month,No,Bank transfer,62.78,983.27,0,13-24 months,Medium (40-79),0,,
TC-03220,Female,0,No,No,29,Yes,DSL,Yes,Yes,No,Two year,No,Bank transfer,58.76,1668.66,0,25-48 months,Medium (40-79),0,,
TC-03221,Male,1,Yes,No,72,Yes,Fiber optic,No,Yes,Yes,Two year,No,Mailed check,89.82,6639.34,0,49+ months,High (80+),2,9.6,3.5
TC-03222,Male,0,No,No,11,Yes,Fiber optic,No,Yes,Yes,Month-to-month,No,Mailed check,93.72,1023.63,1,0-12 months,High (80+),1,56.1,2.0
TC-03223,Female,0,Yes,No,32,Yes,DSL,Yes,No,Yes,One year,Yes,Bank transfer,64.2,2013.59,0,25-48 months,Medium (40-79),0,,
TC-03224,Male,0,Yes,No,18,Yes,No internet,No internet service,No internet service,No internet service,Month-to-month,No,Electronic check,23.77,435.06,0,13-24 months,Low (<40),0,,
TC-03225,Female,0,No,No,34,Yes,Fiber optic,Yes,No,No,One year,No,Credit card,75.2,2572.74,0,25-48 months,Medium (40-79),1,32.7,3.0
TC-03226,Female,0,No,No,57,Yes,No internet,No internet service,No internet service,No internet service,Two year,No,Mailed check,31.2,1791.36,0,49+ months,Low (<40),2,24.9,3.5
TC-03227,Female,0,Yes,No,72,Yes,Fiber optic,Yes,Yes,No,One year,No,Electronic check,102.04,7487.13,0,49+ months,High (80+),1,6.8,5.0
TC-03228,Male,0,No,No,8,Yes,No internet,No internet service,No internet service,No internet service,Month-to-month,Yes,Bank transfer,18.0,141.96,0,0-12 months,Low (<40),0,,
TC-03229,Female,0,Yes,No,54,Yes,Fiber optic,No,No,No,One year,No,Credit card,76.61,4019.58,0,49+ months,Medium (40-79),1,25.9,4.0
TC-03230,Male,0,Yes,No,46,Yes,Fiber optic,No,No,No,One year,Yes,Electronic check,85.6,3827.7,0,25-48 months,High (80+),1,10.1,5.0
TC-03231,Female,0,No,No,11,Yes,DSL,No,No,No,Month-to-month,Yes,Electronic check,62.51,686.69,1,0-12 months,Medium (40-79),1,11.5,2.0
TC-03232,Male,0,Yes,No,18,No,Fiber optic,Yes,No,Yes,Month-to-month,Yes,Electronic check,105.9,1852.56,1,13-24 months,High (80+),2,6.8,1.5
TC-03233,Female,0,Yes,No,29,Yes,Fiber optic,No,No,Yes,Month-to-month,Yes,Electronic check,93.85,2757.04,0,25-48 months,High (80+),3,12.4,2.67
TC-03234,Male,0,Yes,Yes,8,No,Fiber optic,No,No,No,Month-to-month,No,Credit card,85.92,690.44,1,0-12 months,High (80+),1,7.7,3.0
TC-03235,Female,0,Yes,Yes,7,Yes,No internet,No internet service,No internet service,No internet service,Month-to-month,Yes,Electronic check,18.0,129.69,0,0-12 months,Low (<40),0,,
TC-03236,Female,0,No,Yes,20,Yes,DSL,No,No,No,One year,Yes,Credit card,61.48,1222.59,0,13-24 months,Medium (40-79),1,17.1,4.0
TC-03237,Male,0,No,Yes,31,Yes,Fiber optic,No,No,No,Two year,No,Credit card,79.12,2525.56,1,25-48 months,Medium (40-79),1,2.4,1.0
TC-03238,Male,0,No,Yes,3,Yes,Fiber optic,No,Yes,Yes,Month-to-month,Yes,Electronic check,96.74,281.98,1,0-12 months,High (80+),2,13.5,2.5
TC-03239,Female,0,No,Yes,61,No,Fiber optic,No,No,Yes,One year,Yes,Bank transfer,89.05,5358.92,0,49+ months,High (80+),1,20.2,2.0
TC-03240,Male,0,No,Yes,35,Yes,No internet,No internet service,No internet service,No internet service,Two year,Yes,Credit card,23.29,801.84,0,25-48 months,Low (<40),1,2.2,5.0
TC-03241,Female,0,Yes,No,19,Yes,DSL,No,Yes,No,One year,No,Bank transfer,74.06,1398.26,0,13-24 months,Medium (40-79),0,,
TC-03242,Male,0,Yes,No,70,Yes,Fiber optic,Yes,Yes,Yes,One year,Yes,Electronic check,107.98,7735.76,0,49+ months,High (80+),1,16.5,3.0
TC-03243,Male,0,Yes,No,15,Yes,No internet,No internet service,No internet service,No internet service,Month-to-month,Yes,Electronic check,18.0,267.65,0,13-24 months,Low (<40),3,10.2,3.67
TC-03244,Male,0,No,Yes,72,Yes,Fiber optic,No,No,No,Two year,No,Bank transfer,93.22,6555.99,0,49+ months,High (80+),0,,
TC-03245,Female,0,No,No,14,Yes,DSL,Yes,No,No,Month-to-month,Yes,Mailed check,70.49,989.0,1,13-24 months,Medium (40-79),2,29.4,3.5
TC-03246,Female,0,Yes,No,14,Yes,No internet,No internet service,No internet service,No internet service,Month-to-month,No,Electronic check,18.0,250.71,0,13-24 months,Low (<40),2,7.5,4.5
TC-03247,Female,0,No,No,5,Yes,Fiber optic,No,Yes,No,Month-to-month,No,Credit card,85.79,422.13,1,0-12 months,High (80+),0,,
TC-03248,Female,0,No,Yes,29,Yes,Fiber optic,No,No,Yes,One year,Yes,Mailed check,101.04,2910.0,0,25-48 months,High (80+),2,15.4,3.0
TC-03249,Female,0,No,No,42,Yes,No internet,No internet service,No internet service,No internet service,One year,No,Credit card,18.0,775.42,0,25-48 months,Low (<40),3,21.4,3.33
TC-03250,Male,1,No,No,3,Yes,DSL,No,No,Yes,Month-to-month,Yes,Electronic check,64.8,193.68,1,0-12 months,Medium (40-79),1,18.9,3.0
TC-03251,Female,1,No,Yes,12,Yes,DSL,No,Yes,Yes,Two year,No,Electronic check,80.27,940.52,0,0-12 months,High (80+),0,,
TC-03252,Male,0,No,No,34,Yes,Fiber optic,No,No,No,One year,No,Mailed check,91.37,3188.35,0,25-48 months,High (80+),1,19.0,3.0
TC-03253,Female,0,No,Yes,56,Yes,No internet,No internet service,No internet service,No internet service,Two year,Yes,Bank transfer,31.4,1773.24,0,49+ months,Low (<40),1,17.7,2.0
TC-03254,Female,0,Yes,No,15,No,Fiber optic,No,No,Yes,Month-to-month,No,Bank transfer,88.16,1294.6,0,13-24 months,High (80+),1,9.8,4.0
TC-03255,Female,0,No,Yes,16,Yes,DSL,Yes,No,Yes,Month-to-month,Yes,Credit card,84.98,1374.51,0,13-24 months,High (80+),1,29.4,3.0
TC-03256,Male,0,Yes,No,44,Yes,Fiber optic,Yes,No,No,Month-to-month,Yes,Credit card,73.88,3307.11,0,25-48 months,Medium (40-79),0,,
TC-03257,Male,0,Yes,No,44,No,DSL,Yes,No,Yes,One year,Yes,Mailed check,74.64,3369.1,0,25-48 months,Medium (40-79),1,17.1,4.0
TC-03258,Male,0,Yes,Yes,31,Yes,No internet,No internet service,No internet service,No internet service,Month-to-month,Yes,Bank transfer,24.18,746.63,0,25-48 months,Low (<40),0,,
TC-03259,Male,0,No,No,5,Yes,Fiber optic,Yes,No,Yes,Month-to-month,No,Bank transfer,93.68,482.43,1,0-12 months,High (80+),5,14.3,3.0
TC-03260,Male,1,Yes,Yes,26,Yes,Fiber optic,No,Yes,No,Month-to-month,No,Electronic check,79.79,2093.63,1,25-48 months,Medium (40-79),0,,
TC-03261,Female,0,Yes,Yes,14,Yes,DSL,Yes,No,No,Month-to-month,Yes,Bank transfer,62.42,868.17,0,13-24 months,Medium (40-79),0,,
TC-03262,Male,0,No,No,24,Yes,DSL,No,No,No,Month-to-month,Yes,Mailed check,62.85,1512.21,0,13-24 months,Medium (40-79),2,8.4,4.0
TC-03263,Female,0,No,No,7,Yes,Fiber optic,No,No,Yes,Month-to-month,No,Credit card,88.03,623.68,1,0-12 months,High (80+),2,15.0,1.5
TC-03264,Female,0,No,Yes,50,Yes,DSL,No,Yes,No,Two year,No,Electronic check,65.78,3362.37,0,49+ months,Medium (40-79),0,,
TC-03265,Male,0,No,No,21,Yes,Fiber optic,No,Yes,Yes,Month-to-month,Yes,Bank transfer,101.42,2069.86,0,13-24 months,High (80+),0,,
TC-03266,Female,0,Yes,No,24,Yes,Fiber optic,No,No,Yes,Two year,Yes,Electronic check,91.3,2216.45,0,13-24 months,High (80+),1,28.4,3.0
TC-03267,Female,0,Yes,Yes,53,Yes,Fiber optic,Yes,No,Yes,Two year,Yes,Credit card,93.98,4910.9,0,49+ months,High (80+),1,43.2,4.0
TC-03268,Female,1,Yes,Yes,12,Yes,Fiber optic,Yes,No,Yes,Month-to-month,Yes,Mailed check,108.55,1326.15,0,0-12 months,High (80+),0,,
TC-03269,Male,1,No,No,35,Yes,DSL,No,No,Yes,Two year,Yes,Mailed check,60.4,2057.66,0,25-48 months,Medium (40-79),0,,
TC-03270,Female,1,No,Yes,21,Yes,DSL,No,Yes,No,One year,No,Bank transfer,70.03,1508.03,0,13-24 months,Medium (40-79),1,23.3,3.0
TC-03271,Female,0,No,No,44,Yes,Fiber optic,No,Yes,Yes,Month-to-month,Yes,Electronic check,93.28,4124.58,1,25-48 months,High (80+),3,18.8,2.67
TC-03272,Female,0,No,No,36,Yes,Fiber optic,No,Yes,Yes,Two year,Yes,Electronic check,97.68,3550.72,0,25-48 months,High (80+),2,3.9,4.0
TC-03273,Male,0,No,No,16,Yes,No internet,No internet service,No internet service,No internet service,Two year,No,Electronic check,22.37,349.31,0,13-24 months,Low (<40),2,25.0,3.0
TC-03274,Male,0,Yes,No,29,Yes,No internet,No internet service,No internet service,No internet service,Month-to-month,Yes,Electronic check,31.35,920.16,0,25-48 months,Low (<40),1,29.0,5.0
TC-03275,Female,0,Yes,No,36,Yes,DSL,Yes,No,No,Two year,Yes,Bank transfer,59.84,2193.24,0,25-48 months,Medium (40-79),1,28.5,5.0
TC-03276,Female,0,No,Yes,37,Yes,Fiber optic,No,No,No,Month-to-month,Yes,Bank transfer,90.91,3329.18,0,25-48 months,High (80+),2,23.9,4.0
TC-03277,Male,0,No,No,31,Yes,Fiber optic,No,Yes,No,Month-to-month,Yes,Bank transfer,85.95,2694.73,1,25-48 months,High (80+),0,,
TC-03278,Female,1,No,Yes,12,Yes,No internet,No internet service,No internet service,No internet service,Month-to-month,Yes,Credit card,32.1,391.16,0,0-12 months,Low (<40),0,,
TC-03279,Male,0,No,No,1,No,Fiber optic,No,Yes,Yes,Month-to-month,Yes,Mailed check,92.9,93.38,1,0-12 months,High (80+),1,48.2,2.0
TC-03280,Male,0,No,No,7,Yes,No internet,No internet service,No internet service,No internet service,Month-to-month,No,Bank transfer,29.89,205.06,1,0-12 months,Low (<40),1,2.7,2.0
TC-03281,Female,0,No,Yes,18,Yes,Fiber optic,No,Yes,Yes,Month-to-month,No,Electronic check,107.22,1877.64,1,13-24 months,High (80+),1,16.7,3.0
TC-03282,Male,0,No,Yes,2,Yes,Fiber optic,Yes,No,No,Month-to-month,Yes,Electronic check,81.96,161.83,0,0-12 months,High (80+),1,13.2,5.0
TC-03283,Male,0,No,No,43,Yes,DSL,Yes,No,No,Two year,Yes,Electronic check,71.55,3103.86,0,25-48 months,Medium (40-79),2,8.0,4.0
TC-03284,Male,0,Yes,No,66,Yes,No internet,No internet service,No internet service,No internet service,Two year,No,Bank transfer,18.0,1152.71,0,49+ months,Low (<40),2,9.5,3.5
TC-03285,Female,0,Yes,Yes,6,Yes,No internet,No internet service,No internet service,No internet service,Month-to-month,Yes,Bank transfer,18.0,108.57,0,0-12 months,Low (<40),0,,
TC-03286,Male,0,No,No,16,Yes,DSL,Yes,No,No,Month-to-month,Yes,Mailed check,55.67,908.97,0,13-24 months,Medium (40-79),1,20.3,3.0
TC-03287,Female,0,No,No,34,Yes,DSL,No,No,No,One year,No,Electronic check,52.07,1786.76,0,25-48 months,Medium (40-79),1,37.0,5.0
TC-03288,Male,0,Yes,No,6,Yes,No internet,No internet service,No internet service,No internet service,Month-to-month,Yes,Electronic check,20.4,124.05,1,0-12 months,Low (<40),0,,
TC-03289,Male,0,No,Yes,25,No,DSL,No,No,No,Month-to-month,No,Electronic check,63.44,1607.22,0,25-48 months,Medium (40-79),1,2.5,2.0
TC-03290,Male,0,Yes,No,18,Yes,DSL,No,No,No,One year,No,Credit card,72.56,1300.18,0,13-24 months,Medium (40-79),1,24.8,3.0
TC-03291,Female,0,Yes,No,17,Yes,DSL,No,No,No,Month-to-month,No,Electronic check,59.42,1037.09,0,13-24 months,Medium (40-79),0,,
TC-03292,Female,0,No,No,31,Yes,DSL,No,No,No,Two year,Yes,Mailed check,49.12,1514.09,0,25-48 months,Medium (40-79),2,11.8,3.0
TC-03293,Female,0,Yes,Yes,50,Yes,Fiber optic,No,No,Yes,One year,No,Credit card,99.72,5066.85,0,49+ months,High (80+),3,18.9,3.33
TC-03294,Male,0,No,No,43,Yes,DSL,Yes,Yes,No,Month-to-month,No,Electronic check,57.24,2433.23,0,25-48 months,Medium (40-79),2,33.6,4.0
TC-03295,Female,0,No,Yes,20,Yes,Fiber optic,No,Yes,No,Month-to-month,No,Credit card,93.75,1869.91,0,13-24 months,High (80+),1,17.7,3.0
TC-03296,Female,0,Yes,Yes,10,Yes,DSL,Yes,Yes,Yes,Month-to-month,No,Bank transfer,71.83,718.27,0,0-12 months,Medium (40-79),1,22.0,5.0
TC-03297,Female,0,Yes,No,17,Yes,DSL,No,No,Yes,Month-to-month,No,Electronic check,62.12,1050.2,1,13-24 months,Medium (40-79),0,,
TC-03298,Male,0,Yes,No,72,No,DSL,No,No,No,Two year,No,Bank transfer,48.35,3382.58,0,49+ months,Medium (40-79),2,13.3,3.5
TC-03299,Male,0,Yes,No,17,Yes,Fiber optic,No,Yes,Yes,One year,Yes,Mailed check,105.54,1764.86,0,13-24 months,High (80+),0,,
TC-03300,Male,0,Yes,No,15,Yes,No internet,No internet service,No internet service,No internet service,Month-to-month,Yes,Mailed check,23.51,355.54,0,13-24 months,Low (<40),1,2.5,4.0
TC-03301,Male,0,No,No,62,Yes,No internet,No internet service,No internet service,No internet service,Two year,Yes,Electronic check,21.34,1349.31,0,49+ months,Low (<40),0,,
TC-03302,Male,0,No,No,55,Yes,Fiber optic,Yes,No,Yes,One year,No,Electronic check,86.22,4691.39,0,49+ months,High (80+),3,8.5,3.67
TC-03303,Male,0,No,No,45,Yes,No internet,No internet service,No internet service,No internet service,Month-to-month,Yes,Credit card,18.0,812.33,0,25-48 months,Low (<40),0,,
TC-03304,Male,0,No,No,13,Yes,DSL,No,No,Yes,Month-to-month,No,Electronic check,61.49,785.64,1,13-24 months,Medium (40-79),2,23.8,1.5
TC-03305,Female,0,No,No,24,Yes,DSL,No,No,Yes,Month-to-month,Yes,Mailed check,74.93,1761.53,0,13-24 months,Medium (40-79),0,,
TC-03306,Female,1,Yes,Yes,72,Yes,Fiber optic,Yes,No,No,Two year,No,Bank transfer,100.36,7428.63,0,49+ months,High (80+),1,20.6,2.0
TC-03307,Male,0,No,No,15,Yes,Fiber optic,No,No,No,Month-to-month,Yes,Credit card,91.64,1392.87,1,13-24 months,High (80+),3,16.2,3.0
TC-03308,Female,0,Yes,No,31,Yes,DSL,No,No,Yes,Month-to-month,Yes,Electronic check,77.89,2381.59,1,25-48 months,Medium (40-79),2,27.1,3.5
TC-03309,Male,0,Yes,No,29,Yes,Fiber optic,Yes,No,No,Two year,No,Credit card,98.54,2883.31,0,25-48 months,High (80+),1,12.4,5.0
TC-03310,Male,0,No,No,23,Yes,No internet,No internet service,No internet service,No internet service,Month-to-month,No,Credit card,19.26,456.07,0,13-24 months,Low (<40),1,4.3,4.0
TC-03311,Female,0,No,No,60,Yes,Fiber optic,No,Yes,Yes,Two year,No,Electronic check,100.09,6121.75,0,49+ months,High (80+),4,25.2,3.0
TC-03312,Female,0,Yes,Yes,22,Yes,DSL,Yes,Yes,Yes,Month-to-month,Yes,Mailed check,65.24,1464.39,0,13-24 months,Medium (40-79),0,,
TC-03313,Female,0,No,Yes,10,Yes,No internet,No internet service,No internet service,No internet service,Month-to-month,Yes,Credit card,26.54,272.72,0,0-12 months,Low (<40),2,9.8,2.5
TC-03314,Male,0,No,No,8,Yes,Fiber optic,Yes,Yes,No,Month-to-month,Yes,Electronic check,99.65,817.73,1,0-12 months,High (80+),1,7.4,1.0
TC-03315,Female,0,No,No,53,Yes,DSL,No,Yes,Yes,Two year,Yes,Electronic check,62.92,3300.51,0,49+ months,Medium (40-79),0,,
TC-03316,Male,0,Yes,No,61,Yes,No internet,No internet service,No internet service,No internet service,One year,Yes,Bank transfer,28.2,1733.4,0,49+ months,Low (<40),0,,
TC-03317,Female,0,No,No,18,Yes,No internet,No internet service,No internet service,No internet service,Month-to-month,No,Bank transfer,20.3,368.97,0,13-24 months,Low (<40),0,,
TC-03318,Male,0,Yes,No,14,Yes,No internet,No internet service,No internet service,No internet service,Month-to-month,No,Credit card,18.0,247.58,1,13-24 months,Low (<40),3,8.9,3.0
TC-03319,Male,1,Yes,No,3,Yes,Fiber optic,No,No,No,Month-to-month,Yes,Bank transfer,84.02,246.39,1,0-12 months,High (80+),2,33.3,2.5
TC-03320,Male,0,Yes,No,14,Yes,No internet,No internet service,No internet service,No internet service,Month-to-month,Yes,Credit card,27.55,381.6,1,13-24 months,Low (<40),2,14.7,2.5
TC-03321,Male,0,Yes,Yes,37,Yes,DSL,No,No,No,Month-to-month,Yes,Electronic check,54.01,2020.25,0,25-48 months,Medium (40-79),0,,
TC-03322,Female,0,Yes,No,33,No,Fiber optic,No,No,No,One year,Yes,Credit card,85.33,2768.15,1,25-48 months,High (80+),1,8.1,4.0
TC-03323,Female,0,Yes,Yes,8,Yes,Fiber optic,Yes,Yes,Yes,Month-to-month,Yes,Credit card,107.06,838.16,0,0-12 months,High (80+),3,26.1,3.67
TC-03324,Female,0,Yes,No,25,Yes,Fiber optic,Yes,No,Yes,Month-to-month,Yes,Bank transfer,95.66,2391.44,1,25-48 months,High (80+),4,18.0,3.5
TC-03325,Male,0,No,Yes,25,Yes,No internet,No internet service,No internet service,No internet service,Month-to-month,Yes,Credit card,18.0,440.82,0,25-48 months,Low (<40),1,0.6,4.0
TC-03326,Female,0,No,No,20,Yes,DSL,Yes,No,No,Month-to-month,Yes,Bank transfer,51.65,1002.22,0,13-24 months,Medium (40-79),2,7.3,4.0
TC-03327,Male,0,No,No,37,Yes,Fiber optic,Yes,No,Yes,Two year,No,Bank transfer,101.1,3829.19,0,25-48 months,High (80+),1,12.5,3.0
TC-03328,Male,0,Yes,Yes,9,Yes,Fiber optic,Yes,Yes,Yes,Month-to-month,No,Bank transfer,104.61,938.05,0,0-12 months,High (80+),0,,
TC-03329,Female,0,No,No,23,Yes,DSL,Yes,Yes,No,One year,Yes,Credit card,80.1,1848.04,0,13-24 months,High (80+),0,,
TC-03330,Male,0,No,No,25,Yes,Fiber optic,Yes,Yes,Yes,Month-to-month,No,Electronic check,107.58,2674.99,0,25-48 months,High (80+),0,,
TC-03331,Female,1,Yes,No,51,No,DSL,No,No,No,One year,No,Electronic check,56.9,2821.82,0,49+ months,Medium (40-79),1,11.5,1.0
TC-03332,Male,0,Yes,No,20,Yes,DSL,No,No,No,Two year,No,Bank transfer,48.38,971.1,0,13-24 months,Medium (40-79),0,,
TC-03333,Male,0,No,No,5,Yes,DSL,Yes,No,Yes,Month-to-month,No,Electronic check,57.64,288.36,0,0-12 months,Medium (40-79),3,14.0,4.33
TC-03334,Female,0,No,No,51,Yes,No internet,No internet service,No internet service,No internet service,One year,Yes,Mailed check,18.39,959.88,0,49+ months,Low (<40),1,27.4,3.0
TC-03335,Female,0,No,No,72,Yes,DSL,No,Yes,No,Two year,Yes,Mailed check,59.58,4412.94,0,49+ months,Medium (40-79),0,,
TC-03336,Male,0,No,Yes,35,Yes,DSL,No,Yes,Yes,One year,No,Electronic check,75.43,2694.84,0,25-48 months,Medium (40-79),0,,
TC-03337,Male,0,Yes,Yes,30,Yes,Fiber optic,No,No,Yes,One year,No,Electronic check,93.99,2874.42,1,25-48 months,High (80+),2,12.8,2.5
TC-03338,Female,0,Yes,No,5,Yes,Fiber optic,No,No,Yes,Month-to-month,Yes,Electronic check,94.04,478.73,1,0-12 months,High (80+),1,1.8,3.0
TC-03339,Male,0,No,No,9,Yes,DSL,No,No,Yes,Month-to-month,Yes,Electronic check,75.18,656.91,1,0-12 months,Medium (40-79),1,3.2,3.0
TC-03340,Male,0,No,No,11,Yes,No internet,No internet service,No internet service,No internet service,One year,No,Electronic check,24.3,261.59,0,0-12 months,Low (<40),0,,
TC-03341,Male,0,No,No,72,Yes,Fiber optic,No,No,Yes,Two year,Yes,Bank transfer,96.95,6961.31,0,49+ months,High (80+),2,22.1,4.5
TC-03342,Male,0,Yes,No,66,No,DSL,No,No,Yes,Month-to-month,No,Bank transfer,68.49,4394.56,0,49+ months,Medium (40-79),2,10.8,4.0
TC-03343,Male,0,Yes,Yes,26,Yes,Fiber optic,Yes,No,No,Month-to-month,Yes,Electronic check,93.09,2443.08,1,25-48 months,High (80+),2,13.5,2.0
TC-03344,Male,0,Yes,No,6,Yes,Fiber optic,No,No,Yes,Month-to-month,Yes,Electronic check,93.14,572.0,1,0-12 months,High (80+),5,15.0,2.6
TC-03345,Female,1,No,No,40,Yes,DSL,Yes,No,No,One year,No,Credit card,74.24,2961.95,0,25-48 months,Medium (40-79),3,10.2,3.67
TC-03346,Female,0,Yes,No,20,Yes,DSL,No,No,Yes,Month-to-month,Yes,Credit card,67.9,1332.66,1,13-24 months,Medium (40-79),2,23.6,1.5
TC-03347,Female,1,Yes,No,72,Yes,No internet,No internet service,No internet service,No internet service,Two year,No,Electronic check,26.42,1954.1,0,49+ months,Low (<40),1,16.1,3.0
TC-03348,Male,0,Yes,Yes,51,Yes,No internet,No internet service,No internet service,No internet service,Two year,No,Electronic check,31.33,1623.07,0,49+ months,Low (<40),1,4.8,4.0
TC-03349,Male,1,No,No,72,Yes,Fiber optic,No,No,Yes,Two year,No,Mailed check,92.06,6739.15,0,49+ months,High (80+),1,24.2,5.0
TC-03350,Female,0,Yes,Yes,6,Yes,DSL,Yes,Yes,No,One year,Yes,Electronic check,63.68,378.73,0,0-12 months,Medium (40-79),1,17.5,5.0
TC-03351,Male,1,Yes,No,14,Yes,DSL,No,Yes,No,One year,No,Mailed check,67.39,968.55,0,13-24 months,Medium (40-79),1,5.9,2.0
TC-03352,Male,0,Yes,No,26,Yes,DSL,No,No,Yes,Two year,Yes,Electronic check,76.34,1970.4,0,25-48 months,Medium (40-79),1,11.5,4.0
TC-03353,Female,0,Yes,No,36,Yes,DSL,No,No,No,Month-to-month,Yes,Electronic check,70.5,2568.25,0,25-48 months,Medium (40-79),0,,
TC-03354,Male,0,No,No,20,Yes,DSL,No,No,Yes,One year,Yes,Electronic check,67.15,1321.79,0,13-24 months,Medium (40-79),0,,
TC-03355,Male,0,Yes,No,34,Yes,Fiber optic,Yes,No,Yes,Month-to-month,No,Credit card,111.09,3752.03,0,25-48 months,High (80+),1,15.6,4.0
TC-03356,Male,0,No,Yes,30,Yes,No internet,No internet service,No internet service,No internet service,Two year,Yes,Bank transfer,20.79,616.45,0,25-48 months,Low (<40),0,,
TC-03357,Female,0,No,No,5,Yes,No internet,No internet service,No internet service,No internet service,Month-to-month,Yes,Mailed check,21.43,109.63,0,0-12 months,Low (<40),1,14.3,4.0
TC-03358,Male,0,No,No,30,No,Fiber optic,Yes,Yes,Yes,One year,No,Credit card,108.67,3350.51,0,25-48 months,High (80+),1,13.7,3.0
TC-03359,Male,0,Yes,Yes,25,Yes,Fiber optic,No,No,No,Month-to-month,No,Credit card,84.25,2093.86,0,25-48 months,High (80+),2,22.1,3.5
TC-03360,Female,0,No,No,15,Yes,DSL,No,Yes,No,One year,Yes,Electronic check,56.57,865.01,0,13-24 months,Medium (40-79),1,9.3,4.0
TC-03361,Male,0,No,No,45,Yes,Fiber optic,No,No,Yes,One year,No,Credit card,91.02,4033.38,0,25-48 months,High (80+),2,21.4,2.0
TC-03362,Male,0,No,No,21,Yes,No internet,No internet service,No internet service,No internet service,Two year,Yes,Electronic check,42.02,877.09,0,13-24 months,Medium (40-79),1,3.1,4.0
TC-03363,Male,0,Yes,No,18,Yes,No internet,No internet service,No internet service,No internet service,Two year,No,Mailed check,25.99,478.18,0,13-24 months,Low (<40),1,34.5,4.0
TC-03364,Female,0,Yes,No,19,Yes,No internet,No internet service,No internet service,No internet service,Month-to-month,Yes,Credit card,26.78,514.87,0,13-24 months,Low (<40),0,,
TC-03365,Male,0,No,Yes,33,Yes,DSL,No,No,No,One year,No,Electronic check,50.62,1691.23,0,25-48 months,Medium (40-79),0,,
TC-03366,Female,0,Yes,No,2,Yes,No internet,No internet service,No internet service,No internet service,Month-to-month,Yes,Mailed check,19.49,39.73,1,0-12 months,Low (<40),1,5.1,2.0
TC-03367,Male,0,Yes,No,16,Yes,Fiber optic,Yes,Yes,Yes,Month-to-month,Yes,Mailed check,102.89,1683.29,0,13-24 months,High (80+),2,13.8,3.5
TC-03368,Male,0,No,No,16,Yes,Fiber optic,No,Yes,Yes,One year,Yes,Credit card,100.09,1597.16,0,13-24 months,High (80+),1,30.6,3.0
TC-03369,Female,0,No,No,24,Yes,DSL,No,Yes,No,Two year,Yes,Mailed check,67.76,1624.03,0,13-24 months,Medium (40-79),1,35.4,4.0
TC-03370,Male,0,Yes,Yes,28,Yes,DSL,No,No,Yes,One year,Yes,Electronic check,57.26,1581.82,0,25-48 months,Medium (40-79),0,,
TC-03371,Male,0,Yes,No,34,Yes,No internet,No internet service,No internet service,No internet service,Month-to-month,Yes,Electronic check,23.88,825.22,0,25-48 months,Low (<40),0,,
TC-03372,Male,0,Yes,No,48,Yes,No internet,No internet service,No internet service,No internet service,One year,Yes,Bank transfer,29.75,1399.47,0,25-48 months,Low (<40),0,,
TC-03373,Male,1,No,Yes,51,Yes,Fiber optic,No,Yes,No,One year,Yes,Mailed check,98.34,4908.52,0,49+ months,High (80+),2,18.7,3.5
TC-03374,Female,0,No,No,16,Yes,No internet,No internet service,No internet service,No internet service,One year,Yes,Electronic check,18.0,295.88,0,13-24 months,Low (<40),1,24.0,3.0
TC-03375,Male,0,Yes,No,11,Yes,DSL,No,Yes,No,Month-to-month,No,Bank transfer,70.77,771.27,0,0-12 months,Medium (40-79),1,24.5,4.0
TC-03376,Male,0,Yes,Yes,72,Yes,Fiber optic,Yes,No,No,Two year,Yes,Bank transfer,86.82,6358.42,0,49+ months,High (80+),1,16.1,4.0
TC-03377,Male,0,Yes,No,28,No,Fiber optic,No,No,Yes,Month-to-month,Yes,Mailed check,88.8,2498.26,1,25-48 months,High (80+),3,9.2,3.0
TC-03378,Female,0,No,Yes,27,Yes,DSL,No,No,No,Two year,No,Mailed check,68.11,1800.44,0,25-48 months,Medium (40-79),2,12.8,4.0
TC-03379,Male,0,No,No,70,Yes,DSL,Yes,No,Yes,Two year,No,Bank transfer,83.31,5878.11,0,49+ months,High (80+),0,,
TC-03380,Female,0,Yes,Yes,16,Yes,Fiber optic,No,Yes,No,Two year,Yes,Electronic check,86.99,1377.77,0,13-24 months,High (80+),1,37.8,2.0
TC-03381,Female,1,No,Yes,51,Yes,No internet,No internet service,No internet service,No internet service,Two year,No,Credit card,21.84,1087.99,0,49+ months,Low (<40),0,,
TC-03382,Male,0,No,Yes,69,Yes,Fiber optic,No,Yes,No,Two year,Yes,Electronic check,85.1,5820.32,0,49+ months,High (80+),2,15.1,5.0
TC-03383,Male,0,No,No,70,Yes,Fiber optic,No,No,No,Two year,No,Credit card,81.44,5757.57,0,49+ months,High (80+),1,25.7,2.0
TC-03384,Male,0,Yes,No,19,Yes,No internet,No internet service,No internet service,No internet service,Month-to-month,No,Electronic check,19.07,360.66,0,13-24 months,Low (<40),1,30.1,3.0
TC-03385,Female,0,No,No,26,Yes,DSL,No,Yes,No,Month-to-month,No,Electronic check,50.0,1294.42,0,25-48 months,Medium (40-79),1,2.3,5.0
TC-03386,Male,0,No,No,72,Yes,Fiber optic,Yes,No,No,One year,Yes,Electronic check,88.17,6524.37,0,49+ months,High (80+),1,27.2,4.0
TC-03387,Male,0,No,No,72,Yes,Fiber optic,Yes,No,No,Two year,No,Bank transfer,100.26,7371.1,0,49+ months,High (80+),3,19.8,4.0
TC-03388,Female,0,No,No,50,No,DSL,No,Yes,Yes,One year,No,Electronic check,66.24,3301.16,0,49+ months,Medium (40-79),1,8.8,3.0
TC-03389,Male,0,Yes,No,25,Yes,DSL,Yes,No,No,Month-to-month,Yes,Electronic check,59.42,1470.94,0,25-48 months,Medium (40-79),2,23.6,2.5
TC-03390,Male,0,No,Yes,14,Yes,No internet,No internet service,No internet service,No internet service,Month-to-month,Yes,Electronic check,20.34,284.04,0,13-24 months,Low (<40),3,21.9,3.33
TC-03391,Male,0,Yes,No,7,Yes,Fiber optic,No,No,Yes,Month-to-month,No,Electronic check,92.02,631.62,1,0-12 months,High (80+),2,16.5,3.0
TC-03392,Male,0,Yes,No,72,Yes,Fiber optic,No,No,Yes,Two year,Yes,Mailed check,92.63,6838.64,0,49+ months,High (80+),1,21.6,4.0
TC-03393,Male,1,Yes,No,72,No,Fiber optic,Yes,No,Yes,Two year,Yes,Electronic check,101.56,7117.58,0,49+ months,High (80+),2,14.9,2.5
TC-03394,Male,0,No,No,33,Yes,No internet,No internet service,No internet service,No internet service,Month-to-month,Yes,Bank transfer,25.65,834.84,0,25-48 months,Low (<40),0,,
TC-03395,Female,0,No,No,37,Yes,DSL,No,No,No,Month-to-month,No,Bank transfer,59.64,2235.47,0,25-48 months,Medium (40-79),1,30.2,5.0
TC-03396,Male,0,No,No,12,Yes,No internet,No internet service,No internet service,No internet service,Month-to-month,No,Electronic check,25.26,299.82,0,0-12 months,Low (<40),0,,
TC-03397,Male,0,Yes,Yes,17,Yes,DSL,No,No,No,Month-to-month,No,Bank transfer,63.13,1076.55,0,13-24 months,Medium (40-79),0,,
TC-03398,Male,1,No,No,29,Yes,No internet,No internet service,No internet service,No internet service,Month-to-month,No,Electronic check,30.82,920.03,0,25-48 months,Low (<40),1,24.8,3.0
TC-03399,Female,0,Yes,Yes,9,Yes,DSL,No,Yes,Yes,Month-to-month,No,Credit card,69.68,627.31,1,0-12 months,Medium (40-79),3,16.6,3.67
TC-03400,Female,1,Yes,No,27,Yes,Fiber optic,No,No,Yes,Month-to-month,No,Credit card,85.41,2310.85,0,25-48 months,High (80+),0,,
TC-03401,Male,0,No,Yes,72,Yes,DSL,No,No,No,Two year,Yes,Electronic check,66.09,4739.77,0,49+ months,Medium (40-79),0,,
TC-03402,Female,0,Yes,Yes,31,Yes,No internet,No internet service,No internet service,No internet service,Month-to-month,Yes,Electronic check,18.0,557.68,1,25-48 months,Low (<40),0,,
TC-03403,Male,0,Yes,No,14,Yes,Fiber optic,No,No,Yes,Two year,No,Bank transfer,87.83,1211.74,0,13-24 months,High (80+),2,25.0,3.0
TC-03404,Female,0,Yes,Yes,24,Yes,Fiber optic,No,No,No,Month-to-month,Yes,Electronic check,88.11,2175.93,1,13-24 months,High (80+),2,23.0,3.0
TC-03405,Male,0,Yes,Yes,6,Yes,DSL,Yes,No,No,Month-to-month,Yes,Electronic check,56.14,332.79,0,0-12 months,Medium (40-79),2,39.2,3.0
TC-03406,Female,0,Yes,No,20,Yes,DSL,No,Yes,No,One year,Yes,Credit card,59.07,1214.06,0,13-24 months,Medium (40-79),0,,
TC-03407,Male,0,No,No,15,Yes,DSL,Yes,No,Yes,Month-to-month,Yes,Mailed check,76.5,1138.31,1,13-24 months,Medium (40-79),1,11.1,4.0
TC-03408,Male,0,Yes,No,72,Yes,No internet,No internet service,No internet service,No internet service,Two year,No,Mailed check,23.46,1684.98,0,49+ months,Low (<40),0,,
TC-03409,Female,0,Yes,No,64,Yes,No internet,No internet service,No internet service,No internet service,Two year,Yes,Credit card,30.65,2006.99,0,49+ months,Low (<40),1,7.3,2.0
TC-03410,Female,0,Yes,No,72,Yes,Fiber optic,No,No,Yes,Two year,Yes,Credit card,97.14,6961.07,0,49+ months,High (80+),0,,
TC-03411,Female,0,Yes,No,16,Yes,Fiber optic,No,Yes,Yes,Month-to-month,Yes,Bank transfer,89.79,1431.45,0,13-24 months,High (80+),1,3.4,3.0
TC-03412,Male,0,Yes,No,9,Yes,DSL,No,No,Yes,One year,No,Electronic check,75.82,692.62,0,0-12 months,Medium (40-79),0,,
TC-03413,Male,0,No,No,28,No,DSL,No,No,No,One year,No,Credit card,63.37,1747.04,0,25-48 months,Medium (40-79),0,,
TC-03414,Male,0,No,No,41,Yes,DSL,No,Yes,No,Two year,Yes,Bank transfer,50.78,2136.03,0,25-48 months,Medium (40-79),0,,
TC-03415,Male,0,Yes,Yes,20,No,Fiber optic,No,Yes,No,Month-to-month,No,Credit card,85.5,1695.05,1,13-24 months,High (80+),2,25.0,2.0
TC-03416,Male,0,No,Yes,16,Yes,No internet,No internet service,No internet service,No internet service,Month-to-month,Yes,Credit card,20.49,335.01,0,13-24 months,Low (<40),0,,
TC-03417,Male,0,No,No,38,Yes,DSL,No,No,No,Two year,Yes,Bank transfer,70.42,2712.88,0,25-48 months,Medium (40-79),0,,
TC-03418,Female,0,Yes,No,24,Yes,DSL,No,No,No,Month-to-month,No,Mailed check,57.62,1404.16,0,13-24 months,Medium (40-79),0,,
TC-03419,Female,0,Yes,No,17,Yes,Fiber optic,No,No,Yes,Month-to-month,Yes,Mailed check,94.65,1636.8,1,13-24 months,High (80+),2,29.8,2.5
TC-03420,Male,0,Yes,No,30,Yes,DSL,No,No,Yes,Month-to-month,Yes,Credit card,73.65,2211.22,0,25-48 months,Medium (40-79),1,32.6,3.0
TC-03421,Female,0,No,No,21,Yes,Fiber optic,No,No,Yes,One year,No,Mailed check,95.73,1999.12,0,13-24 months,High (80+),0,,
TC-03422,Male,0,Yes,No,65,Yes,DSL,No,Yes,Yes,Month-to-month,Yes,Credit card,69.61,4446.08,0,49+ months,Medium (40-79),0,,
TC-03423,Female,1,No,No,6,Yes,DSL,Yes,No,No,One year,No,Electronic check,65.12,400.71,0,0-12 months,Medium (40-79),0,,
TC-03424,Female,0,Yes,No,72,Yes,Fiber optic,No,Yes,Yes,Two year,Yes,Electronic check,100.86,7303.83,0,49+ months,High (80+),2,19.2,2.5
TC-03425,Female,1,No,No,27,Yes,DSL,No,No,No,Month-to-month,Yes,Credit card,62.57,1695.08,0,25-48 months,Medium (40-79),1,31.3,5.0
TC-03426,Male,0,No,No,25,Yes,Fiber optic,No,Yes,No,Two year,No,Electronic check,87.5,2196.33,0,25-48 months,High (80+),0,,
TC-03427,Male,1,Yes,No,44,Yes,DSL,No,Yes,Yes,Two year,No,Bank transfer,73.13,3308.22,0,25-48 months,Medium (40-79),0,,
TC-03428,Female,1,No,No,38,No,Fiber optic,Yes,Yes,No,Two year,Yes,Electronic check,99.91,3774.9,0,25-48 months,High (80+),2,17.8,3.0
TC-03429,Male,0,No,No,31,Yes,No internet,No internet service,No internet service,No internet service,Two year,Yes,Mailed check,18.0,541.99,0,25-48 months,Low (<40),0,,
TC-03430,Male,0,Yes,No,25,Yes,Fiber optic,No,Yes,Yes,Month-to-month,No,Electronic check,89.65,2183.66,0,25-48 months,High (80+),0,,
TC-03431,Female,0,No,Yes,0,Yes,No internet,No internet service,No internet service,No internet service,Month-to-month,Yes,Mailed check,33.3,0.0,0,0-12 months,Low (<40),0,,
TC-03432,Male,0,No,No,65,Yes,No internet,No internet service,No internet service,No internet service,Two year,No,Bank transfer,18.0,1135.35,0,49+ months,Low (<40),0,,
TC-03433,Female,0,Yes,Yes,51,No,Fiber optic,No,Yes,No,Month-to-month,Yes,Electronic check,95.38,4755.76,0,49+ months,High (80+),0,,
TC-03434,Male,0,Yes,No,0,Yes,No internet,No internet service,No internet service,No internet service,Month-to-month,No,Bank transfer,18.0,0.0,0,0-12 months,Low (<40),0,,
TC-03435,Male,0,No,Yes,13,Yes,Fiber optic,No,Yes,No,One year,Yes,Credit card,93.54,1224.96,0,13-24 months,High (80+),0,,
TC-03436,Female,1,No,Yes,34,Yes,DSL,No,No,No,One year,No,Bank transfer,62.04,2158.79,0,25-48 months,Medium (40-79),0,,
TC-03437,Male,0,Yes,Yes,30,Yes,DSL,Yes,No,Yes,One year,Yes,Electronic check,65.0,1939.29,0,25-48 months,Medium (40-79),2,17.6,3.5
TC-03438,Female,0,Yes,No,33,Yes,No internet,No internet service,No internet service,No internet service,One year,No,Electronic check,20.21,650.4,0,25-48 months,Low (<40),0,,
TC-03439,Male,0,Yes,No,16,Yes,DSL,No,No,No,Month-to-month,No,Bank transfer,55.46,872.85,0,13-24 months,Medium (40-79),1,19.5,3.0
TC-03440,Male,0,No,No,72,Yes,DSL,No,Yes,Yes,Two year,Yes,Credit card,70.52,4957.11,0,49+ months,Medium (40-79),0,,
TC-03441,Male,0,No,Yes,12,Yes,Fiber optic,No,Yes,Yes,Month-to-month,No,Electronic check,101.23,1223.56,0,0-12 months,High (80+),1,8.2,5.0
TC-03442,Male,0,Yes,Yes,4,Yes,Fiber optic,Yes,No,Yes,Month-to-month,Yes,Credit card,102.09,409.51,0,0-12 months,High (80+),3,13.9,3.33
TC-03443,Male,0,No,No,21,Yes,Fiber optic,Yes,No,No,Two year,Yes,Electronic check,92.49,1933.01,0,13-24 months,High (80+),1,43.1,4.0
TC-03444,Male,0,No,No,72,Yes,DSL,No,No,No,Two year,Yes,Electronic check,57.66,4161.79,0,49+ months,Medium (40-79),1,5.2,5.0
TC-03445,Female,1,No,No,23,Yes,Fiber optic,No,No,Yes,One year,Yes,Electronic check,97.55,2186.63,1,13-24 months,High (80+),2,27.5,1.5
TC-03446,Female,0,Yes,No,20,Yes,DSL,No,No,Yes,Month-to-month,Yes,Bank transfer,76.61,1572.4,0,13-24 months,Medium (40-79),2,14.8,4.5
TC-03447,Female,0,No,No,12,Yes,DSL,No,No,No,Month-to-month,No,Electronic check,53.08,630.56,0,0-12 months,Medium (40-79),1,25.7,2.0
TC-03448,Female,1,No,Yes,59,Yes,Fiber optic,No,No,Yes,Two year,No,Credit card,107.82,6287.4,0,49+ months,High (80+),1,15.9,5.0
TC-03449,Female,0,Yes,No,30,Yes,DSL,No,No,No,Two year,No,Credit card,64.05,1915.44,0,25-48 months,Medium (40-79),1,4.7,4.0
TC-03450,Female,0,Yes,No,14,Yes,DSL,Yes,No,No,Month-to-month,Yes,Bank transfer,63.24,875.12,0,13-24 months,Medium (40-79),0,,
TC-03451,Male,0,No,No,32,Yes,Fiber optic,No,Yes,No,One year,Yes,Electronic check,93.48,2941.19,0,25-48 months,High (80+),1,26.6,2.0
TC-03452,Female,0,Yes,Yes,61,Yes,Fiber optic,Yes,No,Yes,Month-to-month,Yes,Electronic check,99.98,6168.94,1,49+ months,High (80+),2,9.2,2.5
TC-03453,Female,1,No,Yes,16,Yes,Fiber optic,Yes,No,No,Month-to-month,Yes,Electronic check,73.19,1183.41,1,13-24 months,Medium (40-79),1,9.1,2.0
TC-03454,Female,0,Yes,Yes,5,Yes,No internet,No internet service,No internet service,No internet service,One year,Yes,Mailed check,18.0,88.3,0,0-12 months,Low (<40),0,,
TC-03455,Female,0,No,Yes,2,Yes,No internet,No internet service,No internet service,No internet service,Month-to-month,Yes,Credit card,18.0,36.89,1,0-12 months,Low (<40),0,,
TC-03456,Male,0,No,No,10,Yes,Fiber optic,Yes,No,Yes,Two year,Yes,Mailed check,104.47,1072.63,0,0-12 months,High (80+),0,,
TC-03457,Female,1,Yes,Yes,43,Yes,Fiber optic,Yes,No,Yes,Two year,No,Electronic check,104.54,4444.41,0,25-48 months,High (80+),1,2.3,3.0
TC-03458,Male,0,Yes,No,3,Yes,Fiber optic,No,Yes,No,Month-to-month,Yes,Electronic check,103.41,317.85,1,0-12 months,High (80+),0,,
TC-03459,Male,1,No,Yes,15,Yes,Fiber optic,Yes,Yes,Yes,One year,Yes,Credit card,113.3,1653.9,0,13-24 months,High (80+),0,,
TC-03460,Female,0,No,No,12,Yes,DSL,Yes,No,Yes,Month-to-month,Yes,Bank transfer,78.65,972.06,0,0-12 months,Medium (40-79),0,,
TC-03461,Female,0,Yes,No,35,Yes,No internet,No internet service,No internet service,No internet service,Month-to-month,Yes,Electronic check,29.65,1017.61,0,25-48 months,Low (<40),2,10.7,4.0
TC-03462,Female,0,No,No,72,Yes,DSL,No,No,No,Month-to-month,Yes,Mailed check,57.36,4129.58,0,49+ months,Medium (40-79),0,,
TC-03463,Male,0,No,Yes,16,Yes,DSL,No,Yes,No,Month-to-month,Yes,Credit card,64.73,1016.56,0,13-24 months,Medium (40-79),0,,
TC-03464,Female,0,Yes,No,26,Yes,No internet,No internet service,No internet service,No internet service,Two year,No,Bank transfer,29.62,792.42,0,25-48 months,Low (<40),2,15.9,4.0
TC-03465,Male,0,No,Yes,72,Yes,No internet,No internet service,No internet service,No internet service,Two year,Yes,Electronic check,33.87,2444.75,0,49+ months,Low (<40),3,15.2,3.33
TC-03466,Female,1,Yes,No,24,Yes,Fiber optic,Yes,No,Yes,Month-to-month,No,Electronic check,100.14,2463.49,1,13-24 months,High (80+),1,12.4,2.0
TC-03467,Female,0,No,No,5,Yes,Fiber optic,No,No,No,Month-to-month,No,Electronic check,82.97,411.44,1,0-12 months,High (80+),2,21.1,3.0
TC-03468,Male,1,Yes,No,72,Yes,No internet,No internet service,No internet service,No internet service,Two year,No,Mailed check,27.05,2002.19,0,49+ months,Low (<40),1,11.6,4.0
TC-03469,Male,0,No,Yes,11,Yes,No internet,No internet service,No internet service,No internet service,One year,Yes,Electronic check,29.1,328.16,0,0-12 months,Low (<40),1,26.0,4.0
TC-03470,Female,0,Yes,Yes,57,Yes,Fiber optic,Yes,No,Yes,One year,Yes,Credit card,95.38,5346.78,0,49+ months,High (80+),1,34.7,4.0
TC-03471,Male,0,Yes,Yes,38,Yes,DSL,Yes,Yes,No,Month-to-month,Yes,Bank transfer,57.25,2133.19,0,25-48 months,Medium (40-79),0,,
TC-03472,Male,0,No,Yes,26,Yes,No internet,No internet service,No internet service,No internet service,Two year,Yes,Electronic check,18.3,482.97,0,25-48 months,Low (<40),3,20.1,4.67
TC-03473,Female,1,Yes,Yes,31,Yes,No internet,No internet service,No internet service,No internet service,One year,No,Electronic check,25.3,780.32,0,25-48 months,Low (<40),1,15.6,5.0
TC-03474,Female,0,No,No,10,Yes,Fiber optic,No,No,Yes,One year,No,Bank transfer,98.16,994.44,1,0-12 months,High (80+),1,21.5,1.0
TC-03475,Male,1,Yes,No,3,Yes,Fiber optic,No,No,No,Month-to-month,No,Bank transfer,86.92,260.84,1,0-12 months,High (80+),1,27.4,1.0
TC-03476,Female,0,Yes,No,66,Yes,Fiber optic,Yes,No,Yes,Two year,Yes,Credit card,111.47,7217.28,0,49+ months,High (80+),4,20.7,3.0
TC-03477,Male,0,No,Yes,1,Yes,Fiber optic,No,No,No,Month-to-month,No,Mailed check,72.28,71.75,0,0-12 months,Medium (40-79),1,5.9,4.0
TC-03478,Male,0,No,No,6,Yes,Fiber optic,No,Yes,Yes,Month-to-month,No,Mailed check,93.24,549.56,1,0-12 months,High (80+),1,11.4,1.0
TC-03479,Female,0,Yes,No,19,Yes,Fiber optic,No,No,Yes,One year,No,Mailed check,97.49,1897.93,0,13-24 months,High (80+),1,29.9,1.0
TC-03480,Male,1,No,No,40,Yes,No internet,No internet service,No internet service,No internet service,Two year,Yes,Credit card,31.54,1249.97,0,25-48 months,Low (<40),1,8.9,3.0
TC-03481,Female,1,No,Yes,6,Yes,DSL,No,No,Yes,Month-to-month,No,Electronic check,54.71,332.7,1,0-12 months,Medium (40-79),0,,
TC-03482,Female,0,Yes,No,7,Yes,DSL,No,Yes,Yes,Month-to-month,No,Electronic check,87.79,618.9,1,0-12 months,High (80+),0,,
TC-03483,Male,0,No,No,14,Yes,DSL,No,No,Yes,Month-to-month,Yes,Electronic check,65.79,943.08,0,13-24 months,Medium (40-79),1,13.5,3.0
TC-03484,Female,0,Yes,Yes,64,Yes,No internet,No internet service,No internet service,No internet service,One year,No,Bank transfer,18.0,1166.65,0,49+ months,Low (<40),1,15.0,5.0
TC-03485,Male,0,Yes,Yes,72,Yes,Fiber optic,Yes,No,No,Two year,No,Bank transfer,84.18,6065.95,0,49+ months,High (80+),2,28.3,4.5
TC-03486,Male,0,No,No,19,Yes,DSL,No,No,Yes,Month-to-month,Yes,Electronic check,73.2,1377.24,1,13-24 months,Medium (40-79),0,,
TC-03487,Male,0,No,No,7,Yes,Fiber optic,No,No,Yes,Month-to-month,Yes,Credit card,113.07,787.99,1,0-12 months,High (80+),1,5.6,2.0
TC-03488,Female,1,Yes,No,31,Yes,No internet,No internet service,No internet service,No internet service,Month-to-month,Yes,Electronic check,20.53,624.15,0,25-48 months,Low (<40),1,8.5,2.0
TC-03489,Female,0,Yes,No,1,Yes,DSL,No,Yes,Yes,Month-to-month,Yes,Bank transfer,84.23,86.43,0,0-12 months,High (80+),0,,
TC-03490,Female,0,Yes,No,33,Yes,DSL,No,No,No,Month-to-month,No,Bank transfer,55.48,1834.23,0,25-48 months,Medium (40-79),1,22.3,3.0
TC-03491,Female,0,Yes,No,41,Yes,Fiber optic,No,No,No,Month-to-month,Yes,Electronic check,90.59,3765.86,1,25-48 months,High (80+),2,34.8,3.0
TC-03492,Female,1,Yes,No,13,Yes,Fiber optic,No,Yes,No,Month-to-month,No,Mailed check,96.43,1275.65,0,13-24 months,High (80+),0,,
TC-03493,Male,0,Yes,No,26,Yes,Fiber optic,No,Yes,Yes,Two year,No,Bank transfer,99.18,2501.98,0,25-48 months,High (80+),0,,
TC-03494,Female,1,Yes,Yes,8,Yes,Fiber optic,No,No,No,Month-to-month,No,Credit card,77.06,605.86,1,0-12 months,Medium (40-79),1,18.6,3.0
TC-03495,Female,0,No,Yes,4,Yes,Fiber optic,No,No,Yes,Month-to-month,No,Electronic check,92.44,373.87,1,0-12 months,High (80+),3,16.3,2.33
TC-03496,Male,0,Yes,No,45,Yes,Fiber optic,Yes,No,No,One year,Yes,Credit card,78.19,3456.94,0,25-48 months,Medium (40-79),2,18.6,4.5
TC-03497,Female,0,No,No,16,Yes,Fiber optic,No,No,Yes,Month-to-month,No,Mailed check,91.08,1452.2,1,13-24 months,High (80+),3,13.0,3.0
TC-03498,Male,1,Yes,No,1,Yes,DSL,No,No,Yes,Month-to-month,Yes,Electronic check,79.49,79.53,1,0-12 months,Medium (40-79),0,,
TC-03499,Male,0,No,No,72,Yes,Fiber optic,No,Yes,Yes,Two year,Yes,Electronic check,101.85,7289.69,0,49+ months,High (80+),1,7.4,5.0
TC-03500,Male,0,No,No,17,Yes,DSL,No,No,No,Month-to-month,No,Bank transfer,54.24,897.97,1,13-24 months,Medium (40-79),1,9.4,3.0
TC-03501,Male,0,No,No,61,No,Fiber optic,Yes,No,No,Month-to-month,Yes,Bank transfer,83.71,5166.27,0,49+ months,High (80+),1,12.8,3.0
TC-03502,Female,0,Yes,Yes,72,Yes,No internet,No internet service,No internet service,No internet service,Two year,No,Electronic check,18.0,1303.71,0,49+ months,Low (<40),2,18.1,3.0
TC-03503,Female,0,Yes,No,47,Yes,DSL,No,No,Yes,Two year,Yes,Electronic check,52.46,2429.32,0,25-48 months,Medium (40-79),0,,
TC-03504,Female,0,Yes,No,45,Yes,DSL,No,No,Yes,Two year,Yes,Electronic check,66.93,2997.03,0,25-48 months,Medium (40-79),1,17.7,3.0
TC-03505,Female,0,No,Yes,25,Yes,Fiber optic,Yes,No,No,Month-to-month,No,Electronic check,85.73,2105.0,1,25-48 months,High (80+),1,3.3,2.0
TC-03506,Male,0,No,No,42,Yes,No internet,No internet service,No internet service,No internet service,One year,Yes,Bank transfer,21.69,897.23,0,25-48 months,Low (<40),1,50.0,5.0
TC-03507,Male,0,No,No,33,Yes,No internet,No internet service,No internet service,No internet service,Two year,Yes,Credit card,23.96,776.38,0,25-48 months,Low (<40),0,,
TC-03508,Male,0,Yes,Yes,12,Yes,Fiber optic,No,No,Yes,Month-to-month,No,Credit card,87.43,1051.62,0,0-12 months,High (80+),2,30.9,2.0
TC-03509,Female,0,Yes,Yes,72,Yes,DSL,No,No,No,Two year,Yes,Mailed check,68.58,5006.85,0,49+ months,Medium (40-79),2,17.0,3.5
TC-03510,Male,0,No,No,4,Yes,DSL,Yes,Yes,Yes,Month-to-month,Yes,Bank transfer,75.25,304.59,0,0-12 months,Medium (40-79),0,,
TC-03511,Female,0,No,Yes,21,Yes,No internet,No internet service,No internet service,No internet service,One year,No,Mailed check,18.0,384.35,0,13-24 months,Low (<40),0,,
TC-03512,Female,0,Yes,No,10,Yes,DSL,No,Yes,No,Month-to-month,Yes,Bank transfer,69.81,690.17,1,0-12 months,Medium (40-79),0,,
TC-03513,Male,0,Yes,Yes,10,Yes,No internet,No internet service,No internet service,No internet service,Month-to-month,Yes,Bank transfer,20.27,201.15,1,0-12 months,Low (<40),2,21.9,2.0
TC-03514,Female,0,Yes,No,14,Yes,No internet,No internet service,No internet service,No internet service,Month-to-month,No,Bank transfer,18.0,246.49,0,13-24 months,Low (<40),1,12.0,5.0
TC-03515,Male,0,Yes,No,9,Yes,DSL,Yes,No,Yes,Two year,Yes,Electronic check,76.38,668.39,0,0-12 months,Medium (40-79),0,,
TC-03516,Female,0,No,No,31,Yes,No internet,No internet service,No internet service,No internet service,Month-to-month,No,Mailed check,21.17,647.81,0,25-48 months,Low (<40),1,5.8,3.0
TC-03517,Female,1,No,No,37,Yes,Fiber optic,No,No,No,Two year,Yes,Credit card,87.35,3279.14,0,25-48 months,High (80+),3,26.7,3.67
TC-03518,Female,1,No,No,10,Yes,Fiber optic,Yes,Yes,Yes,Month-to-month,No,Electronic check,93.1,922.33,1,0-12 months,High (80+),2,6.2,2.0
TC-03519,Male,1,Yes,No,45,Yes,Fiber optic,No,Yes,Yes,Month-to-month,No,Credit card,94.38,4290.12,0,25-48 months,High (80+),0,,
TC-03520,Female,0,Yes,No,23,Yes,No internet,No internet service,No internet service,No internet service,Month-to-month,Yes,Bank transfer,19.64,455.5,0,13-24 months,Low (<40),1,25.1,2.0
TC-03521,Male,0,No,Yes,72,Yes,No internet,No internet service,No internet service,No internet service,Two year,Yes,Bank transfer,18.0,1334.02,0,49+ months,Low (<40),0,,
TC-03522,Male,0,No,No,10,Yes,Fiber optic,No,Yes,No,Month-to-month,No,Credit card,90.34,889.38,1,0-12 months,High (80+),1,15.1,4.0
TC-03523,Male,0,No,Yes,60,Yes,Fiber optic,No,No,Yes,Two year,Yes,Electronic check,97.09,5930.12,0,49+ months,High (80+),1,11.4,5.0
TC-03524,Female,0,No,No,28,Yes,Fiber optic,No,No,No,Month-to-month,Yes,Bank transfer,88.75,2423.24,1,25-48 months,High (80+),2,29.4,3.0
TC-03525,Female,0,Yes,Yes,70,Yes,No internet,No internet service,No internet service,No internet service,Two year,No,Electronic check,28.38,1942.57,0,49+ months,Low (<40),1,35.4,5.0
TC-03526,Male,1,No,No,58,Yes,No internet,No internet service,No internet service,No internet service,One year,No,Bank transfer,21.77,1247.15,0,49+ months,Low (<40),1,18.1,3.0
TC-03527,Female,1,No,No,11,Yes,Fiber optic,No,No,Yes,Month-to-month,No,Mailed check,90.1,963.75,0,0-12 months,High (80+),2,25.0,4.0
TC-03528,Female,0,Yes,Yes,26,Yes,Fiber optic,Yes,Yes,No,Month-to-month,No,Bank transfer,90.44,2364.19,0,25-48 months,High (80+),0,,
TC-03529,Male,0,Yes,Yes,2,Yes,Fiber optic,No,No,No,Month-to-month,Yes,Mailed check,79.56,159.11,0,0-12 months,Medium (40-79),1,9.1,4.0
TC-03530,Female,0,No,No,13,No,DSL,Yes,Yes,Yes,Month-to-month,Yes,Mailed check,74.53,991.76,0,13-24 months,Medium (40-79),0,,
TC-03531,Male,0,No,No,15,Yes,No internet,No internet service,No internet service,No internet service,Month-to-month,Yes,Mailed check,30.13,451.42,0,13-24 months,Low (<40),0,,
TC-03532,Female,0,No,No,31,Yes,DSL,No,Yes,No,One year,Yes,Bank transfer,58.49,1862.55,0,25-48 months,Medium (40-79),1,9.8,1.0
TC-03533,Male,0,No,No,67,Yes,Fiber optic,No,No,No,One year,No,Electronic check,96.51,6644.38,0,49+ months,High (80+),1,30.9,2.0
TC-03534,Female,0,Yes,No,20,Yes,DSL,No,No,No,Month-to-month,No,Mailed check,54.61,1095.8,0,13-24 months,Medium (40-79),3,37.4,3.67
TC-03535,Female,0,Yes,No,1,Yes,DSL,No,No,No,Month-to-month,No,Electronic check,52.81,52.17,0,0-12 months,Medium (40-79),1,6.2,4.0
TC-03536,Male,1,Yes,No,33,Yes,No internet,No internet service,No internet service,No internet service,Two year,No,Bank transfer,19.47,631.76,0,25-48 months,Low (<40),1,1.3,2.0
TC-03537,Male,0,No,No,5,Yes,Fiber optic,Yes,No,No,Month-to-month,Yes,Electronic check,82.53,400.34,0,0-12 months,High (80+),2,26.5,3.5
TC-03538,Male,0,No,No,21,Yes,No internet,No internet service,No internet service,No internet service,Month-to-month,No,Mailed check,18.0,370.67,0,13-24 months,Low (<40),0,,
TC-03539,Female,0,Yes,Yes,2,Yes,DSL,Yes,No,No,Month-to-month,Yes,Credit card,54.58,106.68,0,0-12 months,Medium (40-79),1,34.1,3.0
TC-03540,Male,0,No,Yes,14,Yes,No internet,No internet service,No internet service,No internet service,Month-to-month,Yes,Electronic check,28.76,395.21,1,13-24 months,Low (<40),2,14.4,1.5
TC-03541,Male,0,Yes,Yes,7,Yes,DSL,No,No,No,Month-to-month,Yes,Mailed check,65.51,462.7,1,0-12 months,Medium (40-79),2,13.3,2.0
TC-03542,Female,1,No,No,14,Yes,DSL,Yes,No,Yes,Month-to-month,No,Electronic check,56.91,800.66,0,13-24 months,Medium (40-79),0,,
TC-03543,Male,0,No,No,8,Yes,No internet,No internet service,No internet service,No internet service,Month-to-month,Yes,Electronic check,28.02,222.11,0,0-12 months,Low (<40),2,14.1,4.0
TC-03544,Female,0,No,No,16,Yes,DSL,Yes,No,No,Month-to-month,Yes,Mailed check,62.03,1008.28,0,13-24 months,Medium (40-79),1,19.3,5.0
TC-03545,Female,1,No,No,72,Yes,No internet,No internet service,No internet service,No internet service,Two year,Yes,Credit card,21.68,1527.92,0,49+ months,Low (<40),0,,
TC-03546,Female,0,Yes,Yes,8,Yes,Fiber optic,No,No,Yes,Month-to-month,Yes,Bank transfer,99.63,810.17,1,0-12 months,High (80+),6,28.1,2.67
TC-03547,Female,0,Yes,No,35,Yes,DSL,No,No,No,Month-to-month,Yes,Mailed check,64.22,2241.11,0,25-48 months,Medium (40-79),0,,
TC-03548,Male,0,Yes,No,25,Yes,Fiber optic,Yes,No,Yes,Month-to-month,No,Bank transfer,105.69,2709.67,0,25-48 months,High (80+),5,20.1,3.6
TC-03549,Male,0,No,Yes,11,Yes,Fiber optic,No,No,Yes,Month-to-month,Yes,Bank transfer,95.29,1034.92,1,0-12 months,High (80+),3,20.4,2.33
TC-03550,Male,0,No,No,11,Yes,Fiber optic,No,No,No,One year,Yes,Electronic check,76.08,841.91,0,0-12 months,Medium (40-79),0,,
TC-03551,Male,0,Yes,Yes,6,Yes,Fiber optic,No,No,Yes,Month-to-month,No,Bank transfer,100.8,591.91,1,0-12 months,High (80+),2,28.6,2.5
TC-03552,Male,0,Yes,No,14,Yes,No internet,No internet service,No internet service,No internet service,Month-to-month,Yes,Mailed check,18.0,258.95,0,13-24 months,Low (<40),0,,
TC-03553,Male,0,Yes,Yes,23,Yes,Fiber optic,No,Yes,No,Month-to-month,No,Bank transfer,93.61,2172.89,1,13-24 months,High (80+),3,16.0,2.33
TC-03554,Female,0,No,No,27,Yes,DSL,Yes,No,Yes,Month-to-month,No,Mailed check,66.16,1815.47,1,25-48 months,Medium (40-79),1,13.7,1.0
TC-03555,Female,0,No,No,72,Yes,No internet,No internet service,No internet service,No internet service,Two year,No,Credit card,18.0,1322.06,0,49+ months,Low (<40),1,12.1,3.0
TC-03556,Female,0,Yes,No,72,Yes,DSL,Yes,No,Yes,Month-to-month,Yes,Mailed check,74.48,5367.0,0,49+ months,Medium (40-79),1,35.6,4.0
TC-03557,Female,0,Yes,No,14,Yes,DSL,Yes,Yes,No,Month-to-month,No,Electronic check,66.51,939.33,0,13-24 months,Medium (40-79),0,,
TC-03558,Male,0,No,Yes,19,Yes,Fiber optic,No,No,No,Month-to-month,No,Electronic check,77.15,1429.43,1,13-24 months,Medium (40-79),4,12.3,3.5
TC-03559,Male,0,Yes,Yes,27,No,DSL,No,No,No,Two year,Yes,Bank transfer,60.19,1592.02,0,25-48 months,Medium (40-79),2,7.0,3.5
TC-03560,Female,0,No,No,19,No,Fiber optic,No,No,No,Month-to-month,Yes,Credit card,80.17,1548.61,0,13-24 months,High (80+),2,17.5,4.5
TC-03561,Male,1,Yes,Yes,58,Yes,No internet,No internet service,No internet service,No internet service,Two year,No,Electronic check,24.45,1447.96,0,49+ months,Low (<40),2,18.0,2.5
TC-03562,Male,0,Yes,No,33,Yes,DSL,No,No,Yes,Two year,Yes,Electronic check,58.61,1881.56,0,25-48 months,Medium (40-79),2,17.0,2.5
TC-03563,Male,0,No,Yes,34,Yes,Fiber optic,No,No,No,Month-to-month,Yes,Electronic check,87.45,2962.12,1,25-48 months,High (80+),1,5.2,3.0
TC-03564,Male,0,No,Yes,12,Yes,Fiber optic,Yes,Yes,No,Month-to-month,No,Bank transfer,98.37,1212.46,1,0-12 months,High (80+),3,12.4,2.67
TC-03565,Male,0,No,No,59,Yes,No internet,No internet service,No internet service,No internet service,Two year,Yes,Bank transfer,18.0,1048.42,0,49+ months,Low (<40),0,,
TC-03566,Male,0,No,Yes,14,No,Fiber optic,Yes,No,Yes,Month-to-month,Yes,Electronic check,108.16,1469.96,0,13-24 months,High (80+),2,16.6,3.0
TC-03567,Female,0,No,Yes,10,No,Fiber optic,Yes,Yes,Yes,Month-to-month,Yes,Credit card,93.43,907.59,1,0-12 months,High (80+),0,,
TC-03568,Male,0,Yes,Yes,10,Yes,Fiber optic,No,No,No,Month-to-month,No,Bank transfer,88.28,898.62,1,0-12 months,High (80+),3,13.8,1.33
TC-03569,Female,0,No,No,13,Yes,No internet,No internet service,No internet service,No internet service,One year,No,Credit card,18.0,230.14,0,13-24 months,Low (<40),0,,
TC-03570,Male,0,Yes,No,72,Yes,No internet,No internet service,No internet service,No internet service,Two year,Yes,Electronic check,18.0,1295.7,0,49+ months,Low (<40),1,51.9,3.0
TC-03571,Male,0,Yes,No,21,Yes,DSL,No,No,Yes,Two year,No,Electronic check,58.93,1220.65,0,13-24 months,Medium (40-79),1,18.6,3.0
TC-03572,Female,1,No,Yes,17,Yes,No internet,No internet service,No internet service,No internet service,One year,No,Credit card,20.63,358.42,0,13-24 months,Low (<40),0,,
TC-03573,Male,0,Yes,Yes,15,Yes,DSL,No,No,No,Month-to-month,Yes,Mailed check,56.02,821.4,0,13-24 months,Medium (40-79),1,11.8,3.0
TC-03574,Male,0,No,No,63,Yes,DSL,No,Yes,No,Two year,No,Electronic check,57.13,3648.21,0,49+ months,Medium (40-79),1,5.2,3.0
TC-03575,Male,0,No,No,23,Yes,DSL,No,No,Yes,One year,No,Electronic check,69.57,1625.85,0,13-24 months,Medium (40-79),0,,
TC-03576,Female,0,Yes,Yes,53,Yes,DSL,Yes,No,No,Two year,Yes,Bank transfer,66.49,3520.69,0,49+ months,Medium (40-79),2,19.0,3.0
TC-03577,Male,0,Yes,Yes,25,No,Fiber optic,No,No,Yes,One year,Yes,Electronic check,92.17,2305.11,1,25-48 months,High (80+),1,15.9,3.0
TC-03578,Female,0,No,Yes,70,Yes,Fiber optic,Yes,No,No,One year,No,Electronic check,92.92,6563.06,0,49+ months,High (80+),3,31.3,3.33
TC-03579,Male,0,No,No,52,Yes,Fiber optic,No,No,No,One year,Yes,Electronic check,75.39,3983.91,0,49+ months,Medium (40-79),1,5.0,3.0
TC-03580,Female,0,No,No,15,Yes,No internet,No internet service,No internet service,No internet service,Month-to-month,Yes,Bank transfer,23.52,349.35,0,13-24 months,Low (<40),1,9.2,5.0
TC-03581,Male,0,Yes,No,11,Yes,DSL,Yes,Yes,Yes,Month-to-month,No,Electronic check,77.62,855.8,1,0-12 months,Medium (40-79),2,9.2,2.5
TC-03582,Female,0,No,No,5,No,DSL,Yes,No,Yes,Month-to-month,Yes,Bank transfer,90.54,445.89,1,0-12 months,High (80+),2,23.3,3.0
TC-03583,Male,0,No,No,61,No,DSL,No,Yes,No,Two year,Yes,Bank transfer,56.45,3501.54,0,49+ months,Medium (40-79),1,15.4,1.0
TC-03584,Female,0,Yes,Yes,72,Yes,DSL,No,No,Yes,Two year,Yes,Credit card,69.63,4990.53,0,49+ months,Medium (40-79),2,13.9,3.5
TC-03585,Male,0,No,Yes,9,Yes,DSL,No,No,No,One year,Yes,Mailed check,54.18,495.69,0,0-12 months,Medium (40-79),2,23.1,4.5
TC-03586,Female,0,Yes,No,26,Yes,Fiber optic,No,No,Yes,Month-to-month,Yes,Credit card,101.18,2600.87,1,25-48 months,High (80+),2,9.6,3.0
TC-03587,Female,0,Yes,No,9,Yes,No internet,No internet service,No internet service,No internet service,Month-to-month,Yes,Bank transfer,24.89,222.7,0,0-12 months,Low (<40),0,,
TC-03588,Male,0,No,No,18,Yes,No internet,No internet service,No internet service,No internet service,Month-to-month,Yes,Bank transfer,27.13,483.56,0,13-24 months,Low (<40),0,,
TC-03589,Male,0,No,No,3,No,DSL,No,No,Yes,Month-to-month,Yes,Bank transfer,69.89,204.56,1,0-12 months,Medium (40-79),1,11.1,2.0
TC-03590,Female,0,Yes,Yes,7,Yes,DSL,No,No,No,Month-to-month,Yes,Electronic check,46.16,317.25,1,0-12 months,Medium (40-79),0,,
TC-03591,Male,0,No,Yes,11,Yes,No internet,No internet service,No internet service,No internet service,Month-to-month,Yes,Electronic check,18.0,194.39,0,0-12 months,Low (<40),1,7.1,3.0
TC-03592,Male,0,Yes,No,47,Yes,DSL,Yes,Yes,No,One year,No,Bank transfer,66.53,3106.9,0,25-48 months,Medium (40-79),0,,
TC-03593,Male,0,No,No,50,Yes,No internet,No internet service,No internet service,No internet service,Two year,Yes,Electronic check,18.0,893.54,0,49+ months,Low (<40),1,5.9,2.0
TC-03594,Male,1,No,No,13,Yes,DSL,No,No,No,Month-to-month,Yes,Bank transfer,53.69,706.34,0,13-24 months,Medium (40-79),0,,
TC-03595,Female,0,No,No,14,Yes,No internet,No internet service,No internet service,No internet service,Month-to-month,No,Bank transfer,39.59,553.26,1,13-24 months,Low (<40),1,18.6,1.0
TC-03596,Male,0,Yes,No,16,Yes,Fiber optic,No,No,Yes,Month-to-month,No,Electronic check,88.46,1410.42,1,13-24 months,High (80+),1,29.4,2.0
TC-03597,Male,0,Yes,No,0,Yes,DSL,No,No,Yes,Month-to-month,Yes,Mailed check,73.25,0.0,1,0-12 months,Medium (40-79),3,15.8,2.33
TC-03598,Female,1,No,No,34,Yes,DSL,No,No,No,One year,No,Bank transfer,58.35,1931.04,0,25-48 months,Medium (40-79),0,,
TC-03599,Male,0,No,Yes,11,Yes,Fiber optic,Yes,Yes,No,Month-to-month,Yes,Credit card,94.16,1059.74,1,0-12 months,High (80+),1,22.8,4.0
TC-03600,Female,0,No,No,38,Yes,Fiber optic,Yes,Yes,No,Two year,No,Electronic check,105.62,3997.48,0,25-48 months,High (80+),0,,
TC-03601,Female,0,No,No,15,Yes,No internet,No internet service,No internet service,No internet service,Month-to-month,Yes,Electronic check,22.07,336.04,1,13-24 months,Low (<40),1,31.7,4.0
TC-03602,Female,0,Yes,No,16,Yes,Fiber optic,No,No,Yes,Month-to-month,No,Credit card,85.4,1403.23,1,13-24 months,High (80+),2,19.2,2.0
TC-03603,Male,0,No,No,47,Yes,DSL,No,No,No,Two year,Yes,Mailed check,59.08,2801.48,0,25-48 months,Medium (40-79),3,12.5,4.0
TC-03604,Female,0,Yes,No,41,Yes,Fiber optic,Yes,No,No,Two year,No,Electronic check,85.04,3438.61,0,25-48 months,High (80+),4,17.0,3.0
TC-03605,Female,1,No,No,72,Yes,DSL,No,No,No,Two year,No,Bank transfer,69.52,5112.86,0,49+ months,Medium (40-79),3,15.1,4.33
TC-03606,Female,0,Yes,No,61,Yes,Fiber optic,Yes,Yes,Yes,Month-to-month,Yes,Credit card,107.86,6434.97,0,49+ months,High (80+),1,24.6,5.0
TC-03607,Male,0,Yes,No,5,Yes,Fiber optic,No,Yes,No,Month-to-month,Yes,Credit card,89.4,453.86,1,0-12 months,High (80+),2,4.0,2.5
TC-03608,Male,0,Yes,No,16,Yes,No internet,No internet service,No internet service,No internet service,Month-to-month,Yes,Credit card,25.07,391.0,0,13-24 months,Low (<40),2,13.6,3.0
TC-03609,Female,0,Yes,Yes,72,Yes,Fiber optic,No,No,No,Two year,No,Electronic check,91.88,6591.98,0,49+ months,High (80+),2,10.4,4.0
TC-03610,Male,0,No,Yes,10,Yes,No internet,No internet service,No internet service,No internet service,One year,No,Electronic check,18.0,181.27,0,0-12 months,Low (<40),1,14.8,2.0
TC-03611,Male,0,Yes,No,32,Yes,Fiber optic,Yes,Yes,Yes,One year,No,Electronic check,103.71,3378.76,0,25-48 months,High (80+),0,,
TC-03612,Male,0,Yes,Yes,15,Yes,No internet,No internet service,No internet service,No internet service,Month-to-month,No,Credit card,19.27,292.13,0,13-24 months,Low (<40),0,,
TC-03613,Male,0,Yes,No,72,Yes,DSL,No,No,No,Two year,Yes,Mailed check,59.95,4216.32,0,49+ months,Medium (40-79),3,17.7,3.0
TC-03614,Male,0,Yes,Yes,22,Yes,No internet,No internet service,No internet service,No internet service,Month-to-month,No,Mailed check,20.85,464.47,0,13-24 months,Low (<40),2,14.2,2.5
TC-03615,Female,1,Yes,No,60,Yes,No internet,No internet service,No internet service,No internet service,One year,No,Electronic check,31.4,1911.15,0,49+ months,Low (<40),1,25.3,3.0
TC-03616,Female,0,Yes,No,19,Yes,DSL,No,No,No,One year,Yes,Bank transfer,51.69,993.68,0,13-24 months,Medium (40-79),0,,
TC-03617,Male,0,No,No,72,Yes,DSL,No,Yes,No,Two year,Yes,Electronic check,69.98,5134.17,0,49+ months,Medium (40-79),2,6.7,3.5
TC-03618,Female,0,Yes,No,29,No,Fiber optic,No,No,Yes,Two year,No,Credit card,91.14,2685.89,0,25-48 months,High (80+),1,4.3,5.0
TC-03619,Female,0,No,Yes,64,Yes,DSL,No,No,Yes,Month-to-month,No,Electronic check,60.24,3786.53,0,49+ months,Medium (40-79),1,49.7,4.0
TC-03620,Female,0,No,Yes,16,Yes,DSL,No,No,No,Month-to-month,Yes,Mailed check,57.94,950.97,1,13-24 months,Medium (40-79),0,,
TC-03621,Female,0,Yes,Yes,27,Yes,DSL,Yes,No,Yes,Two year,Yes,Bank transfer,74.52,1999.71,0,25-48 months,Medium (40-79),0,,
TC-03622,Female,0,Yes,No,25,Yes,Fiber optic,No,No,Yes,One year,Yes,Mailed check,90.77,2291.66,0,25-48 months,High (80+),4,4.7,3.75
TC-03623,Female,0,Yes,No,33,Yes,DSL,No,Yes,No,Month-to-month,Yes,Credit card,54.76,1772.84,0,25-48 months,Medium (40-79),0,,
TC-03624,Female,0,No,No,35,Yes,DSL,Yes,No,Yes,Month-to-month,Yes,Credit card,67.47,2366.03,0,25-48 months,Medium (40-79),1,42.5,2.0
TC-03625,Male,0,No,No,66,Yes,No internet,No internet service,No internet service,No internet service,Two year,Yes,Bank transfer,30.25,1941.96,0,49+ months,Low (<40),0,,
TC-03626,Male,0,No,No,72,Yes,Fiber optic,Yes,No,Yes,Two year,Yes,Credit card,102.47,7471.39,0,49+ months,High (80+),1,29.3,2.0
TC-03627,Female,0,No,No,33,Yes,DSL,Yes,No,No,One year,Yes,Credit card,42.1,1423.83,0,25-48 months,Medium (40-79),0,,
TC-03628,Male,1,No,No,9,Yes,Fiber optic,Yes,No,Yes,Month-to-month,Yes,Credit card,92.95,835.04,1,0-12 months,High (80+),2,22.6,2.5
TC-03629,Male,0,Yes,No,72,Yes,No internet,No internet service,No internet service,No internet service,One year,Yes,Credit card,21.76,1591.24,0,49+ months,Low (<40),1,8.0,3.0
TC-03630,Male,0,Yes,No,62,Yes,Fiber optic,No,Yes,Yes,Two year,No,Electronic check,97.24,5923.02,0,49+ months,High (80+),2,21.8,4.0
TC-03631,Female,0,Yes,Yes,27,Yes,DSL,Yes,Yes,Yes,One year,No,Credit card,82.11,2267.59,0,25-48 months,High (80+),0,,
TC-03632,Male,0,Yes,No,18,Yes,Fiber optic,Yes,No,No,Two year,No,Credit card,91.0,1653.26,1,13-24 months,High (80+),3,20.4,1.67
TC-03633,Male,0,Yes,No,35,Yes,No internet,No internet service,No internet service,No internet service,Two year,Yes,Bank transfer,18.0,634.83,0,25-48 months,Low (<40),1,27.6,4.0
TC-03634,Female,0,Yes,Yes,48,Yes,Fiber optic,Yes,No,Yes,One year,Yes,Bank transfer,97.38,4566.5,0,25-48 months,High (80+),0,,
TC-03635,Male,0,No,No,7,No,Fiber optic,Yes,No,No,Month-to-month,Yes,Electronic check,84.23,579.66,1,0-12 months,High (80+),2,24.6,3.0
TC-03636,Male,0,Yes,Yes,22,Yes,Fiber optic,Yes,No,No,Month-to-month,Yes,Electronic check,99.22,2233.11,0,13-24 months,High (80+),1,5.6,4.0
TC-03637,Female,0,Yes,Yes,12,Yes,DSL,No,No,No,One year,Yes,Bank transfer,59.37,730.61,0,0-12 months,Medium (40-79),1,39.0,3.0
TC-03638,Male,0,No,Yes,48,Yes,No internet,No internet service,No internet service,No internet service,Two year,Yes,Bank transfer,18.0,856.18,0,25-48 months,Low (<40),2,9.1,3.0
TC-03639,Female,0,No,No,16,Yes,Fiber optic,No,Yes,No,Two year,Yes,Electronic check,83.14,1367.62,0,13-24 months,High (80+),2,30.6,3.0
TC-03640,Female,1,Yes,Yes,16,Yes,Fiber optic,No,No,Yes,Month-to-month,Yes,Bank transfer,91.52,1437.38,1,13-24 months,High (80+),0,,
TC-03641,Female,0,Yes,No,15,Yes,No internet,No internet service,No internet service,No internet service,Month-to-month,Yes,Credit card,24.21,373.25,0,13-24 months,Low (<40),0,,
TC-03642,Male,0,No,No,30,Yes,No internet,No internet service,No internet service,No internet service,One year,No,Electronic check,24.84,739.77,0,25-48 months,Low (<40),1,11.7,3.0
TC-03643,Male,0,No,Yes,70,Yes,Fiber optic,Yes,Yes,No,Two year,Yes,Credit card,94.77,6664.66,0,49+ months,High (80+),3,15.3,4.0
TC-03644,Male,0,Yes,No,22,Yes,No internet,No internet service,No internet service,No internet service,Month-to-month,Yes,Electronic check,33.37,718.29,0,13-24 months,Low (<40),3,17.8,3.33
TC-03645,Male,0,No,No,16,No,Fiber optic,Yes,Yes,No,One year,No,Electronic check,92.32,1520.53,0,13-24 months,High (80+),2,14.2,3.5
TC-03646,Male,0,No,No,37,Yes,No internet,No internet service,No internet service,No internet service,Month-to-month,Yes,Electronic check,31.51,1133.47,0,25-48 months,Low (<40),2,21.2,3.5
TC-03647,Male,0,Yes,Yes,72,Yes,Fiber optic,No,No,No,Two year,No,Bank transfer,98.49,7073.14,0,49+ months,High (80+),0,,
TC-03648,Male,0,Yes,No,7,Yes,Fiber optic,No,No,Yes,Month-to-month,No,Electronic check,97.05,682.51,1,0-12 months,High (80+),3,25.0,3.33
TC-03649,Male,1,No,No,5,Yes,No internet,No internet service,No internet service,No internet service,Month-to-month,No,Credit card,18.0,88.02,0,0-12 months,Low (<40),0,,
TC-03650,Male,0,No,No,72,Yes,No internet,No internet service,No internet service,No internet service,Two year,Yes,Mailed check,26.87,1919.03,0,49+ months,Low (<40),2,10.4,2.5
TC-03651,Male,0,No,Yes,18,Yes,DSL,Yes,No,No,Month-to-month,No,Credit card,55.23,1001.63,1,13-24 months,Medium (40-79),0,,
TC-03652,Male,0,No,Yes,32,Yes,No internet,No internet service,No internet service,No internet service,Month-to-month,No,Bank transfer,21.19,665.45,1,25-48 months,Low (<40),1,5.2,2.0
TC-03653,Male,0,Yes,Yes,9,Yes,DSL,Yes,Yes,No,Month-to-month,Yes,Mailed check,63.75,564.26,0,0-12 months,Medium (40-79),1,4.2,3.0
TC-03654,Male,0,Yes,No,19,Yes,Fiber optic,No,Yes,Yes,Month-to-month,Yes,Electronic check,98.32,1828.66,1,13-24 months,High (80+),0,,
TC-03655,Female,0,Yes,No,11,Yes,DSL,Yes,No,Yes,Month-to-month,Yes,Credit card,80.63,874.2,1,0-12 months,High (80+),0,,
TC-03656,Male,0,Yes,Yes,0,Yes,Fiber optic,No,Yes,Yes,Month-to-month,Yes,Electronic check,96.5,0.0,1,0-12 months,High (80+),2,38.8,4.5
TC-03657,Female,1,No,Yes,17,Yes,Fiber optic,No,Yes,No,One year,Yes,Mailed check,104.57,1773.37,0,13-24 months,High (80+),0,,
TC-03658,Female,0,Yes,Yes,8,Yes,No internet,No internet service,No internet service,No internet service,Month-to-month,No,Mailed check,21.99,181.09,0,0-12 months,Low (<40),0,,
TC-03659,Male,0,Yes,No,29,Yes,Fiber optic,No,No,Yes,One year,No,Credit card,86.82,2519.46,0,25-48 months,High (80+),4,11.5,3.25
TC-03660,Male,0,Yes,No,57,Yes,Fiber optic,No,Yes,Yes,Two year,Yes,Bank transfer,100.84,5744.58,0,49+ months,High (80+),1,31.3,2.0
TC-03661,Male,0,No,Yes,35,Yes,No internet,No internet service,No internet service,No internet service,One year,No,Bank transfer,18.0,646.62,0,25-48 months,Low (<40),2,6.8,2.5
TC-03662,Female,1,Yes,No,29,No,Fiber optic,No,No,Yes,Month-to-month,Yes,Electronic check,94.32,2789.78,1,25-48 months,High (80+),0,,
TC-03663,Male,0,Yes,Yes,30,Yes,DSL,Yes,No,Yes,Two year,No,Electronic check,86.6,2528.75,0,25-48 months,High (80+),1,28.2,4.0
TC-03664,Male,0,No,Yes,10,Yes,DSL,Yes,No,No,Month-to-month,Yes,Credit card,75.39,740.84,0,0-12 months,Medium (40-79),1,23.6,2.0
TC-03665,Male,0,Yes,No,5,Yes,Fiber optic,Yes,Yes,No,Month-to-month,Yes,Electronic check,86.82,435.23,1,0-12 months,High (80+),2,30.9,2.5
TC-03666,Female,0,Yes,Yes,11,Yes,Fiber optic,No,Yes,No,Month-to-month,Yes,Credit card,83.22,931.24,1,0-12 months,High (80+),3,17.0,2.33
TC-03667,Male,0,No,No,42,Yes,DSL,No,No,No,One year,Yes,Electronic check,49.91,2124.86,0,25-48 months,Medium (40-79),0,,
TC-03668,Male,0,Yes,No,28,No,DSL,No,No,Yes,Month-to-month,No,Mailed check,65.99,1829.69,1,25-48 months,Medium (40-79),2,5.9,3.5
TC-03669,Female,0,No,No,9,Yes,DSL,Yes,No,Yes,Month-to-month,No,Bank transfer,69.68,637.21,0,0-12 months,Medium (40-79),0,,
TC-03670,Female,0,No,No,23,Yes,No internet,No internet service,No internet service,No internet service,One year,No,Electronic check,24.18,555.89,0,13-24 months,Low (<40),1,9.9,4.0
TC-03671,Female,0,No,No,17,Yes,No internet,No internet service,No internet service,No internet service,Month-to-month,No,Bank transfer,18.0,308.86,0,13-24 months,Low (<40),0,,
TC-03672,Female,0,No,Yes,10,Yes,DSL,No,No,No,Month-to-month,No,Electronic check,56.88,554.15,1,0-12 months,Medium (40-79),1,14.1,1.0
TC-03673,Female,1,No,No,20,Yes,Fiber optic,No,Yes,No,Month-to-month,No,Electronic check,83.37,1634.69,0,13-24 months,High (80+),2,13.8,3.0
TC-03674,Female,0,Yes,No,7,Yes,Fiber optic,Yes,No,No,Month-to-month,No,Electronic check,81.58,555.62,1,0-12 months,High (80+),1,36.2,3.0
TC-03675,Female,0,Yes,Yes,19,Yes,Fiber optic,No,No,Yes,Month-to-month,Yes,Credit card,100.23,1856.4,0,13-24 months,High (80+),2,26.6,4.5
TC-03676,Female,0,No,Yes,7,No,Fiber optic,No,No,Yes,One year,No,Bank transfer,89.52,629.07,1,0-12 months,High (80+),3,25.1,2.67
TC-03677,Male,0,No,No,15,Yes,DSL,Yes,No,Yes,Month-to-month,Yes,Bank transfer,84.71,1297.54,0,13-24 months,High (80+),1,40.3,3.0
TC-03678,Male,0,No,Yes,11,Yes,No internet,No internet service,No internet service,No internet service,Month-to-month,Yes,Credit card,18.0,198.65,0,0-12 months,Low (<40),0,,
TC-03679,Male,0,No,No,27,Yes,No internet,No internet service,No internet service,No internet service,One year,Yes,Bank transfer,24.57,666.27,0,25-48 months,Low (<40),0,,
TC-03680,Female,1,Yes,No,55,Yes,Fiber optic,Yes,No,Yes,Two year,No,Credit card,101.24,5556.64,0,49+ months,High (80+),2,10.3,4.5
TC-03681,Female,0,No,Yes,58,Yes,Fiber optic,No,No,No,One year,No,Mailed check,96.1,5697.47,0,49+ months,High (80+),0,,
TC-03682,Male,1,Yes,No,11,Yes,DSL,Yes,Yes,No,Month-to-month,Yes,Credit card,85.17,949.21,1,0-12 months,High (80+),1,24.7,3.0
TC-03683,Female,0,No,No,72,Yes,No internet,No internet service,No internet service,No internet service,Two year,No,Electronic check,38.83,2719.83,0,49+ months,Low (<40),2,7.8,2.5
TC-03684,Male,0,No,No,15,Yes,DSL,No,No,No,Month-to-month,No,Mailed check,65.89,981.51,0,13-24 months,Medium (40-79),0,,
TC-03685,Male,0,Yes,No,61,Yes,No internet,No internet service,No internet service,No internet service,Two year,No,Credit card,29.12,1764.0,0,49+ months,Low (<40),1,14.8,3.0
TC-03686,Male,0,Yes,No,20,Yes,DSL,No,No,No,Month-to-month,No,Credit card,65.39,1277.01,0,13-24 months,Medium (40-79),1,8.3,2.0
TC-03687,Male,0,Yes,No,10,Yes,Fiber optic,No,No,Yes,Month-to-month,Yes,Credit card,100.74,1013.36,1,0-12 months,High (80+),1,21.6,4.0
TC-03688,Male,0,No,No,59,Yes,DSL,No,No,No,Two year,No,Electronic check,51.26,2976.68,0,49+ months,Medium (40-79),0,,
TC-03689,Male,0,Yes,No,54,Yes,No internet,No internet service,No internet service,No internet service,One year,No,Mailed check,18.0,961.21,0,49+ months,Low (<40),0,,
TC-03690,Male,0,No,No,39,Yes,No internet,No internet service,No internet service,No internet service,Two year,No,Electronic check,18.0,693.29,0,25-48 months,Low (<40),2,15.1,3.0
TC-03691,Female,0,No,No,10,Yes,Fiber optic,No,No,Yes,Two year,Yes,Electronic check,85.94,872.95,0,0-12 months,High (80+),2,12.6,3.5
TC-03692,Female,0,No,No,15,Yes,Fiber optic,Yes,Yes,No,Month-to-month,Yes,Bank transfer,99.33,1525.58,0,13-24 months,High (80+),1,1.0,2.0
TC-03693,Female,0,No,No,6,Yes,Fiber optic,No,No,Yes,Month-to-month,No,Mailed check,99.68,600.8,1,0-12 months,High (80+),3,10.4,3.33
TC-03694,Male,0,Yes,No,30,Yes,Fiber optic,No,No,No,Two year,No,Electronic check,83.17,2502.45,0,25-48 months,High (80+),1,12.4,3.0
TC-03695,Male,1,Yes,No,9,No,Fiber optic,Yes,No,Yes,Month-to-month,Yes,Mailed check,94.24,844.35,1,0-12 months,High (80+),3,11.4,2.67
TC-03696,Male,0,No,No,41,No,DSL,No,Yes,No,Month-to-month,No,Electronic check,68.29,2862.2,0,25-48 months,Medium (40-79),0,,
TC-03697,Female,0,Yes,No,61,No,Fiber optic,No,No,No,Two year,Yes,Bank transfer,92.5,5744.53,0,49+ months,High (80+),0,,
TC-03698,Male,1,No,No,36,Yes,Fiber optic,Yes,Yes,Yes,Month-to-month,No,Credit card,106.72,3798.4,0,25-48 months,High (80+),2,64.3,5.0
TC-03699,Female,0,No,No,6,Yes,Fiber optic,No,No,No,Month-to-month,Yes,Bank transfer,91.51,564.82,1,0-12 months,High (80+),2,14.1,3.0
TC-03700,Male,0,No,Yes,24,Yes,DSL,No,No,No,Month-to-month,No,Bank transfer,51.56,1220.12,0,13-24 months,Medium (40-79),0,,
TC-03701,Female,0,Yes,No,13,Yes,DSL,No,Yes,No,Month-to-month,No,Mailed check,57.59,769.34,0,13-24 months,Medium (40-79),3,18.6,3.67
TC-03702,Male,1,Yes,No,55,Yes,No internet,No internet service,No internet service,No internet service,Month-to-month,Yes,Mailed check,31.48,1775.64,0,49+ months,Low (<40),0,,
TC-03703,Female,1,No,No,9,Yes,Fiber optic,No,Yes,Yes,Month-to-month,No,Electronic check,94.67,874.86,1,0-12 months,High (80+),1,12.4,3.0
TC-03704,Male,1,Yes,No,56,Yes,DSL,No,Yes,No,Two year,Yes,Credit card,73.24,4151.9,0,49+ months,Medium (40-79),0,,
TC-03705,Female,0,Yes,No,15,Yes,Fiber optic,No,Yes,No,Month-to-month,Yes,Bank transfer,107.65,1583.96,0,13-24 months,High (80+),1,30.5,5.0
TC-03706,Male,0,No,No,36,Yes,Fiber optic,Yes,No,Yes,One year,Yes,Credit card,100.44,3586.03,0,25-48 months,High (80+),0,,
TC-03707,Male,0,Yes,Yes,11,Yes,Fiber optic,Yes,Yes,No,Month-to-month,Yes,Electronic check,102.71,1135.67,0,0-12 months,High (80+),0,,
TC-03708,Female,0,No,No,5,Yes,DSL,Yes,No,No,Month-to-month,Yes,Credit card,65.76,337.37,0,0-12 months,Medium (40-79),0,,
TC-03709,Female,0,No,No,28,Yes,No internet,No internet service,No internet service,No internet service,Two year,No,Credit card,24.01,655.86,0,25-48 months,Low (<40),0,,
TC-03710,Male,0,No,No,9,Yes,Fiber optic,No,No,Yes,Month-to-month,No,Electronic check,92.78,819.53,1,0-12 months,High (80+),1,10.2,3.0
TC-03711,Female,0,No,No,43,Yes,DSL,No,No,No,Two year,Yes,Electronic check,65.45,2781.4,0,25-48 months,Medium (40-79),4,6.8,4.0
TC-03712,Female,0,No,No,41,Yes,Fiber optic,No,Yes,Yes,Month-to-month,Yes,Credit card,101.34,4243.39,1,25-48 months,High (80+),0,,
TC-03713,Male,0,No,No,15,Yes,Fiber optic,No,No,No,One year,Yes,Electronic check,86.97,1271.0,1,13-24 months,High (80+),1,1.2,3.0
TC-03714,Male,0,No,No,43,Yes,Fiber optic,No,No,No,One year,Yes,Mailed check,72.26,3061.92,0,25-48 months,Medium (40-79),1,15.5,4.0
TC-03715,Female,1,No,No,14,Yes,DSL,No,No,No,Month-to-month,Yes,Mailed check,56.19,794.55,0,13-24 months,Medium (40-79),1,27.6,4.0
TC-03716,Male,0,No,No,66,Yes,Fiber optic,No,No,Yes,Month-to-month,Yes,Credit card,92.33,5923.16,0,49+ months,High (80+),1,5.0,3.0
TC-03717,Female,1,No,No,5,Yes,No internet,No internet service,No internet service,No internet service,Month-to-month,Yes,Credit card,18.96,91.99,0,0-12 months,Low (<40),2,13.8,3.5
TC-03718,Female,0,Yes,No,4,Yes,DSL,No,No,No,Month-to-month,Yes,Electronic check,50.14,200.31,1,0-12 months,Medium (40-79),0,,
TC-03719,Female,0,Yes,No,35,Yes,DSL,No,Yes,No,Month-to-month,No,Credit card,60.96,2169.38,0,25-48 months,Medium (40-79),0,,
TC-03720,Male,0,No,No,9,Yes,No internet,No internet service,No internet service,No internet service,Month-to-month,No,Mailed check,32.86,293.25,0,0-12 months,Low (<40),0,,
TC-03721,Female,0,No,Yes,5,No,Fiber optic,No,No,No,Month-to-month,No,Credit card,85.24,419.48,1,0-12 months,High (80+),1,13.1,3.0
TC-03722,Female,0,Yes,No,18,Yes,DSL,No,No,Yes,Month-to-month,Yes,Mailed check,56.45,1026.62,1,13-24 months,Medium (40-79),1,18.7,2.0
TC-03723,Male,0,No,No,6,No,DSL,Yes,No,Yes,Month-to-month,Yes,Credit card,61.74,381.36,0,0-12 months,Medium (40-79),1,29.6,4.0
TC-03724,Male,0,No,No,9,Yes,Fiber optic,No,No,No,Month-to-month,No,Mailed check,86.31,780.49,1,0-12 months,High (80+),2,22.6,2.0
TC-03725,Female,0,No,No,10,Yes,DSL,No,No,No,Month-to-month,Yes,Bank transfer,62.41,618.57,0,0-12 months,Medium (40-79),2,34.3,3.0
TC-03726,Male,0,Yes,Yes,35,Yes,Fiber optic,No,No,No,One year,Yes,Credit card,87.33,3133.61,0,25-48 months,High (80+),1,14.2,4.0
TC-03727,Female,0,Yes,Yes,10,Yes,DSL,Yes,Yes,Yes,Month-to-month,No,Electronic check,81.43,829.86,0,0-12 months,High (80+),0,,
TC-03728,Male,0,Yes,Yes,42,Yes,Fiber optic,Yes,Yes,No,Two year,No,Bank transfer,93.11,3893.65,0,25-48 months,High (80+),0,,
TC-03729,Female,1,No,No,22,Yes,Fiber optic,No,No,Yes,Month-to-month,Yes,Bank transfer,99.52,2156.6,1,13-24 months,High (80+),0,,
TC-03730,Female,0,No,No,44,Yes,Fiber optic,No,No,No,Two year,Yes,Credit card,88.1,3812.16,0,25-48 months,High (80+),0,,
TC-03731,Female,0,Yes,Yes,4,Yes,DSL,Yes,Yes,No,Month-to-month,No,Credit card,56.06,220.92,0,0-12 months,Medium (40-79),1,17.4,5.0
TC-03732,Male,0,No,No,40,Yes,Fiber optic,Yes,No,No,Month-to-month,Yes,Electronic check,99.77,4006.31,0,25-48 months,High (80+),3,22.7,4.67
TC-03733,Female,1,No,No,29,Yes,Fiber optic,Yes,No,No,Month-to-month,Yes,Mailed check,94.77,2723.4,1,25-48 months,High (80+),0,,
TC-03734,Male,0,Yes,No,72,Yes,Fiber optic,No,Yes,Yes,Two year,No,Bank transfer,90.07,6311.53,0,49+ months,High (80+),0,,
TC-03735,Female,0,Yes,No,14,Yes,No internet,No internet service,No internet service,No internet service,Month-to-month,No,Credit card,22.98,319.85,0,13-24 months,Low (<40),0,,
TC-03736,Male,0,Yes,No,52,Yes,DSL,Yes,Yes,No,Two year,Yes,Mailed check,69.5,3640.99,0,49+ months,Medium (40-79),1,20.7,5.0
TC-03737,Female,0,No,No,11,Yes,Fiber optic,Yes,No,No,One year,Yes,Mailed check,83.85,943.39,1,0-12 months,High (80+),2,8.1,3.0
TC-03738,Female,0,No,No,22,No,DSL,No,No,Yes,Month-to-month,No,Mailed check,64.01,1403.17,0,13-24 months,Medium (40-79),1,15.2,5.0
TC-03739,Male,0,No,No,2,Yes,DSL,Yes,Yes,No,Month-to-month,No,Bank transfer,75.4,151.78,0,0-12 months,Medium (40-79),0,,
TC-03740,Female,0,Yes,No,8,Yes,No internet,No internet service,No internet service,No internet service,Month-to-month,Yes,Electronic check,18.8,147.97,1,0-12 months,Low (<40),0,,
TC-03741,Male,0,Yes,No,66,Yes,No internet,No internet service,No internet service,No internet service,Month-to-month,Yes,Electronic check,22.47,1488.01,0,49+ months,Low (<40),1,18.8,3.0
TC-03742,Female,0,Yes,No,22,Yes,Fiber optic,Yes,No,No,One year,No,Bank transfer,88.48,1897.83,0,13-24 months,High (80+),0,,
TC-03743,Male,0,Yes,No,3,Yes,Fiber optic,No,No,Yes,Month-to-month,No,Electronic check,90.13,267.95,1,0-12 months,High (80+),1,37.5,4.0
TC-03744,Male,0,Yes,No,63,No,DSL,Yes,No,No,Two year,Yes,Credit card,61.68,3789.78,0,49+ months,Medium (40-79),0,,
TC-03745,Female,1,No,Yes,15,Yes,Fiber optic,Yes,Yes,Yes,Month-to-month,Yes,Bank transfer,107.92,1624.69,0,13-24 months,High (80+),0,,
TC-03746,Male,0,No,No,20,Yes,DSL,No,No,Yes,Month-to-month,Yes,Electronic check,68.3,1342.62,0,13-24 months,Medium (40-79),0,,
TC-03747,Male,0,No,Yes,8,Yes,Fiber optic,No,No,No,One year,Yes,Bank transfer,79.59,645.92,0,0-12 months,Medium (40-79),2,7.3,3.5
TC-03748,Female,0,Yes,No,35,Yes,DSL,No,No,No,Month-to-month,Yes,Credit card,64.55,2273.31,0,25-48 months,Medium (40-79),0,,
TC-03749,Male,1,No,Yes,31,Yes,DSL,No,No,No,One year,No,Electronic check,56.2,1781.66,0,25-48 months,Medium (40-79),1,14.5,3.0
TC-03750,Female,1,Yes,No,54,Yes,DSL,No,No,Yes,Month-to-month,Yes,Bank transfer,57.91,3088.19,1,49+ months,Medium (40-79),2,25.3,3.5
TC-03751,Male,0,Yes,No,1,Yes,DSL,No,Yes,No,Month-to-month,Yes,Credit card,66.32,66.45,0,0-12 months,Medium (40-79),0,,
TC-03752,Male,0,Yes,Yes,17,Yes,Fiber optic,No,No,No,Month-to-month,No,Mailed check,93.84,1576.94,1,13-24 months,High (80+),1,6.7,1.0
TC-03753,Female,0,No,Yes,13,Yes,DSL,No,No,Yes,Month-to-month,No,Mailed check,67.35,884.01,0,13-24 months,Medium (40-79),0,,
TC-03754,Female,0,No,No,69,Yes,Fiber optic,No,No,No,Two year,Yes,Credit card,93.14,6527.2,0,49+ months,High (80+),1,21.5,4.0
TC-03755,Female,1,Yes,No,62,Yes,Fiber optic,Yes,Yes,Yes,One year,Yes,Credit card,110.65,6928.4,0,49+ months,High (80+),0,,
TC-03756,Female,0,Yes,No,16,Yes,No internet,No internet service,No internet service,No internet service,Month-to-month,Yes,Electronic check,21.6,350.33,0,13-24 months,Low (<40),2,50.0,3.5
TC-03757,Male,0,Yes,No,68,Yes,No internet,No internet service,No internet service,No internet service,Two year,Yes,Mailed check,28.12,1923.68,0,49+ months,Low (<40),1,38.1,1.0
TC-03758,Male,1,Yes,Yes,67,Yes,DSL,No,Yes,Yes,Two year,Yes,Electronic check,68.8,4563.98,0,49+ months,Medium (40-79),0,,
TC-03759,Female,0,Yes,Yes,15,Yes,Fiber optic,Yes,No,Yes,Month-to-month,Yes,Electronic check,101.82,1558.12,0,13-24 months,High (80+),1,15.6,4.0
TC-03760,Female,0,Yes,Yes,38,Yes,DSL,No,Yes,No,Two year,Yes,Electronic check,55.19,2132.58,0,25-48 months,Medium (40-79),0,,
TC-03761,Female,1,Yes,Yes,59,Yes,Fiber optic,No,No,Yes,Month-to-month,Yes,Electronic check,94.36,5727.37,1,49+ months,High (80+),4,8.0,2.75
TC-03762,Female,0,No,No,26,Yes,Fiber optic,No,No,No,One year,Yes,Electronic check,86.84,2260.35,0,25-48 months,High (80+),1,62.2,4.0
TC-03763,Female,0,Yes,No,13,Yes,DSL,No,No,No,Month-to-month,No,Bank transfer,65.91,873.31,0,13-24 months,Medium (40-79),1,23.1,5.0
TC-03764,Male,1,No,No,21,Yes,Fiber optic,No,No,No,Month-to-month,Yes,Bank transfer,84.42,1748.89,1,13-24 months,High (80+),1,18.2,4.0
TC-03765,Female,0,No,No,6,Yes,Fiber optic,Yes,Yes,Yes,Month-to-month,No,Bank transfer,103.45,613.51,0,0-12 months,High (80+),0,,
TC-03766,Male,0,No,No,19,Yes,Fiber optic,Yes,No,No,One year,No,Electronic check,107.6,1993.5,1,13-24 months,High (80+),2,10.7,2.5
TC-03767,Male,0,No,No,32,Yes,Fiber optic,No,Yes,No,Month-to-month,No,Bank transfer,89.63,2838.47,1,25-48 months,High (80+),1,9.1,4.0
TC-03768,Female,0,No,No,29,Yes,DSL,Yes,No,No,One year,No,Bank transfer,65.8,1869.77,0,25-48 months,Medium (40-79),1,10.4,3.0
TC-03769,Male,0,No,No,35,Yes,DSL,No,No,Yes,Two year,Yes,Credit card,68.34,2410.04,0,25-48 months,Medium (40-79),1,2.2,4.0
TC-03770,Male,1,Yes,No,13,Yes,DSL,No,No,No,Month-to-month,Yes,Bank transfer,46.66,619.23,0,13-24 months,Medium (40-79),0,,
TC-03771,Female,1,No,No,5,Yes,No internet,No internet service,No internet service,No internet service,Month-to-month,No,Electronic check,20.46,100.69,1,0-12 months,Low (<40),0,,
TC-03772,Male,1,Yes,No,24,Yes,No internet,No internet service,No internet service,No internet service,One year,Yes,Mailed check,28.16,693.89,1,13-24 months,Low (<40),0,,
TC-03773,Male,0,No,No,19,Yes,Fiber optic,Yes,No,Yes,Month-to-month,Yes,Bank transfer,108.63,2005.89,1,13-24 months,High (80+),1,11.8,2.0
TC-03774,Male,0,Yes,Yes,8,Yes,Fiber optic,Yes,No,No,Month-to-month,Yes,Electronic check,90.05,704.31,1,0-12 months,High (80+),2,34.1,2.5
TC-03775,Female,0,Yes,No,7,Yes,No internet,No internet service,No internet service,No internet service,Month-to-month,Yes,Electronic check,28.83,203.57,0,0-12 months,Low (<40),0,,
TC-03776,Female,0,No,No,69,No,Fiber optic,No,No,No,One year,No,Mailed check,77.09,5199.83,0,49+ months,Medium (40-79),1,16.8,5.0
TC-03777,Male,0,Yes,Yes,39,Yes,Fiber optic,No,Yes,No,Two year,Yes,Electronic check,88.37,3478.57,0,25-48 months,High (80+),3,12.6,4.0
TC-03778,Female,1,No,Yes,66,Yes,Fiber optic,No,No,No,Two year,Yes,Credit card,89.03,5994.33,0,49+ months,High (80+),1,14.0,3.0
TC-03779,Female,0,Yes,Yes,48,Yes,Fiber optic,No,No,Yes,Two year,Yes,Credit card,91.48,4517.21,0,25-48 months,High (80+),1,8.9,4.0
TC-03780,Male,0,No,No,27,Yes,DSL,Yes,No,Yes,Month-to-month,Yes,Bank transfer,70.35,1941.67,1,25-48 months,Medium (40-79),1,33.3,3.0
TC-03781,Male,0,No,Yes,60,Yes,Fiber optic,Yes,No,Yes,Two year,No,Bank transfer,93.72,5613.47,0,49+ months,High (80+),2,17.5,2.5
TC-03782,Male,0,Yes,No,72,Yes,Fiber optic,No,No,No,One year,Yes,Credit card,94.93,6657.8,0,49+ months,High (80+),1,27.8,3.0
TC-03783,Male,0,Yes,Yes,16,Yes,Fiber optic,No,No,No,Month-to-month,Yes,Electronic check,86.15,1360.5,1,13-24 months,High (80+),2,15.0,3.0
TC-03784,Female,0,Yes,Yes,72,Yes,DSL,No,No,No,Two year,No,Credit card,59.66,4350.6,0,49+ months,Medium (40-79),1,44.6,4.0
TC-03785,Male,0,No,No,21,Yes,Fiber optic,Yes,Yes,No,Month-to-month,No,Bank transfer,101.01,2109.49,0,13-24 months,High (80+),2,15.9,2.0
TC-03786,Male,0,Yes,No,17,Yes,Fiber optic,Yes,No,Yes,One year,Yes,Mailed check,93.89,1614.09,0,13-24 months,High (80+),1,14.0,3.0
TC-03787,Female,0,No,No,42,Yes,Fiber optic,Yes,No,No,One year,Yes,Electronic check,96.54,4036.62,0,25-48 months,High (80+),1,44.9,3.0
TC-03788,Female,1,Yes,No,25,Yes,Fiber optic,No,Yes,Yes,Two year,No,Mailed check,89.22,2172.23,0,25-48 months,High (80+),2,29.9,4.5
TC-03789,Female,1,Yes,No,37,Yes,DSL,No,No,Yes,One year,No,Electronic check,64.02,2412.62,0,25-48 months,Medium (40-79),0,,
TC-03790,Female,1,Yes,Yes,72,Yes,No internet,No internet service,No internet service,No internet service,Two year,Yes,Electronic check,28.4,2027.51,0,49+ months,Low (<40),0,,
TC-03791,Female,0,Yes,No,17,Yes,DSL,No,No,No,Month-to-month,Yes,Credit card,44.07,729.32,0,13-24 months,Medium (40-79),0,,
TC-03792,Female,0,Yes,No,26,Yes,No internet,No internet service,No internet service,No internet service,Month-to-month,Yes,Electronic check,18.0,474.1,0,25-48 months,Low (<40),1,4.1,3.0
TC-03793,Male,0,Yes,No,7,Yes,No internet,No internet service,No internet service,No internet service,Month-to-month,No,Mailed check,20.49,141.1,0,0-12 months,Low (<40),2,8.3,3.5
TC-03794,Female,0,No,No,10,Yes,DSL,No,No,No,One year,Yes,Electronic check,64.42,627.1,0,0-12 months,Medium (40-79),0,,
TC-03795,Female,0,No,No,18,Yes,DSL,No,No,Yes,Month-to-month,Yes,Electronic check,72.06,1307.69,0,13-24 months,Medium (40-79),2,14.0,4.0
TC-03796,Female,0,Yes,No,3,Yes,Fiber optic,No,No,No,Month-to-month,Yes,Bank transfer,89.89,274.16,0,0-12 months,High (80+),2,14.4,4.0
TC-03797,Male,0,Yes,No,14,Yes,DSL,No,Yes,Yes,Month-to-month,Yes,Bank transfer,66.65,944.79,1,13-24 months,Medium (40-79),0,,
TC-03798,Male,0,Yes,No,33,Yes,DSL,Yes,No,Yes,One year,No,Mailed check,70.1,2364.19,0,25-48 months,Medium (40-79),1,4.4,4.0
TC-03799,Male,0,No,Yes,38,Yes,Fiber optic,No,No,Yes,Month-to-month,No,Bank transfer,93.64,3484.08,1,25-48 months,High (80+),1,7.3,2.0
TC-03800,Female,0,Yes,No,17,Yes,DSL,No,Yes,Yes,Two year,No,Electronic check,77.14,1277.51,0,13-24 months,Medium (40-79),0,,
TC-03801,Male,0,No,Yes,9,Yes,DSL,Yes,No,Yes,Month-to-month,Yes,Mailed check,73.34,677.29,0,0-12 months,Medium (40-79),1,7.2,3.0
TC-03802,Male,1,Yes,No,49,Yes,No internet,No internet service,No internet service,No internet service,Two year,Yes,Credit card,19.09,960.97,0,49+ months,Low (<40),0,,
TC-03803,Male,0,No,No,40,Yes,Fiber optic,No,Yes,No,One year,No,Mailed check,84.46,3436.81,1,25-48 months,High (80+),1,17.6,4.0
TC-03804,Male,0,No,No,19,Yes,Fiber optic,No,Yes,No,Month-to-month,No,Bank transfer,93.09,1814.27,1,13-24 months,High (80+),0,,
TC-03805,Male,0,No,No,10,Yes,No internet,No internet service,No internet service,No internet service,Month-to-month,Yes,Electronic check,22.96,233.01,0,0-12 months,Low (<40),1,14.2,5.0
TC-03806,Female,0,Yes,No,10,Yes,Fiber optic,No,No,No,Month-to-month,No,Mailed check,79.53,779.81,0,0-12 months,Medium (40-79),4,20.0,2.5
TC-03807,Male,0,Yes,Yes,20,Yes,Fiber optic,No,No,No,Month-to-month,Yes,Mailed check,86.81,1706.45,1,13-24 months,High (80+),1,36.0,1.0
TC-03808,Female,0,No,No,27,Yes,No internet,No internet service,No internet service,No internet service,Month-to-month,Yes,Bank transfer,19.66,544.62,1,25-48 months,Low (<40),0,,
TC-03809,Female,0,No,No,37,Yes,DSL,No,Yes,Yes,Month-to-month,Yes,Credit card,83.8,3043.92,0,25-48 months,High (80+),0,,
TC-03810,Male,0,Yes,Yes,31,Yes,Fiber optic,No,No,Yes,Month-to-month,Yes,Electronic check,87.1,2645.13,0,25-48 months,High (80+),2,34.5,3.5
TC-03811,Male,1,Yes,No,16,Yes,Fiber optic,No,No,No,Month-to-month,Yes,Bank transfer,80.92,1272.77,1,13-24 months,High (80+),5,23.1,3.2
TC-03812,Female,0,Yes,No,0,Yes,No internet,No internet service,No internet service,No internet service,Month-to-month,Yes,Mailed check,21.97,0.0,0,0-12 months,Low (<40),1,19.0,4.0
TC-03813,Male,1,Yes,Yes,34,Yes,Fiber optic,Yes,No,No,Two year,Yes,Bank transfer,80.88,2724.58,0,25-48 months,High (80+),2,12.1,4.5
TC-03814,Female,0,No,Yes,25,Yes,No internet,No internet service,No internet service,No internet service,One year,Yes,Mailed check,18.0,460.15,0,25-48 months,Low (<40),0,,
TC-03815,Male,0,No,No,6,Yes,Fiber optic,No,No,Yes,Month-to-month,No,Bank transfer,84.64,517.92,1,0-12 months,High (80+),1,14.7,2.0
TC-03816,Female,0,No,Yes,15,Yes,DSL,Yes,No,Yes,Month-to-month,Yes,Electronic check,66.46,987.67,0,13-24 months,Medium (40-79),1,21.9,3.0
TC-03817,Male,1,No,No,17,Yes,Fiber optic,No,No,No,Month-to-month,Yes,Bank transfer,82.2,1417.91,0,13-24 months,High (80+),0,,
TC-03818,Male,0,No,No,38,Yes,Fiber optic,No,No,No,Month-to-month,No,Electronic check,99.84,3800.79,1,25-48 months,High (80+),0,,
TC-03819,Male,0,Yes,No,14,Yes,Fiber optic,No,No,Yes,Month-to-month,No,Bank transfer,103.65,1423.78,1,13-24 months,High (80+),2,7.8,2.5
TC-03820,Female,0,No,Yes,14,Yes,DSL,No,Yes,No,Month-to-month,No,Electronic check,53.21,731.27,0,13-24 months,Medium (40-79),1,22.4,4.0
TC-03821,Male,0,Yes,Yes,11,Yes,No internet,No internet service,No internet service,No internet service,Month-to-month,Yes,Credit card,18.0,201.52,0,0-12 months,Low (<40),2,10.8,3.5
TC-03822,Male,0,No,Yes,41,Yes,No internet,No internet service,No internet service,No internet service,One year,No,Electronic check,30.13,1215.8,0,25-48 months,Low (<40),0,,
TC-03823,Male,1,No,No,52,Yes,DSL,No,No,No,Month-to-month,Yes,Electronic check,54.58,2782.7,0,49+ months,Medium (40-79),0,,
TC-03824,Female,0,Yes,No,72,Yes,No internet,No internet service,No internet service,No internet service,One year,Yes,Electronic check,24.8,1754.25,0,49+ months,Low (<40),1,5.1,4.0
TC-03825,Female,0,Yes,No,22,No,DSL,No,Yes,No,Month-to-month,Yes,Mailed check,63.71,1364.91,0,13-24 months,Medium (40-79),1,18.2,5.0
TC-03826,Female,0,Yes,No,16,Yes,Fiber optic,No,No,Yes,Month-to-month,Yes,Electronic check,104.55,1641.09,1,13-24 months,High (80+),3,8.0,3.0
TC-03827,Female,0,Yes,Yes,42,Yes,No internet,No internet service,No internet service,No internet service,Month-to-month,No,Electronic check,33.66,1402.49,0,25-48 months,Low (<40),0,,
TC-03828,Male,1,No,No,20,Yes,DSL,No,No,Yes,Month-to-month,Yes,Electronic check,74.63,1518.64,0,13-24 months,Medium (40-79),1,20.5,3.0
TC-03829,Male,0,No,No,66,Yes,No internet,No internet service,No internet service,No internet service,Month-to-month,Yes,Electronic check,23.02,1500.88,0,49+ months,Low (<40),3,12.6,3.67
TC-03830,Male,0,Yes,Yes,15,Yes,No internet,No internet service,No internet service,No internet service,Month-to-month,Yes,Credit card,23.92,362.25,0,13-24 months,Low (<40),1,20.3,3.0
TC-03831,Male,1,Yes,No,27,Yes,Fiber optic,No,No,No,Two year,No,Electronic check,87.01,2327.08,0,25-48 months,High (80+),5,12.1,4.0
TC-03832,Female,0,Yes,Yes,9,Yes,Fiber optic,No,Yes,No,Month-to-month,Yes,Credit card,90.64,819.75,0,0-12 months,High (80+),2,9.8,4.0
TC-03833,Female,0,No,Yes,55,Yes,DSL,No,No,No,Month-to-month,Yes,Credit card,46.49,2555.43,0,49+ months,Medium (40-79),0,,
TC-03834,Female,0,No,Yes,22,Yes,Fiber optic,No,No,Yes,Month-to-month,No,Bank transfer,89.82,1997.62,1,13-24 months,High (80+),3,23.0,3.0
TC-03835,Male,0,Yes,No,38,Yes,DSL,No,No,No,Two year,Yes,Mailed check,47.62,1819.82,0,25-48 months,Medium (40-79),1,17.8,2.0
TC-03836,Female,0,No,No,38,Yes,DSL,No,No,No,Two year,No,Electronic check,58.47,2175.14,0,25-48 months,Medium (40-79),0,,
TC-03837,Female,0,Yes,Yes,37,Yes,No internet,No internet service,No internet service,No internet service,One year,Yes,Credit card,26.0,944.49,0,25-48 months,Low (<40),0,,
TC-03838,Female,0,Yes,No,16,Yes,Fiber optic,No,No,No,Month-to-month,No,Mailed check,89.31,1409.61,1,13-24 months,High (80+),2,55.5,3.0
TC-03839,Female,0,No,Yes,32,Yes,DSL,No,No,No,One year,No,Bank transfer,51.07,1635.07,0,25-48 months,Medium (40-79),1,42.4,3.0
TC-03840,Female,0,No,No,58,Yes,DSL,No,No,Yes,Two year,No,Bank transfer,73.36,4355.09,0,49+ months,Medium (40-79),1,33.3,4.0
TC-03841,Female,0,Yes,No,8,Yes,Fiber optic,No,No,No,Month-to-month,Yes,Bank transfer,75.9,601.65,0,0-12 months,Medium (40-79),2,22.1,3.5
TC-03842,Female,0,No,No,51,Yes,DSL,No,No,No,One year,No,Bank transfer,60.36,3146.11,0,49+ months,Medium (40-79),1,8.1,5.0
TC-03843,Male,0,Yes,No,6,Yes,No internet,No internet service,No internet service,No internet service,One year,Yes,Mailed check,21.25,129.59,0,0-12 months,Low (<40),1,15.0,2.0
TC-03844,Male,1,No,No,15,Yes,No internet,No internet service,No internet service,No internet service,Month-to-month,Yes,Bank transfer,21.06,307.35,0,13-24 months,Low (<40),0,,
TC-03845,Female,0,No,No,31,Yes,Fiber optic,No,Yes,No,Month-to-month,Yes,Mailed check,95.78,2887.07,1,25-48 months,High (80+),0,,
TC-03846,Female,0,Yes,No,72,No,Fiber optic,Yes,No,Yes,One year,Yes,Credit card,106.13,7505.86,0,49+ months,High (80+),0,,
TC-03847,Male,0,No,Yes,11,No,Fiber optic,No,No,Yes,Month-to-month,No,Mailed check,89.0,979.99,1,0-12 months,High (80+),1,12.1,3.0
TC-03848,Female,0,Yes,No,16,Yes,Fiber optic,Yes,No,Yes,Month-to-month,Yes,Electronic check,98.55,1610.25,1,13-24 months,High (80+),2,16.9,2.5
TC-03849,Male,0,Yes,No,9,Yes,Fiber optic,No,No,Yes,Month-to-month,Yes,Electronic check,93.97,845.77,0,0-12 months,High (80+),3,12.3,3.0
TC-03850,Male,0,Yes,No,38,Yes,Fiber optic,No,No,Yes,Two year,Yes,Electronic check,98.09,3796.82,1,25-48 months,High (80+),6,11.1,2.83
TC-03851,Female,0,Yes,No,6,Yes,DSL,No,No,Yes,Month-to-month,Yes,Electronic check,55.03,320.89,1,0-12 months,Medium (40-79),3,21.5,2.33
TC-03852,Female,0,Yes,No,2,Yes,Fiber optic,Yes,No,Yes,Month-to-month,Yes,Mailed check,89.51,175.08,1,0-12 months,High (80+),2,30.5,4.0
TC-03853,Male,0,Yes,No,12,Yes,DSL,Yes,No,No,Month-to-month,Yes,Bank transfer,79.23,944.55,0,0-12 months,Medium (40-79),1,12.8,3.0
TC-03854,Male,0,Yes,Yes,72,Yes,Fiber optic,No,Yes,Yes,Two year,No,Electronic check,104.29,7620.99,0,49+ months,High (80+),0,,
TC-03855,Male,1,Yes,No,10,Yes,Fiber optic,No,No,Yes,Month-to-month,Yes,Electronic check,94.54,938.5,1,0-12 months,High (80+),2,27.6,2.0
TC-03856,Female,0,Yes,No,31,Yes,Fiber optic,Yes,Yes,Yes,One year,Yes,Electronic check,103.66,3239.14,0,25-48 months,High (80+),2,19.0,3.0
TC-03857,Male,0,Yes,No,54,Yes,DSL,No,No,Yes,Month-to-month,Yes,Electronic check,66.77,3511.45,1,49+ months,Medium (40-79),2,14.1,3.5
TC-03858,Male,0,Yes,No,26,Yes,DSL,Yes,Yes,No,One year,No,Mailed check,60.69,1588.88,0,25-48 months,Medium (40-79),1,3.9,5.0
TC-03859,Female,0,No,Yes,10,No,Fiber optic,No,No,No,Month-to-month,No,Electronic check,82.73,841.66,1,0-12 months,High (80+),3,10.8,1.67
TC-03860,Female,0,No,No,23,Yes,Fiber optic,No,No,No,One year,Yes,Bank transfer,84.31,1881.36,0,13-24 months,High (80+),1,15.6,3.0
TC-03861,Female,0,Yes,Yes,4,Yes,Fiber optic,No,No,Yes,Month-to-month,Yes,Credit card,90.19,370.69,1,0-12 months,High (80+),1,7.1,3.0
TC-03862,Female,0,Yes,No,26,Yes,Fiber optic,Yes,No,Yes,One year,No,Bank transfer,94.51,2406.34,0,25-48 months,High (80+),0,,
TC-03863,Male,0,No,No,15,No,Fiber optic,No,No,No,Month-to-month,Yes,Electronic check,80.84,1204.94,0,13-24 months,High (80+),1,17.6,4.0
TC-03864,Female,0,Yes,Yes,38,Yes,Fiber optic,No,No,Yes,Month-to-month,No,Mailed check,114.36,4346.26,1,25-48 months,High (80+),1,19.3,5.0
TC-03865,Female,0,No,No,12,Yes,DSL,No,Yes,Yes,Month-to-month,No,Mailed check,77.81,922.23,0,0-12 months,Medium (40-79),0,,
TC-03866,Male,1,Yes,No,12,Yes,Fiber optic,No,No,No,Month-to-month,Yes,Bank transfer,77.05,912.53,1,0-12 months,Medium (40-79),2,16.2,2.0
TC-03867,Male,0,Yes,No,15,Yes,Fiber optic,No,Yes,No,Month-to-month,No,Mailed check,86.96,1284.48,1,13-24 months,High (80+),1,7.9,2.0
TC-03868,Female,0,No,No,25,Yes,No internet,No internet service,No internet service,No internet service,Month-to-month,No,Credit card,23.65,600.81,1,25-48 months,Low (<40),0,,
TC-03869,Female,0,Yes,No,6,Yes,Fiber optic,No,No,Yes,Month-to-month,No,Mailed check,89.91,555.46,1,0-12 months,High (80+),2,10.4,2.5
TC-03870,Male,0,Yes,Yes,13,No,Fiber optic,No,No,No,Month-to-month,No,Credit card,89.07,1190.38,1,13-24 months,High (80+),1,4.8,2.0
TC-03871,Male,0,No,No,40,Yes,No internet,No internet service,No internet service,No internet service,Two year,Yes,Mailed check,36.19,1470.51,0,25-48 months,Low (<40),0,,
TC-03872,Male,1,Yes,No,12,Yes,DSL,No,Yes,No,Month-to-month,Yes,Bank transfer,47.07,563.8,0,0-12 months,Medium (40-79),0,,
TC-03873,Female,0,Yes,Yes,11,Yes,No internet,No internet service,No internet service,No internet service,Month-to-month,Yes,Electronic check,29.64,326.69,1,0-12 months,Low (<40),1,17.3,3.0
TC-03874,Male,0,Yes,Yes,43,Yes,No internet,No internet service,No internet service,No internet service,One year,Yes,Mailed check,22.34,966.14,0,25-48 months,Low (<40),0,,
TC-03875,Male,0,Yes,No,35,Yes,DSL,Yes,No,No,Two year,Yes,Mailed check,53.72,1906.74,0,25-48 months,Medium (40-79),1,18.1,3.0
TC-03876,Male,0,Yes,No,44,Yes,DSL,No,Yes,No,One year,No,Credit card,57.97,2565.04,0,25-48 months,Medium (40-79),0,,
TC-03877,Female,0,No,No,6,Yes,Fiber optic,No,No,Yes,Month-to-month,No,Electronic check,76.62,446.06,1,0-12 months,Medium (40-79),3,11.7,3.33
TC-03878,Female,0,No,Yes,13,Yes,Fiber optic,No,No,Yes,Month-to-month,No,Bank transfer,85.04,1124.82,1,13-24 months,High (80+),1,11.0,1.0
TC-03879,Male,1,Yes,Yes,26,Yes,DSL,No,Yes,Yes,Month-to-month,No,Credit card,83.51,2229.17,0,25-48 months,High (80+),1,12.8,3.0
TC-03880,Male,1,No,No,30,Yes,No internet,No internet service,No internet service,No internet service,One year,Yes,Bank transfer,18.0,529.94,0,25-48 months,Low (<40),3,20.6,3.67
TC-03881,Male,1,No,No,22,Yes,DSL,No,Yes,No,Month-to-month,Yes,Credit card,48.28,1080.31,0,13-24 months,Medium (40-79),2,23.4,4.0
TC-03882,Male,0,Yes,No,33,Yes,Fiber optic,No,No,Yes,Month-to-month,Yes,Bank transfer,96.46,3140.1,1,25-48 months,High (80+),2,19.0,2.5
TC-03883,Male,0,No,Yes,12,Yes,DSL,No,No,Yes,Month-to-month,Yes,Mailed check,76.46,943.08,1,0-12 months,Medium (40-79),0,,
TC-03884,Female,0,No,No,46,Yes,Fiber optic,No,No,Yes,Two year,Yes,Electronic check,104.59,4753.74,1,25-48 months,High (80+),1,15.8,1.0
TC-03885,Female,0,No,Yes,44,No,DSL,No,Yes,Yes,Month-to-month,Yes,Electronic check,61.73,2772.08,0,25-48 months,Medium (40-79),0,,
TC-03886,Male,1,Yes,No,29,Yes,DSL,Yes,No,Yes,One year,No,Electronic check,66.68,1980.03,0,25-48 months,Medium (40-79),2,53.4,3.5
TC-03887,Male,1,Yes,No,58,Yes,No internet,No internet service,No internet service,No internet service,One year,No,Bank transfer,20.49,1212.03,0,49+ months,Low (<40),1,22.7,3.0
TC-03888,Female,0,No,No,11,Yes,Fiber optic,No,No,No,Month-to-month,Yes,Electronic check,88.63,993.61,1,0-12 months,High (80+),2,11.6,4.5
TC-03889,Female,0,No,No,28,Yes,No internet,No internet service,No internet service,No internet service,One year,Yes,Bank transfer,18.0,497.92,0,25-48 months,Low (<40),2,18.0,3.5
TC-03890,Female,0,No,No,19,Yes,DSL,No,No,Yes,Month-to-month,No,Credit card,71.57,1328.52,0,13-24 months,Medium (40-79),0,,
TC-03891,Female,0,Yes,No,10,No,Fiber optic,No,No,No,Month-to-month,Yes,Credit card,92.87,917.53,1,0-12 months,High (80+),1,10.3,1.0
TC-03892,Male,0,No,No,10,Yes,Fiber optic,Yes,No,No,Month-to-month,No,Bank transfer,88.81,885.86,0,0-12 months,High (80+),2,10.4,4.5
TC-03893,Male,1,Yes,Yes,34,Yes,Fiber optic,No,Yes,No,Month-to-month,Yes,Credit card,93.47,3236.38,0,25-48 months,High (80+),2,15.0,3.0
TC-03894,Female,0,No,No,26,Yes,DSL,Yes,No,No,One year,Yes,Electronic check,73.53,1966.6,0,25-48 months,Medium (40-79),1,34.5,3.0
TC-03895,Male,0,No,No,29,Yes,No internet,No internet service,No internet service,No internet service,Month-to-month,Yes,Credit card,20.18,591.29,0,25-48 months,Low (<40),2,9.8,4.5
TC-03896,Female,1,Yes,Yes,19,Yes,DSL,No,No,Yes,Month-to-month,Yes,Electronic check,74.82,1440.59,0,13-24 months,Medium (40-79),0,,
TC-03897,Female,0,No,No,5,Yes,Fiber optic,No,Yes,No,Month-to-month,Yes,Credit card,86.93,440.88,1,0-12 months,High (80+),1,8.4,3.0
TC-03898,Female,0,Yes,No,38,Yes,DSL,No,Yes,Yes,Two year,Yes,Electronic check,72.44,2694.04,0,25-48 months,Medium (40-79),0,,
TC-03899,Male,0,Yes,Yes,21,Yes,DSL,No,Yes,No,Month-to-month,Yes,Bank transfer,62.83,1356.74,1,13-24 months,Medium (40-79),1,28.5,2.0
TC-03900,Female,0,No,Yes,4,Yes,DSL,Yes,No,No,Month-to-month,Yes,Electronic check,61.11,240.49,1,0-12 months,Medium (40-79),1,3.2,2.0
TC-03901,Female,0,No,Yes,18,Yes,Fiber optic,Yes,Yes,No,One year,No,Mailed check,98.04,1726.04,0,13-24 months,High (80+),1,19.6,4.0
TC-03902,Female,1,Yes,No,41,Yes,Fiber optic,No,No,Yes,Two year,No,Bank transfer,96.18,3869.13,0,25-48 months,High (80+),2,24.0,4.0
TC-03903,Female,0,Yes,No,11,Yes,Fiber optic,Yes,No,Yes,One year,No,Bank transfer,99.21,1090.59,0,0-12 months,High (80+),5,7.9,4.0
TC-03904,Female,0,No,No,2,Yes,DSL,No,No,No,Month-to-month,Yes,Electronic check,59.47,116.36,0,0-12 months,Medium (40-79),3,25.0,4.33
TC-03905,Male,0,Yes,Yes,4,Yes,Fiber optic,No,Yes,No,Month-to-month,Yes,Bank transfer,94.28,379.67,1,0-12 months,High (80+),1,18.8,3.0
TC-03906,Male,0,No,No,26,No,Fiber optic,No,Yes,No,Month-to-month,Yes,Bank transfer,82.37,2205.21,1,25-48 months,High (80+),0,,
TC-03907,Female,0,No,No,46,Yes,DSL,No,No,No,Two year,Yes,Electronic check,51.23,2391.13,0,25-48 months,Medium (40-79),2,6.6,3.0
TC-03908,Female,0,Yes,Yes,37,Yes,Fiber optic,Yes,No,No,One year,No,Mailed check,89.6,3392.91,0,25-48 months,High (80+),2,25.3,2.0
TC-03909,Female,0,No,No,6,Yes,Fiber optic,Yes,No,No,Month-to-month,No,Bank transfer,94.51,564.1,1,0-12 months,High (80+),4,13.7,2.25
TC-03910,Male,0,Yes,No,59,Yes,DSL,No,No,Yes,Two year,Yes,Bank transfer,60.76,3546.33,0,49+ months,Medium (40-79),1,33.7,3.0
TC-03911,Male,0,No,Yes,30,Yes,Fiber optic,No,No,No,Month-to-month,No,Credit card,89.07,2619.58,0,25-48 months,High (80+),3,30.2,4.0
TC-03912,Male,1,No,No,24,Yes,Fiber optic,No,No,No,Month-to-month,No,Credit card,81.83,1973.25,0,13-24 months,High (80+),0,,
TC-03913,Female,0,No,No,59,Yes,No internet,No internet service,No internet service,No internet service,Two year,Yes,Mailed check,20.22,1160.89,0,49+ months,Low (<40),1,23.6,5.0
TC-03914,Female,0,No,No,50,No,Fiber optic,No,Yes,No,Two year,Yes,Mailed check,93.9,4745.68,0,49+ months,High (80+),0,,
TC-03915,Female,0,Yes,Yes,36,Yes,No internet,No internet service,No internet service,No internet service,Month-to-month,No,Electronic check,22.12,787.03,0,25-48 months,Low (<40),2,11.9,4.0
TC-03916,Female,0,No,Yes,11,Yes,Fiber optic,No,No,Yes,Month-to-month,Yes,Bank transfer,90.87,997.91,1,0-12 months,High (80+),3,23.7,3.0
TC-03917,Female,0,Yes,No,15,Yes,DSL,No,No,Yes,Month-to-month,Yes,Bank transfer,70.72,1079.68,1,13-24 months,Medium (40-79),1,15.4,1.0
TC-03918,Female,0,No,No,18,Yes,Fiber optic,No,No,Yes,One year,Yes,Bank transfer,95.0,1671.14,1,13-24 months,High (80+),2,27.1,3.0
TC-03919,Female,0,No,Yes,33,Yes,No internet,No internet service,No internet service,No internet service,Month-to-month,Yes,Credit card,18.0,607.42,0,25-48 months,Low (<40),2,14.8,4.5
TC-03920,Male,1,Yes,No,36,Yes,Fiber optic,No,No,No,One year,Yes,Electronic check,67.67,2440.05,0,25-48 months,Medium (40-79),2,18.6,4.0
TC-03921,Male,0,No,No,31,Yes,DSL,No,No,No,One year,No,Bank transfer,67.27,2052.32,0,25-48 months,Medium (40-79),1,29.9,5.0
TC-03922,Female,0,No,Yes,4,Yes,No internet,No internet service,No internet service,No internet service,Month-to-month,No,Electronic check,18.0,73.79,0,0-12 months,Low (<40),0,,
TC-03923,Male,0,No,No,20,Yes,No internet,No internet service,No internet service,No internet service,Two year,No,Bank transfer,22.25,436.17,0,13-24 months,Low (<40),1,16.8,4.0
TC-03924,Female,0,No,No,10,Yes,Fiber optic,Yes,No,No,Month-to-month,Yes,Bank transfer,92.11,928.0,0,0-12 months,High (80+),1,25.1,4.0
TC-03925,Female,0,Yes,No,40,Yes,No internet,No internet service,No internet service,No internet service,One year,Yes,Electronic check,18.0,715.76,0,25-48 months,Low (<40),1,24.9,3.0
TC-03926,Male,0,No,No,19,Yes,No internet,No internet service,No internet service,No internet service,Month-to-month,No,Bank transfer,26.99,511.61,0,13-24 months,Low (<40),1,20.0,4.0
TC-03927,Male,0,Yes,No,6,Yes,Fiber optic,No,No,Yes,Month-to-month,Yes,Credit card,100.49,616.29,0,0-12 months,High (80+),2,8.6,5.0
TC-03928,Female,0,Yes,Yes,11,Yes,DSL,Yes,No,No,Month-to-month,No,Electronic check,58.96,630.9,1,0-12 months,Medium (40-79),0,,
TC-03929,Female,0,No,No,30,Yes,Fiber optic,No,No,No,Month-to-month,Yes,Bank transfer,85.06,2571.27,0,25-48 months,High (80+),2,10.3,3.5
TC-03930,Male,0,Yes,No,13,Yes,DSL,Yes,Yes,Yes,Month-to-month,Yes,Bank transfer,91.94,1172.41,1,13-24 months,High (80+),1,27.7,3.0
TC-03931,Female,0,No,No,16,Yes,No internet,No internet service,No internet service,No internet service,Month-to-month,Yes,Credit card,18.0,288.05,0,13-24 months,Low (<40),4,13.6,4.25
TC-03932,Female,0,No,No,4,Yes,Fiber optic,No,No,Yes,Month-to-month,Yes,Bank transfer,86.12,343.16,1,0-12 months,High (80+),1,17.2,3.0
TC-03933,Male,0,No,No,17,Yes,No internet,No internet service,No internet service,No internet service,Month-to-month,No,Bank transfer,20.92,346.07,0,13-24 months,Low (<40),0,,
TC-03934,Female,0,No,No,3,Yes,DSL,No,Yes,No,Month-to-month,Yes,Credit card,61.31,187.87,0,0-12 months,Medium (40-79),2,21.7,3.5
TC-03935,Male,0,Yes,No,14,No,Fiber optic,No,No,Yes,One year,Yes,Bank transfer,86.99,1199.41,0,13-24 months,High (80+),3,13.5,3.67
TC-03936,Male,0,Yes,No,21,Yes,Fiber optic,No,Yes,No,Two year,Yes,Bank transfer,90.16,1931.7,0,13-24 months,High (80+),3,23.1,3.67
TC-03937,Male,0,No,Yes,11,Yes,Fiber optic,No,No,Yes,Month-to-month,Yes,Electronic check,89.9,972.05,1,0-12 months,High (80+),1,17.1,2.0
TC-03938,Female,0,Yes,No,67,No,Fiber optic,No,Yes,No,Two year,Yes,Mailed check,98.08,6735.85,0,49+ months,High (80+),1,4.0,3.0
TC-03939,Female,0,No,No,39,Yes,No internet,No internet service,No internet service,No internet service,One year,No,Mailed check,30.1,1193.5,0,25-48 months,Low (<40),0,,
TC-03940,Male,0,Yes,No,0,Yes,DSL,No,No,Yes,Month-to-month,No,Electronic check,78.71,0.0,0,0-12 months,Medium (40-79),1,39.2,2.0
TC-03941,Male,0,Yes,No,7,Yes,No internet,No internet service,No internet service,No internet service,Month-to-month,No,Mailed check,35.59,243.98,0,0-12 months,Low (<40),0,,
TC-03942,Male,0,Yes,Yes,38,Yes,DSL,No,Yes,Yes,Two year,No,Electronic check,70.63,2611.46,0,25-48 months,Medium (40-79),1,3.7,5.0
TC-03943,Female,0,Yes,Yes,4,Yes,DSL,Yes,No,No,Month-to-month,No,Bank transfer,60.24,234.05,0,0-12 months,Medium (40-79),0,,
TC-03944,Female,0,Yes,No,6,Yes,DSL,Yes,Yes,No,Month-to-month,Yes,Bank transfer,78.76,465.56,1,0-12 months,Medium (40-79),0,,
TC-03945,Male,1,No,Yes,22,Yes,Fiber optic,No,Yes,No,One year,Yes,Credit card,97.39,2109.1,1,13-24 months,High (80+),0,,
TC-03946,Female,0,Yes,No,18,Yes,Fiber optic,No,No,No,One year,No,Electronic check,91.63,1674.64,0,13-24 months,High (80+),0,,
TC-03947,Female,0,Yes,No,25,Yes,Fiber optic,No,No,No,Two year,No,Bank transfer,77.41,1940.04,0,25-48 months,Medium (40-79),1,9.1,4.0
TC-03948,Male,0,Yes,No,12,Yes,Fiber optic,Yes,No,Yes,Month-to-month,Yes,Electronic check,107.1,1298.54,1,0-12 months,High (80+),2,17.9,3.5
TC-03949,Male,1,No,No,13,Yes,Fiber optic,No,No,No,Month-to-month,Yes,Credit card,90.23,1140.62,0,13-24 months,High (80+),3,10.5,3.33
TC-03950,Male,0,Yes,No,10,Yes,DSL,No,No,No,Month-to-month,No,Bank transfer,53.08,529.76,0,0-12 months,Medium (40-79),0,,
TC-03951,Female,0,No,No,6,Yes,Fiber optic,No,No,No,Month-to-month,No,Bank transfer,89.35,551.79,1,0-12 months,High (80+),3,21.0,3.67
TC-03952,Female,0,No,Yes,55,Yes,Fiber optic,No,Yes,Yes,One year,Yes,Electronic check,96.43,5218.95,0,49+ months,High (80+),1,5.3,4.0
TC-03953,Male,0,No,No,69,Yes,Fiber optic,Yes,No,Yes,Two year,No,Mailed check,100.96,6972.34,0,49+ months,High (80+),4,17.2,3.25
TC-03954,Female,0,Yes,No,33,Yes,Fiber optic,Yes,Yes,No,Month-to-month,Yes,Electronic check,97.72,3160.23,0,25-48 months,High (80+),0,,
TC-03955,Male,0,No,No,3,Yes,Fiber optic,No,Yes,No,Month-to-month,No,Bank transfer,86.39,262.82,1,0-12 months,High (80+),2,23.0,3.5
TC-03956,Female,1,Yes,No,24,Yes,Fiber optic,No,No,Yes,Month-to-month,Yes,Electronic check,94.87,2244.07,1,13-24 months,High (80+),2,14.2,3.0
TC-03957,Female,0,Yes,No,7,Yes,No internet,No internet service,No internet service,No internet service,Month-to-month,No,Electronic check,18.3,131.85,0,0-12 months,Low (<40),0,,
TC-03958,Male,1,No,No,46,Yes,No internet,No internet service,No internet service,No internet service,One year,Yes,Electronic check,25.98,1175.86,0,25-48 months,Low (<40),1,27.6,5.0
TC-03959,Female,0,Yes,Yes,44,Yes,Fiber optic,No,No,Yes,Two year,No,Electronic check,94.4,4048.73,0,25-48 months,High (80+),0,,
TC-03960,Male,0,Yes,No,5,Yes,No internet,No internet service,No internet service,No internet service,Month-to-month,Yes,Electronic check,38.44,192.47,0,0-12 months,Low (<40),1,46.5,4.0
TC-03961,Female,0,Yes,No,42,Yes,DSL,No,No,No,One year,Yes,Credit card,54.86,2267.45,0,25-48 months,Medium (40-79),1,14.2,2.0
TC-03962,Female,0,No,Yes,30,Yes,No internet,No internet service,No internet service,No internet service,Two year,No,Credit card,20.49,632.82,0,25-48 months,Low (<40),0,,
TC-03963,Female,0,Yes,No,29,Yes,DSL,No,No,Yes,Month-to-month,No,Electronic check,56.73,1668.37,0,25-48 months,Medium (40-79),2,17.6,3.0
TC-03964,Male,0,Yes,No,72,No,Fiber optic,No,Yes,Yes,Two year,Yes,Credit card,89.69,6497.15,0,49+ months,High (80+),2,17.4,3.0
TC-03965,Female,0,No,No,20,Yes,DSL,No,No,No,One year,Yes,Electronic check,54.96,1090.13,0,13-24 months,Medium (40-79),2,32.2,3.0
TC-03966,Female,0,No,No,25,Yes,Fiber optic,No,Yes,Yes,One year,Yes,Credit card,102.09,2601.72,0,25-48 months,High (80+),4,17.8,3.75
TC-03967,Male,0,No,No,35,Yes,DSL,No,Yes,Yes,Month-to-month,Yes,Electronic check,59.61,2096.78,0,25-48 months,Medium (40-79),1,2.8,5.0
TC-03968,Male,1,Yes,No,28,Yes,No internet,No internet service,No internet service,No internet service,Month-to-month,Yes,Bank transfer,18.0,491.16,0,25-48 months,Low (<40),0,,
TC-03969,Female,0,Yes,No,22,Yes,DSL,No,No,No,Month-to-month,No,Bank transfer,66.97,1486.79,0,13-24 months,Medium (40-79),2,43.3,3.5
TC-03970,Male,0,No,No,48,Yes,No internet,No internet service,No internet service,No internet service,Two year,Yes,Electronic check,33.39,1602.65,0,25-48 months,Low (<40),2,14.7,4.0
TC-03971,Female,0,No,No,62,Yes,DSL,Yes,No,No,Two year,No,Bank transfer,61.98,3845.39,0,49+ months,Medium (40-79),1,12.2,3.0
TC-03972,Female,0,No,No,19,Yes,No internet,No internet service,No internet service,No internet service,Month-to-month,Yes,Mailed check,27.72,520.45,0,13-24 months,Low (<40),2,11.8,2.5
TC-03973,Female,0,No,No,28,Yes,Fiber optic,Yes,No,Yes,Month-to-month,Yes,Credit card,91.31,2501.04,0,25-48 months,High (80+),2,29.9,3.0
TC-03974,Female,0,No,Yes,37,Yes,DSL,No,No,No,Month-to-month,Yes,Mailed check,71.23,2650.94,0,25-48 months,Medium (40-79),0,,
TC-03975,Female,0,No,No,53,Yes,DSL,Yes,Yes,Yes,Two year,No,Electronic check,78.0,4166.57,0,49+ months,Medium (40-79),0,,
TC-03976,Male,1,Yes,Yes,40,No,Fiber optic,No,Yes,Yes,One year,Yes,Electronic check,107.45,4326.35,0,25-48 months,High (80+),0,,
TC-03977,Female,1,No,No,67,Yes,No internet,No internet service,No internet service,No internet service,Two year,Yes,Bank transfer,22.63,1539.04,0,49+ months,Low (<40),0,,
TC-03978,Male,0,No,No,71,Yes,Fiber optic,No,No,No,One year,Yes,Credit card,83.33,6003.13,0,49+ months,High (80+),2,27.4,4.0
TC-03979,Male,0,Yes,No,72,Yes,Fiber optic,Yes,No,Yes,Month-to-month,Yes,Credit card,87.31,6461.66,0,49+ months,High (80+),0,,
TC-03980,Male,0,Yes,No,21,Yes,Fiber optic,No,Yes,No,Month-to-month,No,Mailed check,87.46,1786.51,0,13-24 months,High (80+),1,16.0,4.0
TC-03981,Male,0,No,No,42,Yes,DSL,No,No,Yes,One year,Yes,Credit card,87.8,3700.45,0,25-48 months,High (80+),2,21.5,1.5
TC-03982,Female,0,Yes,No,72,No,DSL,No,Yes,Yes,Two year,No,Electronic check,77.07,5485.29,0,49+ months,Medium (40-79),1,6.5,2.0
TC-03983,Female,0,No,Yes,7,Yes,Fiber optic,No,No,Yes,Month-to-month,Yes,Credit card,100.37,693.3,1,0-12 months,High (80+),2,12.3,2.5
TC-03984,Female,0,No,No,8,Yes,DSL,Yes,Yes,Yes,Month-to-month,Yes,Bank transfer,78.24,639.06,0,0-12 months,Medium (40-79),2,19.4,4.5
TC-03985,Male,1,No,No,20,Yes,DSL,No,No,No,Month-to-month,No,Electronic check,60.11,1170.67,0,13-24 months,Medium (40-79),0,,
TC-03986,Male,0,Yes,Yes,17,Yes,DSL,Yes,Yes,No,Month-to-month,No,Credit card,76.46,1330.79,0,13-24 months,Medium (40-79),1,18.2,3.0
TC-03987,Female,0,Yes,No,7,Yes,DSL,No,Yes,Yes,Month-to-month,Yes,Electronic check,67.72,462.5,0,0-12 months,Medium (40-79),1,27.0,4.0
TC-03988,Male,0,Yes,Yes,2,Yes,Fiber optic,No,No,Yes,Month-to-month,Yes,Electronic check,89.93,184.05,1,0-12 months,High (80+),2,34.3,3.0
TC-03989,Female,0,Yes,Yes,27,Yes,Fiber optic,Yes,No,No,Month-to-month,Yes,Credit card,94.12,2508.64,0,25-48 months,High (80+),2,15.2,3.5
TC-03990,Female,0,No,Yes,35,Yes,DSL,No,No,Yes,Month-to-month,No,Bank transfer,70.93,2432.85,0,25-48 months,Medium (40-79),2,17.9,4.0
TC-03991,Male,0,Yes,Yes,45,Yes,Fiber optic,No,No,Yes,Two year,Yes,Electronic check,92.94,4153.56,1,25-48 months,High (80+),0,,
TC-03992,Male,0,Yes,Yes,72,Yes,Fiber optic,No,No,No,Two year,Yes,Mailed check,88.85,6249.24,0,49+ months,High (80+),3,19.0,2.33
TC-03993,Male,0,No,No,24,Yes,No internet,No internet service,No internet service,No internet service,Month-to-month,No,Electronic check,26.59,623.99,0,13-24 months,Low (<40),0,,
TC-03994,Male,0,No,No,32,Yes,DSL,No,Yes,Yes,One year,No,Credit card,71.82,2276.17,0,25-48 months,Medium (40-79),0,,
TC-03995,Male,1,Yes,Yes,24,Yes,No internet,No internet service,No internet service,No internet service,One year,No,Electronic check,23.6,550.38,0,13-24 months,Low (<40),1,14.8,4.0
TC-03996,Male,0,No,Yes,2,Yes,Fiber optic,No,No,Yes,Month-to-month,No,Mailed check,96.63,194.17,1,0-12 months,High (80+),1,6.7,2.0
TC-03997,Female,0,Yes,No,45,Yes,Fiber optic,No,No,No,Month-to-month,No,Electronic check,84.69,3743.67,1,25-48 months,High (80+),4,14.5,4.0
TC-03998,Male,1,No,Yes,22,Yes,Fiber optic,No,No,Yes,Month-to-month,Yes,Electronic check,94.22,2090.37,1,13-24 months,High (80+),1,4.6,2.0
TC-03999,Male,1,Yes,No,11,Yes,Fiber optic,No,No,Yes,Month-to-month,Yes,Mailed check,97.09,1096.22,1,0-12 months,High (80+),1,40.7,3.0
TC-04000,Female,1,Yes,Yes,25,Yes,Fiber optic,No,No,Yes,Month-to-month,Yes,Bank transfer,83.8,2039.17,1,25-48 months,High (80+),1,8.7,3.0
TC-04001,Male,1,Yes,Yes,51,Yes,Fiber optic,No,No,No,Two year,No,Credit card,83.54,4168.56,0,49+ months,High (80+),1,41.3,4.0
TC-04002,Male,1,No,Yes,10,Yes,No internet,No internet service,No internet service,No internet service,Month-to-month,Yes,Mailed check,23.58,241.84,1,0-12 months,Low (<40),1,1.9,3.0
TC-04003,Male,0,Yes,Yes,4,Yes,DSL,No,No,No,Month-to-month,No,Bank transfer,60.79,242.01,1,0-12 months,Medium (40-79),2,18.7,2.0
TC-04004,Female,0,Yes,No,18,Yes,DSL,No,No,Yes,One year,No,Credit card,71.65,1307.44,0,13-24 months,Medium (40-79),0,,
TC-04005,Female,0,Yes,Yes,35,Yes,DSL,No,No,No,Month-to-month,No,Bank transfer,54.42,1939.73,0,25-48 months,Medium (40-79),1,18.0,2.0
TC-04006,Male,0,Yes,No,35,Yes,DSL,No,Yes,No,Two year,Yes,Mailed check,69.47,2384.11,0,25-48 months,Medium (40-79),3,5.8,3.33
TC-04007,Female,0,No,No,6,Yes,Fiber optic,No,Yes,No,Month-to-month,Yes,Bank transfer,96.71,585.04,1,0-12 months,High (80+),3,11.3,2.67
TC-04008,Female,0,Yes,Yes,29,Yes,DSL,No,Yes,No,Month-to-month,No,Mailed check,63.28,1798.6,0,25-48 months,Medium (40-79),2,28.5,4.5
TC-04009,Male,1,Yes,No,9,Yes,No internet,No internet service,No internet service,No internet service,One year,Yes,Electronic check,18.0,158.75,0,0-12 months,Low (<40),0,,
TC-04010,Male,0,No,No,26,Yes,Fiber optic,Yes,No,Yes,Month-to-month,Yes,Bank transfer,96.71,2525.29,1,25-48 months,High (80+),1,7.2,1.0
TC-04011,Male,0,No,Yes,23,Yes,DSL,No,No,No,One year,Yes,Bank transfer,56.6,1311.58,0,13-24 months,Medium (40-79),1,15.4,5.0
TC-04012,Male,0,Yes,No,17,Yes,Fiber optic,Yes,No,No,Month-to-month,Yes,Electronic check,97.66,1612.45,0,13-24 months,High (80+),2,6.8,3.0
TC-04013,Female,0,Yes,No,23,Yes,DSL,No,No,No,Month-to-month,No,Bank transfer,55.7,1286.67,0,13-24 months,Medium (40-79),0,,
TC-04014,Male,0,Yes,No,36,Yes,DSL,No,No,No,One year,Yes,Electronic check,61.64,2190.41,0,25-48 months,Medium (40-79),1,19.6,5.0
TC-04015,Female,0,No,Yes,60,Yes,Fiber optic,No,Yes,Yes,Month-to-month,No,Electronic check,94.23,5531.46,1,49+ months,High (80+),0,,
TC-04016,Female,0,No,No,43,Yes,DSL,Yes,No,No,Two year,No,Mailed check,73.22,3206.34,0,25-48 months,Medium (40-79),0,,
TC-04017,Female,0,No,No,32,Yes,Fiber optic,No,No,Yes,Month-to-month,Yes,Electronic check,90.4,2849.73,0,25-48 months,High (80+),0,,
TC-04018,Male,0,No,No,31,Yes,No internet,No internet service,No internet service,No internet service,Month-to-month,Yes,Electronic check,19.95,604.68,0,25-48 months,Low (<40),0,,
TC-04019,Female,0,Yes,No,50,Yes,DSL,No,No,Yes,Two year,Yes,Mailed check,72.59,3731.73,0,49+ months,Medium (40-79),1,18.4,5.0
TC-04020,Male,0,No,No,12,Yes,Fiber optic,No,No,Yes,Month-to-month,Yes,Electronic check,95.77,1155.6,0,0-12 months,High (80+),2,26.6,3.5
TC-04021,Female,0,Yes,Yes,5,Yes,DSL,No,No,Yes,Month-to-month,Yes,Electronic check,52.54,259.44,0,0-12 months,Medium (40-79),0,,
TC-04022,Female,0,No,Yes,20,Yes,No internet,No internet service,No internet service,No internet service,Month-to-month,Yes,Bank transfer,21.48,434.72,0,13-24 months,Low (<40),2,31.0,4.5
TC-04023,Female,1,Yes,No,51,Yes,No internet,No internet service,No internet service,No internet service,Two year,No,Electronic check,31.44,1631.82,0,49+ months,Low (<40),0,,
TC-04024,Female,0,Yes,No,8,Yes,Fiber optic,Yes,No,Yes,Month-to-month,Yes,Bank transfer,83.48,678.22,1,0-12 months,High (80+),2,10.9,2.5
TC-04025,Male,0,Yes,Yes,72,Yes,Fiber optic,Yes,No,No,One year,No,Mailed check,92.12,6492.84,0,49+ months,High (80+),0,,
TC-04026,Female,0,Yes,No,29,Yes,Fiber optic,Yes,Yes,Yes,Two year,Yes,Credit card,92.01,2693.02,0,25-48 months,High (80+),0,,
TC-04027,Female,0,Yes,No,34,Yes,No internet,No internet service,No internet service,No internet service,One year,No,Credit card,18.0,625.32,0,25-48 months,Low (<40),2,21.3,5.0
TC-04028,Female,0,No,Yes,34,Yes,DSL,Yes,Yes,No,One year,No,Mailed check,53.73,1811.62,0,25-48 months,Medium (40-79),2,34.0,2.5
TC-04029,Male,0,Yes,No,72,Yes,Fiber optic,Yes,No,Yes,Two year,No,Bank transfer,104.86,7353.17,0,49+ months,High (80+),1,3.6,2.0
TC-04030,Male,0,Yes,No,25,Yes,DSL,No,Yes,Yes,Month-to-month,Yes,Credit card,78.27,1926.1,1,25-48 months,Medium (40-79),2,25.2,3.5
TC-04031,Male,0,Yes,No,72,Yes,DSL,Yes,No,No,Two year,No,Mailed check,67.89,4852.63,0,49+ months,Medium (40-79),1,12.0,4.0
TC-04032,Female,0,Yes,No,46,Yes,No internet,No internet service,No internet service,No internet service,One year,No,Electronic check,42.9,2002.37,0,25-48 months,Medium (40-79),1,7.2,2.0
TC-04033,Male,0,No,Yes,13,Yes,Fiber optic,Yes,No,No,Month-to-month,Yes,Mailed check,86.91,1137.36,1,13-24 months,High (80+),2,9.8,3.5
TC-04034,Female,0,Yes,No,5,Yes,No internet,No internet service,No internet service,No internet service,Month-to-month,No,Credit card,21.19,108.3,1,0-12 months,Low (<40),2,23.3,2.5
TC-04035,Male,1,Yes,No,43,Yes,DSL,No,Yes,Yes,Month-to-month,No,Mailed check,78.08,3313.23,0,25-48 months,Medium (40-79),1,4.0,3.0
TC-04036,Female,1,Yes,No,26,Yes,Fiber optic,Yes,No,No,Month-to-month,Yes,Electronic check,79.92,2121.23,1,25-48 months,Medium (40-79),2,20.1,2.5
TC-04037,Male,1,No,No,16,Yes,Fiber optic,No,Yes,No,Two year,No,Credit card,90.34,1418.63,1,13-24 months,High (80+),0,,
TC-04038,Female,0,Yes,No,14,Yes,No internet,No internet service,No internet service,No internet service,One year,No,Bank transfer,18.0,247.48,0,13-24 months,Low (<40),4,13.8,4.0
TC-04039,Male,0,No,Yes,24,Yes,DSL,No,No,No,Month-to-month,Yes,Bank transfer,64.27,1539.82,0,13-24 months,Medium (40-79),2,22.3,4.5
TC-04040,Male,0,No,No,72,No,Fiber optic,No,Yes,No,Two year,Yes,Electronic check,96.37,6847.13,0,49+ months,High (80+),1,8.9,3.0
TC-04041,Female,0,Yes,No,22,Yes,No internet,No internet service,No internet service,No internet service,One year,Yes,Electronic check,23.74,506.79,0,13-24 months,Low (<40),1,11.9,4.0
TC-04042,Female,0,Yes,No,3,Yes,DSL,No,No,No,Month-to-month,No,Bank transfer,51.49,155.38,0,0-12 months,Medium (40-79),1,6.8,5.0
TC-04043,Male,0,No,No,32,Yes,Fiber optic,No,No,No,Month-to-month,No,Credit card,70.88,2276.74,0,25-48 months,Medium (40-79),2,8.3,4.5
TC-04044,Male,0,No,No,32,Yes,No internet,No internet service,No internet service,No internet service,Month-to-month,No,Credit card,18.0,586.55,0,25-48 months,Low (<40),0,,
TC-04045,Male,1,Yes,No,36,Yes,Fiber optic,Yes,No,No,Two year,No,Electronic check,95.41,3448.06,0,25-48 months,High (80+),2,4.7,3.5
TC-04046,Male,0,Yes,No,29,Yes,No internet,No internet service,No internet service,No internet service,One year,No,Bank transfer,18.0,519.5,0,25-48 months,Low (<40),4,15.7,3.25
TC-04047,Male,0,No,Yes,23,Yes,DSL,No,No,No,Month-to-month,Yes,Credit card,57.52,1335.06,0,13-24 months,Medium (40-79),0,,
TC-04048,Male,0,Yes,Yes,28,Yes,DSL,Yes,No,No,One year,Yes,Mailed check,59.17,1608.23,1,25-48 months,Medium (40-79),0,,
TC-04049,Male,0,No,Yes,72,Yes,Fiber optic,No,No,Yes,One year,Yes,Credit card,103.39,7344.12,0,49+ months,High (80+),1,6.0,2.0
TC-04050,Male,0,Yes,No,68,Yes,DSL,No,Yes,Yes,One year,Yes,Credit card,64.43,4344.2,0,49+ months,Medium (40-79),0,,
TC-04051,Male,0,Yes,No,31,Yes,DSL,No,Yes,No,Month-to-month,No,Electronic check,70.88,2183.22,0,25-48 months,Medium (40-79),1,32.2,4.0
TC-04052,Female,0,Yes,Yes,19,No,DSL,No,No,No,Month-to-month,Yes,Credit card,50.48,962.78,0,13-24 months,Medium (40-79),0,,
TC-04053,Female,0,No,No,5,Yes,No internet,No internet service,No internet service,No internet service,Month-to-month,Yes,Electronic check,19.03,94.69,0,0-12 months,Low (<40),0,,
TC-04054,Male,0,Yes,Yes,56,Yes,Fiber optic,No,Yes,No,Two year,No,Bank transfer,95.23,5462.69,0,49+ months,High (80+),0,,
TC-04055,Female,0,Yes,No,2,Yes,No internet,No internet service,No internet service,No internet service,Month-to-month,Yes,Credit card,20.17,39.95,1,0-12 months,Low (<40),0,,
TC-04056,Male,0,Yes,No,68,Yes,Fiber optic,Yes,No,No,Month-to-month,No,Mailed check,79.76,5466.79,0,49+ months,Medium (40-79),2,16.6,4.0
TC-04057,Male,0,No,No,9,Yes,Fiber optic,No,No,No,One year,Yes,Credit card,81.15,747.85,0,0-12 months,High (80+),0,,
TC-04058,Male,0,Yes,No,72,Yes,DSL,No,No,Yes,Month-to-month,Yes,Electronic check,66.73,4692.07,0,49+ months,Medium (40-79),1,21.7,3.0
TC-04059,Male,1,No,No,49,Yes,Fiber optic,No,No,No,Two year,Yes,Credit card,83.25,4100.62,1,49+ months,High (80+),1,3.9,3.0
TC-04060,Male,0,No,No,11,Yes,No internet,No internet service,No internet service,No internet service,Month-to-month,Yes,Bank transfer,26.45,282.88,0,0-12 months,Low (<40),2,22.5,3.5
TC-04061,Male,0,No,No,7,Yes,No internet,No internet service,No internet service,No internet service,Month-to-month,Yes,Credit card,24.36,166.88,0,0-12 months,Low (<40),3,20.4,2.67
TC-04062,Male,0,Yes,Yes,16,Yes,DSL,Yes,No,Yes,Month-to-month,Yes,Electronic check,71.9,1155.65,0,13-24 months,Medium (40-79),1,4.8,2.0
TC-04063,Female,0,Yes,Yes,16,Yes,Fiber optic,No,No,No,Month-to-month,No,Mailed check,88.79,1418.13,1,13-24 months,High (80+),1,7.2,1.0
TC-04064,Male,0,Yes,Yes,28,No,Fiber optic,Yes,No,No,Month-to-month,Yes,Mailed check,82.39,2244.87,0,25-48 months,High (80+),2,11.9,2.0
TC-04065,Male,0,Yes,No,9,Yes,DSL,Yes,No,Yes,Month-to-month,Yes,Electronic check,68.52,623.04,0,0-12 months,Medium (40-79),1,18.3,4.0
TC-04066,Female,0,No,No,37,Yes,No internet,No internet service,No internet service,No internet service,One year,No,Bank transfer,18.0,683.49,0,25-48 months,Low (<40),2,8.0,2.5
TC-04067,Female,1,No,No,14,Yes,DSL,No,Yes,No,Month-to-month,Yes,Bank transfer,55.92,804.82,1,13-24 months,Medium (40-79),1,6.1,5.0
TC-04068,Female,0,Yes,No,46,Yes,Fiber optic,No,No,No,One year,Yes,Electronic check,80.57,3667.5,0,25-48 months,High (80+),2,8.3,2.5
TC-04069,Female,0,Yes,No,15,Yes,DSL,Yes,No,Yes,Month-to-month,No,Mailed check,59.93,915.06,0,13-24 months,Medium (40-79),0,,
TC-04070,Female,0,No,Yes,13,Yes,Fiber optic,Yes,Yes,No,Month-to-month,No,Electronic check,94.92,1255.99,0,13-24 months,High (80+),0,,
TC-04071,Female,0,No,No,32,Yes,Fiber optic,No,No,No,Two year,Yes,Mailed check,100.53,3159.84,0,25-48 months,High (80+),2,12.7,4.0
TC-04072,Female,0,No,Yes,20,Yes,Fiber optic,No,No,No,Two year,Yes,Bank transfer,96.54,1883.63,1,13-24 months,High (80+),3,16.8,2.0
TC-04073,Male,0,No,No,72,Yes,DSL,No,No,No,One year,No,Mailed check,58.21,4191.6,0,49+ months,Medium (40-79),2,14.9,3.5
TC-04074,Female,0,No,No,62,Yes,No internet,No internet service,No internet service,No internet service,Two year,Yes,Electronic check,27.51,1705.5,0,49+ months,Low (<40),0,,
TC-04075,Male,0,No,No,6,Yes,Fiber optic,No,No,Yes,Month-to-month,No,Mailed check,87.85,531.82,0,0-12 months,High (80+),1,9.5,4.0
TC-04076,Male,0,Yes,Yes,13,Yes,DSL,No,No,Yes,Month-to-month,No,Bank transfer,71.11,918.48,0,13-24 months,Medium (40-79),0,,
TC-04077,Male,1,Yes,Yes,10,Yes,DSL,No,No,Yes,Month-to-month,Yes,Mailed check,64.15,643.21,1,0-12 months,Medium (40-79),3,14.6,2.67
TC-04078,Male,0,Yes,No,47,Yes,DSL,No,No,No,Month-to-month,Yes,Bank transfer,61.13,2833.79,0,25-48 months,Medium (40-79),1,26.4,4.0
TC-04079,Female,1,No,No,31,Yes,DSL,No,No,Yes,Two year,No,Bank transfer,62.16,1954.39,0,25-48 months,Medium (40-79),0,,
TC-04080,Male,0,Yes,No,11,No,Fiber optic,No,No,Yes,Month-to-month,No,Mailed check,100.68,1100.29,1,0-12 months,High (80+),0,,
TC-04081,Female,0,Yes,No,14,Yes,DSL,No,No,No,Month-to-month,Yes,Bank transfer,65.25,932.7,1,13-24 months,Medium (40-79),1,21.0,5.0
TC-04082,Female,0,No,No,72,Yes,Fiber optic,No,No,No,One year,Yes,Electronic check,94.44,6682.75,1,49+ months,High (80+),1,4.5,2.0
TC-04083,Female,0,No,Yes,7,Yes,No internet,No internet service,No internet service,No internet service,Month-to-month,No,Bank transfer,19.39,137.46,0,0-12 months,Low (<40),2,25.1,4.0
TC-04084,Male,0,Yes,No,28,Yes,DSL,No,No,No,Two year,Yes,Credit card,53.12,1531.77,0,25-48 months,Medium (40-79),2,17.3,4.0
TC-04085,Female,0,No,No,11,Yes,DSL,No,No,No,Month-to-month,Yes,Electronic check,65.34,709.65,0,0-12 months,Medium (40-79),2,20.1,4.0
TC-04086,Female,0,Yes,No,29,Yes,DSL,No,No,No,Month-to-month,Yes,Mailed check,60.26,1699.71,0,25-48 months,Medium (40-79),2,8.7,3.5
TC-04087,Female,0,No,No,0,Yes,Fiber optic,No,No,No,Month-to-month,Yes,Mailed check,90.82,0.0,0,0-12 months,High (80+),2,28.3,3.0
TC-04088,Female,0,No,Yes,23,Yes,DSL,No,No,Yes,Month-to-month,Yes,Electronic check,78.13,1755.68,0,13-24 months,Medium (40-79),1,4.6,2.0
TC-04089,Male,0,No,Yes,31,Yes,DSL,No,No,No,One year,No,Electronic check,51.85,1584.87,0,25-48 months,Medium (40-79),1,9.8,4.0
TC-04090,Male,0,Yes,No,17,Yes,No internet,No internet service,No internet service,No internet service,Month-to-month,No,Electronic check,24.94,416.71,0,13-24 months,Low (<40),0,,
TC-04091,Female,0,No,No,12,Yes,No internet,No internet service,No internet service,No internet service,Month-to-month,Yes,Bank transfer,20.73,253.95,0,0-12 months,Low (<40),1,14.0,5.0
TC-04092,Female,0,No,Yes,72,Yes,No internet,No internet service,No internet service,No internet service,One year,Yes,Bank transfer,20.86,1481.05,0,49+ months,Low (<40),1,52.4,3.0
TC-04093,Female,0,Yes,Yes,53,Yes,No internet,No internet service,No internet service,No internet service,One year,Yes,Bank transfer,25.31,1310.99,0,49+ months,Low (<40),0,,
TC-04094,Female,0,Yes,Yes,19,Yes,Fiber optic,No,Yes,Yes,Month-to-month,Yes,Credit card,104.09,1925.81,1,13-24 months,High (80+),3,16.5,2.67
TC-04095,Female,0,No,No,5,Yes,Fiber optic,No,No,No,Month-to-month,Yes,Electronic check,96.06,485.61,1,0-12 months,High (80+),2,27.3,3.0
TC-04096,Male,0,No,Yes,12,Yes,Fiber optic,Yes,No,Yes,Month-to-month,Yes,Electronic check,107.29,1278.89,0,0-12 months,High (80+),1,16.8,3.0
TC-04097,Female,1,No,No,8,Yes,DSL,No,No,Yes,Month-to-month,Yes,Electronic check,80.91,645.72,1,0-12 months,High (80+),0,,
TC-04098,Female,0,No,No,22,Yes,Fiber optic,No,No,No,Month-to-month,No,Mailed check,88.16,1943.52,1,13-24 months,High (80+),2,61.2,4.0
TC-04099,Male,0,No,Yes,36,Yes,No internet,No internet service,No internet service,No internet service,Month-to-month,No,Electronic check,18.0,660.92,0,25-48 months,Low (<40),2,30.9,4.0
TC-04100,Male,0,No,Yes,72,Yes,Fiber optic,Yes,No,No,Two year,No,Credit card,91.58,6681.0,0,49+ months,High (80+),1,5.4,5.0
TC-04101,Female,0,Yes,No,17,Yes,DSL,Yes,No,No,Month-to-month,Yes,Mailed check,55.05,929.53,0,13-24 months,Medium (40-79),1,25.4,5.0
TC-04102,Female,0,No,No,67,Yes,Fiber optic,No,No,No,One year,Yes,Electronic check,85.64,5627.42,1,49+ months,High (80+),1,8.2,3.0
TC-04103,Female,0,No,Yes,10,Yes,Fiber optic,No,No,No,One year,No,Electronic check,87.07,867.33,1,0-12 months,High (80+),2,30.2,2.5
TC-04104,Female,0,No,Yes,6,Yes,Fiber optic,No,Yes,No,Month-to-month,Yes,Credit card,90.01,539.17,0,0-12 months,High (80+),0,,
TC-04105,Female,0,Yes,Yes,17,Yes,DSL,No,No,Yes,Month-to-month,Yes,Bank transfer,80.45,1384.13,0,13-24 months,High (80+),2,7.4,3.5
TC-04106,Male,0,No,No,15,Yes,DSL,No,No,Yes,Month-to-month,Yes,Mailed check,61.98,919.44,0,13-24 months,Medium (40-79),2,25.4,2.5
TC-04107,Male,0,No,No,6,Yes,DSL,No,Yes,No,Month-to-month,No,Credit card,58.0,350.37,0,0-12 months,Medium (40-79),2,16.3,3.5
TC-04108,Female,0,No,No,4,Yes,Fiber optic,No,No,No,Month-to-month,Yes,Bank transfer,88.71,349.5,1,0-12 months,High (80+),4,20.4,2.25
TC-04109,Male,0,Yes,No,44,Yes,Fiber optic,No,No,Yes,Two year,No,Credit card,97.78,4331.25,0,25-48 months,High (80+),1,12.9,4.0
TC-04110,Male,0,No,Yes,17,Yes,DSL,No,Yes,No,Month-to-month,No,Credit card,69.62,1151.06,0,13-24 months,Medium (40-79),0,,
TC-04111,Male,0,No,No,26,Yes,No internet,No internet service,No internet service,No internet service,Month-to-month,Yes,Electronic check,22.63,600.18,0,25-48 months,Low (<40),0,,
TC-04112,Male,0,Yes,Yes,32,Yes,DSL,No,No,No,One year,Yes,Bank transfer,60.46,1908.21,0,25-48 months,Medium (40-79),2,21.3,4.0
TC-04113,Male,0,Yes,No,18,Yes,DSL,No,No,Yes,Month-to-month,Yes,Mailed check,72.91,1334.69,1,13-24 months,Medium (40-79),2,23.8,3.0
TC-04114,Female,1,Yes,No,10,Yes,DSL,Yes,No,No,Month-to-month,Yes,Credit card,65.51,640.69,0,0-12 months,Medium (40-79),2,16.4,3.0
TC-04115,Male,1,Yes,No,7,Yes,No internet,No internet service,No internet service,No internet service,Month-to-month,Yes,Mailed check,25.31,182.05,0,0-12 months,Low (<40),1,22.2,5.0
TC-04116,Female,0,Yes,No,31,Yes,Fiber optic,Yes,No,No,Month-to-month,Yes,Mailed check,86.54,2708.61,0,25-48 months,High (80+),0,,
TC-04117,Male,0,No,No,44,Yes,Fiber optic,Yes,No,No,Two year,No,Mailed check,74.93,3205.73,0,25-48 months,Medium (40-79),1,19.5,4.0
TC-04118,Female,0,Yes,Yes,15,Yes,No internet,No internet service,No internet service,No internet service,Month-to-month,Yes,Electronic check,20.38,298.06,0,13-24 months,Low (<40),0,,
TC-04119,Female,0,Yes,No,2,Yes,DSL,Yes,No,Yes,Month-to-month,Yes,Credit card,76.75,153.45,1,0-12 months,Medium (40-79),0,,
TC-04120,Female,1,Yes,No,43,Yes,Fiber optic,No,No,No,One year,No,Electronic check,77.94,3420.54,1,25-48 months,Medium (40-79),2,43.0,2.0
TC-04121,Female,0,Yes,Yes,26,Yes,DSL,No,No,No,Month-to-month,Yes,Electronic check,53.61,1355.69,0,25-48 months,Medium (40-79),0,,
TC-04122,Male,0,No,Yes,26,No,DSL,Yes,Yes,No,Two year,No,Bank transfer,77.47,1963.31,0,25-48 months,Medium (40-79),0,,
TC-04123,Female,0,Yes,No,8,Yes,Fiber optic,Yes,No,No,Month-to-month,Yes,Credit card,95.58,751.04,1,0-12 months,High (80+),3,21.4,2.33
TC-04124,Male,0,No,Yes,30,Yes,DSL,No,Yes,No,Month-to-month,No,Bank transfer,66.42,1984.81,0,25-48 months,Medium (40-79),1,20.4,3.0
TC-04125,Female,1,No,No,10,Yes,Fiber optic,No,No,Yes,Month-to-month,No,Electronic check,93.06,935.42,0,0-12 months,High (80+),2,18.4,2.5
TC-04126,Female,0,Yes,No,13,Yes,Fiber optic,No,No,No,Month-to-month,No,Credit card,81.65,1052.57,1,13-24 months,High (80+),1,28.1,3.0
TC-04127,Female,0,Yes,Yes,72,Yes,No internet,No internet service,No internet service,No internet service,Two year,No,Credit card,23.32,1681.85,0,49+ months,Low (<40),0,,
TC-04128,Female,1,No,No,11,Yes,No internet,No internet service,No internet service,No internet service,Month-to-month,No,Bank transfer,18.0,199.66,0,0-12 months,Low (<40),1,10.8,3.0
TC-04129,Male,0,Yes,Yes,50,Yes,Fiber optic,No,No,Yes,Month-to-month,Yes,Electronic check,90.51,4519.64,1,49+ months,High (80+),1,20.5,3.0
TC-04130,Female,0,Yes,Yes,43,Yes,DSL,No,No,Yes,Two year,No,Electronic check,79.59,3417.97,0,25-48 months,Medium (40-79),0,,
TC-04131,Female,0,Yes,Yes,8,Yes,Fiber optic,No,Yes,Yes,Month-to-month,No,Credit card,104.54,813.65,1,0-12 months,High (80+),1,7.7,2.0
TC-04132,Female,0,No,Yes,9,No,Fiber optic,No,No,No,Month-to-month,Yes,Mailed check,78.05,708.0,1,0-12 months,Medium (40-79),1,19.8,2.0
TC-04133,Male,0,No,Yes,7,Yes,DSL,No,No,Yes,Month-to-month,Yes,Electronic check,70.42,506.52,0,0-12 months,Medium (40-79),0,,
TC-04134,Female,1,No,No,21,Yes,Fiber optic,Yes,No,Yes,Month-to-month,Yes,Electronic check,104.62,2224.98,0,13-24 months,High (80+),1,9.8,5.0
TC-04135,Male,0,Yes,No,15,Yes,Fiber optic,Yes,No,Yes,Month-to-month,No,Electronic check,95.68,1419.21,0,13-24 months,High (80+),0,,
TC-04136,Female,1,Yes,No,67,Yes,No internet,No internet service,No internet service,No internet service,One year,No,Credit card,25.42,1696.28,0,49+ months,Low (<40),1,24.2,2.0
TC-04137,Female,0,Yes,No,53,Yes,DSL,No,No,No,One year,Yes,Electronic check,48.77,2516.15,0,49+ months,Medium (40-79),2,42.4,3.0
TC-04138,Male,0,No,Yes,72,No,Fiber optic,No,No,No,Two year,No,Credit card,81.75,6010.02,0,49+ months,High (80+),3,5.9,3.33
TC-04139,Female,0,Yes,Yes,23,Yes,Fiber optic,No,No,No,One year,Yes,Bank transfer,80.96,1840.3,0,13-24 months,High (80+),2,9.4,3.5
TC-04140,Male,0,Yes,No,36,Yes,DSL,No,No,Yes,Two year,Yes,Credit card,76.89,2825.02,0,25-48 months,Medium (40-79),1,25.0,4.0
TC-04141,Male,0,No,No,39,Yes,No internet,No internet service,No internet service,No internet service,One year,Yes,Electronic check,20.63,783.11,0,25-48 months,Low (<40),3,6.9,3.33
TC-04142,Male,0,No,No,44,Yes,Fiber optic,No,No,No,Month-to-month,No,Electronic check,81.29,3648.77,1,25-48 months,High (80+),2,37.1,2.5
TC-04143,Male,0,Yes,No,54,Yes,Fiber optic,No,Yes,Yes,Month-to-month,No,Electronic check,94.61,4993.85,0,49+ months,High (80+),0,,
TC-04144,Female,0,No,No,35,Yes,Fiber optic,No,Yes,Yes,Month-to-month,Yes,Bank transfer,98.98,3404.67,0,25-48 months,High (80+),0,,
TC-04145,Female,0,Yes,No,16,Yes,DSL,Yes,No,No,Month-to-month,No,Bank transfer,75.29,1205.05,0,13-24 months,Medium (40-79),0,,
TC-04146,Male,0,Yes,No,16,Yes,Fiber optic,No,No,Yes,Month-to-month,No,Electronic check,98.57,1534.9,0,13-24 months,High (80+),3,17.1,3.67
TC-04147,Male,1,Yes,Yes,38,Yes,Fiber optic,No,No,No,One year,No,Credit card,84.33,3153.76,1,25-48 months,High (80+),1,40.9,3.0
TC-04148,Female,0,No,Yes,41,Yes,DSL,No,No,Yes,One year,No,Credit card,66.99,2719.73,0,25-48 months,Medium (40-79),2,21.1,4.0
TC-04149,Male,0,Yes,No,20,Yes,Fiber optic,No,No,No,One year,No,Electronic check,93.74,1886.35,1,13-24 months,High (80+),2,47.7,2.5
TC-04150,Female,0,Yes,Yes,72,No,DSL,No,No,Yes,Month-to-month,Yes,Bank transfer,53.98,3857.59,0,49+ months,Medium (40-79),0,,
TC-04151,Female,1,No,No,32,Yes,DSL,Yes,No,No,Month-to-month,No,Electronic check,41.99,1305.15,0,25-48 months,Medium (40-79),1,5.6,5.0
TC-04152,Female,0,No,Yes,24,Yes,No internet,No internet service,No internet service,No internet service,Month-to-month,Yes,Mailed check,19.37,464.31,0,13-24 months,Low (<40),2,3.5,3.5
TC-04153,Male,0,No,No,28,Yes,Fiber optic,No,No,No,Two year,Yes,Bank transfer,79.13,2222.69,0,25-48 months,Medium (40-79),1,15.2,3.0
TC-04154,Male,0,No,No,24,Yes,Fiber optic,No,No,No,Month-to-month,No,Electronic check,83.29,2003.05,0,13-24 months,High (80+),3,24.6,3.67
TC-04155,Female,0,No,Yes,36,Yes,Fiber optic,Yes,Yes,No,Month-to-month,No,Credit card,97.34,3436.27,0,25-48 months,High (80+),0,,
TC-04156,Male,0,No,No,40,Yes,Fiber optic,Yes,No,No,One year,Yes,Electronic check,78.17,3149.63,0,25-48 months,Medium (40-79),2,21.9,4.5
TC-04157,Male,1,No,No,2,Yes,Fiber optic,No,No,Yes,Month-to-month,No,Bank transfer,100.51,205.92,1,0-12 months,High (80+),4,20.4,2.0
TC-04158,Male,1,No,No,62,Yes,Fiber optic,No,Yes,No,Two year,No,Electronic check,89.25,5593.83,0,49+ months,High (80+),0,,
TC-04159,Female,0,No,Yes,31,Yes,Fiber optic,No,Yes,Yes,Month-to-month,No,Electronic check,89.1,2729.74,1,25-48 months,High (80+),1,21.3,2.0
TC-04160,Male,0,Yes,No,33,No,DSL,No,Yes,Yes,Month-to-month,No,Credit card,73.29,2377.97,0,25-48 months,Medium (40-79),2,17.5,3.0
TC-04161,Male,0,Yes,Yes,4,Yes,Fiber optic,No,No,Yes,Month-to-month,Yes,Bank transfer,91.08,372.14,1,0-12 months,High (80+),2,6.4,2.0
TC-04162,Female,0,Yes,No,8,Yes,Fiber optic,Yes,No,No,Month-to-month,Yes,Credit card,94.9,760.7,0,0-12 months,High (80+),0,,
TC-04163,Male,0,Yes,Yes,38,Yes,Fiber optic,Yes,No,Yes,One year,Yes,Credit card,86.32,3311.07,0,25-48 months,High (80+),3,13.0,4.0
TC-04164,Female,0,No,No,4,Yes,No internet,No internet service,No internet service,No internet service,Month-to-month,No,Electronic check,18.0,70.21,0,0-12 months,Low (<40),0,,
TC-04165,Male,1,No,Yes,11,Yes,No internet,No internet service,No internet service,No internet service,Month-to-month,No,Electronic check,37.86,422.86,0,0-12 months,Low (<40),0,,
TC-04166,Female,0,Yes,No,10,Yes,DSL,Yes,No,No,One year,No,Electronic check,57.61,567.37,0,0-12 months,Medium (40-79),2,10.9,2.5
TC-04167,Male,0,Yes,No,18,Yes,No internet,No internet service,No internet service,No internet service,Month-to-month,Yes,Credit card,24.23,432.6,0,13-24 months,Low (<40),0,,
TC-04168,Male,0,No,No,72,Yes,No internet,No internet service,No internet service,No internet service,Two year,Yes,Credit card,30.65,2194.75,0,49+ months,Low (<40),3,9.5,3.33
TC-04169,Female,0,No,No,47,Yes,DSL,No,No,Yes,One year,Yes,Bank transfer,79.02,3759.58,0,25-48 months,Medium (40-79),0,,
TC-04170,Male,0,No,No,41,Yes,Fiber optic,No,No,No,One year,Yes,Credit card,92.97,3809.96,0,25-48 months,High (80+),1,10.3,5.0
TC-04171,Female,0,Yes,Yes,54,Yes,Fiber optic,No,Yes,No,Two year,No,Electronic check,85.03,4508.0,0,49+ months,High (80+),2,18.5,3.5
TC-04172,Female,0,No,No,14,Yes,No internet,No internet service,No internet service,No internet service,Two year,Yes,Credit card,25.53,347.61,0,13-24 months,Low (<40),1,46.4,5.0
TC-04173,Male,0,No,No,22,Yes,DSL,No,No,No,Month-to-month,Yes,Electronic check,62.34,1384.41,0,13-24 months,Medium (40-79),2,5.0,3.5
TC-04174,Male,0,Yes,No,50,Yes,No internet,No internet service,No internet service,No internet service,One year,No,Bank transfer,31.5,1594.04,0,49+ months,Low (<40),0,,
TC-04175,Male,0,No,No,4,Yes,No internet,No internet service,No internet service,No internet service,Month-to-month,Yes,Electronic check,28.78,112.39,0,0-12 months,Low (<40),0,,
TC-04176,Male,1,Yes,No,4,Yes,Fiber optic,Yes,Yes,No,Month-to-month,Yes,Electronic check,90.11,359.27,0,0-12 months,High (80+),1,36.2,3.0
TC-04177,Female,1,No,No,65,Yes,DSL,No,No,No,Month-to-month,No,Mailed check,50.98,3284.12,0,49+ months,Medium (40-79),0,,
TC-04178,Female,0,No,Yes,48,Yes,No internet,No internet service,No internet service,No internet service,Month-to-month,Yes,Electronic check,32.66,1534.12,0,25-48 months,Low (<40),0,,
TC-04179,Female,1,No,No,43,Yes,DSL,No,No,Yes,Month-to-month,No,Electronic check,58.4,2487.64,0,25-48 months,Medium (40-79),0,,
TC-04180,Female,0,Yes,No,49,Yes,Fiber optic,Yes,Yes,No,Month-to-month,Yes,Electronic check,99.34,5012.36,0,49+ months,High (80+),1,11.1,3.0
TC-04181,Female,0,Yes,No,19,Yes,DSL,No,No,Yes,One year,No,Mailed check,72.11,1393.25,0,13-24 months,Medium (40-79),1,17.5,4.0
TC-04182,Male,0,No,Yes,35,No,DSL,Yes,No,No,Month-to-month,No,Credit card,54.43,1917.17,0,25-48 months,Medium (40-79),3,19.7,4.0
TC-04183,Male,0,No,No,15,Yes,Fiber optic,No,No,No,Month-to-month,No,Credit card,82.97,1265.54,1,13-24 months,High (80+),3,22.5,2.33
TC-04184,Female,0,Yes,No,23,Yes,No internet,No internet service,No internet service,No internet service,Month-to-month,No,Mailed check,18.0,420.28,0,13-24 months,Low (<40),1,33.4,2.0
TC-04185,Female,0,No,Yes,36,Yes,Fiber optic,No,Yes,Yes,Month-to-month,Yes,Electronic check,109.51,3886.85,0,25-48 months,High (80+),1,14.0,3.0
TC-04186,Female,0,No,Yes,39,Yes,No internet,No internet service,No internet service,No internet service,One year,No,Electronic check,18.0,702.37,0,25-48 months,Low (<40),0,,
TC-04187,Male,0,Yes,No,12,Yes,Fiber optic,No,No,No,Month-to-month,Yes,Bank transfer,88.99,1084.74,1,0-12 months,High (80+),0,,
TC-04188,Female,0,No,No,72,Yes,DSL,No,Yes,No,One year,Yes,Mailed check,61.44,4449.14,0,49+ months,Medium (40-79),1,6.2,4.0
TC-04189,Male,0,No,Yes,19,Yes,No internet,No internet service,No internet service,No internet service,Month-to-month,No,Electronic check,30.78,574.03,0,13-24 months,Low (<40),0,,
TC-04190,Female,1,Yes,No,14,Yes,Fiber optic,No,No,No,Month-to-month,No,Credit card,89.04,1262.64,1,13-24 months,High (80+),0,,
TC-04191,Female,0,Yes,No,33,Yes,DSL,No,No,No,Two year,Yes,Bank transfer,63.45,2085.98,0,25-48 months,Medium (40-79),2,25.1,4.0
TC-04192,Female,0,No,No,24,Yes,DSL,No,No,Yes,Month-to-month,No,Electronic check,68.41,1646.16,0,13-24 months,Medium (40-79),1,8.1,3.0
TC-04193,Female,0,Yes,No,58,No,DSL,No,Yes,Yes,Month-to-month,No,Mailed check,82.85,4730.03,0,49+ months,High (80+),0,,
TC-04194,Female,0,Yes,Yes,33,Yes,Fiber optic,No,No,Yes,Month-to-month,Yes,Bank transfer,90.19,2979.18,0,25-48 months,High (80+),2,27.8,2.5
TC-04195,Female,0,Yes,No,20,Yes,Fiber optic,No,Yes,No,Month-to-month,Yes,Credit card,97.06,1923.87,0,13-24 months,High (80+),1,30.7,2.0
TC-04196,Female,1,No,Yes,31,Yes,Fiber optic,No,No,No,Month-to-month,Yes,Credit card,88.13,2779.62,0,25-48 months,High (80+),1,19.5,2.0
TC-04197,Male,0,No,No,56,Yes,DSL,Yes,No,No,Two year,No,Mailed check,64.52,3635.75,0,49+ months,Medium (40-79),0,,
TC-04198,Female,0,Yes,No,18,Yes,No internet,No internet service,No internet service,No internet service,Month-to-month,Yes,Mailed check,22.78,413.49,0,13-24 months,Low (<40),0,,
TC-04199,Male,0,Yes,No,7,Yes,Fiber optic,No,Yes,No,One year,No,Mailed check,76.33,525.11,0,0-12 months,Medium (40-79),0,,
TC-04200,Male,0,Yes,Yes,20,Yes,DSL,Yes,Yes,No,Month-to-month,No,Electronic check,74.93,1462.35,1,13-24 months,Medium (40-79),0,,
TC-04201,Male,0,No,No,72,Yes,DSL,No,No,No,Two year,Yes,Credit card,62.14,4606.29,0,49+ months,Medium (40-79),2,33.0,3.0
TC-04202,Female,1,No,Yes,27,Yes,Fiber optic,No,No,Yes,Month-to-month,Yes,Bank transfer,106.2,2907.12,1,25-48 months,High (80+),5,10.9,3.0
TC-04203,Female,0,No,Yes,7,Yes,DSL,No,No,Yes,Month-to-month,Yes,Bank transfer,70.15,481.25,1,0-12 months,Medium (40-79),0,,
TC-04204,Male,0,Yes,No,40,Yes,Fiber optic,No,Yes,No,Month-to-month,Yes,Electronic check,85.03,3456.25,0,25-48 months,High (80+),1,30.2,4.0
TC-04205,Female,0,No,No,37,Yes,Fiber optic,No,No,Yes,Two year,Yes,Electronic check,100.24,3798.49,0,25-48 months,High (80+),0,,
TC-04206,Male,0,No,Yes,33,Yes,Fiber optic,Yes,No,No,Month-to-month,Yes,Credit card,82.54,2664.45,1,25-48 months,High (80+),4,10.4,2.25
TC-04207,Male,0,Yes,Yes,49,Yes,Fiber optic,Yes,Yes,Yes,Month-to-month,Yes,Credit card,98.75,4842.49,0,49+ months,High (80+),1,10.2,3.0
TC-04208,Male,0,No,Yes,7,Yes,DSL,No,Yes,No,Month-to-month,Yes,Bank transfer,65.6,466.7,0,0-12 months,Medium (40-79),0,,
TC-04209,Female,0,No,Yes,38,Yes,Fiber optic,No,Yes,Yes,One year,Yes,Mailed check,90.22,3423.22,0,25-48 months,High (80+),3,23.5,3.33
TC-04210,Female,0,No,No,39,Yes,Fiber optic,No,Yes,No,Month-to-month,No,Bank transfer,99.73,3895.53,0,25-48 months,High (80+),0,,
TC-04211,Male,0,No,Yes,25,Yes,No internet,No internet service,No internet service,No internet service,Month-to-month,Yes,Electronic check,25.28,623.43,0,25-48 months,Low (<40),1,14.7,3.0
TC-04212,Female,1,No,Yes,72,Yes,DSL,No,No,No,One year,No,Credit card,55.56,3931.32,0,49+ months,Medium (40-79),0,,
TC-04213,Female,0,Yes,No,23,Yes,Fiber optic,No,Yes,Yes,One year,Yes,Bank transfer,91.37,2123.86,0,13-24 months,High (80+),0,,
TC-04214,Male,0,Yes,Yes,9,Yes,Fiber optic,No,Yes,No,Month-to-month,No,Bank transfer,99.1,876.22,1,0-12 months,High (80+),1,6.3,3.0
TC-04215,Male,1,Yes,No,48,No,Fiber optic,No,No,Yes,Month-to-month,Yes,Mailed check,94.39,4475.99,1,25-48 months,High (80+),2,6.3,3.5
TC-04216,Female,0,No,No,16,Yes,DSL,No,No,No,Month-to-month,No,Credit card,74.19,1191.59,1,13-24 months,Medium (40-79),4,12.4,3.25
TC-04217,Male,0,Yes,Yes,40,Yes,DSL,Yes,No,Yes,Month-to-month,Yes,Electronic check,67.59,2750.83,0,25-48 months,Medium (40-79),1,21.6,5.0
TC-04218,Male,0,Yes,No,19,Yes,No internet,No internet service,No internet service,No internet service,Month-to-month,Yes,Electronic check,21.04,391.54,0,13-24 months,Low (<40),1,6.1,2.0
TC-04219,Female,0,Yes,Yes,29,Yes,DSL,Yes,No,No,Two year,No,Electronic check,58.94,1687.45,0,25-48 months,Medium (40-79),1,27.3,2.0
TC-04220,Female,1,Yes,No,20,Yes,Fiber optic,No,No,No,Month-to-month,No,Electronic check,77.7,1527.51,1,13-24 months,Medium (40-79),3,12.5,3.0
TC-04221,Female,0,Yes,Yes,64,Yes,DSL,No,No,No,Two year,No,Credit card,58.11,3620.84,0,49+ months,Medium (40-79),0,,
TC-04222,Male,0,Yes,No,14,Yes,Fiber optic,Yes,No,No,Month-to-month,Yes,Electronic check,89.47,1243.89,1,13-24 months,High (80+),0,,
TC-04223,Male,0,No,No,44,Yes,Fiber optic,No,No,Yes,Month-to-month,No,Credit card,110.2,4984.36,0,25-48 months,High (80+),0,,
TC-04224,Female,0,No,No,9,No,Fiber optic,No,No,Yes,Month-to-month,Yes,Credit card,92.21,820.71,0,0-12 months,High (80+),4,14.6,4.5
TC-04225,Male,0,Yes,No,16,Yes,No internet,No internet service,No internet service,No internet service,Month-to-month,No,Electronic check,26.37,411.26,1,13-24 months,Low (<40),0,,
TC-04226,Female,0,Yes,Yes,72,Yes,Fiber optic,Yes,Yes,Yes,Two year,Yes,Mailed check,105.24,7399.29,0,49+ months,High (80+),1,22.6,5.0
TC-04227,Female,1,Yes,No,8,Yes,Fiber optic,Yes,Yes,No,Two year,No,Electronic check,87.1,704.01,0,0-12 months,High (80+),0,,
TC-04228,Male,1,Yes,No,44,Yes,No internet,No internet service,No internet service,No internet service,Two year,Yes,Electronic check,19.05,843.13,0,25-48 months,Low (<40),0,,
TC-04229,Female,0,Yes,No,3,Yes,No internet,No internet service,No internet service,No internet service,Month-to-month,Yes,Bank transfer,35.47,107.72,0,0-12 months,Low (<40),1,21.5,4.0
TC-04230,Female,0,Yes,Yes,2,Yes,No internet,No internet service,No internet service,No internet service,Month-to-month,Yes,Mailed check,27.94,56.51,1,0-12 months,Low (<40),2,9.7,2.5
TC-04231,Male,0,No,Yes,31,Yes,Fiber optic,No,No,No,One year,Yes,Bank transfer,91.9,2815.01,1,25-48 months,High (80+),3,29.5,2.33
TC-04232,Male,0,Yes,No,28,Yes,Fiber optic,No,No,Yes,Two year,No,Mailed check,87.68,2421.22,0,25-48 months,High (80+),0,,
TC-04233,Female,1,No,No,13,Yes,DSL,No,Yes,No,Month-to-month,Yes,Mailed check,73.94,950.94,1,13-24 months,Medium (40-79),2,31.4,2.0
TC-04234,Female,0,Yes,No,45,Yes,Fiber optic,No,No,No,Two year,Yes,Bank transfer,85.18,3732.56,0,25-48 months,High (80+),2,27.2,4.5
TC-04235,Male,0,Yes,No,48,Yes,Fiber optic,No,No,Yes,Month-to-month,Yes,Credit card,87.76,4209.49,1,25-48 months,High (80+),1,21.1,5.0
TC-04236,Male,0,Yes,No,17,Yes,DSL,Yes,No,No,One year,Yes,Electronic check,58.56,985.73,1,13-24 months,Medium (40-79),0,,
TC-04237,Male,0,No,Yes,22,Yes,DSL,No,No,Yes,Month-to-month,No,Bank transfer,66.74,1454.32,0,13-24 months,Medium (40-79),0,,
TC-04238,Male,0,Yes,Yes,54,Yes,Fiber optic,No,Yes,Yes,Two year,Yes,Credit card,101.35,5384.62,0,49+ months,High (80+),0,,
TC-04239,Female,0,No,Yes,34,Yes,No internet,No internet service,No internet service,No internet service,Two year,No,Credit card,24.68,826.47,0,25-48 months,Low (<40),2,18.8,2.5
TC-04240,Female,0,No,No,8,No,Fiber optic,No,Yes,Yes,Month-to-month,No,Credit card,108.82,889.23,1,0-12 months,High (80+),1,29.4,3.0
TC-04241,Male,0,No,No,14,Yes,No internet,No internet service,No internet service,No internet service,Month-to-month,Yes,Bank transfer,27.45,387.95,1,13-24 months,Low (<40),3,17.3,2.0
TC-04242,Male,0,No,No,3,Yes,No internet,No internet service,No internet service,No internet service,Month-to-month,Yes,Bank transfer,18.0,53.39,0,0-12 months,Low (<40),1,33.0,4.0
TC-04243,Male,0,Yes,No,15,Yes,Fiber optic,Yes,No,No,Month-to-month,Yes,Electronic check,95.37,1406.96,1,13-24 months,High (80+),2,17.5,2.5
TC-04244,Female,0,No,Yes,16,No,Fiber optic,No,No,Yes,Month-to-month,No,Electronic check,76.65,1250.71,1,13-24 months,Medium (40-79),1,46.6,5.0
TC-04245,Female,0,Yes,No,3,Yes,DSL,Yes,No,Yes,Month-to-month,Yes,Mailed check,74.7,226.14,0,0-12 months,Medium (40-79),0,,
TC-04246,Male,0,Yes,No,5,Yes,No internet,No internet service,No internet service,No internet service,Month-to-month,Yes,Bank transfer,21.96,108.33,0,0-12 months,Low (<40),2,13.5,3.0
TC-04247,Male,1,No,No,36,Yes,No internet,No internet service,No internet service,No internet service,Month-to-month,Yes,Credit card,18.0,632.81,0,25-48 months,Low (<40),2,23.8,3.5
TC-04248,Male,0,No,No,34,No,Fiber optic,Yes,No,Yes,Month-to-month,Yes,Electronic check,107.82,3698.59,1,25-48 months,High (80+),4,16.5,2.25
TC-04249,Female,0,Yes,No,72,Yes,DSL,No,Yes,No,Two year,No,Mailed check,63.77,4714.14,0,49+ months,Medium (40-79),0,,
TC-04250,Female,0,No,Yes,48,Yes,No internet,No internet service,No internet service,No internet service,Month-to-month,Yes,Mailed check,23.55,1107.74,0,25-48 months,Low (<40),1,73.8,3.0
TC-04251,Male,0,No,No,49,Yes,Fiber optic,No,No,Yes,Two year,Yes,Electronic check,88.54,4464.58,0,49+ months,High (80+),0,,
TC-04252,Male,0,Yes,No,4,Yes,Fiber optic,No,No,No,Month-to-month,Yes,Electronic check,89.58,366.7,1,0-12 months,High (80+),2,10.6,4.5
TC-04253,Male,1,Yes,No,2,Yes,No internet,No internet service,No internet service,No internet service,Month-to-month,Yes,Bank transfer,18.0,35.13,0,0-12 months,Low (<40),0,,
TC-04254,Female,0,Yes,No,23,Yes,DSL,No,No,No,Two year,No,Credit card,49.59,1146.81,0,13-24 months,Medium (40-79),3,36.5,3.0
TC-04255,Female,0,No,No,15,Yes,No internet,No internet service,No internet service,No internet service,Month-to-month,No,Mailed check,20.03,292.98,0,13-24 months,Low (<40),1,4.2,3.0
TC-04256,Male,0,Yes,No,21,Yes,Fiber optic,No,No,No,Month-to-month,Yes,Electronic check,91.01,1901.8,1,13-24 months,High (80+),0,,
TC-04257,Female,0,Yes,No,14,Yes,Fiber optic,Yes,No,Yes,Month-to-month,Yes,Bank transfer,95.79,1350.32,0,13-24 months,High (80+),1,9.2,3.0
TC-04258,Female,0,Yes,No,24,Yes,Fiber optic,No,No,Yes,Two year,No,Electronic check,107.67,2579.2,0,13-24 months,High (80+),3,15.9,5.0
TC-04259,Male,0,No,Yes,22,Yes,DSL,No,No,Yes,Month-to-month,No,Electronic check,65.44,1404.12,0,13-24 months,Medium (40-79),0,,
TC-04260,Female,0,No,Yes,1,Yes,No internet,No internet service,No internet service,No internet service,Month-to-month,No,Credit card,29.69,29.14,0,0-12 months,Low (<40),1,12.5,3.0
TC-04261,Female,1,Yes,No,28,Yes,No internet,No internet service,No internet service,No internet service,Month-to-month,Yes,Credit card,26.81,735.15,0,25-48 months,Low (<40),2,31.0,3.5
TC-04262,Female,0,No,No,58,Yes,Fiber optic,No,Yes,Yes,Month-to-month,No,Electronic check,108.49,6452.08,0,49+ months,High (80+),0,,
TC-04263,Male,0,No,No,28,Yes,DSL,No,Yes,No,Two year,No,Electronic check,60.08,1643.16,0,25-48 months,Medium (40-79),3,10.5,2.67
TC-04264,Female,0,No,No,33,Yes,DSL,No,Yes,No,Month-to-month,Yes,Mailed check,69.18,2278.13,0,25-48 months,Medium (40-79),0,,
TC-04265,Male,0,No,No,13,Yes,Fiber optic,No,No,Yes,One year,Yes,Electronic check,103.16,1374.06,0,13-24 months,High (80+),1,11.1,5.0
TC-04266,Male,0,No,No,45,Yes,DSL,No,No,Yes,Two year,No,Electronic check,60.32,2656.18,0,25-48 months,Medium (40-79),1,11.1,4.0
TC-04267,Female,0,No,No,28,Yes,No internet,No internet service,No internet service,No internet service,Month-to-month,No,Electronic check,18.0,501.52,0,25-48 months,Low (<40),0,,
TC-04268,Female,0,No,Yes,3,Yes,Fiber optic,Yes,No,No,Month-to-month,Yes,Mailed check,78.0,239.46,1,0-12 months,Medium (40-79),2,23.6,2.5
TC-04269,Female,0,No,Yes,19,Yes,Fiber optic,Yes,No,Yes,Month-to-month,Yes,Bank transfer,96.78,1820.38,0,13-24 months,High (80+),2,16.0,3.5
TC-04270,Female,0,Yes,No,22,Yes,Fiber optic,Yes,Yes,No,Month-to-month,No,Mailed check,88.65,1922.14,1,13-24 months,High (80+),1,27.8,1.0
TC-04271,Male,1,Yes,No,15,No,Fiber optic,No,No,Yes,Month-to-month,No,Bank transfer,102.14,1500.57,1,13-24 months,High (80+),2,31.1,3.5
TC-04272,Male,0,Yes,No,5,No,Fiber optic,No,No,Yes,Month-to-month,No,Mailed check,82.54,421.29,1,0-12 months,High (80+),2,14.4,3.0
TC-04273,Female,0,Yes,No,7,Yes,Fiber optic,Yes,No,Yes,Month-to-month,No,Mailed check,91.57,629.22,0,0-12 months,High (80+),3,18.9,3.67
TC-04274,Male,1,No,No,8,Yes,DSL,No,No,Yes,One year,No,Electronic check,54.49,428.62,0,0-12 months,Medium (40-79),1,29.4,5.0
TC-04275,Male,0,Yes,No,10,Yes,No internet,No internet service,No internet service,No internet service,Month-to-month,Yes,Bank transfer,18.0,174.98,0,0-12 months,Low (<40),1,15.1,4.0
TC-04276,Female,0,No,No,37,Yes,DSL,Yes,No,Yes,Two year,Yes,Bank transfer,77.16,2789.16,0,25-48 months,Medium (40-79),3,12.6,3.33
TC-04277,Female,0,Yes,No,16,Yes,DSL,No,Yes,No,Month-to-month,No,Bank transfer,56.88,903.49,0,13-24 months,Medium (40-79),1,24.8,4.0
TC-04278,Male,0,No,No,30,Yes,Fiber optic,Yes,No,Yes,Month-to-month,Yes,Electronic check,95.66,2809.42,1,25-48 months,High (80+),2,12.8,2.5
TC-04279,Female,0,Yes,No,20,Yes,DSL,No,No,No,Month-to-month,No,Electronic check,67.42,1338.97,0,13-24 months,Medium (40-79),1,17.1,5.0
TC-04280,Male,0,No,No,10,Yes,DSL,No,No,No,Month-to-month,No,Electronic check,63.99,626.32,0,0-12 months,Medium (40-79),0,,
TC-04281,Female,0,Yes,No,16,Yes,No internet,No internet service,No internet service,No internet service,Month-to-month,No,Electronic check,24.86,392.36,0,13-24 months,Low (<40),1,6.2,2.0
TC-04282,Female,0,No,No,48,Yes,DSL,No,No,Yes,One year,Yes,Credit card,70.15,3447.32,0,25-48 months,Medium (40-79),0,,
TC-04283,Male,1,No,No,72,Yes,DSL,No,No,No,Two year,No,Mailed check,58.86,4213.8,0,49+ months,Medium (40-79),2,26.9,4.0
TC-04284,Male,0,Yes,No,9,No,DSL,No,Yes,No,Month-to-month,Yes,Mailed check,79.31,716.81,0,0-12 months,Medium (40-79),0,,
TC-04285,Male,0,Yes,No,31,Yes,Fiber optic,Yes,No,Yes,Two year,Yes,Bank transfer,106.13,3373.94,0,25-48 months,High (80+),1,30.5,3.0
TC-04286,Female,0,No,No,26,Yes,Fiber optic,No,Yes,Yes,Month-to-month,Yes,Credit card,103.64,2620.25,0,25-48 months,High (80+),0,,
TC-04287,Male,1,Yes,No,22,Yes,Fiber optic,No,No,No,Month-to-month,Yes,Credit card,92.71,2062.51,1,13-24 months,High (80+),2,27.4,3.0
TC-04288,Male,0,Yes,No,8,Yes,Fiber optic,No,Yes,No,Month-to-month,No,Bank transfer,99.6,796.75,1,0-12 months,High (80+),0,,
TC-04289,Male,0,No,No,63,Yes,Fiber optic,No,Yes,No,Two year,No,Mailed check,93.21,5964.95,0,49+ months,High (80+),1,3.9,4.0
TC-04290,Male,0,No,No,23,Yes,DSL,No,No,No,Month-to-month,No,Mailed check,59.18,1383.82,0,13-24 months,Medium (40-79),1,33.5,1.0
TC-04291,Male,0,Yes,Yes,15,Yes,Fiber optic,No,No,No,One year,Yes,Mailed check,80.38,1224.59,0,13-24 months,High (80+),3,12.1,4.33
TC-04292,Female,0,No,No,23,Yes,No internet,No internet service,No internet service,No internet service,Month-to-month,Yes,Credit card,26.59,601.68,0,13-24 months,Low (<40),0,,
TC-04293,Female,0,No,No,10,No,Fiber optic,No,No,No,One year,Yes,Credit card,81.44,806.56,0,0-12 months,High (80+),1,32.1,1.0
TC-04294,Male,0,No,No,29,Yes,Fiber optic,No,No,No,Month-to-month,No,Bank transfer,97.67,2841.55,0,25-48 months,High (80+),2,8.7,2.5
TC-04295,Female,0,Yes,Yes,16,Yes,Fiber optic,Yes,No,Yes,Month-to-month,Yes,Electronic check,98.31,1527.51,1,13-24 months,High (80+),3,31.6,3.0
TC-04296,Female,1,No,Yes,28,Yes,Fiber optic,Yes,No,No,One year,No,Credit card,90.91,2515.72,1,25-48 months,High (80+),4,14.1,3.0
TC-04297,Male,0,Yes,No,32,Yes,Fiber optic,Yes,No,Yes,Month-to-month,Yes,Mailed check,99.27,3126.45,1,25-48 months,High (80+),2,7.8,2.0
TC-04298,Male,0,No,No,5,Yes,DSL,Yes,Yes,No,Month-to-month,Yes,Bank transfer,56.94,291.03,0,0-12 months,Medium (40-79),0,,
TC-04299,Female,0,Yes,No,68,Yes,Fiber optic,No,No,Yes,Two year,Yes,Electronic check,84.25,5640.09,0,49+ months,High (80+),2,35.2,4.0
TC-04300,Male,0,No,No,1,Yes,No internet,No internet service,No internet service,No internet service,Month-to-month,Yes,Bank transfer,29.42,29.07,0,0-12 months,Low (<40),0,,
TC-04301,Male,0,No,No,36,Yes,Fiber optic,No,No,Yes,Month-to-month,Yes,Credit card,97.62,3558.97,0,25-48 months,High (80+),0,,
TC-04302,Male,0,No,Yes,14,Yes,No internet,No internet service,No internet service,No internet service,Month-to-month,Yes,Credit card,26.8,385.22,0,13-24 months,Low (<40),1,14.1,5.0
TC-04303,Female,0,Yes,No,30,Yes,No internet,No internet service,No internet service,No internet service,Month-to-month,No,Mailed check,18.0,541.0,0,25-48 months,Low (<40),1,27.2,5.0
TC-04304,Male,0,No,Yes,25,No,DSL,No,No,No,Month-to-month,Yes,Bank transfer,60.71,1486.4,1,25-48 months,Medium (40-79),0,,
TC-04305,Male,0,Yes,No,2,Yes,Fiber optic,Yes,No,No,Month-to-month,Yes,Electronic check,86.09,169.13,1,0-12 months,High (80+),0,,
TC-04306,Female,1,No,No,62,Yes,DSL,No,Yes,No,One year,Yes,Electronic check,69.64,4398.37,0,49+ months,Medium (40-79),0,,
TC-04307,Male,0,No,Yes,72,Yes,Fiber optic,Yes,No,No,Two year,Yes,Mailed check,88.96,6297.66,0,49+ months,High (80+),4,24.4,4.25
TC-04308,Female,1,Yes,No,26,Yes,DSL,No,Yes,Yes,One year,No,Credit card,69.71,1800.15,1,25-48 months,Medium (40-79),0,,
TC-04309,Female,0,No,No,3,Yes,No internet,No internet service,No internet service,No internet service,Month-to-month,Yes,Bank transfer,19.97,59.04,0,0-12 months,Low (<40),1,14.9,3.0
TC-04310,Female,0,No,Yes,21,Yes,No internet,No internet service,No internet service,No internet service,Month-to-month,Yes,Credit card,25.98,556.65,0,13-24 months,Low (<40),2,12.9,5.0
TC-04311,Male,0,Yes,No,24,Yes,DSL,Yes,Yes,No,One year,No,Mailed check,73.78,1744.4,0,13-24 months,Medium (40-79),1,5.8,5.0
TC-04312,Female,1,Yes,Yes,38,Yes,Fiber optic,No,No,Yes,Two year,Yes,Electronic check,82.99,3241.65,0,25-48 months,High (80+),2,12.9,4.0
TC-04313,Male,0,Yes,No,68,Yes,DSL,No,No,Yes,One year,Yes,Electronic check,63.91,4421.52,0,49+ months,Medium (40-79),2,8.8,2.5
TC-04314,Male,0,No,Yes,14,Yes,No internet,No internet service,No internet service,No internet service,Month-to-month,Yes,Electronic check,18.0,259.52,0,13-24 months,Low (<40),1,15.8,3.0
TC-04315,Male,0,Yes,Yes,24,Yes,DSL,No,Yes,Yes,Month-to-month,Yes,Bank transfer,65.28,1602.19,0,13-24 months,Medium (40-79),0,,
TC-04316,Female,0,Yes,No,23,Yes,No internet,No internet service,No internet service,No internet service,Two year,No,Electronic check,26.14,613.61,0,13-24 months,Low (<40),0,,
TC-04317,Female,1,No,No,2,Yes,DSL,No,No,Yes,Month-to-month,No,Credit card,64.61,131.46,1,0-12 months,Medium (40-79),1,33.1,3.0
TC-04318,Female,0,Yes,Yes,28,Yes,DSL,No,No,No,Month-to-month,Yes,Credit card,39.19,1067.78,0,25-48 months,Low (<40),0,,
TC-04319,Female,0,Yes,No,41,No,DSL,Yes,No,No,Two year,Yes,Electronic check,64.0,2618.24,0,25-48 months,Medium (40-79),1,4.5,3.0
TC-04320,Male,0,No,No,24,Yes,No internet,No internet service,No internet service,No internet service,Month-to-month,Yes,Bank transfer,26.0,633.08,0,13-24 months,Low (<40),0,,
TC-04321,Male,1,Yes,Yes,61,Yes,DSL,No,Yes,Yes,Two year,No,Bank transfer,91.12,5601.27,0,49+ months,High (80+),1,12.0,3.0
TC-04322,Female,0,Yes,Yes,17,Yes,DSL,No,Yes,Yes,Month-to-month,No,Electronic check,71.36,1213.18,1,13-24 months,Medium (40-79),0,,
TC-04323,Male,0,No,Yes,36,Yes,Fiber optic,Yes,Yes,No,Month-to-month,Yes,Electronic check,95.44,3511.55,1,25-48 months,High (80+),1,34.3,2.0
TC-04324,Male,0,Yes,No,10,Yes,Fiber optic,No,No,Yes,Month-to-month,Yes,Mailed check,114.25,1156.55,1,0-12 months,High (80+),4,14.0,2.5
TC-04325,Female,0,Yes,No,57,Yes,No internet,No internet service,No internet service,No internet service,Two year,Yes,Electronic check,27.89,1576.72,0,49+ months,Low (<40),2,20.9,3.0
TC-04326,Female,0,No,No,12,Yes,Fiber optic,No,No,No,Month-to-month,Yes,Electronic check,83.05,974.72,1,0-12 months,High (80+),0,,
TC-04327,Female,1,Yes,Yes,52,Yes,DSL,No,No,Yes,Two year,Yes,Electronic check,73.96,3853.83,0,49+ months,Medium (40-79),1,23.6,3.0
TC-04328,Female,0,No,Yes,22,Yes,DSL,No,Yes,No,Month-to-month,No,Electronic check,62.64,1410.45,0,13-24 months,Medium (40-79),0,,
TC-04329,Male,0,Yes,No,72,Yes,Fiber optic,No,No,Yes,Two year,Yes,Mailed check,91.98,6516.69,0,49+ months,High (80+),0,,
TC-04330,Female,0,No,No,3,Yes,Fiber optic,No,Yes,Yes,Month-to-month,No,Bank transfer,91.12,272.97,1,0-12 months,High (80+),1,6.8,4.0
TC-04331,Male,0,No,No,4,Yes,Fiber optic,Yes,No,Yes,Month-to-month,Yes,Electronic check,113.62,445.62,1,0-12 months,High (80+),4,21.3,3.0
TC-04332,Male,0,No,Yes,10,Yes,Fiber optic,Yes,No,No,Month-to-month,No,Bank transfer,94.87,920.34,1,0-12 months,High (80+),1,19.5,3.0
TC-04333,Male,0,Yes,No,52,No,DSL,Yes,Yes,No,One year,Yes,Credit card,66.78,3492.8,1,49+ months,Medium (40-79),0,,
TC-04334,Female,1,Yes,No,19,Yes,No internet,No internet service,No internet service,No internet service,Month-to-month,Yes,Bank transfer,18.0,339.33,0,13-24 months,Low (<40),1,19.0,4.0
TC-04335,Female,0,No,No,39,Yes,No internet,No internet service,No internet service,No internet service,One year,Yes,Mailed check,18.0,712.77,0,25-48 months,Low (<40),0,,
TC-04336,Female,0,No,No,43,Yes,DSL,No,No,Yes,Month-to-month,Yes,Bank transfer,44.35,1876.13,0,25-48 months,Medium (40-79),1,7.8,5.0
TC-04337,Female,0,No,Yes,19,Yes,DSL,Yes,No,No,One year,No,Credit card,76.01,1435.34,0,13-24 months,Medium (40-79),0,,
TC-04338,Female,0,No,No,72,Yes,Fiber optic,No,No,Yes,Two year,No,Bank transfer,86.84,6184.27,0,49+ months,High (80+),1,15.2,5.0
TC-04339,Female,0,No,No,54,Yes,DSL,Yes,Yes,Yes,Month-to-month,Yes,Credit card,78.63,4272.76,0,49+ months,Medium (40-79),1,21.0,4.0
TC-04340,Female,1,Yes,Yes,4,Yes,DSL,No,Yes,Yes,Month-to-month,No,Mailed check,75.82,294.53,1,0-12 months,Medium (40-79),1,26.9,4.0
TC-04341,Female,0,Yes,No,54,Yes,Fiber optic,No,No,No,Two year,Yes,Electronic check,91.01,4989.79,0,49+ months,High (80+),1,1.4,4.0
TC-04342,Male,0,No,No,43,Yes,Fiber optic,No,No,No,Two year,No,Mailed check,84.67,3596.65,0,25-48 months,High (80+),1,8.8,3.0
TC-04343,Male,0,No,No,72,Yes,Fiber optic,Yes,No,No,Two year,Yes,Credit card,86.07,6297.64,0,49+ months,High (80+),2,35.4,4.0
TC-04344,Female,0,No,No,19,Yes,Fiber optic,No,Yes,No,Month-to-month,Yes,Credit card,98.95,1837.42,0,13-24 months,High (80+),0,,
TC-04345,Male,0,No,No,43,Yes,No internet,No internet service,No internet service,No internet service,One year,Yes,Bank transfer,34.4,1485.97,0,25-48 months,Low (<40),0,,
TC-04346,Female,0,No,No,24,Yes,Fiber optic,Yes,No,Yes,Month-to-month,No,Mailed check,92.67,2278.26,0,13-24 months,High (80+),2,16.9,4.0
TC-04347,Male,0,No,No,1,Yes,DSL,Yes,Yes,Yes,Month-to-month,Yes,Mailed check,80.92,80.35,0,0-12 months,High (80+),1,10.5,4.0
TC-04348,Male,0,No,Yes,48,Yes,DSL,No,No,No,One year,No,Bank transfer,62.35,3002.82,0,25-48 months,Medium (40-79),1,31.3,4.0
TC-04349,Female,1,Yes,Yes,34,Yes,No internet,No internet service,No internet service,No internet service,Month-to-month,No,Credit card,18.63,618.67,0,25-48 months,Low (<40),1,22.1,4.0
TC-04350,Female,0,No,No,9,Yes,DSL,No,No,No,Month-to-month,Yes,Mailed check,62.0,567.57,0,0-12 months,Medium (40-79),2,24.6,4.0
TC-04351,Male,0,Yes,Yes,34,No,Fiber optic,No,No,No,Month-to-month,No,Electronic check,88.52,2923.07,0,25-48 months,High (80+),1,3.3,5.0
TC-04352,Male,0,Yes,Yes,44,Yes,No internet,No internet service,No internet service,No internet service,Month-to-month,No,Electronic check,18.0,788.52,0,25-48 months,Low (<40),1,32.7,2.0
TC-04353,Female,0,Yes,No,29,Yes,DSL,No,No,Yes,Month-to-month,Yes,Electronic check,67.26,1970.19,1,25-48 months,Medium (40-79),0,,
TC-04354,Male,1,No,No,72,Yes,No internet,No internet service,No internet service,No internet service,Two year,Yes,Electronic check,21.09,1512.06,0,49+ months,Low (<40),0,,
TC-04355,Female,0,Yes,No,25,Yes,DSL,No,No,No,Month-to-month,Yes,Mailed check,56.2,1378.86,0,25-48 months,Medium (40-79),0,,
TC-04356,Male,0,No,No,63,Yes,DSL,No,No,No,Two year,Yes,Mailed check,62.3,3840.46,0,49+ months,Medium (40-79),3,25.1,3.33
TC-04357,Male,1,Yes,No,67,Yes,DSL,No,Yes,No,Two year,No,Mailed check,68.53,4503.68,0,49+ months,Medium (40-79),0,,
TC-04358,Male,0,Yes,No,70,Yes,DSL,No,Yes,Yes,Two year,Yes,Mailed check,84.38,6023.12,0,49+ months,High (80+),2,27.2,3.5
TC-04359,Male,0,No,No,63,Yes,Fiber optic,No,Yes,Yes,Two year,Yes,Electronic check,84.71,5389.9,0,49+ months,High (80+),0,,
TC-04360,Female,1,Yes,No,28,Yes,DSL,No,No,No,Month-to-month,No,Electronic check,51.53,1464.97,1,25-48 months,Medium (40-79),0,,
TC-04361,Female,0,Yes,Yes,12,Yes,No internet,No internet service,No internet service,No internet service,Month-to-month,Yes,Bank transfer,19.72,241.83,0,0-12 months,Low (<40),1,10.4,4.0
TC-04362,Male,0,Yes,Yes,22,Yes,DSL,No,Yes,Yes,Month-to-month,Yes,Credit card,74.05,1667.43,1,13-24 months,Medium (40-79),3,16.2,2.0
TC-04363,Male,0,Yes,No,58,Yes,Fiber optic,No,No,No,Month-to-month,Yes,Mailed check,92.42,5464.8,0,49+ months,High (80+),0,,
TC-04364,Female,0,No,No,32,Yes,DSL,No,No,Yes,Month-to-month,No,Electronic check,53.42,1687.18,0,25-48 months,Medium (40-79),2,13.6,2.5
TC-04365,Female,1,Yes,No,60,Yes,No internet,No internet service,No internet service,No internet service,Two year,No,Mailed check,23.01,1361.39,0,49+ months,Low (<40),2,9.4,4.5
TC-04366,Male,0,No,Yes,45,Yes,Fiber optic,No,No,Yes,Two year,No,Electronic check,79.94,3581.5,0,25-48 months,Medium (40-79),1,24.7,5.0
TC-04367,Male,0,No,No,70,Yes,DSL,No,No,Yes,Two year,No,Bank transfer,77.07,5306.75,0,49+ months,Medium (40-79),0,,
TC-04368,Female,0,No,Yes,30,Yes,No internet,No internet service,No internet service,No internet service,Month-to-month,Yes,Mailed check,23.37,703.56,0,25-48 months,Low (<40),0,,
TC-04369,Female,0,Yes,No,72,Yes,No internet,No internet service,No internet service,No internet service,Two year,No,Mailed check,18.78,1360.5,0,49+ months,Low (<40),1,0.9,4.0
TC-04370,Female,0,No,No,41,Yes,Fiber optic,No,No,Yes,Two year,No,Mailed check,87.74,3663.99,0,25-48 months,High (80+),0,,
TC-04371,Male,0,No,No,6,Yes,Fiber optic,Yes,No,No,Month-to-month,Yes,Credit card,85.99,511.69,1,0-12 months,High (80+),3,19.2,2.67
TC-04372,Male,0,No,No,5,Yes,Fiber optic,Yes,No,No,Month-to-month,No,Bank transfer,89.97,459.49,0,0-12 months,High (80+),1,11.4,3.0
TC-04373,Female,0,No,Yes,1,Yes,Fiber optic,No,No,No,Month-to-month,Yes,Bank transfer,84.8,82.28,1,0-12 months,High (80+),0,,
TC-04374,Female,1,Yes,No,9,Yes,No internet,No internet service,No internet service,No internet service,Month-to-month,No,Credit card,18.0,159.2,0,0-12 months,Low (<40),0,,
TC-04375,Male,0,No,No,51,Yes,Fiber optic,No,No,No,Two year,Yes,Bank transfer,82.69,4252.13,1,49+ months,High (80+),1,23.4,2.0
TC-04376,Male,0,Yes,No,10,Yes,DSL,No,Yes,Yes,Month-to-month,Yes,Mailed check,80.54,781.27,0,0-12 months,High (80+),0,,
TC-04377,Male,0,No,Yes,19,Yes,DSL,Yes,No,No,Month-to-month,No,Electronic check,70.96,1343.42,0,13-24 months,Medium (40-79),0,,
TC-04378,Female,0,Yes,Yes,41,Yes,No internet,No internet service,No internet service,No internet service,Month-to-month,No,Bank transfer,18.67,742.79,0,25-48 months,Low (<40),2,17.8,4.5
TC-04379,Female,1,Yes,No,56,Yes,No internet,No internet service,No internet service,No internet service,Two year,No,Bank transfer,18.0,984.59,0,49+ months,Low (<40),3,18.8,3.33
TC-04380,Female,0,No,No,25,Yes,No internet,No internet service,No internet service,No internet service,Month-to-month,Yes,Bank transfer,18.0,458.28,0,25-48 months,Low (<40),3,18.8,3.0
TC-04381,Male,0,No,No,9,No,Fiber optic,No,No,No,One year,Yes,Credit card,96.78,864.01,1,0-12 months,High (80+),2,27.2,2.0
TC-04382,Female,0,No,Yes,4,Yes,Fiber optic,No,No,No,Month-to-month,Yes,Bank transfer,95.88,387.76,1,0-12 months,High (80+),1,20.4,3.0
TC-04383,Male,0,Yes,No,72,Yes,Fiber optic,No,Yes,No,One year,Yes,Electronic check,83.56,5984.12,0,49+ months,High (80+),0,,
TC-04384,Female,0,Yes,No,58,Yes,Fiber optic,No,Yes,No,Two year,Yes,Credit card,89.6,5278.35,0,49+ months,High (80+),0,,
TC-04385,Male,0,Yes,Yes,57,Yes,DSL,No,No,Yes,Two year,Yes,Mailed check,74.08,4265.93,0,49+ months,Medium (40-79),0,,
TC-04386,Male,0,Yes,No,17,Yes,No internet,No internet service,No internet service,No internet service,Two year,No,Electronic check,21.88,360.91,0,13-24 months,Low (<40),4,21.3,3.25
TC-04387,Male,0,No,No,27,Yes,DSL,Yes,Yes,No,Month-to-month,No,Electronic check,67.53,1865.24,0,25-48 months,Medium (40-79),1,16.3,5.0
TC-04388,Male,0,Yes,Yes,17,Yes,DSL,Yes,Yes,No,Month-to-month,Yes,Credit card,56.55,971.48,0,13-24 months,Medium (40-79),1,6.3,4.0
TC-04389,Female,0,Yes,No,12,Yes,Fiber optic,No,No,Yes,Month-to-month,No,Electronic check,95.59,1121.19,1,0-12 months,High (80+),6,14.1,3.0
TC-04390,Male,0,No,No,2,Yes,DSL,No,No,No,Month-to-month,Yes,Mailed check,65.58,133.64,0,0-12 months,Medium (40-79),0,,
TC-04391,Female,1,No,No,7,Yes,DSL,Yes,No,No,Month-to-month,Yes,Mailed check,61.21,420.83,0,0-12 months,Medium (40-79),0,,
TC-04392,Male,0,No,No,34,Yes,Fiber optic,No,Yes,Yes,Two year,No,Electronic check,91.42,3166.89,0,25-48 months,High (80+),0,,
TC-04393,Female,0,No,No,6,Yes,Fiber optic,Yes,Yes,No,Month-to-month,Yes,Electronic check,98.8,600.6,0,0-12 months,High (80+),0,,
TC-04394,Female,0,No,No,25,Yes,DSL,No,Yes,No,Month-to-month,Yes,Electronic check,68.84,1710.62,0,25-48 months,Medium (40-79),0,,
TC-04395,Male,1,No,No,64,Yes,DSL,No,No,Yes,Two year,Yes,Credit card,62.72,3897.17,0,49+ months,Medium (40-79),0,,
TC-04396,Male,1,No,No,12,Yes,DSL,No,No,Yes,Two year,Yes,Credit card,56.03,654.62,0,0-12 months,Medium (40-79),0,,
TC-04397,Female,1,No,No,61,Yes,No internet,No internet service,No internet service,No internet service,Two year,Yes,Credit card,23.71,1405.36,0,49+ months,Low (<40),1,23.5,1.0
TC-04398,Male,0,No,Yes,5,Yes,DSL,Yes,No,Yes,Month-to-month,No,Credit card,64.17,318.35,0,0-12 months,Medium (40-79),2,17.8,4.5
TC-04399,Male,0,Yes,Yes,6,Yes,No internet,No internet service,No internet service,No internet service,Month-to-month,Yes,Bank transfer,28.1,166.48,0,0-12 months,Low (<40),3,14.0,3.67
TC-04400,Female,0,Yes,No,63,Yes,Fiber optic,No,No,Yes,Two year,No,Credit card,97.72,6043.58,0,49+ months,High (80+),1,6.5,4.0
TC-04401,Female,0,No,Yes,4,Yes,Fiber optic,Yes,No,Yes,Month-to-month,Yes,Mailed check,97.21,397.44,0,0-12 months,High (80+),2,16.4,3.0
TC-04402,Female,0,Yes,No,52,Yes,No internet,No internet service,No internet service,No internet service,Two year,Yes,Credit card,23.37,1207.32,0,49+ months,Low (<40),0,,
TC-04403,Male,0,No,No,49,Yes,DSL,Yes,No,No,Month-to-month,No,Bank transfer,54.58,2708.24,0,49+ months,Medium (40-79),1,19.1,3.0
TC-04404,Female,0,Yes,No,12,Yes,No internet,No internet service,No internet service,No internet service,Month-to-month,Yes,Mailed check,19.11,227.19,0,0-12 months,Low (<40),0,,
TC-04405,Male,0,No,No,58,No,Fiber optic,No,No,No,One year,No,Electronic check,73.28,4190.64,0,49+ months,Medium (40-79),5,14.5,3.6
TC-04406,Female,1,Yes,Yes,28,Yes,DSL,No,No,Yes,One year,Yes,Credit card,75.06,2159.56,0,25-48 months,Medium (40-79),3,26.0,4.67
TC-04407,Male,0,Yes,No,14,Yes,Fiber optic,No,Yes,Yes,One year,No,Electronic check,91.25,1311.74,1,13-24 months,High (80+),1,11.5,3.0
TC-04408,Female,0,No,Yes,38,Yes,Fiber optic,No,No,Yes,Month-to-month,No,Electronic check,87.99,3368.1,1,25-48 months,High (80+),1,18.2,5.0
TC-04409,Female,0,No,No,28,Yes,No internet,No internet service,No internet service,No internet service,One year,Yes,Electronic check,18.0,515.81,0,25-48 months,Low (<40),0,,
TC-04410,Female,0,Yes,No,13,Yes,No internet,No internet service,No internet service,No internet service,Month-to-month,No,Credit card,21.93,292.81,0,13-24 months,Low (<40),1,14.7,4.0
TC-04411,Female,0,No,No,6,Yes,No internet,No internet service,No internet service,No internet service,Month-to-month,Yes,Mailed check,31.3,193.17,0,0-12 months,Low (<40),3,18.7,2.67
TC-04412,Male,0,No,Yes,6,Yes,No internet,No internet service,No internet service,No internet service,Month-to-month,No,Mailed check,24.66,147.05,0,0-12 months,Low (<40),0,,
TC-04413,Male,0,Yes,No,11,Yes,Fiber optic,No,No,Yes,Month-to-month,No,Bank transfer,93.13,1038.37,1,0-12 months,High (80+),2,10.2,2.5
TC-04414,Male,0,Yes,Yes,11,Yes,DSL,No,Yes,No,Month-to-month,No,Bank transfer,64.89,725.85,1,0-12 months,Medium (40-79),0,,
TC-04415,Female,0,Yes,Yes,2,Yes,DSL,No,No,Yes,Month-to-month,Yes,Credit card,79.44,159.25,1,0-12 months,Medium (40-79),1,29.9,2.0
TC-04416,Female,0,No,Yes,6,No,Fiber optic,No,Yes,Yes,Month-to-month,Yes,Electronic check,93.83,547.0,1,0-12 months,High (80+),0,,
TC-04417,Female,0,Yes,Yes,33,Yes,Fiber optic,No,No,Yes,Month-to-month,No,Credit card,91.47,3096.7,0,25-48 months,High (80+),2,11.9,3.0
TC-04418,Male,1,Yes,No,23,Yes,Fiber optic,No,No,No,Month-to-month,No,Electronic check,83.15,1953.01,0,13-24 months,High (80+),0,,
TC-04419,Female,0,No,No,39,Yes,DSL,No,No,Yes,Two year,No,Bank transfer,71.29,2774.15,0,25-48 months,Medium (40-79),1,21.5,4.0
TC-04420,Male,0,No,No,61,Yes,No internet,No internet service,No internet service,No internet service,Two year,Yes,Mailed check,19.02,1139.88,0,49+ months,Low (<40),1,9.7,4.0
TC-04421,Male,0,Yes,Yes,18,Yes,No internet,No internet service,No internet service,No internet service,Month-to-month,No,Electronic check,21.29,375.58,0,13-24 months,Low (<40),2,12.8,5.0
TC-04422,Male,1,No,Yes,6,Yes,No internet,No internet service,No internet service,No internet service,Month-to-month,No,Credit card,23.77,143.0,0,0-12 months,Low (<40),0,,
TC-04423,Male,0,No,Yes,12,Yes,No internet,No internet service,No internet service,No internet service,Month-to-month,No,Credit card,28.26,336.15,0,0-12 months,Low (<40),0,,
TC-04424,Female,0,Yes,No,10,Yes,Fiber optic,No,Yes,Yes,Month-to-month,Yes,Bank transfer,107.66,1070.83,1,0-12 months,High (80+),0,,
TC-04425,Male,0,Yes,No,41,No,Fiber optic,No,Yes,Yes,Month-to-month,No,Bank transfer,93.95,3837.79,0,25-48 months,High (80+),1,1.5,3.0
TC-04426,Male,1,Yes,No,56,Yes,DSL,No,Yes,No,Month-to-month,No,Credit card,58.64,3293.55,1,49+ months,Medium (40-79),0,,
TC-04427,Female,1,Yes,Yes,16,Yes,Fiber optic,No,Yes,No,Month-to-month,Yes,Bank transfer,86.24,1418.83,1,13-24 months,High (80+),1,29.2,2.0
TC-04428,Male,0,No,No,15,Yes,Fiber optic,Yes,No,Yes,Month-to-month,Yes,Bank transfer,101.84,1529.38,0,13-24 months,High (80+),1,8.7,4.0
TC-04429,Male,0,No,No,8,Yes,DSL,No,No,Yes,One year,Yes,Credit card,66.31,535.01,0,0-12 months,Medium (40-79),2,25.3,1.5
TC-04430,Female,0,No,No,12,Yes,Fiber optic,No,No,Yes,Month-to-month,No,Bank transfer,97.59,1180.4,0,0-12 months,High (80+),2,16.3,4.5
TC-04431,Male,0,No,Yes,45,Yes,DSL,Yes,No,Yes,Two year,Yes,Bank transfer,77.49,3420.58,0,25-48 months,Medium (40-79),0,,
TC-04432,Male,0,No,No,12,Yes,No internet,No internet service,No internet service,No internet service,Two year,No,Credit card,18.0,209.84,0,0-12 months,Low (<40),0,,
TC-04433,Male,0,No,No,39,Yes,DSL,Yes,No,No,Month-to-month,No,Credit card,66.76,2548.27,1,25-48 months,Medium (40-79),0,,
TC-04434,Male,1,Yes,No,72,No,DSL,No,No,Yes,One year,No,Credit card,64.11,4729.94,0,49+ months,Medium (40-79),0,,
TC-04435,Female,0,Yes,No,68,Yes,No internet,No internet service,No internet service,No internet service,Two year,No,Bank transfer,24.83,1710.54,0,49+ months,Low (<40),0,,
TC-04436,Male,1,Yes,No,8,Yes,Fiber optic,No,No,No,Month-to-month,No,Electronic check,84.49,655.78,1,0-12 months,High (80+),2,33.8,2.5
TC-04437,Female,0,No,No,69,Yes,DSL,Yes,No,Yes,One year,No,Electronic check,69.65,4932.06,0,49+ months,Medium (40-79),1,19.7,3.0
TC-04438,Female,0,No,No,12,No,Fiber optic,No,No,No,Month-to-month,No,Electronic check,88.8,1057.51,0,0-12 months,High (80+),4,24.8,3.25
TC-04439,Male,0,No,No,13,No,Fiber optic,Yes,Yes,No,Month-to-month,No,Electronic check,102.56,1354.66,1,13-24 months,High (80+),2,27.9,4.0
TC-04440,Female,0,No,No,12,Yes,No internet,No internet service,No internet service,No internet service,Month-to-month,Yes,Bank transfer,18.67,225.09,0,0-12 months,Low (<40),1,34.1,3.0
TC-04441,Male,0,Yes,No,52,Yes,DSL,Yes,No,No,Month-to-month,Yes,Credit card,65.95,3518.0,0,49+ months,Medium (40-79),2,11.6,5.0
TC-04442,Female,0,No,No,28,Yes,DSL,No,No,Yes,One year,Yes,Credit card,75.39,2070.1,0,25-48 months,Medium (40-79),1,18.8,5.0
TC-04443,Female,0,Yes,No,17,Yes,DSL,No,No,No,Month-to-month,Yes,Credit card,54.27,919.34,0,13-24 months,Medium (40-79),0,,
TC-04444,Male,0,Yes,No,29,Yes,Fiber optic,No,Yes,No,Month-to-month,Yes,Credit card,95.57,2745.19,1,25-48 months,High (80+),1,2.4,3.0
TC-04445,Female,0,No,No,72,Yes,Fiber optic,No,Yes,No,Two year,No,Bank transfer,94.77,7013.7,0,49+ months,High (80+),2,28.1,3.0
TC-04446,Female,0,No,No,14,Yes,DSL,No,Yes,No,Month-to-month,No,Bank transfer,53.94,775.75,0,13-24 months,Medium (40-79),1,16.8,4.0
TC-04447,Male,0,Yes,Yes,51,Yes,No internet,No internet service,No internet service,No internet service,Month-to-month,No,Bank transfer,18.0,937.26,0,49+ months,Low (<40),1,23.3,4.0
TC-04448,Male,0,No,No,39,Yes,Fiber optic,No,No,No,Two year,Yes,Mailed check,81.06,3070.43,0,25-48 months,High (80+),6,15.3,2.83
TC-04449,Female,1,No,No,13,Yes,DSL,No,No,No,One year,Yes,Mailed check,54.12,703.55,0,13-24 months,Medium (40-79),1,15.7,2.0
TC-04450,Female,1,No,No,72,No,DSL,Yes,Yes,No,One year,No,Credit card,77.63,5445.31,0,49+ months,Medium (40-79),1,7.1,5.0
TC-04451,Female,0,No,Yes,16,Yes,Fiber optic,Yes,No,No,Month-to-month,Yes,Credit card,82.4,1354.9,1,13-24 months,High (80+),1,13.3,1.0
TC-04452,Male,0,No,No,49,Yes,No internet,No internet service,No internet service,No internet service,One year,Yes,Bank transfer,31.22,1508.1,0,49+ months,Low (<40),3,27.2,3.33
TC-04453,Female,1,No,No,33,Yes,No internet,No internet service,No internet service,No internet service,Month-to-month,No,Electronic check,18.0,598.43,0,25-48 months,Low (<40),1,20.1,3.0
TC-04454,Female,0,Yes,No,32,Yes,Fiber optic,Yes,No,Yes,Month-to-month,No,Electronic check,88.96,2909.06,1,25-48 months,High (80+),2,20.3,4.0
TC-04455,Male,0,No,No,4,Yes,No internet,No internet service,No internet service,No internet service,Month-to-month,Yes,Bank transfer,18.25,72.31,1,0-12 months,Low (<40),0,,
TC-04456,Male,0,No,No,2,Yes,No internet,No internet service,No internet service,No internet service,Month-to-month,No,Bank transfer,18.0,35.94,0,0-12 months,Low (<40),1,15.0,5.0
TC-04457,Male,0,Yes,Yes,50,Yes,Fiber optic,No,Yes,No,Two year,No,Electronic check,88.32,4348.69,0,49+ months,High (80+),0,,
TC-04458,Male,0,Yes,No,42,Yes,DSL,No,No,Yes,One year,No,Electronic check,68.49,2863.56,0,25-48 months,Medium (40-79),0,,
TC-04459,Female,1,Yes,Yes,44,No,DSL,No,Yes,Yes,Two year,Yes,Mailed check,63.32,2795.74,0,25-48 months,Medium (40-79),0,,
TC-04460,Male,0,Yes,Yes,6,Yes,Fiber optic,Yes,No,No,Month-to-month,No,Bank transfer,87.12,508.31,1,0-12 months,High (80+),1,12.7,2.0
TC-04461,Female,0,No,No,47,Yes,No internet,No internet service,No internet service,No internet service,Month-to-month,Yes,Credit card,29.02,1323.02,1,25-48 months,Low (<40),0,,
TC-04462,Female,0,No,No,15,Yes,No internet,No internet service,No internet service,No internet service,Month-to-month,No,Electronic check,18.0,272.13,0,13-24 months,Low (<40),1,14.9,5.0
TC-04463,Female,0,Yes,No,16,Yes,Fiber optic,No,No,Yes,Month-to-month,Yes,Credit card,107.76,1721.59,0,13-24 months,High (80+),0,,
TC-04464,Male,0,Yes,No,19,Yes,Fiber optic,Yes,No,Yes,Month-to-month,No,Bank transfer,97.81,1907.99,1,13-24 months,High (80+),1,7.7,3.0
TC-04465,Female,0,No,No,1,Yes,DSL,No,No,Yes,Month-to-month,Yes,Bank transfer,60.19,59.94,1,0-12 months,Medium (40-79),2,6.0,3.5
TC-04466,Male,0,No,No,12,Yes,DSL,No,No,No,Month-to-month,Yes,Bank transfer,70.4,824.68,1,0-12 months,Medium (40-79),2,23.1,1.5
TC-04467,Male,0,Yes,No,35,Yes,Fiber optic,Yes,No,No,Month-to-month,No,Credit card,82.83,2930.3,0,25-48 months,High (80+),2,7.6,3.5
TC-04468,Female,1,No,No,56,Yes,Fiber optic,No,Yes,Yes,Two year,No,Credit card,104.01,5781.36,0,49+ months,High (80+),2,32.0,3.0
TC-04469,Male,0,Yes,No,48,Yes,DSL,No,No,No,Month-to-month,Yes,Electronic check,65.86,3150.2,1,25-48 months,Medium (40-79),0,,
TC-04470,Male,0,No,No,45,Yes,Fiber optic,No,No,Yes,Two year,No,Electronic check,102.86,4754.38,0,25-48 months,High (80+),1,15.5,3.0
TC-04471,Female,0,No,No,10,Yes,Fiber optic,No,No,Yes,Month-to-month,No,Electronic check,92.57,935.41,1,0-12 months,High (80+),2,10.8,2.5
TC-04472,Male,1,Yes,Yes,21,Yes,Fiber optic,No,No,Yes,Month-to-month,Yes,Credit card,83.85,1749.47,1,13-24 months,High (80+),2,26.5,2.5
TC-04473,Male,0,Yes,Yes,72,Yes,Fiber optic,No,No,No,Two year,Yes,Bank transfer,90.84,6467.31,0,49+ months,High (80+),3,11.4,3.0
TC-04474,Female,0,No,Yes,16,Yes,No internet,No internet service,No internet service,No internet service,Month-to-month,No,Electronic check,22.02,360.41,0,13-24 months,Low (<40),0,,
TC-04475,Male,1,Yes,No,20,Yes,DSL,No,No,No,Month-to-month,No,Credit card,47.76,980.09,0,13-24 months,Medium (40-79),0,,
TC-04476,Female,0,No,No,23,Yes,No internet,No internet service,No internet service,No internet service,Month-to-month,No,Credit card,23.88,550.65,0,13-24 months,Low (<40),0,,
TC-04477,Female,0,No,No,5,No,DSL,No,No,No,Month-to-month,No,Credit card,51.59,255.37,1,0-12 months,Medium (40-79),0,,
TC-04478,Female,0,No,Yes,11,Yes,Fiber optic,No,No,No,Month-to-month,Yes,Electronic check,86.94,936.56,1,0-12 months,High (80+),2,27.6,3.5
TC-04479,Male,1,No,Yes,52,No,Fiber optic,No,Yes,Yes,One year,Yes,Electronic check,97.48,5214.26,0,49+ months,High (80+),0,,
TC-04480,Male,1,Yes,No,17,Yes,Fiber optic,No,No,Yes,One year,Yes,Electronic check,99.78,1671.83,0,13-24 months,High (80+),3,17.2,3.33
TC-04481,Female,0,No,No,13,Yes,Fiber optic,Yes,Yes,Yes,Month-to-month,No,Electronic check,106.53,1415.58,1,13-24 months,High (80+),0,,
TC-04482,Male,0,No,No,30,Yes,No internet,No internet service,No internet service,No internet service,Month-to-month,Yes,Electronic check,18.0,535.9,0,25-48 months,Low (<40),1,44.4,2.0
TC-04483,Male,0,No,No,15,Yes,DSL,No,Yes,No,Month-to-month,Yes,Electronic check,69.73,1069.67,1,13-24 months,Medium (40-79),2,30.0,2.0
TC-04484,Female,0,No,No,45,Yes,Fiber optic,Yes,No,No,Two year,No,Electronic check,96.26,4237.77,0,25-48 months,High (80+),1,5.7,5.0
TC-04485,Female,1,Yes,No,23,Yes,No internet,No internet service,No internet service,No internet service,Month-to-month,No,Credit card,38.35,878.69,0,13-24 months,Low (<40),0,,
TC-04486,Male,0,No,No,16,Yes,DSL,No,No,No,Month-to-month,Yes,Credit card,62.2,998.97,1,13-24 months,Medium (40-79),0,,
TC-04487,Male,0,Yes,Yes,39,No,Fiber optic,Yes,No,No,One year,No,Credit card,91.26,3570.7,0,25-48 months,High (80+),0,,
TC-04488,Female,1,No,No,22,Yes,DSL,No,Yes,No,Month-to-month,Yes,Bank transfer,66.94,1491.63,1,13-24 months,Medium (40-79),1,10.7,2.0
TC-04489,Female,1,No,No,72,Yes,DSL,Yes,No,Yes,Two year,Yes,Bank transfer,70.96,5228.26,0,49+ months,Medium (40-79),3,21.5,3.33
TC-04490,Male,0,No,No,48,Yes,Fiber optic,No,No,No,Two year,Yes,Bank transfer,89.74,4424.2,0,25-48 months,High (80+),0,,
TC-04491,Female,0,Yes,Yes,23,No,Fiber optic,No,No,Yes,Month-to-month,Yes,Mailed check,93.09,2187.27,0,13-24 months,High (80+),1,10.0,3.0
TC-04492,Female,0,No,No,61,Yes,DSL,No,Yes,No,Two year,No,Bank transfer,72.51,4311.04,0,49+ months,Medium (40-79),2,13.4,3.5
TC-04493,Female,1,Yes,Yes,4,No,DSL,No,No,No,Month-to-month,Yes,Mailed check,56.83,224.45,1,0-12 months,Medium (40-79),1,1.9,4.0
TC-04494,Male,0,No,No,32,Yes,DSL,No,No,Yes,Two year,No,Credit card,59.47,1957.74,0,25-48 months,Medium (40-79),1,26.9,5.0
TC-04495,Male,0,Yes,No,6,Yes,DSL,No,No,Yes,Month-to-month,No,Credit card,63.12,375.96,1,0-12 months,Medium (40-79),2,16.3,4.0
TC-04496,Male,0,Yes,Yes,32,Yes,No internet,No internet service,No internet service,No internet service,Month-to-month,No,Credit card,36.15,1174.31,1,25-48 months,Low (<40),0,,
TC-04497,Male,0,Yes,No,16,Yes,DSL,No,No,No,Month-to-month,Yes,Credit card,66.46,1088.01,1,13-24 months,Medium (40-79),0,,
TC-04498,Female,0,No,No,17,Yes,DSL,No,Yes,No,Month-to-month,Yes,Credit card,55.37,962.54,0,13-24 months,Medium (40-79),0,,
TC-04499,Female,0,No,No,11,Yes,No internet,No internet service,No internet service,No internet service,Month-to-month,Yes,Mailed check,22.21,238.38,0,0-12 months,Low (<40),2,10.5,3.5
TC-04500,Female,1,Yes,No,48,Yes,No internet,No internet service,No internet service,No internet service,Two year,Yes,Electronic check,21.18,1011.81,0,25-48 months,Low (<40),1,8.6,3.0
TC-04501,Female,0,No,No,10,Yes,Fiber optic,No,No,No,One year,Yes,Bank transfer,101.43,1028.59,1,0-12 months,High (80+),2,7.5,2.5
TC-04502,Male,0,Yes,Yes,53,Yes,DSL,No,No,No,One year,Yes,Bank transfer,60.05,3125.05,0,49+ months,Medium (40-79),1,7.6,3.0
TC-04503,Female,0,No,No,53,No,DSL,No,Yes,No,One year,No,Credit card,64.04,3402.2,0,49+ months,Medium (40-79),0,,
TC-04504,Female,1,Yes,No,5,No,Fiber optic,Yes,Yes,No,Month-to-month,No,Mailed check,97.63,486.73,0,0-12 months,High (80+),1,22.3,5.0
TC-04505,Female,0,No,No,72,Yes,Fiber optic,No,No,Yes,Two year,No,Electronic check,82.77,5859.3,0,49+ months,High (80+),1,12.6,5.0
TC-04506,Male,1,Yes,No,43,Yes,Fiber optic,No,No,No,One year,Yes,Credit card,84.21,3568.15,0,25-48 months,High (80+),1,3.0,2.0
TC-04507,Male,1,Yes,No,9,Yes,Fiber optic,Yes,No,Yes,Month-to-month,No,Credit card,96.72,869.31,0,0-12 months,High (80+),3,14.6,3.33
TC-04508,Female,0,No,Yes,9,Yes,Fiber optic,Yes,Yes,Yes,Month-to-month,No,Credit card,101.9,891.8,0,0-12 months,High (80+),0,,
TC-04509,Female,0,Yes,No,26,Yes,Fiber optic,No,No,No,Month-to-month,Yes,Bank transfer,74.93,1964.68,0,25-48 months,Medium (40-79),0,,
TC-04510,Female,0,Yes,Yes,0,Yes,DSL,No,No,Yes,Month-to-month,Yes,Bank transfer,71.45,0.0,1,0-12 months,Medium (40-79),1,17.4,2.0
TC-04511,Male,0,No,No,5,Yes,Fiber optic,Yes,No,Yes,Month-to-month,Yes,Credit card,103.64,517.07,1,0-12 months,High (80+),2,21.2,3.5
TC-04512,Female,1,Yes,No,10,Yes,Fiber optic,Yes,No,No,Month-to-month,Yes,Credit card,88.4,903.64,1,0-12 months,High (80+),6,16.2,2.83
TC-04513,Female,0,No,No,72,Yes,Fiber optic,No,No,Yes,Two year,Yes,Electronic check,98.04,7153.77,0,49+ months,High (80+),2,14.6,3.0
TC-04514,Female,0,No,No,32,Yes,DSL,No,Yes,No,Month-to-month,No,Bank transfer,69.36,2243.63,1,25-48 months,Medium (40-79),1,12.2,2.0
TC-04515,Male,0,Yes,No,7,Yes,Fiber optic,No,No,Yes,Month-to-month,No,Electronic check,99.41,710.42,1,0-12 months,High (80+),1,13.1,2.0
TC-04516,Female,0,No,Yes,19,Yes,Fiber optic,Yes,No,Yes,Month-to-month,No,Credit card,98.41,1924.96,0,13-24 months,High (80+),1,30.3,4.0
TC-04517,Male,0,Yes,No,33,Yes,DSL,No,No,Yes,One year,Yes,Electronic check,53.35,1741.41,0,25-48 months,Medium (40-79),2,26.6,2.0
TC-04518,Male,0,No,No,24,Yes,DSL,No,No,Yes,One year,Yes,Credit card,53.3,1242.68,0,13-24 months,Medium (40-79),0,,
TC-04519,Male,0,Yes,No,4,Yes,Fiber optic,No,Yes,No,Month-to-month,No,Credit card,89.92,360.82,1,0-12 months,High (80+),1,24.0,2.0
TC-04520,Female,0,No,No,72,Yes,DSL,No,No,Yes,Two year,No,Electronic check,60.15,4402.51,0,49+ months,Medium (40-79),1,24.5,3.0
TC-04521,Female,0,No,No,9,Yes,DSL,Yes,Yes,Yes,Month-to-month,Yes,Mailed check,80.49,741.19,0,0-12 months,High (80+),0,,
TC-04522,Female,0,No,No,9,Yes,Fiber optic,No,Yes,Yes,Month-to-month,Yes,Electronic check,90.65,813.41,1,0-12 months,High (80+),1,22.1,3.0
TC-04523,Female,1,Yes,No,66,Yes,DSL,Yes,No,No,One year,Yes,Credit card,63.39,4249.9,0,49+ months,Medium (40-79),0,,
TC-04524,Male,0,Yes,Yes,32,Yes,Fiber optic,Yes,Yes,No,Month-to-month,No,Credit card,103.22,3355.02,0,25-48 months,High (80+),1,9.0,2.0
TC-04525,Male,1,No,No,38,Yes,No internet,No internet service,No internet service,No internet service,Two year,Yes,Electronic check,21.83,841.36,0,25-48 months,Low (<40),0,,
TC-04526,Female,0,No,Yes,28,Yes,Fiber optic,Yes,Yes,Yes,Month-to-month,No,Bank transfer,91.75,2590.13,0,25-48 months,High (80+),2,15.9,4.0
TC-04527,Female,1,No,No,10,Yes,No internet,No internet service,No internet service,No internet service,Month-to-month,No,Electronic check,18.0,180.19,0,0-12 months,Low (<40),1,5.4,3.0
TC-04528,Male,0,Yes,No,55,Yes,DSL,Yes,Yes,Yes,One year,Yes,Credit card,82.8,4662.89,0,49+ months,High (80+),1,7.5,3.0
TC-04529,Male,0,Yes,No,64,No,Fiber optic,No,No,Yes,Two year,Yes,Mailed check,93.07,5857.43,0,49+ months,High (80+),2,21.8,3.5
TC-04530,Female,0,No,No,56,Yes,Fiber optic,No,No,Yes,Two year,No,Credit card,79.42,4394.92,0,49+ months,Medium (40-79),1,10.6,4.0
TC-04531,Male,0,No,No,16,Yes,No internet,No internet service,No internet service,No internet service,Month-to-month,No,Mailed check,24.98,405.41,0,13-24 months,Low (<40),0,,
TC-04532,Female,0,No,No,41,Yes,No internet,No internet service,No internet service,No internet service,Month-to-month,Yes,Electronic check,18.0,743.15,0,25-48 months,Low (<40),1,22.2,3.0
TC-04533,Male,0,Yes,No,20,Yes,Fiber optic,No,No,No,Month-to-month,Yes,Electronic check,93.15,1869.59,0,13-24 months,High (80+),1,30.4,3.0
TC-04534,Male,0,Yes,Yes,31,Yes,Fiber optic,No,No,No,One year,No,Credit card,90.7,2762.61,0,25-48 months,High (80+),1,6.6,2.0
TC-04535,Female,0,Yes,No,25,Yes,Fiber optic,No,Yes,Yes,Month-to-month,No,Mailed check,108.04,2670.96,1,25-48 months,High (80+),1,21.4,5.0
TC-04536,Male,0,No,No,22,Yes,DSL,Yes,No,No,Two year,No,Electronic check,63.69,1379.45,0,13-24 months,Medium (40-79),1,21.1,2.0
TC-04537,Male,0,Yes,Yes,13,No,DSL,No,Yes,Yes,One year,Yes,Bank transfer,70.99,937.06,0,13-24 months,Medium (40-79),1,27.8,2.0
TC-04538,Female,1,Yes,No,23,Yes,DSL,Yes,No,Yes,Month-to-month,No,Credit card,63.27,1469.34,0,13-24 months,Medium (40-79),1,26.6,2.0
TC-04539,Female,0,No,No,15,Yes,Fiber optic,No,No,No,Month-to-month,Yes,Bank transfer,76.62,1153.45,1,13-24 months,Medium (40-79),2,15.7,2.0
TC-04540,Male,0,No,No,8,Yes,DSL,No,No,Yes,Month-to-month,No,Bank transfer,70.15,570.69,1,0-12 months,Medium (40-79),0,,
TC-04541,Male,0,No,No,36,Yes,DSL,Yes,Yes,No,Two year,No,Credit card,65.9,2425.87,0,25-48 months,Medium (40-79),0,,
TC-04542,Male,0,Yes,No,11,Yes,No internet,No internet service,No internet service,No internet service,Month-to-month,Yes,Bank transfer,21.88,245.09,0,0-12 months,Low (<40),2,14.2,3.0
TC-04543,Male,1,Yes,No,30,No,Fiber optic,No,No,Yes,One year,Yes,Mailed check,97.05,2847.05,1,25-48 months,High (80+),4,10.7,2.25
TC-04544,Male,0,Yes,No,72,Yes,No internet,No internet service,No internet service,No internet service,Two year,Yes,Electronic check,18.0,1263.98,0,49+ months,Low (<40),0,,
TC-04545,Female,0,Yes,No,8,No,Fiber optic,No,Yes,No,Month-to-month,Yes,Mailed check,87.66,711.86,0,0-12 months,High (80+),1,30.1,3.0
TC-04546,Male,0,Yes,No,59,Yes,Fiber optic,No,No,No,Two year,Yes,Bank transfer,91.7,5350.07,0,49+ months,High (80+),2,12.6,4.0
TC-04547,Female,0,Yes,Yes,4,Yes,Fiber optic,No,No,No,Month-to-month,Yes,Credit card,93.78,380.93,0,0-12 months,High (80+),0,,
TC-04548,Male,0,Yes,Yes,14,Yes,Fiber optic,No,No,No,Month-to-month,Yes,Electronic check,91.19,1257.49,1,13-24 months,High (80+),1,21.8,3.0
TC-04549,Male,0,Yes,No,27,Yes,DSL,No,No,Yes,Month-to-month,No,Credit card,85.82,2288.7,1,25-48 months,High (80+),0,,
TC-04550,Female,0,Yes,No,56,Yes,DSL,No,Yes,Yes,One year,Yes,Credit card,69.94,3938.63,0,49+ months,Medium (40-79),2,28.1,4.5
TC-04551,Male,0,No,No,32,Yes,Fiber optic,No,Yes,No,Month-to-month,No,Credit card,88.67,2777.28,0,25-48 months,High (80+),0,,
TC-04552,Female,0,No,No,67,Yes,DSL,No,No,Yes,Two year,Yes,Electronic check,64.65,4452.13,0,49+ months,Medium (40-79),2,4.7,3.5
TC-04553,Female,0,Yes,No,29,Yes,Fiber optic,No,No,Yes,Month-to-month,No,Credit card,93.04,2644.79,0,25-48 months,High (80+),2,30.4,3.5
TC-04554,Male,0,Yes,No,61,Yes,No internet,No internet service,No internet service,No internet service,One year,Yes,Mailed check,19.78,1206.5,0,49+ months,Low (<40),0,,
TC-04555,Female,1,Yes,No,11,No,Fiber optic,No,No,No,Month-to-month,No,Electronic check,78.78,891.29,1,0-12 months,Medium (40-79),4,14.0,1.75
TC-04556,Female,0,Yes,No,28,Yes,No internet,No internet service,No internet service,No internet service,One year,No,Credit card,18.0,504.43,0,25-48 months,Low (<40),0,,
TC-04557,Female,0,Yes,No,50,Yes,Fiber optic,Yes,No,No,One year,Yes,Bank transfer,89.95,4393.59,0,49+ months,High (80+),1,13.9,2.0
TC-04558,Female,0,Yes,Yes,22,Yes,No internet,No internet service,No internet service,No internet service,Month-to-month,No,Credit card,18.0,401.52,0,13-24 months,Low (<40),0,,
TC-04559,Female,0,No,No,6,Yes,Fiber optic,No,No,No,Month-to-month,Yes,Electronic check,84.47,516.86,1,0-12 months,High (80+),2,16.0,4.0
TC-04560,Female,0,No,No,21,Yes,DSL,No,No,Yes,Two year,Yes,Mailed check,68.93,1475.71,0,13-24 months,Medium (40-79),2,12.6,4.0
TC-04561,Female,0,Yes,No,71,Yes,Fiber optic,Yes,No,No,Two year,Yes,Bank transfer,89.42,6312.09,0,49+ months,High (80+),1,31.3,3.0
TC-04562,Female,0,No,No,7,Yes,Fiber optic,No,No,Yes,Month-to-month,Yes,Bank transfer,94.24,653.12,1,0-12 months,High (80+),0,,
TC-04563,Female,0,Yes,No,27,Yes,Fiber optic,Yes,Yes,No,Month-to-month,No,Bank transfer,101.23,2791.68,0,25-48 months,High (80+),1,8.8,5.0
TC-04564,Female,0,No,Yes,38,Yes,Fiber optic,No,Yes,Yes,Two year,No,Electronic check,88.32,3269.53,0,25-48 months,High (80+),1,8.6,4.0
TC-04565,Female,0,Yes,Yes,27,Yes,DSL,Yes,No,No,Month-to-month,No,Electronic check,60.79,1624.84,0,25-48 months,Medium (40-79),1,38.8,5.0
TC-04566,Female,0,Yes,No,51,No,Fiber optic,No,No,No,Two year,Yes,Mailed check,81.57,4188.58,0,49+ months,High (80+),2,23.5,4.5
TC-04567,Male,0,No,Yes,34,Yes,Fiber optic,No,Yes,No,Two year,Yes,Bank transfer,102.37,3518.77,0,25-48 months,High (80+),1,13.0,3.0
TC-04568,Male,0,No,No,22,Yes,Fiber optic,No,Yes,Yes,Month-to-month,No,Credit card,103.26,2331.78,1,13-24 months,High (80+),1,9.0,3.0
TC-04569,Male,0,Yes,Yes,42,Yes,DSL,No,Yes,No,Two year,No,Mailed check,68.0,2875.8,0,25-48 months,Medium (40-79),1,20.4,5.0
TC-04570,Male,0,No,No,30,Yes,DSL,No,No,Yes,Month-to-month,No,Electronic check,68.11,2093.12,1,25-48 months,Medium (40-79),0,,
TC-04571,Female,0,Yes,No,34,Yes,DSL,Yes,Yes,No,One year,No,Credit card,66.36,2190.84,0,25-48 months,Medium (40-79),2,13.6,3.0
TC-04572,Male,1,Yes,Yes,41,Yes,No internet,No internet service,No internet service,No internet service,Two year,No,Bank transfer,25.16,1004.65,0,25-48 months,Low (<40),1,10.4,5.0
TC-04573,Female,0,Yes,No,23,Yes,Fiber optic,No,No,Yes,One year,No,Credit card,80.99,1808.19,0,13-24 months,High (80+),1,18.9,3.0
TC-04574,Male,0,No,No,47,Yes,DSL,No,No,No,Two year,Yes,Credit card,66.14,3139.81,0,25-48 months,Medium (40-79),0,,
TC-04575,Male,0,No,No,34,Yes,Fiber optic,No,No,No,Month-to-month,Yes,Mailed check,73.71,2536.29,1,25-48 months,Medium (40-79),2,38.8,4.0
TC-04576,Female,0,Yes,Yes,24,Yes,Fiber optic,Yes,No,No,Month-to-month,Yes,Bank transfer,85.48,2001.14,0,13-24 months,High (80+),5,12.6,3.8
TC-04577,Male,0,No,No,27,Yes,DSL,No,No,No,One year,Yes,Mailed check,64.99,1747.08,0,25-48 months,Medium (40-79),0,,
TC-04578,Male,0,Yes,Yes,13,Yes,DSL,Yes,Yes,Yes,Month-to-month,Yes,Credit card,70.38,932.32,0,13-24 months,Medium (40-79),2,33.3,4.0
TC-04579,Female,0,No,No,40,Yes,No internet,No internet service,No internet service,No internet service,One year,Yes,Credit card,25.08,1001.7,0,25-48 months,Low (<40),0,,
TC-04580,Male,0,Yes,No,42,Yes,Fiber optic,No,No,No,Month-to-month,Yes,Electronic check,88.1,3655.54,0,25-48 months,High (80+),3,22.0,4.67
TC-04581,Female,0,Yes,Yes,29,Yes,No internet,No internet service,No internet service,No internet service,One year,Yes,Bank transfer,18.0,526.38,0,25-48 months,Low (<40),1,12.2,4.0
TC-04582,Female,0,No,No,72,Yes,Fiber optic,No,No,No,Two year,No,Bank transfer,92.32,6824.91,0,49+ months,High (80+),1,18.3,2.0
TC-04583,Male,0,Yes,Yes,56,Yes,No internet,No internet service,No internet service,No internet service,One year,No,Bank transfer,18.0,993.1,0,49+ months,Low (<40),0,,
TC-04584,Male,1,No,No,13,Yes,DSL,No,Yes,No,Two year,No,Mailed check,63.62,848.56,0,13-24 months,Medium (40-79),2,15.1,2.5
TC-04585,Female,0,Yes,No,58,Yes,No internet,No internet service,No internet service,No internet service,Two year,No,Credit card,18.0,1013.08,0,49+ months,Low (<40),2,14.3,3.0
TC-04586,Male,0,No,No,65,Yes,DSL,Yes,No,No,Two year,Yes,Credit card,61.07,3991.94,0,49+ months,Medium (40-79),0,,
TC-04587,Female,0,No,No,60,Yes,No internet,No internet service,No internet service,No internet service,Month-to-month,Yes,Bank transfer,23.76,1402.73,0,49+ months,Low (<40),3,40.3,3.67
TC-04588,Female,0,Yes,No,15,Yes,No internet,No internet service,No internet service,No internet service,Month-to-month,Yes,Credit card,18.76,276.15,0,13-24 months,Low (<40),4,8.9,4.0
TC-04589,Male,0,No,No,72,Yes,Fiber optic,No,No,No,One year,Yes,Bank transfer,101.13,7126.11,0,49+ months,High (80+),1,29.8,3.0
TC-04590,Male,1,Yes,No,19,Yes,Fiber optic,Yes,No,No,Month-to-month,Yes,Electronic check,98.91,1836.37,0,13-24 months,High (80+),2,13.4,3.5
TC-04591,Male,0,Yes,No,72,Yes,No internet,No internet service,No internet service,No internet service,Two year,No,Credit card,35.53,2522.28,0,49+ months,Low (<40),1,10.9,4.0
TC-04592,Male,0,No,No,26,Yes,Fiber optic,No,Yes,No,Month-to-month,Yes,Bank transfer,96.75,2549.41,1,25-48 months,High (80+),2,13.0,3.0
TC-04593,Female,0,No,No,26,Yes,No internet,No internet service,No internet service,No internet service,One year,Yes,Electronic check,22.04,579.6,0,25-48 months,Low (<40),1,17.9,3.0
TC-04594,Female,0,Yes,Yes,16,No,Fiber optic,No,Yes,No,Month-to-month,Yes,Electronic check,88.83,1431.9,1,13-24 months,High (80+),3,16.8,2.33
TC-04595,Female,0,Yes,No,56,Yes,DSL,No,No,Yes,One year,Yes,Bank transfer,73.15,4076.41,0,49+ months,Medium (40-79),0,,
TC-04596,Female,0,Yes,Yes,72,Yes,No internet,No internet service,No internet service,No internet service,Two year,No,Electronic check,18.0,1285.04,0,49+ months,Low (<40),0,,
TC-04597,Male,0,No,No,62,Yes,No internet,No internet service,No internet service,No internet service,Two year,No,Credit card,18.0,1125.0,0,49+ months,Low (<40),1,27.6,3.0
TC-04598,Female,0,No,No,39,Yes,DSL,No,Yes,No,Month-to-month,No,Electronic check,53.67,2097.57,0,25-48 months,Medium (40-79),0,,
TC-04599,Male,0,Yes,Yes,16,Yes,No internet,No internet service,No internet service,No internet service,Month-to-month,Yes,Mailed check,27.26,431.35,1,13-24 months,Low (<40),0,,
TC-04600,Male,0,No,No,3,Yes,No internet,No internet service,No internet service,No internet service,Month-to-month,Yes,Mailed check,18.0,53.18,0,0-12 months,Low (<40),0,,
TC-04601,Male,0,Yes,No,72,Yes,No internet,No internet service,No internet service,No internet service,Month-to-month,No,Mailed check,24.58,1725.35,0,49+ months,Low (<40),2,13.4,4.0
TC-04602,Male,0,No,Yes,9,Yes,Fiber optic,No,No,No,Month-to-month,Yes,Electronic check,84.66,772.87,1,0-12 months,High (80+),1,8.6,2.0
TC-04603,Male,0,Yes,No,23,No,DSL,Yes,No,No,Two year,Yes,Bank transfer,58.93,1348.85,0,13-24 months,Medium (40-79),0,,
TC-04604,Male,0,No,No,32,Yes,DSL,No,No,Yes,Two year,No,Electronic check,65.84,2136.77,0,25-48 months,Medium (40-79),1,28.7,4.0
TC-04605,Male,1,No,No,10,Yes,Fiber optic,No,No,Yes,Month-to-month,Yes,Mailed check,96.04,932.56,1,0-12 months,High (80+),2,13.0,2.0
TC-04606,Female,0,Yes,No,50,Yes,DSL,No,No,Yes,One year,Yes,Mailed check,72.4,3649.42,0,49+ months,Medium (40-79),0,,
TC-04607,Male,0,No,Yes,25,Yes,Fiber optic,No,No,No,Two year,Yes,Mailed check,89.48,2291.96,0,25-48 months,High (80+),3,14.4,4.33
TC-04608,Male,0,Yes,No,36,No,Fiber optic,Yes,Yes,No,Month-to-month,Yes,Bank transfer,83.22,2951.07,1,25-48 months,High (80+),1,14.1,4.0
TC-04609,Female,0,No,No,37,Yes,No internet,No internet service,No internet service,No internet service,Two year,Yes,Bank transfer,20.24,739.26,0,25-48 months,Low (<40),0,,
TC-04610,Female,1,No,No,12,Yes,No internet,No internet service,No internet service,No internet service,Two year,No,Bank transfer,32.65,388.17,0,0-12 months,Low (<40),1,11.0,4.0
TC-04611,Female,0,Yes,Yes,11,Yes,No internet,No internet service,No internet service,No internet service,Two year,No,Credit card,36.4,410.55,0,0-12 months,Low (<40),0,,
TC-04612,Male,0,No,No,20,Yes,DSL,No,Yes,No,Month-to-month,Yes,Bank transfer,67.91,1366.28,1,13-24 months,Medium (40-79),0,,
TC-04613,Female,0,Yes,No,56,No,DSL,No,No,No,Two year,No,Credit card,66.0,3765.03,0,49+ months,Medium (40-79),3,14.4,3.67
TC-04614,Male,1,Yes,Yes,64,No,DSL,Yes,Yes,Yes,Two year,No,Credit card,83.39,5384.16,0,49+ months,High (80+),0,,
TC-04615,Female,0,Yes,No,39,Yes,No internet,No internet service,No internet service,No internet service,Month-to-month,Yes,Mailed check,18.0,691.07,0,25-48 months,Low (<40),1,23.7,4.0
TC-04616,Male,0,Yes,No,17,Yes,Fiber optic,No,No,Yes,One year,No,Bank transfer,87.33,1517.93,0,13-24 months,High (80+),0,,
TC-04617,Male,0,No,No,72,Yes,No internet,No internet service,No internet service,No internet service,Month-to-month,Yes,Electronic check,21.21,1519.71,0,49+ months,Low (<40),1,8.0,5.0
TC-04618,Female,0,No,Yes,21,Yes,Fiber optic,No,No,No,One year,No,Electronic check,81.79,1755.28,0,13-24 months,High (80+),3,12.2,3.67
TC-04619,Female,0,Yes,Yes,56,Yes,DSL,No,Yes,No,One year,No,Electronic check,65.68,3575.17,0,49+ months,Medium (40-79),1,14.0,4.0
TC-04620,Male,0,Yes,No,25,Yes,No internet,No internet service,No internet service,No internet service,One year,Yes,Bank transfer,18.36,458.8,0,25-48 months,Low (<40),1,40.9,3.0
TC-04621,Female,0,Yes,Yes,72,Yes,No internet,No internet service,No internet service,No internet service,Two year,Yes,Credit card,18.0,1323.09,0,49+ months,Low (<40),1,10.9,5.0
TC-04622,Female,0,Yes,No,9,Yes,DSL,No,No,No,Month-to-month,Yes,Credit card,50.83,448.7,0,0-12 months,Medium (40-79),2,9.4,3.0
TC-04623,Female,0,Yes,No,14,Yes,No internet,No internet service,No internet service,No internet service,Month-to-month,Yes,Mailed check,18.0,254.71,0,13-24 months,Low (<40),2,11.5,3.5
TC-04624,Female,0,No,Yes,72,Yes,No internet,No internet service,No internet service,No internet service,Two year,Yes,Credit card,39.52,2784.56,0,49+ months,Low (<40),0,,
TC-04625,Male,1,No,No,4,No,Fiber optic,Yes,No,No,Month-to-month,Yes,Credit card,97.22,378.56,1,0-12 months,High (80+),0,,
TC-04626,Male,0,No,Yes,12,Yes,DSL,No,Yes,No,Month-to-month,Yes,Electronic check,62.12,756.92,1,0-12 months,Medium (40-79),0,,
TC-04627,Female,0,No,No,45,Yes,Fiber optic,No,Yes,No,Month-to-month,Yes,Bank transfer,85.35,3773.54,0,25-48 months,High (80+),1,21.1,2.0
TC-04628,Female,1,Yes,No,72,Yes,DSL,No,No,No,Two year,No,Electronic check,65.55,4621.33,0,49+ months,Medium (40-79),1,19.6,4.0
TC-04629,Female,0,Yes,No,12,Yes,Fiber optic,Yes,No,Yes,Month-to-month,Yes,Credit card,96.69,1176.73,1,0-12 months,High (80+),3,14.5,2.67
TC-04630,Male,0,Yes,No,72,Yes,Fiber optic,No,No,Yes,Two year,Yes,Electronic check,79.65,5672.16,0,49+ months,Medium (40-79),1,11.0,4.0
TC-04631,Female,0,No,No,72,Yes,Fiber optic,Yes,No,Yes,One year,No,Electronic check,90.77,6712.39,0,49+ months,High (80+),1,41.0,3.0
TC-04632,Male,0,No,Yes,30,Yes,DSL,Yes,No,Yes,Two year,Yes,Mailed check,70.77,2130.9,0,25-48 months,Medium (40-79),1,13.1,5.0
TC-04633,Male,0,No,No,48,Yes,No internet,No internet service,No internet service,No internet service,Two year,Yes,Credit card,19.38,911.92,0,25-48 months,Low (<40),1,15.7,4.0
TC-04634,Male,0,No,Yes,72,Yes,No internet,No internet service,No internet service,No internet service,Two year,Yes,Bank transfer,18.04,1276.71,0,49+ months,Low (<40),2,37.6,3.5
TC-04635,Male,0,Yes,No,4,Yes,DSL,Yes,Yes,No,Month-to-month,Yes,Credit card,58.16,231.14,0,0-12 months,Medium (40-79),0,,
TC-04636,Female,0,Yes,No,4,Yes,DSL,Yes,No,No,Month-to-month,No,Electronic check,59.19,237.38,0,0-12 months,Medium (40-79),2,8.9,3.5
TC-04637,Male,0,No,No,35,Yes,Fiber optic,No,No,Yes,One year,Yes,Credit card,98.93,3439.04,0,25-48 months,High (80+),7,23.2,3.57
TC-04638,Female,0,Yes,No,29,Yes,DSL,No,No,No,One year,No,Electronic check,59.21,1679.02,0,25-48 months,Medium (40-79),0,,
TC-04639,Male,0,Yes,Yes,48,Yes,DSL,No,No,No,Two year,No,Bank transfer,63.72,2967.81,0,25-48 months,Medium (40-79),0,,
TC-04640,Female,0,Yes,No,45,Yes,Fiber optic,No,No,Yes,Two year,Yes,Credit card,86.28,3978.02,0,25-48 months,High (80+),0,,
TC-04641,Female,0,Yes,No,5,Yes,Fiber optic,No,No,Yes,Month-to-month,Yes,Mailed check,92.01,455.91,0,0-12 months,High (80+),0,,
TC-04642,Male,0,Yes,No,9,Yes,DSL,Yes,No,No,Month-to-month,Yes,Credit card,58.87,522.77,0,0-12 months,Medium (40-79),0,,
TC-04643,Female,0,No,No,72,Yes,DSL,No,No,No,One year,No,Bank transfer,59.51,4225.41,0,49+ months,Medium (40-79),1,34.9,5.0
TC-04644,Female,0,No,Yes,27,Yes,No internet,No internet service,No internet service,No internet service,One year,Yes,Electronic check,30.71,825.1,0,25-48 months,Low (<40),1,10.5,3.0
TC-04645,Female,1,No,No,12,Yes,Fiber optic,No,No,Yes,Month-to-month,No,Electronic check,90.43,1085.34,1,0-12 months,High (80+),2,18.2,3.0
TC-04646,Female,0,No,No,23,Yes,No internet,No internet service,No internet service,No internet service,Month-to-month,No,Credit card,22.41,504.15,0,13-24 months,Low (<40),1,4.3,2.0
TC-04647,Female,0,Yes,No,21,Yes,No internet,No internet service,No internet service,No internet service,Month-to-month,Yes,Mailed check,18.0,387.11,1,13-24 months,Low (<40),1,1.3,3.0
TC-04648,Female,0,No,No,2,Yes,Fiber optic,No,No,Yes,Month-to-month,No,Electronic check,97.66,197.71,1,0-12 months,High (80+),2,26.4,3.0
TC-04649,Female,0,Yes,No,10,Yes,Fiber optic,No,Yes,Yes,Month-to-month,Yes,Electronic check,98.37,966.88,1,0-12 months,High (80+),2,19.6,3.0
TC-04650,Male,0,No,Yes,16,Yes,No internet,No internet service,No internet service,No internet service,Month-to-month,Yes,Bank transfer,25.39,415.51,0,13-24 months,Low (<40),0,,
TC-04651,Male,0,Yes,No,17,Yes,Fiber optic,Yes,No,No,Month-to-month,Yes,Electronic check,91.42,1527.65,1,13-24 months,High (80+),1,6.6,5.0
TC-04652,Female,1,No,Yes,18,Yes,No internet,No internet service,No internet service,No internet service,Month-to-month,Yes,Electronic check,27.47,499.44,0,13-24 months,Low (<40),2,34.3,4.5
TC-04653,Female,0,Yes,No,24,Yes,No internet,No internet service,No internet service,No internet service,Month-to-month,Yes,Electronic check,26.31,629.14,0,13-24 months,Low (<40),3,25.6,3.33
TC-04654,Male,0,Yes,No,11,Yes,Fiber optic,No,No,Yes,Month-to-month,Yes,Electronic check,86.18,933.45,1,0-12 months,High (80+),2,8.7,2.0
TC-04655,Female,0,No,Yes,4,Yes,No internet,No internet service,No internet service,No internet service,Month-to-month,Yes,Bank transfer,22.48,91.23,0,0-12 months,Low (<40),1,31.8,4.0
TC-04656,Male,0,Yes,Yes,19,Yes,No internet,No internet service,No internet service,No internet service,Month-to-month,No,Bank transfer,23.87,464.62,0,13-24 months,Low (<40),3,37.4,4.67
TC-04657,Male,0,Yes,No,55,No,DSL,No,No,Yes,Two year,Yes,Credit card,75.6,4147.66,0,49+ months,Medium (40-79),1,22.2,4.0
TC-04658,Female,0,No,No,52,Yes,No internet,No internet service,No internet service,No internet service,Two year,No,Credit card,18.0,962.88,0,49+ months,Low (<40),0,,
TC-04659,Male,0,Yes,No,5,No,Fiber optic,Yes,No,No,Month-to-month,Yes,Electronic check,90.21,446.13,1,0-12 months,High (80+),0,,
TC-04660,Female,0,No,No,24,Yes,Fiber optic,No,No,Yes,Month-to-month,No,Credit card,94.99,2215.27,1,13-24 months,High (80+),1,13.1,2.0
TC-04661,Male,0,Yes,No,6,No,Fiber optic,No,No,No,Month-to-month,Yes,Bank transfer,83.7,512.27,1,0-12 months,High (80+),2,6.6,3.5
TC-04662,Female,0,Yes,No,58,Yes,DSL,No,Yes,No,One year,No,Electronic check,56.26,3275.56,0,49+ months,Medium (40-79),1,6.1,4.0
TC-04663,Female,0,No,Yes,5,Yes,No internet,No internet service,No internet service,No internet service,Month-to-month,Yes,Electronic check,18.0,89.02,0,0-12 months,Low (<40),0,,
TC-04664,Female,0,Yes,No,55,Yes,Fiber optic,No,No,Yes,One year,No,Bank transfer,100.82,5509.67,0,49+ months,High (80+),1,24.9,4.0
TC-04665,Male,0,No,No,24,Yes,Fiber optic,No,No,Yes,One year,No,Credit card,90.75,2183.77,0,13-24 months,High (80+),0,,
TC-04666,Female,0,No,Yes,31,Yes,Fiber optic,No,No,Yes,One year,Yes,Bank transfer,85.06,2649.37,0,25-48 months,High (80+),3,27.0,2.67
TC-04667,Female,0,Yes,No,32,Yes,Fiber optic,Yes,No,Yes,Two year,Yes,Credit card,95.21,3025.42,0,25-48 months,High (80+),1,14.4,1.0
TC-04668,Female,0,Yes,No,5,Yes,DSL,Yes,Yes,Yes,Month-to-month,Yes,Mailed check,65.7,323.98,0,0-12 months,Medium (40-79),1,1.3,3.0
TC-04669,Male,0,No,Yes,21,Yes,Fiber optic,Yes,No,No,Month-to-month,No,Bank transfer,84.8,1775.35,1,13-24 months,High (80+),0,,
TC-04670,Female,0,Yes,No,72,Yes,DSL,No,Yes,Yes,Month-to-month,No,Bank transfer,68.71,5055.6,0,49+ months,Medium (40-79),1,12.0,4.0
TC-04671,Male,0,No,No,7,Yes,Fiber optic,Yes,No,Yes,Month-to-month,Yes,Electronic check,95.49,685.41,0,0-12 months,High (80+),4,22.3,2.75
TC-04672,Female,0,No,Yes,19,Yes,Fiber optic,No,No,No,One year,Yes,Bank transfer,77.62,1482.66,1,13-24 months,Medium (40-79),3,12.9,2.67
TC-04673,Male,1,Yes,No,14,Yes,DSL,No,No,Yes,Month-to-month,Yes,Electronic check,66.72,961.85,1,13-24 months,Medium (40-79),0,,
TC-04674,Female,0,Yes,No,43,Yes,No internet,No internet service,No internet service,No internet service,Month-to-month,No,Bank transfer,18.0,756.0,0,25-48 months,Low (<40),2,30.1,3.0
TC-04675,Female,0,Yes,No,35,Yes,DSL,No,Yes,No,Month-to-month,Yes,Electronic check,60.99,2089.17,0,25-48 months,Medium (40-79),2,17.0,3.5
TC-04676,Male,0,Yes,No,3,Yes,DSL,No,No,No,Month-to-month,No,Credit card,54.6,163.75,1,0-12 months,Medium (40-79),0,,
TC-04677,Female,0,No,No,9,Yes,Fiber optic,No,No,No,Month-to-month,Yes,Credit card,80.48,732.81,1,0-12 months,High (80+),1,15.3,3.0
TC-04678,Female,0,Yes,No,16,Yes,DSL,Yes,No,No,Month-to-month,Yes,Credit card,65.18,1034.34,1,13-24 months,Medium (40-79),0,,
TC-04679,Male,0,Yes,No,34,Yes,DSL,No,No,No,Two year,Yes,Mailed check,60.73,2100.65,0,25-48 months,Medium (40-79),0,,
TC-04680,Male,1,No,Yes,4,Yes,Fiber optic,No,No,No,Month-to-month,Yes,Credit card,84.9,347.27,1,0-12 months,High (80+),2,9.3,2.5
TC-04681,Female,0,No,No,47,Yes,No internet,No internet service,No internet service,No internet service,One year,Yes,Credit card,18.0,842.91,0,25-48 months,Low (<40),2,26.7,3.5
TC-04682,Female,0,Yes,No,11,Yes,Fiber optic,No,No,No,Month-to-month,Yes,Electronic check,89.84,979.05,1,0-12 months,High (80+),1,35.7,4.0
TC-04683,Female,0,No,Yes,44,Yes,Fiber optic,Yes,Yes,No,Month-to-month,No,Electronic check,81.59,3565.41,0,25-48 months,High (80+),0,,
TC-04684,Male,1,Yes,No,45,Yes,Fiber optic,No,No,No,Month-to-month,No,Credit card,94.59,4263.18,1,25-48 months,High (80+),1,6.0,3.0
TC-04685,Female,0,No,No,14,Yes,Fiber optic,No,No,Yes,Month-to-month,Yes,Mailed check,96.3,1354.17,1,13-24 months,High (80+),1,17.8,4.0
TC-04686,Female,0,No,Yes,26,Yes,No internet,No internet service,No internet service,No internet service,Two year,Yes,Credit card,30.0,801.8,0,25-48 months,Low (<40),3,12.8,3.0
TC-04687,Male,0,No,No,9,Yes,Fiber optic,Yes,No,No,Month-to-month,No,Bank transfer,99.1,878.17,1,0-12 months,High (80+),4,14.5,3.5
TC-04688,Female,0,Yes,Yes,9,Yes,DSL,No,No,Yes,Month-to-month,Yes,Mailed check,49.6,433.95,0,0-12 months,Medium (40-79),0,,
TC-04689,Female,0,No,No,43,Yes,DSL,Yes,No,No,Two year,No,Credit card,58.18,2514.13,0,25-48 months,Medium (40-79),0,,
TC-04690,Male,0,Yes,No,6,Yes,DSL,Yes,No,No,Two year,Yes,Credit card,68.93,403.86,0,0-12 months,Medium (40-79),0,,
TC-04691,Female,0,No,No,6,Yes,Fiber optic,No,No,Yes,Month-to-month,No,Mailed check,102.26,631.6,0,0-12 months,High (80+),1,4.9,4.0
TC-04692,Female,0,No,Yes,34,No,Fiber optic,No,No,Yes,Month-to-month,No,Credit card,83.18,2858.21,1,25-48 months,High (80+),4,9.7,2.0
TC-04693,Male,0,No,No,31,Yes,DSL,Yes,Yes,No,One year,No,Mailed check,62.81,1977.6,0,25-48 months,Medium (40-79),0,,
TC-04694,Female,0,Yes,No,7,Yes,DSL,No,No,No,Month-to-month,Yes,Mailed check,64.88,462.16,1,0-12 months,Medium (40-79),2,13.6,2.5
TC-04695,Female,0,Yes,No,7,Yes,No internet,No internet service,No internet service,No internet service,Month-to-month,No,Electronic check,18.49,125.7,0,0-12 months,Low (<40),0,,
TC-04696,Female,0,No,No,21,Yes,No internet,No internet service,No internet service,No internet service,Month-to-month,Yes,Mailed check,22.84,477.73,0,13-24 months,Low (<40),1,21.7,4.0
TC-04697,Female,0,No,No,46,No,Fiber optic,No,Yes,Yes,Two year,No,Bank transfer,98.85,4552.25,0,25-48 months,High (80+),2,28.2,2.5
TC-04698,Male,0,No,No,7,Yes,No internet,No internet service,No internet service,No internet service,Month-to-month,No,Electronic check,28.4,203.31,1,0-12 months,Low (<40),0,,
TC-04699,Male,0,Yes,No,25,Yes,Fiber optic,No,No,No,Two year,No,Credit card,89.3,2189.04,0,25-48 months,High (80+),0,,
TC-04700,Female,1,Yes,Yes,29,Yes,DSL,Yes,No,Yes,Month-to-month,Yes,Mailed check,76.33,2188.13,0,25-48 months,Medium (40-79),0,,
TC-04701,Male,0,No,No,9,Yes,DSL,No,No,Yes,Month-to-month,Yes,Credit card,69.07,610.66,1,0-12 months,Medium (40-79),2,16.9,2.0
TC-04702,Male,0,No,No,20,Yes,No internet,No internet service,No internet service,No internet service,Month-to-month,No,Credit card,20.48,400.83,0,13-24 months,Low (<40),1,12.0,3.0
TC-04703,Female,0,No,No,53,Yes,DSL,Yes,Yes,No,Two year,No,Electronic check,79.23,4325.04,0,49+ months,Medium (40-79),1,17.3,3.0
TC-04704,Male,0,Yes,No,48,Yes,DSL,Yes,Yes,Yes,Two year,Yes,Electronic check,72.22,3410.31,0,25-48 months,Medium (40-79),1,6.3,4.0
TC-04705,Male,1,Yes,No,10,Yes,Fiber optic,No,No,Yes,Month-to-month,No,Electronic check,83.27,847.35,1,0-12 months,High (80+),0,,
TC-04706,Female,0,No,No,3,Yes,Fiber optic,Yes,Yes,No,Month-to-month,No,Credit card,85.55,263.7,0,0-12 months,High (80+),1,12.0,4.0
TC-04707,Female,0,Yes,No,28,Yes,Fiber optic,Yes,Yes,Yes,Month-to-month,Yes,Mailed check,112.75,3094.41,0,25-48 months,High (80+),0,,
TC-04708,Female,0,No,No,46,No,DSL,No,No,Yes,One year,Yes,Credit card,57.6,2617.37,0,25-48 months,Medium (40-79),0,,
TC-04709,Female,0,No,Yes,9,Yes,DSL,No,No,No,Month-to-month,Yes,Mailed check,63.73,584.65,1,0-12 months,Medium (40-79),1,4.8,2.0
TC-04710,Male,0,No,No,23,Yes,Fiber optic,Yes,No,No,Two year,No,Credit card,79.2,1846.16,0,13-24 months,Medium (40-79),0,,
TC-04711,Male,0,No,No,5,Yes,No internet,No internet service,No internet service,No internet service,Month-to-month,No,Mailed check,23.4,118.75,0,0-12 months,Low (<40),1,60.3,5.0
TC-04712,Female,0,Yes,No,44,Yes,Fiber optic,No,Yes,No,Two year,Yes,Bank transfer,90.29,4070.24,0,25-48 months,High (80+),3,14.5,3.33
TC-04713,Male,1,Yes,No,18,Yes,DSL,No,No,No,Month-to-month,No,Bank transfer,53.47,991.29,0,13-24 months,Medium (40-79),1,20.9,4.0
TC-04714,Female,0,No,Yes,20,Yes,Fiber optic,Yes,No,Yes,One year,Yes,Credit card,99.27,1926.67,0,13-24 months,High (80+),0,,
TC-04715,Male,0,No,No,34,Yes,DSL,No,Yes,Yes,Month-to-month,No,Mailed check,84.77,2806.06,0,25-48 months,High (80+),0,,
TC-04716,Female,0,Yes,No,15,Yes,Fiber optic,No,No,Yes,Month-to-month,Yes,Bank transfer,100.51,1507.59,1,13-24 months,High (80+),3,7.9,3.67
TC-04717,Female,0,Yes,No,22,Yes,No internet,No internet service,No internet service,No internet service,Month-to-month,No,Electronic check,34.0,730.72,0,13-24 months,Low (<40),0,,
TC-04718,Male,0,Yes,No,29,Yes,No internet,No internet service,No internet service,No internet service,One year,No,Bank transfer,28.47,834.31,0,25-48 months,Low (<40),1,32.7,3.0
TC-04719,Male,0,Yes,No,16,Yes,DSL,Yes,No,No,Month-to-month,No,Electronic check,71.76,1142.77,0,13-24 months,Medium (40-79),0,,
TC-04720,Male,0,Yes,No,5,Yes,Fiber optic,No,No,No,Month-to-month,Yes,Electronic check,91.59,456.77,1,0-12 months,High (80+),3,16.3,3.33
TC-04721,Female,0,No,No,72,Yes,DSL,Yes,No,No,Two year,No,Electronic check,60.16,4209.64,0,49+ months,Medium (40-79),1,12.6,4.0
TC-04722,Female,0,No,No,38,Yes,No internet,No internet service,No internet service,No internet service,Month-to-month,Yes,Credit card,25.93,973.11,0,25-48 months,Low (<40),0,,
TC-04723,Male,0,Yes,No,36,Yes,No internet,No internet service,No internet service,No internet service,Month-to-month,No,Mailed check,32.62,1153.78,1,25-48 months,Low (<40),1,14.4,5.0
TC-04724,Female,0,No,Yes,14,Yes,Fiber optic,No,No,Yes,Month-to-month,Yes,Credit card,95.27,1315.49,1,13-24 months,High (80+),2,13.9,2.5
TC-04725,Male,0,No,No,20,Yes,Fiber optic,No,Yes,No,One year,Yes,Mailed check,92.22,1792.51,0,13-24 months,High (80+),0,,
TC-04726,Male,1,Yes,No,13,Yes,Fiber optic,No,No,No,Two year,Yes,Electronic check,88.36,1135.97,0,13-24 months,High (80+),1,2.1,2.0
TC-04727,Male,0,Yes,No,24,Yes,DSL,Yes,Yes,No,Month-to-month,Yes,Electronic check,78.26,1839.64,0,13-24 months,Medium (40-79),0,,
TC-04728,Male,0,No,No,3,No,Fiber optic,Yes,No,Yes,Month-to-month,Yes,Bank transfer,90.72,279.77,1,0-12 months,High (80+),4,16.1,2.75
TC-04729,Male,0,No,No,36,Yes,Fiber optic,No,Yes,No,Month-to-month,No,Mailed check,101.84,3592.08,0,25-48 months,High (80+),2,13.8,3.5
TC-04730,Female,0,No,No,18,Yes,Fiber optic,No,No,Yes,Month-to-month,Yes,Mailed check,88.65,1633.66,1,13-24 months,High (80+),5,16.4,2.0
TC-04731,Male,0,Yes,No,0,Yes,No internet,No internet service,No internet service,No internet service,Month-to-month,No,Mailed check,20.42,0.0,0,0-12 months,Low (<40),2,6.8,3.0
TC-04732,Male,0,No,No,7,Yes,No internet,No internet service,No internet service,No internet service,Month-to-month,No,Mailed check,27.52,197.1,0,0-12 months,Low (<40),2,9.2,4.5
TC-04733,Male,0,No,Yes,51,Yes,Fiber optic,No,No,No,Month-to-month,Yes,Mailed check,79.52,4005.31,0,49+ months,Medium (40-79),3,19.3,3.0
TC-04734,Female,0,Yes,No,72,Yes,Fiber optic,No,No,No,Two year,No,Credit card,92.49,6826.23,0,49+ months,High (80+),2,17.3,3.5
TC-04735,Male,0,No,No,16,Yes,Fiber optic,Yes,No,No,Month-to-month,Yes,Mailed check,92.52,1483.08,1,13-24 months,High (80+),1,25.4,4.0
TC-04736,Female,1,No,Yes,42,Yes,Fiber optic,No,No,No,Month-to-month,Yes,Electronic check,90.34,3727.16,1,25-48 months,High (80+),1,43.0,2.0
TC-04737,Male,0,No,Yes,21,Yes,DSL,No,No,Yes,Month-to-month,No,Credit card,63.5,1340.48,0,13-24 months,Medium (40-79),1,5.3,3.0
TC-04738,Female,0,Yes,Yes,14,Yes,Fiber optic,No,No,Yes,Month-to-month,Yes,Mailed check,88.23,1214.49,1,13-24 months,High (80+),1,18.2,1.0
TC-04739,Male,0,No,No,41,Yes,DSL,No,Yes,No,Two year,No,Credit card,64.04,2638.74,0,25-48 months,Medium (40-79),0,,
TC-04740,Female,0,No,No,22,Yes,DSL,Yes,Yes,No,Month-to-month,No,Electronic check,63.15,1398.67,0,13-24 months,Medium (40-79),0,,
TC-04741,Male,0,No,No,5,Yes,No internet,No internet service,No internet service,No internet service,Month-to-month,No,Credit card,22.94,117.65,0,0-12 months,Low (<40),0,,
TC-04742,Male,0,No,No,28,Yes,Fiber optic,No,No,Yes,Two year,Yes,Bank transfer,110.06,3050.62,0,25-48 months,High (80+),2,15.8,3.5
TC-04743,Male,1,Yes,No,44,Yes,DSL,No,Yes,Yes,Month-to-month,Yes,Electronic check,77.38,3458.4,0,25-48 months,Medium (40-79),2,13.7,4.0
TC-04744,Male,1,No,No,72,No,DSL,No,Yes,No,Month-to-month,No,Electronic check,63.07,4631.64,0,49+ months,Medium (40-79),2,6.8,4.0
TC-04745,Female,0,Yes,No,47,Yes,No internet,No internet service,No internet service,No internet service,Two year,No,Mailed check,23.48,1122.64,0,25-48 months,Low (<40),2,26.3,5.0
TC-04746,Female,0,No,No,30,Yes,Fiber optic,No,No,Yes,Month-to-month,Yes,Credit card,102.57,3163.25,0,25-48 months,High (80+),1,6.2,3.0
TC-04747,Male,0,No,No,28,Yes,Fiber optic,No,Yes,No,Two year,Yes,Electronic check,82.64,2380.59,0,25-48 months,High (80+),1,10.8,2.0
TC-04748,Male,0,No,No,18,No,DSL,No,No,No,Month-to-month,Yes,Bank transfer,40.2,742.35,0,13-24 months,Medium (40-79),2,36.9,2.0
TC-04749,Male,0,No,No,63,Yes,DSL,No,Yes,No,One year,No,Electronic check,60.01,3755.24,0,49+ months,Medium (40-79),2,23.1,4.0
TC-04750,Male,0,No,No,14,Yes,No internet,No internet service,No internet service,No internet service,Month-to-month,Yes,Credit card,22.56,321.72,0,13-24 months,Low (<40),0,,
TC-04751,Male,0,No,No,42,No,DSL,Yes,No,No,Month-to-month,Yes,Bank transfer,64.56,2684.57,1,25-48 months,Medium (40-79),1,20.1,4.0
TC-04752,Female,0,No,No,50,Yes,DSL,No,Yes,No,Two year,No,Electronic check,62.28,3135.2,0,49+ months,Medium (40-79),3,21.2,4.67
TC-04753,Male,1,No,Yes,40,Yes,DSL,No,No,No,Two year,No,Credit card,49.57,2021.37,0,25-48 months,Medium (40-79),1,1.9,3.0
TC-04754,Female,0,No,No,2,Yes,Fiber optic,Yes,No,No,Month-to-month,Yes,Mailed check,90.22,182.16,1,0-12 months,High (80+),1,15.2,3.0
TC-04755,Male,0,No,Yes,23,Yes,No internet,No internet service,No internet service,No internet service,One year,Yes,Bank transfer,36.94,841.01,0,13-24 months,Low (<40),2,32.4,4.0
TC-04756,Male,0,Yes,Yes,15,No,DSL,No,No,Yes,Month-to-month,No,Bank transfer,64.8,995.67,1,13-24 months,Medium (40-79),1,8.3,2.0
TC-04757,Male,1,Yes,No,18,Yes,DSL,No,Yes,Yes,Month-to-month,Yes,Bank transfer,75.94,1349.09,0,13-24 months,Medium (40-79),1,40.8,4.0
TC-04758,Male,0,Yes,No,14,Yes,No internet,No internet service,No internet service,No internet service,Month-to-month,No,Electronic check,18.0,252.48,1,13-24 months,Low (<40),2,10.2,2.0
TC-04759,Female,0,No,No,53,Yes,DSL,No,No,Yes,One year,Yes,Mailed check,63.91,3326.93,0,49+ months,Medium (40-79),1,8.2,2.0
TC-04760,Male,1,Yes,Yes,30,Yes,No internet,No internet service,No internet service,No internet service,One year,Yes,Bank transfer,20.82,613.39,0,25-48 months,Low (<40),1,23.4,4.0
TC-04761,Male,0,Yes,No,19,Yes,DSL,No,No,Yes,One year,No,Electronic check,72.3,1378.5,1,13-24 months,Medium (40-79),1,6.5,3.0
TC-04762,Male,0,Yes,Yes,35,Yes,No internet,No internet service,No internet service,No internet service,Two year,No,Credit card,23.42,831.52,0,25-48 months,Low (<40),2,18.9,3.5
TC-04763,Female,0,Yes,No,10,Yes,DSL,No,Yes,Yes,Month-to-month,No,Electronic check,70.59,694.2,0,0-12 months,Medium (40-79),1,39.9,5.0
TC-04764,Male,0,No,Yes,34,Yes,DSL,No,No,Yes,Month-to-month,Yes,Electronic check,69.8,2316.09,0,25-48 months,Medium (40-79),0,,
TC-04765,Female,0,No,No,25,Yes,DSL,Yes,Yes,Yes,Month-to-month,No,Electronic check,72.78,1830.12,0,25-48 months,Medium (40-79),0,,
TC-04766,Male,1,No,Yes,4,Yes,Fiber optic,No,Yes,No,Month-to-month,No,Electronic check,102.09,419.2,1,0-12 months,High (80+),1,17.1,4.0
TC-04767,Female,1,Yes,No,56,Yes,Fiber optic,Yes,No,No,Two year,No,Electronic check,91.29,5170.98,0,49+ months,High (80+),1,9.1,3.0
TC-04768,Female,1,Yes,No,35,Yes,Fiber optic,No,Yes,No,Month-to-month,No,Bank transfer,90.4,3258.67,1,25-48 months,High (80+),1,19.3,3.0
TC-04769,Male,0,Yes,Yes,25,Yes,DSL,No,Yes,No,One year,Yes,Electronic check,58.92,1469.33,0,25-48 months,Medium (40-79),1,3.4,5.0
TC-04770,Male,0,Yes,No,54,Yes,No internet,No internet service,No internet service,No internet service,Two year,No,Electronic check,25.62,1399.64,0,49+ months,Low (<40),2,25.1,4.0
TC-04771,Female,0,No,No,47,Yes,Fiber optic,No,No,No,Two year,Yes,Credit card,86.42,4102.62,0,25-48 months,High (80+),3,17.1,4.0
TC-04772,Female,0,Yes,Yes,72,Yes,Fiber optic,No,Yes,No,One year,No,Electronic check,85.14,6120.91,0,49+ months,High (80+),0,,
TC-04773,Male,0,No,No,72,Yes,Fiber optic,Yes,No,Yes,One year,No,Electronic check,96.66,7002.22,0,49+ months,High (80+),3,13.5,2.67
TC-04774,Male,1,No,No,15,Yes,DSL,No,Yes,No,Month-to-month,No,Mailed check,42.11,642.74,0,13-24 months,Medium (40-79),0,,
TC-04775,Male,0,Yes,No,20,Yes,DSL,No,No,No,One year,No,Credit card,56.49,1138.94,0,13-24 months,Medium (40-79),1,16.8,2.0
TC-04776,Female,0,No,No,7,Yes,Fiber optic,No,No,Yes,Month-to-month,Yes,Credit card,93.11,649.32,0,0-12 months,High (80+),1,18.3,3.0
TC-04777,Female,0,No,Yes,42,Yes,No internet,No internet service,No internet service,No internet service,One year,Yes,Electronic check,18.0,769.55,0,25-48 months,Low (<40),1,25.3,3.0
TC-04778,Male,0,Yes,No,30,Yes,Fiber optic,No,Yes,No,Month-to-month,Yes,Mailed check,85.44,2600.77,0,25-48 months,High (80+),0,,
TC-04779,Male,1,No,No,27,Yes,No internet,No internet service,No internet service,No internet service,Two year,Yes,Mailed check,30.94,842.64,0,25-48 months,Low (<40),0,,
TC-04780,Female,0,Yes,No,5,Yes,No internet,No internet service,No internet service,No internet service,Month-to-month,Yes,Electronic check,18.0,91.94,0,0-12 months,Low (<40),0,,
TC-04781,Female,0,No,No,64,Yes,No internet,No internet service,No internet service,No internet service,Two year,Yes,Credit card,30.66,1965.1,0,49+ months,Low (<40),1,21.6,4.0
TC-04782,Male,0,No,No,72,Yes,Fiber optic,No,No,No,Two year,Yes,Electronic check,71.64,5019.82,0,49+ months,Medium (40-79),3,35.0,4.33
TC-04783,Male,0,Yes,No,42,Yes,No internet,No internet service,No internet service,No internet service,Month-to-month,Yes,Electronic check,23.78,1010.5,0,25-48 months,Low (<40),2,28.8,4.0
TC-04784,Female,1,No,Yes,33,Yes,DSL,No,Yes,Yes,Two year,Yes,Credit card,65.09,2102.83,0,25-48 months,Medium (40-79),1,3.3,3.0
TC-04785,Male,0,No,Yes,62,Yes,DSL,Yes,No,No,One year,Yes,Electronic check,55.48,3456.78,0,49+ months,Medium (40-79),1,18.8,2.0
TC-04786,Female,0,No,No,22,No,Fiber optic,No,No,No,One year,Yes,Bank transfer,87.84,1891.08,0,13-24 months,High (80+),1,8.2,3.0
TC-04787,Female,0,Yes,No,13,Yes,DSL,No,No,No,Month-to-month,No,Electronic check,61.59,781.88,0,13-24 months,Medium (40-79),0,,
TC-04788,Male,1,No,No,18,Yes,Fiber optic,No,No,No,Month-to-month,Yes,Credit card,72.92,1325.65,1,13-24 months,Medium (40-79),1,33.0,3.0
TC-04789,Male,1,Yes,No,25,No,Fiber optic,No,No,No,Month-to-month,Yes,Credit card,74.33,1893.77,1,25-48 months,Medium (40-79),2,34.0,2.0
TC-04790,Male,1,No,No,2,Yes,DSL,No,Yes,Yes,Month-to-month,Yes,Bank transfer,76.05,153.27,1,0-12 months,Medium (40-79),3,24.5,3.0
TC-04791,Female,0,No,No,37,Yes,Fiber optic,No,Yes,No,One year,No,Credit card,87.03,3151.67,0,25-48 months,High (80+),1,37.8,5.0
TC-04792,Male,0,No,No,61,Yes,Fiber optic,No,No,Yes,One year,No,Mailed check,99.93,6112.25,0,49+ months,High (80+),1,15.3,4.0
TC-04793,Female,0,Yes,No,28,Yes,Fiber optic,No,No,No,One year,No,Credit card,86.22,2413.34,0,25-48 months,High (80+),0,,
TC-04794,Male,0,Yes,Yes,13,Yes,DSL,Yes,Yes,No,Month-to-month,Yes,Bank transfer,76.24,1012.54,0,13-24 months,Medium (40-79),1,7.7,3.0
TC-04795,Female,0,No,Yes,16,Yes,DSL,Yes,Yes,No,Month-to-month,Yes,Bank transfer,75.86,1239.6,0,13-24 months,Medium (40-79),0,,
TC-04796,Male,0,Yes,Yes,21,Yes,DSL,No,No,Yes,Two year,No,Electronic check,59.65,1215.31,0,13-24 months,Medium (40-79),0,,
TC-04797,Female,0,Yes,No,72,Yes,Fiber optic,No,No,No,Two year,Yes,Electronic check,89.65,6637.09,0,49+ months,High (80+),1,13.3,5.0
TC-04798,Female,0,No,No,13,Yes,Fiber optic,No,No,Yes,Month-to-month,Yes,Credit card,94.64,1257.5,0,13-24 months,High (80+),0,,
TC-04799,Female,1,Yes,No,5,Yes,Fiber optic,No,No,Yes,Month-to-month,Yes,Electronic check,94.55,479.79,1,0-12 months,High (80+),1,53.6,4.0
TC-04800,Female,0,No,Yes,4,Yes,Fiber optic,Yes,Yes,Yes,Month-to-month,Yes,Mailed check,106.91,431.67,1,0-12 months,High (80+),1,10.5,3.0
TC-04801,Male,0,Yes,No,72,Yes,Fiber optic,Yes,Yes,Yes,Two year,No,Electronic check,108.57,7593.31,0,49+ months,High (80+),1,25.0,4.0
TC-04802,Male,0,No,No,5,Yes,No internet,No internet service,No internet service,No internet service,Month-to-month,Yes,Credit card,18.0,88.38,1,0-12 months,Low (<40),0,,
TC-04803,Female,0,Yes,No,11,Yes,Fiber optic,No,Yes,No,Two year,No,Electronic check,93.19,1001.05,0,0-12 months,High (80+),0,,
TC-04804,Male,0,No,No,52,Yes,No internet,No internet service,No internet service,No internet service,Two year,Yes,Credit card,19.49,1025.62,0,49+ months,Low (<40),0,,
TC-04805,Male,0,Yes,No,11,Yes,Fiber optic,No,Yes,Yes,Month-to-month,Yes,Bank transfer,107.34,1215.19,0,0-12 months,High (80+),1,10.6,5.0
TC-04806,Male,0,Yes,Yes,49,Yes,DSL,No,Yes,No,One year,Yes,Credit card,77.06,3865.4,0,49+ months,Medium (40-79),1,7.7,5.0
TC-04807,Female,0,Yes,No,40,Yes,No internet,No internet service,No internet service,No internet service,Month-to-month,No,Mailed check,21.79,892.89,0,25-48 months,Low (<40),4,4.8,4.0
TC-04808,Female,0,No,No,51,Yes,No internet,No internet service,No internet service,No internet service,One year,No,Credit card,20.75,1076.43,0,49+ months,Low (<40),1,18.5,4.0
TC-04809,Female,0,No,No,24,Yes,Fiber optic,Yes,Yes,No,Month-to-month,No,Credit card,97.6,2386.01,0,13-24 months,High (80+),0,,
TC-04810,Male,0,Yes,No,35,Yes,Fiber optic,Yes,Yes,No,Two year,No,Bank transfer,91.14,3094.93,0,25-48 months,High (80+),1,7.7,3.0
TC-04811,Female,0,Yes,No,15,Yes,Fiber optic,No,No,No,Month-to-month,No,Credit card,93.74,1438.68,1,13-24 months,High (80+),1,12.5,4.0
TC-04812,Female,0,Yes,No,72,Yes,Fiber optic,No,No,Yes,Two year,No,Electronic check,98.19,7191.4,0,49+ months,High (80+),1,23.4,1.0
TC-04813,Female,0,Yes,No,72,Yes,DSL,No,No,No,One year,No,Bank transfer,56.4,3993.69,0,49+ months,Medium (40-79),3,17.1,3.0
TC-04814,Male,0,No,Yes,30,Yes,DSL,No,No,No,Month-to-month,Yes,Electronic check,49.61,1484.23,1,25-48 months,Medium (40-79),4,4.6,2.5
TC-04815,Female,0,No,Yes,66,Yes,Fiber optic,No,No,No,Two year,No,Mailed check,93.0,5996.78,0,49+ months,High (80+),2,19.5,3.5
TC-04816,Female,0,Yes,No,26,Yes,No internet,No internet service,No internet service,No internet service,Month-to-month,No,Credit card,24.31,645.86,1,25-48 months,Low (<40),3,14.6,3.0
TC-04817,Female,0,No,No,19,No,DSL,Yes,No,No,Two year,No,Electronic check,71.88,1397.9,0,13-24 months,Medium (40-79),2,23.9,4.0
TC-04818,Male,1,No,No,72,Yes,DSL,No,No,Yes,Two year,No,Mailed check,54.58,3963.09,0,49+ months,Medium (40-79),0,,
TC-04819,Male,0,No,No,71,Yes,DSL,Yes,No,Yes,Two year,Yes,Electronic check,77.01,5618.69,0,49+ months,Medium (40-79),2,6.7,4.5
TC-04820,Male,0,No,No,56,Yes,DSL,Yes,No,Yes,One year,Yes,Electronic check,70.3,4051.83,0,49+ months,Medium (40-79),0,,
TC-04821,Male,0,No,Yes,9,Yes,Fiber optic,No,No,Yes,One year,Yes,Electronic check,90.33,809.63,0,0-12 months,High (80+),2,28.5,3.5
TC-04822,Male,0,No,No,37,Yes,No internet,No internet service,No internet service,No internet service,Two year,Yes,Electronic check,25.39,963.44,0,25-48 months,Low (<40),2,33.3,4.0
TC-04823,Male,0,Yes,No,2,Yes,DSL,No,No,No,Month-to-month,Yes,Electronic check,70.06,139.2,0,0-12 months,Medium (40-79),2,21.4,3.5
TC-04824,Male,0,No,No,51,Yes,No internet,No internet service,No internet service,No internet service,Two year,Yes,Credit card,19.26,961.0,0,49+ months,Low (<40),0,,
TC-04825,Female,0,Yes,No,72,Yes,Fiber optic,No,No,Yes,Two year,Yes,Mailed check,93.57,6757.48,0,49+ months,High (80+),1,49.4,5.0
TC-04826,Female,1,No,Yes,63,Yes,DSL,No,Yes,No,Two year,Yes,Mailed check,53.76,3295.27,0,49+ months,Medium (40-79),3,15.4,4.67
TC-04827,Male,0,No,No,33,Yes,Fiber optic,No,No,No,Month-to-month,Yes,Bank transfer,87.45,2891.28,0,25-48 months,High (80+),4,23.1,3.25
TC-04828,Male,1,No,No,37,Yes,Fiber optic,No,Yes,No,One year,Yes,Bank transfer,84.71,3176.69,0,25-48 months,High (80+),2,8.9,3.5
TC-04829,Female,0,Yes,Yes,8,Yes,DSL,No,No,No,Month-to-month,Yes,Bank transfer,60.01,468.79,0,0-12 months,Medium (40-79),1,38.7,2.0
TC-04830,Male,0,Yes,No,11,Yes,DSL,Yes,No,Yes,Month-to-month,Yes,Credit card,78.89,892.98,1,0-12 months,Medium (40-79),1,12.4,5.0
TC-04831,Male,0,No,Yes,14,Yes,DSL,No,No,No,Month-to-month,Yes,Electronic check,63.55,879.6,1,13-24 months,Medium (40-79),1,0.6,4.0
TC-04832,Male,1,No,Yes,62,Yes,DSL,No,Yes,No,One year,No,Electronic check,68.15,4128.95,0,49+ months,Medium (40-79),1,11.4,3.0
TC-04833,Male,0,No,No,6,Yes,DSL,No,No,Yes,Month-to-month,Yes,Electronic check,84.79,508.66,1,0-12 months,High (80+),0,,
TC-04834,Female,0,No,No,72,Yes,No internet,No internet service,No internet service,No internet service,Two year,No,Bank transfer,18.0,1293.74,0,49+ months,Low (<40),5,24.6,3.0
TC-04835,Female,1,Yes,No,15,Yes,No internet,No internet service,No internet service,No internet service,Month-to-month,No,Electronic check,18.0,268.91,0,13-24 months,Low (<40),2,32.2,3.5
TC-04836,Female,0,No,No,48,Yes,DSL,No,No,No,Month-to-month,Yes,Bank transfer,64.36,3141.17,0,25-48 months,Medium (40-79),1,39.3,3.0
TC-04837,Male,0,No,No,30,Yes,Fiber optic,Yes,No,No,Two year,No,Electronic check,91.3,2784.59,0,25-48 months,High (80+),0,,
TC-04838,Female,0,Yes,No,11,Yes,No internet,No internet service,No internet service,No internet service,Month-to-month,No,Credit card,18.0,201.93,0,0-12 months,Low (<40),1,19.7,4.0
TC-04839,Male,0,No,Yes,5,Yes,Fiber optic,No,No,No,Month-to-month,Yes,Mailed check,89.29,433.86,1,0-12 months,High (80+),3,22.9,3.67
TC-04840,Male,0,Yes,No,42,Yes,No internet,No internet service,No internet service,No internet service,Two year,Yes,Mailed check,35.28,1441.23,0,25-48 months,Low (<40),1,15.6,5.0
TC-04841,Female,0,No,Yes,9,Yes,Fiber optic,No,No,Yes,Month-to-month,No,Electronic check,82.67,748.48,1,0-12 months,High (80+),2,21.9,2.0
TC-04842,Female,0,No,No,37,Yes,Fiber optic,Yes,No,Yes,Two year,No,Bank transfer,100.37,3812.79,0,25-48 months,High (80+),2,26.3,2.5
TC-04843,Female,0,Yes,No,5,Yes,DSL,No,No,No,Month-to-month,No,Mailed check,50.97,249.3,0,0-12 months,Medium (40-79),1,1.5,3.0
TC-04844,Male,0,Yes,Yes,21,Yes,Fiber optic,Yes,No,No,Two year,Yes,Bank transfer,99.64,2076.22,0,13-24 months,High (80+),0,,
TC-04845,Male,0,Yes,No,22,Yes,Fiber optic,Yes,No,Yes,Month-to-month,No,Credit card,105.12,2326.75,1,13-24 months,High (80+),2,12.8,2.5
TC-04846,Male,0,No,Yes,47,Yes,No internet,No internet service,No internet service,No internet service,Two year,No,Electronic check,24.08,1139.77,0,25-48 months,Low (<40),1,85.9,3.0
TC-04847,Male,0,No,No,11,Yes,No internet,No internet service,No internet service,No internet service,Month-to-month,No,Bank transfer,28.83,324.65,0,0-12 months,Low (<40),1,28.4,3.0
TC-04848,Female,1,No,No,47,Yes,No internet,No internet service,No internet service,No internet service,Two year,Yes,Mailed check,18.0,831.4,0,25-48 months,Low (<40),0,,
TC-04849,Female,0,No,No,54,Yes,No internet,No internet service,No internet service,No internet service,Month-to-month,Yes,Electronic check,23.33,1266.83,0,49+ months,Low (<40),2,13.2,3.0
TC-04850,Female,1,Yes,No,18,Yes,Fiber optic,Yes,No,No,Month-to-month,Yes,Electronic check,87.13,1532.23,1,13-24 months,High (80+),0,,
TC-04851,Female,0,Yes,No,61,Yes,Fiber optic,Yes,No,Yes,One year,Yes,Electronic check,90.92,5418.84,0,49+ months,High (80+),3,11.2,3.0
TC-04852,Female,0,No,No,35,Yes,DSL,No,No,No,One year,Yes,Electronic check,70.86,2470.63,0,25-48 months,Medium (40-79),3,15.9,3.67
TC-04853,Male,0,Yes,No,38,Yes,No internet,No internet service,No internet service,No internet service,One year,Yes,Bank transfer,18.0,681.22,0,25-48 months,Low (<40),2,10.3,2.5
TC-04854,Male,0,No,No,15,Yes,No internet,No internet service,No internet service,No internet service,One year,Yes,Bank transfer,18.0,271.67,0,13-24 months,Low (<40),0,,
TC-04855,Male,0,Yes,Yes,21,Yes,No internet,No internet service,No internet service,No internet service,Month-to-month,Yes,Mailed check,18.0,388.09,0,13-24 months,Low (<40),0,,
TC-04856,Male,0,Yes,No,33,No,DSL,No,No,Yes,Month-to-month,Yes,Electronic check,71.94,2333.57,0,25-48 months,Medium (40-79),4,35.1,3.5
TC-04857,Male,0,Yes,No,50,Yes,DSL,No,No,Yes,One year,Yes,Credit card,63.8,3256.18,0,49+ months,Medium (40-79),1,19.9,4.0
TC-04858,Male,0,No,No,16,Yes,DSL,No,No,Yes,One year,Yes,Electronic check,71.47,1151.83,0,13-24 months,Medium (40-79),1,15.8,4.0
TC-04859,Female,0,Yes,Yes,14,Yes,Fiber optic,No,No,Yes,One year,Yes,Bank transfer,92.55,1281.68,0,13-24 months,High (80+),3,21.3,3.0
TC-04860,Male,1,No,Yes,11,Yes,DSL,No,No,No,Month-to-month,No,Bank transfer,52.35,592.51,1,0-12 months,Medium (40-79),1,30.7,1.0
TC-04861,Male,0,No,No,38,Yes,DSL,No,Yes,No,Two year,Yes,Mailed check,53.16,2027.05,0,25-48 months,Medium (40-79),1,33.0,3.0
TC-04862,Female,0,Yes,No,13,Yes,No internet,No internet service,No internet service,No internet service,Month-to-month,Yes,Electronic check,18.0,230.03,0,13-24 months,Low (<40),0,,
TC-04863,Male,0,No,No,22,Yes,No internet,No internet service,No internet service,No internet service,Two year,No,Bank transfer,18.0,397.32,0,13-24 months,Low (<40),1,42.9,3.0
TC-04864,Male,0,Yes,No,14,Yes,DSL,No,Yes,Yes,Month-to-month,Yes,Bank transfer,67.12,934.19,0,13-24 months,Medium (40-79),0,,
TC-04865,Male,1,Yes,No,19,Yes,No internet,No internet service,No internet service,No internet service,One year,Yes,Bank transfer,26.23,504.47,0,13-24 months,Low (<40),1,14.8,5.0
TC-04866,Female,0,Yes,No,16,Yes,No internet,No internet service,No internet service,No internet service,Two year,Yes,Mailed check,27.14,447.11,0,13-24 months,Low (<40),0,,
TC-04867,Male,0,No,No,8,Yes,DSL,No,Yes,No,Month-to-month,Yes,Bank transfer,69.31,541.14,1,0-12 months,Medium (40-79),0,,
TC-04868,Female,0,Yes,No,24,Yes,DSL,No,No,Yes,Two year,Yes,Credit card,60.44,1426.3,0,13-24 months,Medium (40-79),0,,
TC-04869,Female,0,Yes,Yes,4,Yes,Fiber optic,No,Yes,No,Month-to-month,Yes,Electronic check,78.77,315.87,1,0-12 months,Medium (40-79),2,1.6,1.5
TC-04870,Male,1,Yes,No,12,Yes,DSL,No,No,Yes,Month-to-month,Yes,Bank transfer,68.15,838.01,1,0-12 months,Medium (40-79),0,,
TC-04871,Female,0,No,Yes,13,Yes,Fiber optic,Yes,No,Yes,Month-to-month,No,Credit card,96.44,1271.75,1,13-24 months,High (80+),2,21.8,2.5
TC-04872,Female,0,No,No,65,Yes,Fiber optic,No,Yes,No,One year,Yes,Electronic check,93.76,6014.08,0,49+ months,High (80+),1,23.1,3.0
TC-04873,Female,0,Yes,No,18,Yes,Fiber optic,No,No,Yes,Month-to-month,No,Credit card,93.41,1726.85,0,13-24 months,High (80+),4,14.0,3.0
TC-04874,Female,0,Yes,No,56,Yes,Fiber optic,No,Yes,No,Two year,No,Bank transfer,92.14,5229.38,0,49+ months,High (80+),1,7.4,4.0
TC-04875,Female,1,No,No,6,Yes,No internet,No internet service,No internet service,No internet service,Month-to-month,Yes,Electronic check,18.0,110.19,0,0-12 months,Low (<40),0,,
TC-04876,Female,0,No,No,4,Yes,No internet,No internet service,No internet service,No internet service,Month-to-month,Yes,Mailed check,24.97,101.05,0,0-12 months,Low (<40),0,,
TC-04877,Male,1,Yes,No,20,Yes,DSL,No,Yes,No,Month-to-month,No,Electronic check,55.35,1106.36,1,13-24 months,Medium (40-79),0,,
TC-04878,Male,0,No,No,72,Yes,DSL,No,No,Yes,Month-to-month,Yes,Credit card,79.9,5735.98,0,49+ months,Medium (40-79),0,,
TC-04879,Male,0,No,Yes,35,Yes,Fiber optic,No,Yes,Yes,Month-to-month,Yes,Credit card,97.16,3502.48,0,25-48 months,High (80+),2,21.3,3.5
TC-04880,Male,0,No,No,3,No,Fiber optic,Yes,Yes,No,Month-to-month,No,Electronic check,93.11,287.1,0,0-12 months,High (80+),0,,
TC-04881,Female,1,Yes,No,6,Yes,Fiber optic,No,No,No,Month-to-month,No,Electronic check,78.11,479.12,1,0-12 months,Medium (40-79),2,17.5,2.5
TC-04882,Female,1,No,No,3,Yes,No internet,No internet service,No internet service,No internet service,Month-to-month,Yes,Credit card,18.0,53.32,0,0-12 months,Low (<40),1,7.1,4.0
TC-04883,Male,0,No,Yes,27,Yes,DSL,No,No,Yes,One year,No,Credit card,68.82,1823.37,0,25-48 months,Medium (40-79),2,19.8,4.0
TC-04884,Male,0,Yes,No,40,Yes,DSL,No,No,No,Month-to-month,No,Credit card,68.05,2701.65,0,25-48 months,Medium (40-79),1,13.9,3.0
TC-04885,Male,0,Yes,No,24,Yes,DSL,No,Yes,No,One year,No,Electronic check,63.89,1557.09,0,13-24 months,Medium (40-79),1,23.0,2.0
TC-04886,Female,0,No,Yes,10,Yes,Fiber optic,No,No,No,Month-to-month,Yes,Electronic check,83.62,811.97,0,0-12 months,High (80+),1,32.4,4.0
TC-04887,Male,1,No,No,15,Yes,Fiber optic,Yes,Yes,No,Month-to-month,No,Electronic check,89.48,1338.75,0,13-24 months,High (80+),0,,
TC-04888,Female,0,No,Yes,7,Yes,Fiber optic,Yes,No,No,Month-to-month,No,Mailed check,88.01,611.83,0,0-12 months,High (80+),2,10.9,3.5
TC-04889,Female,0,No,No,25,Yes,Fiber optic,Yes,Yes,No,Month-to-month,Yes,Bank transfer,107.67,2646.45,1,25-48 months,High (80+),1,17.2,2.0
TC-04890,Male,0,No,No,49,No,DSL,No,No,No,Two year,No,Mailed check,52.22,2489.95,0,49+ months,Medium (40-79),0,,
TC-04891,Male,1,No,No,11,Yes,No internet,No internet service,No internet service,No internet service,Month-to-month,Yes,Credit card,22.69,243.49,0,0-12 months,Low (<40),2,37.4,4.0
TC-04892,Male,1,Yes,No,10,Yes,DSL,No,Yes,Yes,Month-to-month,No,Credit card,71.03,691.77,0,0-12 months,Medium (40-79),2,7.1,2.0
TC-04893,Male,0,No,No,7,Yes,No internet,No internet service,No internet service,No internet service,Month-to-month,No,Mailed check,25.42,174.09,0,0-12 months,Low (<40),2,41.5,3.0
TC-04894,Female,0,No,No,36,Yes,No internet,No internet service,No internet service,No internet service,Two year,Yes,Credit card,18.0,637.19,0,25-48 months,Low (<40),0,,
TC-04895,Male,0,No,No,50,Yes,DSL,No,Yes,No,One year,Yes,Electronic check,51.38,2612.7,0,49+ months,Medium (40-79),1,10.2,4.0
TC-04896,Male,0,Yes,No,49,No,Fiber optic,Yes,No,No,One year,Yes,Electronic check,85.56,4103.21,0,49+ months,High (80+),2,26.7,4.0
TC-04897,Male,0,No,No,72,Yes,DSL,No,No,Yes,Two year,Yes,Mailed check,61.6,4553.66,0,49+ months,Medium (40-79),0,,
TC-04898,Female,0,Yes,Yes,37,Yes,Fiber optic,No,No,Yes,Month-to-month,Yes,Electronic check,90.4,3352.8,0,25-48 months,High (80+),1,29.1,4.0
TC-04899,Female,0,No,No,13,Yes,No internet,No internet service,No internet service,No internet service,One year,No,Bank transfer,18.0,234.22,0,13-24 months,Low (<40),2,11.9,4.5
TC-04900,Female,0,Yes,No,42,Yes,Fiber optic,No,No,No,Month-to-month,Yes,Credit card,86.58,3598.54,1,25-48 months,High (80+),1,5.0,2.0
TC-04901,Female,1,Yes,Yes,18,Yes,DSL,Yes,Yes,No,One year,Yes,Mailed check,56.93,1041.81,0,13-24 months,Medium (40-79),3,18.7,3.67
TC-04902,Female,0,No,No,12,Yes,No internet,No internet service,No internet service,No internet service,Month-to-month,Yes,Credit card,32.75,396.73,0,0-12 months,Low (<40),0,,
TC-04903,Female,0,No,No,47,Yes,DSL,No,No,Yes,One year,No,Credit card,74.01,3529.86,0,25-48 months,Medium (40-79),2,16.6,4.5
TC-04904,Female,0,Yes,No,11,Yes,Fiber optic,No,No,No,Month-to-month,Yes,Bank transfer,90.07,967.52,1,0-12 months,High (80+),4,17.4,2.25
TC-04905,Female,0,Yes,Yes,29,Yes,No internet,No internet service,No internet service,No internet service,Month-to-month,Yes,Credit card,24.56,733.54,1,25-48 months,Low (<40),0,,
TC-04906,Female,0,Yes,No,36,Yes,DSL,No,Yes,Yes,One year,Yes,Credit card,70.58,2494.39,0,25-48 months,Medium (40-79),0,,
TC-04907,Male,0,Yes,No,49,Yes,No internet,No internet service,No internet service,No internet service,Two year,Yes,Credit card,32.54,1547.55,0,49+ months,Low (<40),1,10.0,3.0
TC-04908,Male,0,Yes,No,3,Yes,DSL,No,No,Yes,Month-to-month,No,Bank transfer,68.7,208.17,1,0-12 months,Medium (40-79),1,21.6,3.0
TC-04909,Male,1,No,Yes,4,Yes,DSL,Yes,No,No,Month-to-month,Yes,Mailed check,64.88,252.58,0,0-12 months,Medium (40-79),4,22.1,3.5
TC-04910,Female,0,Yes,No,25,Yes,Fiber optic,Yes,Yes,No,Month-to-month,No,Credit card,93.03,2299.98,0,25-48 months,High (80+),0,,
TC-04911,Female,0,Yes,No,34,Yes,Fiber optic,No,No,No,One year,No,Electronic check,79.27,2666.6,0,25-48 months,Medium (40-79),2,11.5,3.5
TC-04912,Female,0,No,Yes,21,Yes,Fiber optic,No,Yes,Yes,Two year,No,Electronic check,98.83,2048.01,0,13-24 months,High (80+),1,38.4,3.0
TC-04913,Male,0,Yes,No,32,Yes,Fiber optic,Yes,No,No,Month-to-month,No,Electronic check,78.22,2513.42,0,25-48 months,Medium (40-79),5,35.1,3.2
TC-04914,Female,0,No,No,72,Yes,No internet,No internet service,No internet service,No internet service,Month-to-month,No,Credit card,18.0,1332.6,0,49+ months,Low (<40),1,9.7,4.0
TC-04915,Female,0,Yes,No,25,Yes,DSL,No,Yes,No,Month-to-month,Yes,Electronic check,60.71,1477.64,0,25-48 months,Medium (40-79),2,7.3,3.0
TC-04916,Female,1,No,No,65,Yes,DSL,No,No,Yes,Two year,No,Electronic check,58.13,3815.85,0,49+ months,Medium (40-79),3,8.5,4.0
TC-04917,Female,0,Yes,No,2,No,Fiber optic,Yes,No,No,Month-to-month,No,Electronic check,87.76,174.21,0,0-12 months,High (80+),2,35.2,4.5
TC-04918,Male,0,No,No,10,Yes,Fiber optic,Yes,No,Yes,Month-to-month,Yes,Credit card,92.4,912.9,1,0-12 months,High (80+),3,5.6,2.0
TC-04919,Male,0,Yes,No,44,Yes,DSL,No,No,No,Two year,No,Electronic check,68.91,2987.12,0,25-48 months,Medium (40-79),0,,
TC-04920,Male,0,Yes,No,72,Yes,DSL,No,No,Yes,Two year,Yes,Electronic check,58.98,4308.64,0,49+ months,Medium (40-79),1,4.5,3.0
TC-04921,Female,0,No,Yes,45,Yes,No internet,No internet service,No internet service,No internet service,Two year,Yes,Electronic check,23.42,1023.53,0,25-48 months,Low (<40),1,8.7,4.0
TC-04922,Male,0,No,No,0,Yes,DSL,No,Yes,Yes,Month-to-month,No,Mailed check,78.07,0.0,0,0-12 months,Medium (40-79),1,14.8,3.0
TC-04923,Male,0,No,No,38,Yes,No internet,No internet service,No internet service,No internet service,Month-to-month,Yes,Mailed check,18.0,687.46,0,25-48 months,Low (<40),2,27.7,3.5
TC-04924,Female,0,Yes,No,38,Yes,Fiber optic,No,No,No,Month-to-month,Yes,Electronic check,92.36,3540.06,1,25-48 months,High (80+),5,22.6,3.0
TC-04925,Female,0,Yes,No,53,Yes,Fiber optic,No,No,No,Two year,No,Credit card,83.98,4428.53,0,49+ months,High (80+),1,12.2,4.0
TC-04926,Female,0,No,Yes,10,Yes,DSL,No,Yes,No,One year,No,Electronic check,67.58,657.06,0,0-12 months,Medium (40-79),1,13.2,2.0
TC-04927,Female,0,Yes,No,13,Yes,Fiber optic,No,No,Yes,Month-to-month,Yes,Electronic check,100.94,1278.04,1,13-24 months,High (80+),1,30.7,3.0
TC-04928,Female,0,No,No,15,Yes,Fiber optic,Yes,No,No,Month-to-month,Yes,Electronic check,83.23,1282.62,1,13-24 months,High (80+),0,,
TC-04929,Male,1,No,No,36,Yes,Fiber optic,No,Yes,No,Two year,No,Electronic check,85.01,2971.57,0,25-48 months,High (80+),0,,
TC-04930,Female,0,No,No,5,Yes,Fiber optic,Yes,No,Yes,Month-to-month,Yes,Credit card,107.81,528.05,1,0-12 months,High (80+),3,14.6,2.67
TC-04931,Male,0,Yes,No,58,Yes,DSL,Yes,No,Yes,One year,No,Electronic check,72.7,4299.7,0,49+ months,Medium (40-79),1,38.3,3.0
TC-04932,Female,0,Yes,No,32,Yes,DSL,No,Yes,Yes,Two year,No,Mailed check,66.78,2183.94,0,25-48 months,Medium (40-79),1,19.6,3.0
TC-04933,Female,0,No,No,51,Yes,Fiber optic,No,No,No,Two year,Yes,Electronic check,94.08,4874.48,0,49+ months,High (80+),2,12.0,4.0
TC-04934,Male,0,No,No,72,Yes,Fiber optic,No,No,No,Two year,Yes,Bank transfer,81.23,5870.63,0,49+ months,High (80+),1,12.5,5.0
TC-04935,Female,0,No,No,43,Yes,DSL,Yes,No,No,One year,Yes,Bank transfer,72.16,3091.45,0,25-48 months,Medium (40-79),0,,
TC-04936,Male,0,Yes,Yes,37,Yes,DSL,No,No,Yes,Month-to-month,Yes,Electronic check,77.05,2868.59,1,25-48 months,Medium (40-79),1,26.1,3.0
TC-04937,Male,1,No,No,22,Yes,DSL,No,No,No,Month-to-month,No,Bank transfer,61.21,1307.71,0,13-24 months,Medium (40-79),1,8.0,3.0
TC-04938,Female,0,Yes,No,3,Yes,DSL,No,Yes,Yes,Month-to-month,Yes,Credit card,82.67,242.43,0,0-12 months,High (80+),1,12.7,4.0
TC-04939,Male,1,No,No,31,Yes,DSL,No,No,No,One year,No,Electronic check,59.61,1900.0,0,25-48 months,Medium (40-79),1,37.2,3.0
TC-04940,Male,0,No,Yes,72,No,DSL,No,No,No,Two year,Yes,Electronic check,54.81,3979.18,0,49+ months,Medium (40-79),1,18.7,4.0
TC-04941,Female,0,No,No,10,Yes,Fiber optic,No,Yes,No,Two year,Yes,Credit card,87.44,857.59,0,0-12 months,High (80+),0,,
TC-04942,Female,0,No,No,34,Yes,No internet,No internet service,No internet service,No internet service,Two year,Yes,Credit card,21.77,751.48,0,25-48 months,Low (<40),1,3.8,3.0
TC-04943,Female,0,No,No,24,Yes,DSL,Yes,No,No,Month-to-month,Yes,Electronic check,64.45,1571.59,0,13-24 months,Medium (40-79),1,7.0,3.0
TC-04944,Female,0,Yes,Yes,13,Yes,No internet,No internet service,No internet service,No internet service,Month-to-month,Yes,Bank transfer,21.94,292.96,0,13-24 months,Low (<40),1,12.3,3.0
TC-04945,Male,0,Yes,No,7,No,Fiber optic,No,Yes,No,Month-to-month,Yes,Electronic check,103.61,718.19,0,0-12 months,High (80+),0,,
TC-04946,Female,0,Yes,No,1,No,DSL,Yes,Yes,No,Month-to-month,No,Mailed check,64.24,63.31,0,0-12 months,Medium (40-79),0,,
TC-04947,Female,0,No,No,27,Yes,Fiber optic,No,No,Yes,Two year,Yes,Bank transfer,91.62,2513.91,0,25-48 months,High (80+),4,16.5,3.25
TC-04948,Male,0,No,No,27,Yes,DSL,No,No,Yes,One year,No,Electronic check,72.99,1951.7,0,25-48 months,Medium (40-79),1,14.6,4.0
TC-04949,Female,1,No,No,7,Yes,DSL,Yes,No,Yes,Month-to-month,No,Bank transfer,68.65,467.1,0,0-12 months,Medium (40-79),4,17.9,3.5
TC-04950,Male,1,Yes,Yes,34,Yes,DSL,No,No,No,Month-to-month,No,Bank transfer,64.7,2169.34,0,25-48 months,Medium (40-79),2,4.7,4.0
TC-04951,Female,1,No,No,55,No,Fiber optic,No,Yes,Yes,Two year,No,Electronic check,107.03,5825.35,0,49+ months,High (80+),0,,
TC-04952,Male,0,No,Yes,63,Yes,DSL,No,No,No,Two year,No,Bank transfer,51.76,3294.19,0,49+ months,Medium (40-79),2,19.4,3.0
TC-04953,Male,0,Yes,Yes,25,Yes,DSL,Yes,Yes,Yes,Two year,Yes,Electronic check,71.58,1782.6,0,25-48 months,Medium (40-79),1,36.8,5.0
TC-04954,Female,0,No,No,37,Yes,No internet,No internet service,No internet service,No internet service,Month-to-month,Yes,Electronic check,21.34,797.09,0,25-48 months,Low (<40),0,,
TC-04955,Female,0,No,Yes,14,Yes,DSL,No,Yes,Yes,Month-to-month,Yes,Electronic check,73.95,1022.66,0,13-24 months,Medium (40-79),0,,
TC-04956,Female,0,Yes,No,42,Yes,DSL,Yes,No,No,One year,No,Electronic check,59.03,2468.75,0,25-48 months,Medium (40-79),1,13.9,2.0
TC-04957,Male,1,Yes,Yes,65,Yes,DSL,No,No,No,Two year,Yes,Electronic check,52.03,3467.97,0,49+ months,Medium (40-79),1,23.8,5.0
TC-04958,Male,0,Yes,Yes,2,Yes,DSL,Yes,Yes,No,Month-to-month,Yes,Credit card,55.64,110.2,0,0-12 months,Medium (40-79),1,13.4,3.0
TC-04959,Male,0,No,No,2,Yes,DSL,No,No,Yes,Month-to-month,Yes,Electronic check,65.24,129.67,1,0-12 months,Medium (40-79),0,,
TC-04960,Male,1,No,Yes,32,Yes,Fiber optic,No,No,Yes,Month-to-month,Yes,Mailed check,99.18,3227.31,1,25-48 months,High (80+),4,18.6,3.0
TC-04961,Female,0,Yes,Yes,25,Yes,No internet,No internet service,No internet service,No internet service,Month-to-month,No,Bank transfer,24.66,629.44,1,25-48 months,Low (<40),1,29.4,3.0
TC-04962,Male,0,No,No,35,Yes,Fiber optic,No,Yes,No,Month-to-month,Yes,Credit card,87.51,2977.97,1,25-48 months,High (80+),1,15.0,4.0
TC-04963,Male,0,No,No,46,Yes,Fiber optic,Yes,Yes,No,Two year,No,Electronic check,106.57,4860.92,0,25-48 months,High (80+),0,,
TC-04964,Female,0,Yes,No,25,Yes,DSL,No,No,Yes,One year,Yes,Bank transfer,62.71,1521.03,0,25-48 months,Medium (40-79),1,13.6,4.0
TC-04965,Female,0,Yes,No,26,Yes,Fiber optic,Yes,No,No,Month-to-month,No,Electronic check,94.77,2403.09,0,25-48 months,High (80+),2,13.9,2.5
TC-04966,Female,0,No,No,9,No,DSL,No,No,No,Month-to-month,Yes,Electronic check,60.71,543.48,1,0-12 months,Medium (40-79),1,61.8,3.0
TC-04967,Male,0,No,No,30,Yes,Fiber optic,Yes,No,No,Month-to-month,Yes,Mailed check,88.12,2596.03,0,25-48 months,High (80+),2,25.1,3.5
TC-04968,Female,0,Yes,No,41,Yes,DSL,No,No,No,Two year,No,Credit card,67.92,2822.62,0,25-48 months,Medium (40-79),0,,
TC-04969,Male,0,Yes,No,12,Yes,DSL,No,No,Yes,Month-to-month,No,Bank transfer,69.55,841.31,0,0-12 months,Medium (40-79),1,10.6,4.0
TC-04970,Female,0,No,No,36,Yes,Fiber optic,No,No,No,Month-to-month,No,Electronic check,86.32,3085.71,1,25-48 months,High (80+),2,14.2,2.5
TC-04971,Male,0,No,Yes,53,Yes,Fiber optic,No,No,No,One year,No,Mailed check,85.41,4642.55,0,49+ months,High (80+),1,16.5,4.0
TC-04972,Male,0,No,Yes,72,Yes,DSL,Yes,No,No,Two year,Yes,Credit card,70.28,4908.72,0,49+ months,Medium (40-79),0,,
TC-04973,Male,0,No,Yes,14,Yes,Fiber optic,No,No,No,Month-to-month,Yes,Bank transfer,91.2,1296.58,1,13-24 months,High (80+),2,16.4,3.5
TC-04974,Female,0,No,No,43,Yes,No internet,No internet service,No internet service,No internet service,Two year,Yes,Credit card,27.07,1171.56,0,25-48 months,Low (<40),0,,
TC-04975,Female,0,Yes,No,18,Yes,DSL,Yes,No,No,Month-to-month,Yes,Credit card,65.05,1141.52,0,13-24 months,Medium (40-79),2,6.8,3.5
TC-04976,Female,0,Yes,Yes,23,Yes,DSL,Yes,No,No,Month-to-month,Yes,Electronic check,75.2,1746.93,1,13-24 months,Medium (40-79),1,23.5,2.0
TC-04977,Female,0,No,No,41,Yes,Fiber optic,No,No,Yes,Two year,Yes,Credit card,99.17,4162.52,0,25-48 months,High (80+),2,26.4,4.0
TC-04978,Female,0,Yes,No,52,Yes,Fiber optic,Yes,No,No,Two year,No,Electronic check,85.02,4356.62,0,49+ months,High (80+),3,13.2,4.33
TC-04979,Male,0,Yes,No,2,No,DSL,No,No,No,Month-to-month,Yes,Credit card,55.35,112.8,1,0-12 months,Medium (40-79),0,,
TC-04980,Female,0,No,No,72,Yes,No internet,No internet service,No internet service,No internet service,One year,Yes,Electronic check,28.85,2062.32,0,49+ months,Low (<40),0,,
TC-04981,Male,0,No,No,21,Yes,Fiber optic,No,Yes,No,One year,No,Credit card,89.13,1897.83,0,13-24 months,High (80+),0,,
TC-04982,Male,0,Yes,No,47,Yes,Fiber optic,Yes,No,Yes,Month-to-month,Yes,Mailed check,104.69,4809.19,0,25-48 months,High (80+),4,19.6,3.0
TC-04983,Female,1,Yes,No,49,Yes,DSL,No,No,Yes,Two year,Yes,Credit card,71.69,3457.67,0,49+ months,Medium (40-79),0,,
TC-04984,Female,0,No,No,4,Yes,No internet,No internet service,No internet service,No internet service,One year,Yes,Electronic check,18.0,72.57,1,0-12 months,Low (<40),1,10.9,3.0
TC-04985,Female,0,Yes,No,14,Yes,DSL,No,No,No,Month-to-month,Yes,Mailed check,66.04,930.52,0,13-24 months,Medium (40-79),0,,
TC-04986,Female,0,No,No,6,Yes,Fiber optic,No,No,No,Month-to-month,Yes,Credit card,91.82,546.76,1,0-12 months,High (80+),4,21.7,2.25
TC-04987,Female,0,Yes,Yes,20,Yes,Fiber optic,Yes,No,Yes,One year,No,Credit card,99.04,1923.4,0,13-24 months,High (80+),2,12.6,4.0
TC-04988,Male,1,No,Yes,22,Yes,No internet,No internet service,No internet service,No internet service,One year,No,Electronic check,27.24,606.39,0,13-24 months,Low (<40),1,5.6,4.0
TC-04989,Female,0,No,No,24,No,DSL,No,No,Yes,Month-to-month,Yes,Bank transfer,66.07,1540.83,0,13-24 months,Medium (40-79),0,,
TC-04990,Female,0,No,Yes,33,Yes,Fiber optic,No,No,No,One year,No,Bank transfer,93.86,3127.03,0,25-48 months,High (80+),2,14.0,3.0
TC-04991,Female,0,Yes,No,7,Yes,DSL,No,Yes,No,Month-to-month,Yes,Electronic check,55.21,383.31,1,0-12 months,Medium (40-79),0,,
TC-04992,Female,0,Yes,No,13,Yes,No internet,No internet service,No internet service,No internet service,Month-to-month,No,Bank transfer,23.2,297.13,0,13-24 months,Low (<40),1,17.0,4.0
TC-04993,Female,0,No,No,27,Yes,Fiber optic,Yes,No,No,Month-to-month,No,Mailed check,86.64,2300.85,0,25-48 months,High (80+),3,12.5,4.0
TC-04994,Male,0,Yes,Yes,10,Yes,No internet,No internet service,No internet service,No internet service,One year,No,Bank transfer,19.48,197.81,1,0-12 months,Low (<40),1,5.3,1.0
TC-04995,Female,0,Yes,No,3,No,DSL,Yes,No,Yes,Month-to-month,No,Credit card,84.01,245.03,1,0-12 months,High (80+),0,,
TC-04996,Male,0,No,No,61,Yes,DSL,Yes,No,Yes,Two year,Yes,Credit card,80.7,4934.07,0,49+ months,High (80+),0,,
TC-04997,Male,0,Yes,No,38,Yes,Fiber optic,Yes,No,Yes,Two year,Yes,Mailed check,98.93,3782.32,0,25-48 months,High (80+),2,19.7,5.0
TC-04998,Male,0,No,No,42,Yes,Fiber optic,No,No,No,Month-to-month,No,Electronic check,81.74,3441.47,0,25-48 months,High (80+),5,8.2,3.4
TC-04999,Male,1,No,No,7,Yes,DSL,No,No,Yes,Month-to-month,Yes,Electronic check,73.21,514.67,0,0-12 months,Medium (40-79),0,,
TC-05000,Male,1,Yes,No,8,Yes,Fiber optic,No,No,No,Month-to-month,Yes,Electronic check,78.64,634.78,1,0-12 months,Medium (40-79),5,33.3,2.8
TC-05001,Female,0,No,No,4,No,DSL,Yes,No,No,Month-to-month,Yes,Mailed check,57.88,232.5,0,0-12 months,Medium (40-79),1,23.8,5.0
TC-05002,Male,0,Yes,No,21,Yes,DSL,No,Yes,Yes,Two year,Yes,Electronic check,65.92,1368.99,0,13-24 months,Medium (40-79),1,24.3,1.0
TC-05003,Male,0,Yes,No,4,Yes,Fiber optic,No,No,No,One year,Yes,Electronic check,86.94,342.19,0,0-12 months,High (80+),1,7.2,5.0
TC-05004,Female,0,No,No,8,Yes,Fiber optic,No,Yes,No,Month-to-month,Yes,Mailed check,90.6,728.95,0,0-12 months,High (80+),1,24.7,5.0
TC-05005,Female,0,Yes,No,19,Yes,DSL,Yes,No,No,One year,Yes,Electronic check,54.57,1024.13,0,13-24 months,Medium (40-79),0,,
TC-05006,Female,1,No,Yes,23,Yes,No internet,No internet service,No internet service,No internet service,Month-to-month,Yes,Electronic check,18.0,425.58,0,13-24 months,Low (<40),1,20.3,2.0
TC-05007,Female,0,Yes,Yes,38,Yes,No internet,No internet service,No internet service,No internet service,One year,Yes,Bank transfer,22.9,865.44,1,25-48 months,Low (<40),1,5.0,5.0
TC-05008,Male,0,No,Yes,19,Yes,Fiber optic,No,No,No,Month-to-month,Yes,Electronic check,86.03,1655.38,1,13-24 months,High (80+),4,12.7,3.25
TC-05009,Male,0,Yes,Yes,46,Yes,No internet,No internet service,No internet service,No internet service,One year,No,Credit card,27.79,1297.31,0,25-48 months,Low (<40),0,,
TC-05010,Male,1,No,Yes,6,Yes,Fiber optic,No,Yes,Yes,Month-to-month,Yes,Electronic check,98.91,600.39,1,0-12 months,High (80+),3,21.5,2.0
TC-05011,Female,1,Yes,Yes,58,Yes,DSL,Yes,No,No,One year,No,Electronic check,64.47,3742.04,0,49+ months,Medium (40-79),0,,
TC-05012,Female,0,No,No,35,Yes,DSL,Yes,No,No,One year,No,Electronic check,60.19,2158.29,0,25-48 months,Medium (40-79),2,31.7,4.0
TC-05013,Female,0,No,No,15,Yes,Fiber optic,No,No,No,One year,Yes,Electronic check,84.02,1253.23,0,13-24 months,High (80+),1,28.9,2.0
TC-05014,Male,0,No,No,23,Yes,Fiber optic,No,No,Yes,One year,Yes,Credit card,103.82,2329.33,1,13-24 months,High (80+),4,8.7,2.5
TC-05015,Female,1,No,No,32,Yes,Fiber optic,No,Yes,Yes,Month-to-month,Yes,Electronic check,102.45,3329.19,1,25-48 months,High (80+),1,40.3,3.0
TC-05016,Female,0,No,No,20,Yes,Fiber optic,No,No,No,One year,Yes,Credit card,89.93,1758.84,0,13-24 months,High (80+),1,44.6,4.0
TC-05017,Female,0,No,No,28,Yes,Fiber optic,Yes,No,Yes,One year,Yes,Bank transfer,95.37,2711.06,0,25-48 months,High (80+),3,18.0,3.67
TC-05018,Female,0,No,No,39,Yes,DSL,No,No,Yes,One year,Yes,Bank transfer,55.12,2184.84,0,25-48 months,Medium (40-79),2,20.1,4.0
TC-05019,Female,0,No,Yes,5,Yes,No internet,No internet service,No internet service,No internet service,Month-to-month,Yes,Electronic check,18.0,90.88,1,0-12 months,Low (<40),1,12.6,2.0
TC-05020,Male,0,No,No,72,Yes,DSL,Yes,Yes,Yes,Month-to-month,No,Bank transfer,75.32,5369.78,0,49+ months,Medium (40-79),0,,
TC-05021,Male,0,Yes,No,24,Yes,No internet,No internet service,No internet service,No internet service,Two year,Yes,Electronic check,29.62,719.19,0,13-24 months,Low (<40),1,10.5,4.0
TC-05022,Female,0,No,No,65,Yes,Fiber optic,No,Yes,Yes,Two year,Yes,Credit card,100.74,6479.49,0,49+ months,High (80+),2,9.6,4.0
TC-05023,Male,0,Yes,Yes,34,Yes,Fiber optic,No,No,No,Two year,Yes,Mailed check,82.77,2837.7,1,25-48 months,High (80+),1,34.4,2.0
TC-05024,Female,0,No,No,12,Yes,Fiber optic,No,No,Yes,Month-to-month,Yes,Electronic check,95.1,1144.28,1,0-12 months,High (80+),1,49.8,2.0
TC-05025,Male,1,Yes,No,27,Yes,DSL,No,No,No,Two year,No,Mailed check,61.07,1660.54,0,25-48 months,Medium (40-79),0,,
TC-05026,Female,1,Yes,No,72,Yes,No internet,No internet service,No internet service,No internet service,Two year,Yes,Credit card,24.82,1749.11,0,49+ months,Low (<40),0,,
TC-05027,Female,0,Yes,Yes,19,Yes,DSL,No,No,No,Month-to-month,No,Electronic check,65.04,1236.69,0,13-24 months,Medium (40-79),0,,
TC-05028,Female,0,No,No,60,Yes,Fiber optic,No,No,No,Two year,No,Credit card,87.47,5113.88,0,49+ months,High (80+),0,,
TC-05029,Female,1,Yes,No,17,Yes,Fiber optic,No,No,No,Two year,Yes,Mailed check,79.71,1389.2,0,13-24 months,Medium (40-79),2,45.3,3.5
TC-05030,Female,0,No,Yes,8,Yes,DSL,No,Yes,Yes,Month-to-month,No,Credit card,62.71,500.18,1,0-12 months,Medium (40-79),0,,
TC-05031,Male,0,Yes,No,5,Yes,Fiber optic,Yes,No,No,Month-to-month,Yes,Bank transfer,83.64,406.9,1,0-12 months,High (80+),0,,
TC-05032,Female,0,No,Yes,40,Yes,Fiber optic,No,Yes,Yes,Month-to-month,Yes,Electronic check,105.52,4297.96,0,25-48 months,High (80+),0,,
TC-05033,Female,1,No,No,4,Yes,No internet,No internet service,No internet service,No internet service,Month-to-month,Yes,Credit card,32.66,133.04,1,0-12 months,Low (<40),1,17.8,2.0
TC-05034,Male,0,Yes,Yes,29,Yes,No internet,No internet service,No internet service,No internet service,One year,No,Electronic check,18.42,522.28,0,25-48 months,Low (<40),3,14.1,3.33
TC-05035,Female,0,Yes,Yes,31,Yes,Fiber optic,No,No,Yes,One year,Yes,Mailed check,106.24,3386.84,0,25-48 months,High (80+),2,15.2,3.0
TC-05036,Male,1,No,No,38,No,Fiber optic,No,No,No,Two year,No,Mailed check,87.3,3349.51,0,25-48 months,High (80+),3,18.9,3.33
TC-05037,Female,0,No,No,54,Yes,Fiber optic,No,No,No,Two year,No,Bank transfer,85.36,4473.8,0,49+ months,High (80+),1,9.8,3.0
TC-05038,Female,0,No,Yes,2,Yes,DSL,No,No,No,Month-to-month,Yes,Mailed check,59.67,118.55,1,0-12 months,Medium (40-79),0,,
TC-05039,Male,0,Yes,No,39,Yes,Fiber optic,Yes,No,No,Month-to-month,No,Credit card,93.75,3655.45,0,25-48 months,High (80+),1,24.7,3.0
TC-05040,Male,1,No,No,53,Yes,No internet,No internet service,No internet service,No internet service,Two year,Yes,Credit card,18.63,991.66,0,49+ months,Low (<40),1,2.1,4.0
TC-05041,Male,1,Yes,No,44,Yes,No internet,No internet service,No internet service,No internet service,One year,Yes,Bank transfer,22.69,1007.08,0,25-48 months,Low (<40),2,15.6,4.5
TC-05042,Female,1,No,No,11,Yes,Fiber optic,No,No,Yes,Month-to-month,Yes,Mailed check,93.5,1035.12,0,0-12 months,High (80+),4,16.1,4.0
TC-05043,Male,0,Yes,Yes,32,Yes,Fiber optic,No,No,No,One year,No,Credit card,67.83,2196.97,0,25-48 months,Medium (40-79),1,7.3,3.0
TC-05044,Female,0,Yes,No,27,Yes,DSL,No,No,Yes,Month-to-month,Yes,Bank transfer,65.14,1810.63,0,25-48 months,Medium (40-79),0,,
TC-05045,Female,0,Yes,No,7,Yes,Fiber optic,No,No,No,Month-to-month,No,Mailed check,95.58,659.1,0,0-12 months,High (80+),3,26.5,4.0
TC-05046,Female,0,Yes,Yes,44,Yes,Fiber optic,No,No,Yes,Two year,Yes,Electronic check,99.36,4284.2,0,25-48 months,High (80+),0,,
TC-05047,Female,0,No,No,16,Yes,Fiber optic,Yes,Yes,No,Month-to-month,Yes,Bank transfer,91.43,1506.35,0,13-24 months,High (80+),0,,
TC-05048,Male,0,No,Yes,64,Yes,Fiber optic,Yes,No,No,Two year,No,Electronic check,91.22,5870.03,0,49+ months,High (80+),1,15.3,3.0
TC-05049,Female,0,No,Yes,11,Yes,DSL,No,No,Yes,Month-to-month,No,Mailed check,71.53,799.5,0,0-12 months,Medium (40-79),3,11.8,2.33
TC-05050,Male,1,No,No,32,Yes,DSL,No,Yes,Yes,Two year,Yes,Credit card,69.12,2228.17,0,25-48 months,Medium (40-79),0,,
TC-05051,Male,0,No,No,72,Yes,DSL,No,No,No,Two year,No,Mailed check,62.59,4537.42,0,49+ months,Medium (40-79),2,6.8,3.5
TC-05052,Female,0,Yes,No,24,Yes,Fiber optic,No,No,No,Month-to-month,No,Credit card,83.67,1958.78,1,13-24 months,High (80+),3,13.2,2.0
TC-05053,Female,0,Yes,No,23,No,DSL,No,No,Yes,One year,Yes,Bank transfer,58.53,1347.73,0,13-24 months,Medium (40-79),3,16.7,4.0
TC-05054,Female,0,No,No,18,No,Fiber optic,No,No,Yes,Two year,Yes,Bank transfer,93.4,1720.48,0,13-24 months,High (80+),2,8.9,3.0
TC-05055,Female,0,No,Yes,11,Yes,Fiber optic,Yes,Yes,No,Month-to-month,Yes,Electronic check,81.68,924.92,0,0-12 months,High (80+),0,,
TC-05056,Female,0,No,Yes,43,Yes,Fiber optic,Yes,No,Yes,One year,Yes,Bank transfer,96.56,4204.18,1,25-48 months,High (80+),4,11.5,2.5
TC-05057,Female,0,Yes,No,11,Yes,DSL,No,Yes,No,Month-to-month,Yes,Mailed check,54.48,582.17,1,0-12 months,Medium (40-79),1,57.4,1.0
TC-05058,Female,0,No,No,7,Yes,Fiber optic,No,No,No,Month-to-month,No,Electronic check,92.52,658.54,1,0-12 months,High (80+),2,19.4,4.5
TC-05059,Female,0,Yes,No,26,Yes,Fiber optic,No,Yes,Yes,Month-to-month,Yes,Credit card,86.85,2312.29,1,25-48 months,High (80+),2,23.6,3.0
TC-05060,Male,0,Yes,No,44,Yes,Fiber optic,No,No,No,Month-to-month,Yes,Mailed check,86.02,3794.32,0,25-48 months,High (80+),3,12.5,2.67
TC-05061,Female,0,Yes,No,66,Yes,DSL,No,No,Yes,Two year,Yes,Bank transfer,72.29,4863.1,0,49+ months,Medium (40-79),1,3.6,3.0
TC-05062,Male,1,Yes,No,10,Yes,Fiber optic,No,No,No,Month-to-month,No,Mailed check,89.28,907.7,1,0-12 months,High (80+),3,25.8,3.67
TC-05063,Female,0,Yes,No,27,Yes,No internet,No internet service,No internet service,No internet service,Month-to-month,Yes,Mailed check,18.0,473.96,0,25-48 months,Low (<40),3,34.9,4.0
TC-05064,Male,0,No,No,5,Yes,DSL,No,No,Yes,Month-to-month,No,Electronic check,56.36,282.08,0,0-12 months,Medium (40-79),2,29.8,4.5
TC-05065,Female,0,Yes,Yes,36,Yes,DSL,Yes,No,No,One year,No,Bank transfer,69.8,2447.12,0,25-48 months,Medium (40-79),0,,
TC-05066,Male,0,No,No,59,Yes,Fiber optic,Yes,No,No,Two year,No,Credit card,87.55,5316.6,0,49+ months,High (80+),1,22.0,4.0
TC-05067,Male,0,Yes,No,24,Yes,DSL,No,Yes,Yes,One year,Yes,Electronic check,68.93,1685.16,0,13-24 months,Medium (40-79),2,22.7,4.0
TC-05068,Female,0,No,No,27,No,DSL,No,No,Yes,Two year,Yes,Bank transfer,68.55,1877.13,0,25-48 months,Medium (40-79),2,19.1,3.5
TC-05069,Female,1,No,No,59,Yes,Fiber optic,No,No,Yes,Month-to-month,No,Credit card,92.04,5429.7,1,49+ months,High (80+),3,10.0,2.0
TC-05070,Male,0,No,No,72,Yes,Fiber optic,No,No,No,One year,Yes,Bank transfer,83.85,5907.32,0,49+ months,High (80+),3,33.0,3.33
TC-05071,Female,0,No,Yes,7,Yes,Fiber optic,No,No,No,Month-to-month,Yes,Electronic check,81.7,562.06,0,0-12 months,High (80+),0,,
TC-05072,Female,1,No,No,31,Yes,Fiber optic,Yes,No,Yes,Two year,Yes,Credit card,96.86,3009.2,0,25-48 months,High (80+),0,,
TC-05073,Female,1,No,No,36,Yes,DSL,Yes,No,Yes,One year,Yes,Mailed check,55.28,1932.18,0,25-48 months,Medium (40-79),0,,
TC-05074,Female,0,No,No,20,Yes,DSL,No,No,No,Month-to-month,No,Bank transfer,53.74,1082.44,0,13-24 months,Medium (40-79),0,,
TC-05075,Male,0,No,No,69,Yes,DSL,No,Yes,No,Two year,No,Credit card,65.08,4407.35,0,49+ months,Medium (40-79),2,25.4,4.5
TC-05076,Male,1,No,No,29,Yes,Fiber optic,No,No,Yes,Month-to-month,Yes,Credit card,88.7,2553.46,0,25-48 months,High (80+),1,15.2,4.0
TC-05077,Female,0,Yes,No,8,Yes,No internet,No internet service,No internet service,No internet service,Month-to-month,No,Mailed check,19.09,148.76,0,0-12 months,Low (<40),1,15.9,4.0
TC-05078,Male,0,No,Yes,9,Yes,Fiber optic,No,No,Yes,Month-to-month,Yes,Electronic check,99.89,892.77,1,0-12 months,High (80+),3,18.2,2.0
TC-05079,Male,0,Yes,No,22,Yes,No internet,No internet service,No internet service,No internet service,Two year,Yes,Electronic check,18.0,397.21,0,13-24 months,Low (<40),2,39.7,4.5
TC-05080,Male,0,Yes,No,31,Yes,Fiber optic,No,No,Yes,Month-to-month,Yes,Credit card,99.1,3146.59,1,25-48 months,High (80+),3,19.1,2.67
TC-05081,Female,1,No,Yes,33,Yes,No internet,No internet service,No internet service,No internet service,Two year,Yes,Mailed check,27.85,904.31,0,25-48 months,Low (<40),4,14.5,3.75
TC-05082,Male,0,No,No,1,Yes,DSL,No,Yes,No,Month-to-month,No,Electronic check,68.51,70.48,1,0-12 months,Medium (40-79),0,,
TC-05083,Female,0,No,No,47,Yes,DSL,Yes,No,No,One year,Yes,Mailed check,67.46,3245.13,0,25-48 months,Medium (40-79),3,22.4,3.33
TC-05084,Female,0,No,No,15,No,Fiber optic,No,No,Yes,Month-to-month,No,Credit card,87.81,1302.59,1,13-24 months,High (80+),3,18.5,3.0
TC-05085,Female,0,Yes,No,4,Yes,No internet,No internet service,No internet service,No internet service,Month-to-month,Yes,Bank transfer,18.0,73.14,0,0-12 months,Low (<40),1,73.2,4.0
TC-05086,Female,0,No,Yes,47,Yes,DSL,Yes,Yes,No,One year,Yes,Electronic check,74.59,3434.82,0,25-48 months,Medium (40-79),1,29.2,4.0
TC-05087,Female,0,No,Yes,72,Yes,DSL,Yes,Yes,No,Two year,Yes,Credit card,69.16,4981.15,0,49+ months,Medium (40-79),1,11.5,4.0
TC-05088,Female,1,Yes,No,72,Yes,No internet,No internet service,No internet service,No internet service,Two year,Yes,Electronic check,36.52,2564.07,0,49+ months,Low (<40),2,4.9,4.5
TC-05089,Male,0,No,No,56,Yes,DSL,Yes,No,Yes,Month-to-month,No,Mailed check,80.42,4602.51,0,49+ months,High (80+),0,,
TC-05090,Male,0,Yes,No,53,Yes,Fiber optic,No,No,Yes,Two year,No,Credit card,98.31,5162.5,0,49+ months,High (80+),1,8.3,4.0
TC-05091,Male,1,No,No,13,Yes,Fiber optic,No,No,Yes,Month-to-month,Yes,Bank transfer,95.61,1265.75,0,13-24 months,High (80+),0,,
TC-05092,Male,0,No,Yes,3,Yes,Fiber optic,No,No,Yes,Month-to-month,Yes,Electronic check,93.5,277.19,1,0-12 months,High (80+),0,,
TC-05093,Female,0,No,No,27,Yes,Fiber optic,Yes,Yes,No,Month-to-month,No,Electronic check,96.3,2604.91,1,25-48 months,High (80+),2,19.9,2.0
TC-05094,Male,0,No,Yes,10,Yes,Fiber optic,No,Yes,Yes,Month-to-month,Yes,Credit card,97.31,961.3,1,0-12 months,High (80+),1,8.7,1.0
TC-05095,Male,0,Yes,No,29,Yes,DSL,Yes,No,No,Two year,Yes,Electronic check,62.85,1802.97,0,25-48 months,Medium (40-79),1,10.5,3.0
TC-05096,Male,0,No,Yes,40,Yes,DSL,Yes,Yes,Yes,One year,Yes,Credit card,81.09,3154.01,0,25-48 months,High (80+),0,,
TC-05097,Female,0,No,No,27,Yes,DSL,No,No,Yes,Month-to-month,No,Credit card,70.01,1870.36,0,25-48 months,Medium (40-79),0,,
TC-05098,Female,0,No,No,72,Yes,DSL,No,No,No,Two year,No,Mailed check,60.1,4451.6,0,49+ months,Medium (40-79),3,8.8,3.0
TC-05099,Female,0,Yes,No,39,Yes,Fiber optic,No,No,Yes,Two year,Yes,Electronic check,84.7,3232.77,0,25-48 months,High (80+),3,21.1,3.67
TC-05100,Male,0,Yes,No,38,Yes,Fiber optic,No,No,Yes,One year,No,Electronic check,84.57,3292.41,1,25-48 months,High (80+),2,16.6,3.0
TC-05101,Male,0,Yes,Yes,72,Yes,Fiber optic,Yes,Yes,No,One year,No,Electronic check,89.02,6597.25,0,49+ months,High (80+),2,19.5,2.5
TC-05102,Male,0,No,No,45,Yes,DSL,No,No,No,Two year,Yes,Credit card,45.17,2054.5,0,25-48 months,Medium (40-79),2,16.3,3.5
TC-05103,Male,0,No,No,15,Yes,No internet,No internet service,No internet service,No internet service,Month-to-month,No,Mailed check,18.0,264.02,0,13-24 months,Low (<40),3,7.9,4.0
TC-05104,Female,0,No,No,49,Yes,DSL,No,No,Yes,Two year,No,Mailed check,62.33,3130.11,0,49+ months,Medium (40-79),2,17.0,4.0
TC-05105,Female,0,Yes,No,18,Yes,Fiber optic,No,No,Yes,Month-to-month,Yes,Electronic check,84.12,1550.9,0,13-24 months,High (80+),3,16.9,3.67
TC-05106,Female,0,No,No,8,Yes,No internet,No internet service,No internet service,No internet service,Month-to-month,Yes,Electronic check,18.16,146.01,0,0-12 months,Low (<40),0,,
TC-05107,Female,0,Yes,Yes,72,Yes,No internet,No internet service,No internet service,No internet service,Two year,Yes,Electronic check,18.0,1303.05,0,49+ months,Low (<40),1,12.9,3.0
TC-05108,Male,0,Yes,No,4,Yes,Fiber optic,No,No,No,Month-to-month,Yes,Mailed check,74.17,302.8,1,0-12 months,Medium (40-79),2,21.4,3.0
TC-05109,Female,0,No,No,2,Yes,DSL,Yes,No,No,Month-to-month,No,Credit card,62.3,125.3,1,0-12 months,Medium (40-79),0,,
TC-05110,Female,0,Yes,Yes,26,Yes,Fiber optic,No,Yes,No,Month-to-month,No,Credit card,81.47,2126.89,1,25-48 months,High (80+),0,,
TC-05111,Male,0,Yes,No,10,Yes,DSL,Yes,No,No,Month-to-month,Yes,Bank transfer,63.37,643.33,0,0-12 months,Medium (40-79),1,6.9,4.0
TC-05112,Female,0,No,No,13,Yes,No internet,No internet service,No internet service,No internet service,Month-to-month,No,Electronic check,18.0,236.2,0,13-24 months,Low (<40),0,,
TC-05113,Female,0,Yes,No,10,Yes,DSL,No,Yes,Yes,Month-to-month,Yes,Electronic check,67.73,668.12,1,0-12 months,Medium (40-79),0,,
TC-05114,Female,0,No,No,15,Yes,No internet,No internet service,No internet service,No internet service,Month-to-month,Yes,Bank transfer,26.45,385.45,0,13-24 months,Low (<40),0,,
TC-05115,Female,0,Yes,No,30,Yes,No internet,No internet service,No internet service,No internet service,One year,Yes,Bank transfer,18.0,528.83,0,25-48 months,Low (<40),0,,
TC-05116,Female,0,Yes,No,9,Yes,DSL,No,Yes,No,Month-to-month,Yes,Mailed check,66.9,606.14,0,0-12 months,Medium (40-79),1,4.8,4.0
TC-05117,Female,0,Yes,Yes,22,Yes,Fiber optic,No,No,Yes,Month-to-month,Yes,Bank transfer,105.54,2338.82,1,13-24 months,High (80+),3,12.5,2.0
TC-05118,Male,1,No,No,62,Yes,No internet,No internet service,No internet service,No internet service,Two year,No,Electronic check,28.78,1803.22,0,49+ months,Low (<40),1,22.5,3.0
TC-05119,Male,1,Yes,No,28,Yes,Fiber optic,No,No,Yes,Month-to-month,No,Bank transfer,85.09,2384.8,1,25-48 months,High (80+),2,11.4,4.0
TC-05120,Female,0,No,Yes,3,Yes,Fiber optic,No,No,Yes,Month-to-month,Yes,Mailed check,102.34,307.98,1,0-12 months,High (80+),2,16.8,3.5
TC-05121,Female,0,Yes,Yes,72,Yes,Fiber optic,No,Yes,Yes,Two year,Yes,Electronic check,110.44,8003.38,0,49+ months,High (80+),1,6.9,5.0
TC-05122,Male,0,Yes,No,16,Yes,DSL,No,Yes,No,Month-to-month,No,Credit card,65.38,1064.11,0,13-24 months,Medium (40-79),1,13.8,4.0
TC-05123,Female,0,No,No,33,Yes,No internet,No internet service,No internet service,No internet service,Month-to-month,No,Bank transfer,33.53,1090.21,0,25-48 months,Low (<40),0,,
TC-05124,Female,0,Yes,No,67,Yes,No internet,No internet service,No internet service,No internet service,Month-to-month,No,Electronic check,33.06,2233.11,0,49+ months,Low (<40),0,,
TC-05125,Female,0,No,No,5,Yes,Fiber optic,No,No,No,Month-to-month,No,Credit card,74.08,364.92,1,0-12 months,Medium (40-79),0,,
TC-05126,Female,0,Yes,Yes,35,Yes,Fiber optic,No,Yes,Yes,Month-to-month,Yes,Electronic check,103.12,3567.13,1,25-48 months,High (80+),1,28.0,2.0
TC-05127,Male,0,No,Yes,44,Yes,DSL,No,Yes,No,Month-to-month,Yes,Bank transfer,66.5,2993.7,0,25-48 months,Medium (40-79),0,,
TC-05128,Male,0,Yes,Yes,16,Yes,Fiber optic,No,Yes,Yes,Month-to-month,No,Mailed check,97.4,1574.42,0,13-24 months,High (80+),1,20.7,4.0
TC-05129,Female,0,Yes,Yes,15,Yes,Fiber optic,No,No,No,Month-to-month,No,Bank transfer,83.18,1212.32,1,13-24 months,High (80+),2,17.1,3.5
TC-05130,Female,0,Yes,No,26,Yes,Fiber optic,No,Yes,Yes,One year,Yes,Electronic check,103.4,2749.37,0,25-48 months,High (80+),4,18.6,3.25
TC-05131,Male,0,Yes,No,9,Yes,No internet,No internet service,No internet service,No internet service,Month-to-month,No,Electronic check,40.13,370.75,0,0-12 months,Medium (40-79),3,13.6,4.0
TC-05132,Female,0,No,No,8,Yes,Fiber optic,No,No,No,Month-to-month,Yes,Electronic check,84.05,687.74,1,0-12 months,High (80+),3,28.5,1.0
TC-05133,Male,0,No,No,15,Yes,Fiber optic,No,Yes,Yes,Month-to-month,Yes,Electronic check,106.87,1577.65,0,13-24 months,High (80+),2,33.9,2.5
TC-05134,Female,0,No,Yes,1,Yes,Fiber optic,No,No,Yes,Month-to-month,No,Mailed check,89.04,88.88,1,0-12 months,High (80+),1,5.0,2.0
TC-05135,Female,0,No,Yes,52,Yes,No internet,No internet service,No internet service,No internet service,Month-to-month,Yes,Electronic check,26.77,1432.0,0,49+ months,Low (<40),0,,
TC-05136,Male,1,Yes,No,29,No,DSL,No,Yes,No,One year,Yes,Electronic check,68.95,1986.26,0,25-48 months,Medium (40-79),3,26.6,3.33
TC-05137,Female,0,Yes,Yes,46,No,Fiber optic,No,No,No,Two year,Yes,Credit card,76.81,3513.32,0,25-48 months,Medium (40-79),0,,
TC-05138,Female,0,Yes,No,32,Yes,No internet,No internet service,No internet service,No internet service,Two year,Yes,Mailed check,18.0,572.02,0,25-48 months,Low (<40),0,,
TC-05139,Female,0,Yes,No,8,Yes,Fiber optic,No,Yes,Yes,Month-to-month,No,Electronic check,106.43,842.27,0,0-12 months,High (80+),2,17.9,3.0
TC-05140,Female,0,No,No,72,Yes,Fiber optic,No,No,Yes,Two year,Yes,Mailed check,98.81,7147.29,0,49+ months,High (80+),2,24.1,4.5
TC-05141,Male,0,No,No,72,Yes,Fiber optic,Yes,No,Yes,Two year,Yes,Mailed check,105.11,7551.86,0,49+ months,High (80+),3,28.8,2.67
TC-05142,Female,0,Yes,No,45,Yes,DSL,Yes,No,Yes,One year,Yes,Credit card,84.21,3870.7,0,25-48 months,High (80+),1,12.1,4.0
TC-05143,Female,0,Yes,No,21,Yes,DSL,No,No,Yes,Two year,No,Bank transfer,66.71,1366.79,0,13-24 months,Medium (40-79),1,9.3,4.0
TC-05144,Female,0,No,No,9,Yes,DSL,No,No,No,Month-to-month,No,Credit card,67.06,600.08,0,0-12 months,Medium (40-79),0,,
TC-05145,Male,0,No,No,47,Yes,Fiber optic,Yes,No,Yes,One year,No,Bank transfer,100.9,4603.09,0,25-48 months,High (80+),4,11.7,3.75
TC-05146,Female,1,Yes,No,6,Yes,No internet,No internet service,No internet service,No internet service,Month-to-month,Yes,Mailed check,18.46,112.96,1,0-12 months,Low (<40),0,,
TC-05147,Male,0,Yes,No,22,No,Fiber optic,No,No,Yes,One year,Yes,Mailed check,92.46,2094.81,0,13-24 months,High (80+),1,26.8,3.0
TC-05148,Male,0,Yes,No,18,Yes,DSL,No,No,No,One year,Yes,Electronic check,63.27,1157.1,0,13-24 months,Medium (40-79),0,,
TC-05149,Female,0,No,Yes,31,Yes,No internet,No internet service,No internet service,No internet service,Month-to-month,No,Mailed check,18.08,574.06,0,25-48 months,Low (<40),2,13.8,4.0
TC-05150,Male,0,Yes,Yes,45,Yes,DSL,No,Yes,Yes,Two year,Yes,Bank transfer,70.22,3252.5,0,25-48 months,Medium (40-79),1,4.2,1.0
TC-05151,Female,0,Yes,Yes,21,Yes,Fiber optic,Yes,No,Yes,Month-to-month,No,Bank transfer,111.73,2279.04,0,13-24 months,High (80+),2,18.8,3.5
TC-05152,Female,1,Yes,No,22,Yes,Fiber optic,No,Yes,No,Month-to-month,No,Electronic check,88.84,1929.83,0,13-24 months,High (80+),0,,
TC-05153,Male,0,No,No,22,Yes,Fiber optic,No,No,No,One year,Yes,Electronic check,90.4,1967.6,0,13-24 months,High (80+),2,11.2,4.5
TC-05154,Male,0,Yes,No,43,Yes,DSL,Yes,No,No,Two year,Yes,Credit card,70.19,3088.67,0,25-48 months,Medium (40-79),0,,
TC-05155,Female,0,No,No,6,Yes,Fiber optic,No,No,Yes,Month-to-month,Yes,Bank transfer,93.43,548.44,1,0-12 months,High (80+),3,15.2,2.33
TC-05156,Female,0,No,No,12,Yes,DSL,No,No,No,One year,No,Mailed check,58.01,680.81,0,0-12 months,Medium (40-79),1,16.8,4.0
TC-05157,Male,0,Yes,No,19,Yes,Fiber optic,No,No,No,Month-to-month,No,Electronic check,81.09,1579.79,1,13-24 months,High (80+),2,34.8,2.0
TC-05158,Female,0,Yes,Yes,24,Yes,Fiber optic,No,No,No,Month-to-month,No,Electronic check,78.3,1902.73,1,13-24 months,Medium (40-79),4,15.5,3.0
TC-05159,Female,1,No,No,14,Yes,No internet,No internet service,No internet service,No internet service,Month-to-month,Yes,Credit card,27.91,385.05,0,13-24 months,Low (<40),0,,
TC-05160,Male,1,Yes,Yes,60,Yes,DSL,No,No,No,One year,No,Bank transfer,65.55,3926.45,0,49+ months,Medium (40-79),0,,
TC-05161,Female,0,No,No,2,Yes,No internet,No internet service,No internet service,No internet service,Month-to-month,Yes,Credit card,19.03,38.4,0,0-12 months,Low (<40),0,,
TC-05162,Male,1,Yes,No,56,No,DSL,Yes,No,No,Two year,No,Credit card,73.4,4050.96,0,49+ months,Medium (40-79),1,9.7,4.0
TC-05163,Male,0,Yes,No,7,Yes,DSL,Yes,Yes,Yes,Month-to-month,Yes,Bank transfer,78.76,542.32,0,0-12 months,Medium (40-79),0,,
TC-05164,Male,1,No,No,31,Yes,No internet,No internet service,No internet service,No internet service,Month-to-month,Yes,Bank transfer,18.0,565.24,0,25-48 months,Low (<40),2,14.1,4.0
TC-05165,Male,1,No,No,23,No,Fiber optic,Yes,No,Yes,Month-to-month,Yes,Credit card,93.89,2122.79,1,13-24 months,High (80+),1,19.2,3.0
TC-05166,Male,0,Yes,No,25,Yes,DSL,No,Yes,Yes,Month-to-month,Yes,Credit card,77.43,1931.5,0,25-48 months,Medium (40-79),0,,
TC-05167,Male,0,No,Yes,40,Yes,Fiber optic,Yes,Yes,No,Two year,No,Electronic check,81.72,3281.01,0,25-48 months,High (80+),2,5.5,2.5
TC-05168,Female,0,No,Yes,64,Yes,Fiber optic,No,No,Yes,Two year,No,Credit card,98.5,6268.63,0,49+ months,High (80+),1,15.6,4.0
TC-05169,Male,0,Yes,No,69,Yes,DSL,Yes,No,No,Two year,No,Electronic check,67.24,4610.19,0,49+ months,Medium (40-79),0,,
TC-05170,Female,0,Yes,No,10,Yes,No internet,No internet service,No internet service,No internet service,Month-to-month,Yes,Mailed check,30.85,300.08,0,0-12 months,Low (<40),1,10.9,5.0
TC-05171,Male,0,Yes,Yes,49,Yes,DSL,Yes,Yes,Yes,Two year,No,Mailed check,67.55,3283.32,0,49+ months,Medium (40-79),0,,
TC-05172,Male,1,No,Yes,34,Yes,DSL,No,No,No,Month-to-month,Yes,Credit card,65.86,2264.25,0,25-48 months,Medium (40-79),2,12.3,3.5
TC-05173,Male,1,Yes,No,22,Yes,No internet,No internet service,No internet service,No internet service,Month-to-month,No,Electronic check,30.2,674.14,0,13-24 months,Low (<40),2,14.6,4.0
TC-05174,Female,0,No,Yes,9,Yes,Fiber optic,Yes,No,No,One year,No,Mailed check,84.32,767.04,1,0-12 months,High (80+),3,11.7,1.67
TC-05175,Female,0,Yes,Yes,39,Yes,No internet,No internet service,No internet service,No internet service,Month-to-month,No,Mailed check,26.23,1039.95,0,25-48 months,Low (<40),1,2.1,3.0
TC-05176,Female,0,Yes,Yes,21,Yes,DSL,No,No,Yes,Month-to-month,No,Mailed check,68.4,1453.84,0,13-24 months,Medium (40-79),0,,
TC-05177,Female,0,No,No,40,Yes,DSL,Yes,No,No,Two year,No,Credit card,54.17,2164.55,0,25-48 months,Medium (40-79),2,39.5,3.5
TC-05178,Male,0,No,No,22,No,DSL,No,Yes,No,Month-to-month,No,Bank transfer,66.98,1481.97,0,13-24 months,Medium (40-79),0,,
TC-05179,Male,0,No,No,72,Yes,DSL,No,No,No,Two year,No,Credit card,57.78,4174.03,0,49+ months,Medium (40-79),0,,
TC-05180,Female,0,Yes,Yes,72,Yes,Fiber optic,No,No,No,Month-to-month,Yes,Mailed check,75.64,5571.71,0,49+ months,Medium (40-79),1,2.2,3.0
TC-05181,Female,0,Yes,No,39,Yes,DSL,Yes,Yes,No,Month-to-month,Yes,Credit card,70.8,2828.88,1,25-48 months,Medium (40-79),0,,
TC-05182,Female,0,No,Yes,10,Yes,DSL,No,No,No,Month-to-month,Yes,Credit card,57.79,573.91,0,0-12 months,Medium (40-79),0,,
TC-05183,Male,0,No,Yes,13,Yes,Fiber optic,No,Yes,No,Month-to-month,No,Electronic check,94.62,1231.03,1,13-24 months,High (80+),1,12.4,2.0
TC-05184,Female,0,No,Yes,20,Yes,DSL,No,Yes,No,Month-to-month,Yes,Mailed check,66.31,1309.82,0,13-24 months,Medium (40-79),0,,
TC-05185,Male,0,Yes,Yes,21,No,DSL,Yes,No,Yes,Month-to-month,Yes,Bank transfer,69.13,1494.15,0,13-24 months,Medium (40-79),2,12.1,4.5
TC-05186,Female,0,No,No,15,Yes,DSL,No,Yes,Yes,Month-to-month,Yes,Credit card,64.98,993.63,0,13-24 months,Medium (40-79),0,,
TC-05187,Female,0,No,No,58,Yes,Fiber optic,Yes,Yes,No,Month-to-month,Yes,Bank transfer,103.23,5920.49,0,49+ months,High (80+),5,19.0,3.8
TC-05188,Male,0,No,Yes,10,Yes,DSL,Yes,No,No,Month-to-month,Yes,Electronic check,72.45,719.44,1,0-12 months,Medium (40-79),1,19.1,1.0
TC-05189,Male,0,No,Yes,13,Yes,Fiber optic,Yes,Yes,No,Two year,Yes,Bank transfer,89.79,1190.43,0,13-24 months,High (80+),1,25.5,3.0
TC-05190,Female,1,Yes,No,40,Yes,Fiber optic,No,Yes,Yes,Two year,Yes,Credit card,104.5,4179.6,0,25-48 months,High (80+),2,15.3,5.0
TC-05191,Female,0,No,No,33,Yes,DSL,No,No,Yes,One year,Yes,Mailed check,69.59,2259.46,0,25-48 months,Medium (40-79),0,,
TC-05192,Male,1,Yes,Yes,60,Yes,No internet,No internet service,No internet service,No internet service,Month-to-month,Yes,Credit card,22.55,1357.71,0,49+ months,Low (<40),1,8.9,3.0
TC-05193,Female,1,Yes,Yes,27,Yes,Fiber optic,No,No,No,One year,Yes,Mailed check,90.38,2430.9,1,25-48 months,High (80+),5,21.4,2.8
TC-05194,Female,0,No,Yes,6,Yes,Fiber optic,Yes,No,Yes,One year,Yes,Electronic check,98.77,595.26,1,0-12 months,High (80+),1,11.2,3.0
TC-05195,Female,0,No,Yes,28,Yes,DSL,No,No,Yes,Month-to-month,No,Credit card,84.91,2445.09,0,25-48 months,High (80+),4,26.1,3.0
TC-05196,Male,0,No,No,45,Yes,Fiber optic,Yes,No,No,Month-to-month,Yes,Bank transfer,86.37,3904.94,0,25-48 months,High (80+),2,11.7,3.0
TC-05197,Male,1,Yes,No,31,Yes,No internet,No internet service,No internet service,No internet service,Month-to-month,Yes,Electronic check,24.65,764.53,0,25-48 months,Low (<40),1,52.8,3.0
TC-05198,Female,0,Yes,No,10,Yes,DSL,No,No,No,Month-to-month,Yes,Credit card,46.24,475.59,0,0-12 months,Medium (40-79),0,,
TC-05199,Female,0,No,No,30,Yes,Fiber optic,No,No,No,Month-to-month,Yes,Credit card,87.89,2703.51,1,25-48 months,High (80+),3,18.3,3.0
TC-05200,Male,0,Yes,No,49,Yes,No internet,No internet service,No internet service,No internet service,Two year,No,Credit card,18.0,898.24,0,49+ months,Low (<40),2,16.1,3.0
TC-05201,Male,1,Yes,Yes,32,Yes,Fiber optic,No,No,No,Month-to-month,Yes,Mailed check,66.76,2184.83,1,25-48 months,Medium (40-79),4,32.9,3.25
TC-05202,Male,0,No,Yes,23,Yes,Fiber optic,Yes,Yes,Yes,One year,Yes,Bank transfer,102.57,2311.0,0,13-24 months,High (80+),1,45.9,2.0
TC-05203,Male,0,No,No,32,Yes,DSL,No,No,Yes,Two year,Yes,Bank transfer,71.08,2221.71,1,25-48 months,Medium (40-79),2,11.5,2.0
TC-05204,Male,0,Yes,No,8,Yes,DSL,No,No,No,One year,Yes,Bank transfer,53.68,435.62,0,0-12 months,Medium (40-79),0,,
TC-05205,Male,0,Yes,Yes,22,Yes,No internet,No internet service,No internet service,No internet service,Month-to-month,Yes,Electronic check,22.93,500.72,0,13-24 months,Low (<40),3,12.8,3.0
TC-05206,Female,0,Yes,Yes,20,Yes,Fiber optic,Yes,No,No,Month-to-month,Yes,Mailed check,87.48,1770.9,1,13-24 months,High (80+),2,8.0,2.5
TC-05207,Male,0,No,No,72,Yes,No internet,No internet service,No internet service,No internet service,Two year,Yes,Mailed check,22.88,1688.15,0,49+ months,Low (<40),2,7.8,2.5
TC-05208,Female,0,No,No,7,Yes,Fiber optic,Yes,No,No,Month-to-month,No,Electronic check,75.23,525.4,1,0-12 months,Medium (40-79),1,6.5,3.0
TC-05209,Female,0,No,No,15,Yes,Fiber optic,No,Yes,No,Month-to-month,Yes,Electronic check,93.1,1395.77,0,13-24 months,High (80+),1,11.3,3.0
TC-05210,Female,0,No,Yes,40,Yes,Fiber optic,No,No,No,One year,Yes,Bank transfer,77.25,3086.63,1,25-48 months,Medium (40-79),2,10.4,3.0
TC-05211,Male,0,No,No,36,Yes,Fiber optic,No,Yes,No,Two year,Yes,Mailed check,89.98,3334.69,0,25-48 months,High (80+),1,18.3,2.0
TC-05212,Male,1,Yes,No,56,Yes,Fiber optic,No,No,Yes,Two year,Yes,Mailed check,93.78,5293.4,0,49+ months,High (80+),0,,
TC-05213,Male,0,No,No,29,Yes,Fiber optic,No,Yes,Yes,One year,Yes,Electronic check,97.34,2792.34,0,25-48 months,High (80+),1,13.8,3.0
TC-05214,Male,0,Yes,No,18,Yes,DSL,No,No,Yes,One year,Yes,Bank transfer,72.12,1289.29,0,13-24 months,Medium (40-79),1,21.2,4.0
TC-05215,Female,0,Yes,No,28,Yes,Fiber optic,No,No,No,Month-to-month,Yes,Bank transfer,78.53,2166.74,0,25-48 months,Medium (40-79),2,13.6,2.5
TC-05216,Female,0,Yes,Yes,23,Yes,Fiber optic,Yes,No,No,Month-to-month,No,Electronic check,87.24,1998.61,1,13-24 months,High (80+),3,7.4,2.67
TC-05217,Male,0,No,No,40,Yes,Fiber optic,No,No,No,One year,No,Electronic check,100.83,4057.26,0,25-48 months,High (80+),2,31.9,3.5
TC-05218,Male,0,Yes,Yes,4,Yes,No internet,No internet service,No internet service,No internet service,Month-to-month,Yes,Electronic check,31.75,125.18,1,0-12 months,Low (<40),2,30.3,2.0
TC-05219,Female,0,Yes,No,22,Yes,DSL,No,No,No,Two year,No,Bank transfer,62.13,1339.89,0,13-24 months,Medium (40-79),0,,
TC-05220,Male,1,No,No,62,Yes,Fiber optic,No,No,No,Month-to-month,Yes,Credit card,87.93,5534.69,0,49+ months,High (80+),1,28.2,3.0
TC-05221,Male,0,No,No,7,Yes,Fiber optic,No,No,Yes,Month-to-month,No,Electronic check,101.56,701.99,1,0-12 months,High (80+),2,14.1,2.0
TC-05222,Male,0,Yes,No,50,Yes,Fiber optic,Yes,No,No,Two year,Yes,Credit card,87.12,4425.7,0,49+ months,High (80+),2,9.6,4.5
TC-05223,Female,0,No,Yes,9,Yes,Fiber optic,No,Yes,Yes,Month-to-month,Yes,Mailed check,91.1,826.6,1,0-12 months,High (80+),1,41.9,3.0
TC-05224,Male,0,Yes,Yes,19,Yes,Fiber optic,No,Yes,No,One year,No,Electronic check,88.93,1728.27,0,13-24 months,High (80+),1,25.0,3.0
TC-05225,Male,1,No,Yes,12,Yes,DSL,No,No,No,Month-to-month,Yes,Bank transfer,52.54,644.06,0,0-12 months,Medium (40-79),1,38.1,4.0
TC-05226,Female,0,Yes,Yes,43,Yes,DSL,No,Yes,No,Two year,No,Mailed check,66.21,2874.08,0,25-48 months,Medium (40-79),2,17.9,3.5
TC-05227,Female,0,Yes,No,9,No,Fiber optic,Yes,No,No,Month-to-month,Yes,Credit card,81.58,727.66,0,0-12 months,High (80+),1,4.1,5.0
TC-05228,Female,1,Yes,No,72,Yes,Fiber optic,Yes,Yes,No,One year,No,Credit card,94.84,7003.52,0,49+ months,High (80+),2,7.8,4.5
TC-05229,Female,0,No,No,47,Yes,No internet,No internet service,No internet service,No internet service,Two year,Yes,Credit card,21.82,1002.32,0,25-48 months,Low (<40),0,,
TC-05230,Female,0,Yes,No,4,Yes,Fiber optic,No,No,No,Month-to-month,No,Bank transfer,92.61,371.81,0,0-12 months,High (80+),3,24.3,2.67
TC-05231,Male,0,Yes,Yes,18,Yes,Fiber optic,Yes,No,No,Month-to-month,Yes,Mailed check,93.15,1688.35,0,13-24 months,High (80+),0,,
TC-05232,Male,0,Yes,Yes,6,Yes,Fiber optic,No,No,No,Month-to-month,No,Bank transfer,84.21,504.79,1,0-12 months,High (80+),1,12.2,2.0
TC-05233,Male,0,No,No,10,Yes,No internet,No internet service,No internet service,No internet service,Month-to-month,No,Bank transfer,18.0,175.52,0,0-12 months,Low (<40),1,43.5,5.0
TC-05234,Male,0,No,No,43,Yes,No internet,No internet service,No internet service,No internet service,One year,No,Credit card,35.02,1516.31,0,25-48 months,Low (<40),4,19.2,3.0
TC-05235,Male,0,No,Yes,19,No,DSL,No,No,No,Month-to-month,No,Mailed check,58.62,1117.81,0,13-24 months,Medium (40-79),1,40.3,5.0
TC-05236,Female,0,Yes,Yes,33,Yes,DSL,No,No,No,Two year,Yes,Bank transfer,60.54,1977.77,0,25-48 months,Medium (40-79),0,,
TC-05237,Female,1,No,Yes,25,Yes,Fiber optic,Yes,No,Yes,One year,No,Mailed check,99.12,2445.63,1,25-48 months,High (80+),3,20.8,2.0
TC-05238,Male,0,No,No,14,Yes,DSL,No,No,No,One year,Yes,Mailed check,59.42,841.37,0,13-24 months,Medium (40-79),0,,
TC-05239,Male,0,Yes,No,45,Yes,No internet,No internet service,No internet service,No internet service,Month-to-month,Yes,Electronic check,18.7,821.96,0,25-48 months,Low (<40),2,5.7,3.5
TC-05240,Male,0,Yes,No,7,No,Fiber optic,Yes,No,No,Month-to-month,No,Electronic check,99.15,691.94,0,0-12 months,High (80+),0,,
TC-05241,Male,1,No,No,4,Yes,Fiber optic,Yes,No,No,Two year,Yes,Mailed check,100.58,410.75,0,0-12 months,High (80+),3,20.3,4.33
TC-05242,Male,0,No,No,72,Yes,Fiber optic,No,No,Yes,Two year,No,Electronic check,93.77,6623.02,0,49+ months,High (80+),1,20.2,1.0
TC-05243,Male,0,Yes,Yes,3,Yes,Fiber optic,No,No,Yes,Month-to-month,No,Electronic check,101.76,311.72,1,0-12 months,High (80+),3,12.1,3.67
TC-05244,Female,0,No,No,72,Yes,Fiber optic,No,No,No,Two year,No,Mailed check,85.19,5994.44,0,49+ months,High (80+),2,18.3,3.5
TC-05245,Female,0,Yes,No,72,Yes,No internet,No internet service,No internet service,No internet service,One year,No,Electronic check,18.0,1279.61,0,49+ months,Low (<40),0,,
TC-05246,Male,0,Yes,Yes,8,Yes,DSL,No,Yes,No,Month-to-month,No,Mailed check,65.35,520.81,1,0-12 months,Medium (40-79),2,19.0,2.0
TC-05247,Male,0,Yes,No,9,Yes,DSL,No,No,Yes,Month-to-month,No,Credit card,78.93,724.84,0,0-12 months,Medium (40-79),2,20.0,3.5
TC-05248,Male,0,No,No,41,Yes,DSL,Yes,No,Yes,One year,No,Mailed check,77.11,3110.65,0,25-48 months,Medium (40-79),0,,
TC-05249,Female,0,Yes,No,49,Yes,Fiber optic,No,No,No,Two year,Yes,Mailed check,77.41,3829.07,0,49+ months,Medium (40-79),2,32.0,3.5
TC-05250,Female,0,No,No,58,Yes,No internet,No internet service,No internet service,No internet service,Two year,No,Bank transfer,30.11,1745.74,0,49+ months,Low (<40),1,17.2,3.0
TC-05251,Male,0,No,No,20,Yes,Fiber optic,No,No,Yes,Month-to-month,No,Electronic check,99.5,1948.75,1,13-24 months,High (80+),2,20.6,3.5
TC-05252,Female,0,Yes,Yes,15,Yes,DSL,Yes,No,Yes,Month-to-month,Yes,Credit card,74.49,1098.46,0,13-24 months,Medium (40-79),1,22.2,5.0
TC-05253,Male,0,Yes,No,7,Yes,Fiber optic,No,No,Yes,Month-to-month,No,Electronic check,100.83,720.64,1,0-12 months,High (80+),1,16.3,3.0
TC-05254,Female,0,No,No,7,Yes,DSL,Yes,Yes,Yes,Month-to-month,No,Credit card,72.7,501.16,0,0-12 months,Medium (40-79),0,,
TC-05255,Male,0,Yes,No,39,Yes,Fiber optic,No,No,No,Two year,Yes,Bank transfer,87.49,3355.57,0,25-48 months,High (80+),1,24.8,4.0
TC-05256,Female,0,No,No,36,Yes,No internet,No internet service,No internet service,No internet service,Month-to-month,No,Electronic check,26.95,942.7,0,25-48 months,Low (<40),2,19.6,3.0
TC-05257,Male,0,No,No,72,Yes,DSL,No,No,No,Two year,Yes,Mailed check,55.27,3952.58,0,49+ months,Medium (40-79),0,,
TC-05258,Male,0,Yes,No,4,Yes,DSL,Yes,Yes,No,Month-to-month,Yes,Bank transfer,62.84,257.89,0,0-12 months,Medium (40-79),0,,
TC-05259,Male,0,No,Yes,33,Yes,Fiber optic,No,No,No,Two year,Yes,Mailed check,89.64,2988.18,1,25-48 months,High (80+),3,7.7,3.33
TC-05260,Female,0,Yes,No,21,Yes,DSL,Yes,No,No,Month-to-month,Yes,Bank transfer,78.44,1649.01,0,13-24 months,Medium (40-79),0,,
TC-05261,Female,0,Yes,No,40,Yes,No internet,No internet service,No internet service,No internet service,Two year,Yes,Mailed check,18.0,727.49,0,25-48 months,Low (<40),0,,
TC-05262,Male,1,Yes,Yes,61,Yes,No internet,No internet service,No internet service,No internet service,One year,Yes,Mailed check,20.34,1215.75,0,49+ months,Low (<40),0,,
TC-05263,Female,0,No,Yes,49,Yes,DSL,Yes,No,No,Two year,Yes,Electronic check,51.7,2591.46,0,49+ months,Medium (40-79),0,,
TC-05264,Male,0,Yes,No,23,Yes,Fiber optic,No,No,Yes,Month-to-month,Yes,Bank transfer,92.55,2068.22,0,13-24 months,High (80+),1,15.9,4.0
TC-05265,Male,0,No,No,19,Yes,DSL,No,No,Yes,Month-to-month,Yes,Electronic check,57.9,1113.85,1,13-24 months,Medium (40-79),0,,
TC-05266,Female,0,Yes,No,27,Yes,Fiber optic,Yes,No,Yes,Month-to-month,Yes,Credit card,98.58,2597.32,1,25-48 months,High (80+),0,,
TC-05267,Male,1,Yes,No,64,Yes,Fiber optic,No,No,Yes,Two year,No,Electronic check,86.59,5684.97,0,49+ months,High (80+),1,14.5,3.0
TC-05268,Female,0,No,No,60,Yes,DSL,No,No,No,Two year,Yes,Electronic check,54.41,3336.83,0,49+ months,Medium (40-79),1,20.1,2.0
TC-05269,Female,0,Yes,No,15,Yes,DSL,No,No,Yes,One year,Yes,Electronic check,59.59,911.42,0,13-24 months,Medium (40-79),1,5.3,5.0
TC-05270,Female,0,Yes,No,21,Yes,DSL,No,No,No,One year,Yes,Mailed check,67.53,1430.51,0,13-24 months,Medium (40-79),1,10.1,4.0
TC-05271,Female,0,No,No,7,Yes,No internet,No internet service,No internet service,No internet service,Month-to-month,Yes,Mailed check,21.42,147.71,0,0-12 months,Low (<40),0,,
TC-05272,Female,0,Yes,No,44,Yes,DSL,Yes,No,No,Two year,Yes,Credit card,64.0,2744.8,0,25-48 months,Medium (40-79),0,,
TC-05273,Female,0,Yes,No,31,Yes,Fiber optic,No,Yes,Yes,One year,No,Bank transfer,96.55,2939.83,0,25-48 months,High (80+),0,,
TC-05274,Female,0,Yes,No,25,No,DSL,No,No,No,One year,No,Credit card,58.4,1475.5,0,25-48 months,Medium (40-79),1,29.8,4.0
TC-05275,Female,1,Yes,No,72,Yes,DSL,Yes,No,No,Two year,No,Credit card,58.9,4330.93,0,49+ months,Medium (40-79),2,14.1,4.0
TC-05276,Male,0,Yes,No,29,Yes,DSL,No,No,No,Month-to-month,Yes,Electronic check,58.41,1740.29,0,25-48 months,Medium (40-79),1,4.7,3.0
TC-05277,Female,0,Yes,No,18,Yes,No internet,No internet service,No internet service,No internet service,One year,Yes,Bank transfer,18.0,332.34,0,13-24 months,Low (<40),0,,
TC-05278,Female,0,Yes,No,72,Yes,Fiber optic,No,No,Yes,One year,Yes,Electronic check,101.43,7237.15,0,49+ months,High (80+),3,17.5,3.0
TC-05279,Female,0,Yes,No,29,Yes,DSL,No,No,No,One year,Yes,Electronic check,56.76,1671.64,0,25-48 months,Medium (40-79),0,,
TC-05280,Female,1,No,No,5,Yes,Fiber optic,No,No,No,Month-to-month,Yes,Electronic check,82.32,402.88,1,0-12 months,High (80+),2,13.2,2.0
TC-05281,Male,0,Yes,No,16,Yes,Fiber optic,Yes,Yes,Yes,One year,Yes,Electronic check,107.79,1683.43,1,13-24 months,High (80+),2,3.3,2.5
TC-05282,Male,0,Yes,No,44,Yes,Fiber optic,No,No,No,Two year,No,Electronic check,87.33,3796.69,0,25-48 months,High (80+),0,,
TC-05283,Female,0,Yes,Yes,67,Yes,DSL,No,Yes,No,One year,Yes,Credit card,70.47,4857.13,0,49+ months,Medium (40-79),1,22.4,3.0
TC-05284,Female,0,No,Yes,6,Yes,No internet,No internet service,No internet service,No internet service,Month-to-month,No,Bank transfer,18.0,105.23,0,0-12 months,Low (<40),0,,
TC-05285,Male,0,Yes,Yes,45,Yes,No internet,No internet service,No internet service,No internet service,Two year,No,Credit card,18.0,820.95,0,25-48 months,Low (<40),0,,
TC-05286,Male,0,No,No,36,Yes,Fiber optic,No,No,Yes,Month-to-month,No,Credit card,86.5,3156.01,0,25-48 months,High (80+),0,,
TC-05287,Male,0,Yes,Yes,21,Yes,DSL,No,Yes,No,Month-to-month,Yes,Mailed check,48.07,1007.73,0,13-24 months,Medium (40-79),1,39.1,3.0
TC-05288,Female,0,No,Yes,25,Yes,Fiber optic,No,Yes,Yes,Two year,Yes,Mailed check,95.53,2393.83,0,25-48 months,High (80+),3,32.3,2.67
TC-05289,Female,0,No,No,14,Yes,Fiber optic,No,No,No,One year,Yes,Electronic check,75.12,1035.73,0,13-24 months,Medium (40-79),1,36.4,5.0
TC-05290,Male,0,No,No,10,Yes,No internet,No internet service,No internet service,No internet service,Month-to-month,No,Mailed check,23.36,234.87,0,0-12 months,Low (<40),1,2.4,2.0
TC-05291,Female,0,No,No,18,Yes,DSL,No,No,No,Two year,Yes,Credit card,42.38,759.08,0,13-24 months,Medium (40-79),0,,
TC-05292,Female,1,No,Yes,70,Yes,DSL,Yes,Yes,No,One year,No,Credit card,70.41,5008.77,0,49+ months,Medium (40-79),0,,
TC-05293,Female,0,Yes,Yes,23,Yes,Fiber optic,No,No,No,Month-to-month,No,Bank transfer,89.43,2093.81,0,13-24 months,High (80+),2,25.3,2.5
TC-05294,Male,1,Yes,Yes,3,Yes,DSL,Yes,No,Yes,Month-to-month,Yes,Mailed check,62.51,187.07,0,0-12 months,Medium (40-79),1,17.9,4.0
TC-05295,Male,0,No,No,21,Yes,DSL,Yes,No,No,Two year,No,Mailed check,67.81,1434.16,0,13-24 months,Medium (40-79),1,7.8,2.0
TC-05296,Female,0,Yes,Yes,50,Yes,DSL,Yes,No,No,Two year,No,Mailed check,60.87,3006.93,0,49+ months,Medium (40-79),1,22.8,5.0
TC-05297,Female,0,Yes,No,30,Yes,DSL,Yes,Yes,No,Month-to-month,No,Electronic check,70.05,2107.24,0,25-48 months,Medium (40-79),0,,
TC-05298,Male,0,No,Yes,38,Yes,Fiber optic,No,No,No,Month-to-month,Yes,Mailed check,81.94,3023.73,0,25-48 months,High (80+),3,16.0,3.33
TC-05299,Female,0,No,No,5,Yes,DSL,Yes,Yes,No,One year,Yes,Electronic check,47.71,240.97,0,0-12 months,Medium (40-79),0,,
TC-05300,Female,0,Yes,No,19,Yes,DSL,Yes,Yes,Yes,Month-to-month,Yes,Mailed check,68.68,1286.56,0,13-24 months,Medium (40-79),0,,
TC-05301,Female,1,No,No,32,Yes,DSL,No,No,No,Month-to-month,Yes,Bank transfer,67.99,2189.21,1,25-48 months,Medium (40-79),1,22.4,5.0
TC-05302,Male,0,No,No,11,Yes,Fiber optic,Yes,Yes,No,Month-to-month,Yes,Bank transfer,97.51,1091.91,1,0-12 months,High (80+),0,,
TC-05303,Male,1,No,No,23,Yes,Fiber optic,Yes,No,Yes,Two year,Yes,Bank transfer,95.34,2144.25,0,13-24 months,High (80+),4,25.4,3.75
TC-05304,Male,1,Yes,No,35,Yes,No internet,No internet service,No internet service,No internet service,One year,Yes,Electronic check,20.93,749.41,0,25-48 months,Low (<40),1,14.8,3.0
TC-05305,Male,1,Yes,Yes,3,Yes,Fiber optic,Yes,No,Yes,Month-to-month,No,Mailed check,98.88,296.82,0,0-12 months,High (80+),2,29.5,4.5
TC-05306,Male,0,Yes,Yes,48,Yes,DSL,No,No,Yes,Two year,Yes,Electronic check,69.91,3276.44,0,25-48 months,Medium (40-79),2,20.9,5.0
TC-05307,Female,0,No,No,35,Yes,Fiber optic,No,Yes,Yes,One year,Yes,Credit card,100.56,3537.64,0,25-48 months,High (80+),3,17.8,3.67
TC-05308,Female,0,No,Yes,59,Yes,No internet,No internet service,No internet service,No internet service,Month-to-month,Yes,Credit card,19.39,1154.85,0,49+ months,Low (<40),1,34.7,3.0
TC-05309,Female,0,No,No,10,Yes,Fiber optic,No,No,No,Month-to-month,Yes,Electronic check,92.02,930.61,1,0-12 months,High (80+),1,14.2,4.0
TC-05310,Male,1,Yes,No,3,Yes,No internet,No internet service,No internet service,No internet service,Month-to-month,Yes,Electronic check,26.73,82.57,1,0-12 months,Low (<40),0,,
TC-05311,Male,0,No,No,49,Yes,DSL,No,No,No,Month-to-month,No,Bank transfer,53.11,2535.4,0,49+ months,Medium (40-79),1,3.5,4.0
TC-05312,Male,0,No,Yes,13,Yes,DSL,No,No,Yes,Month-to-month,No,Credit card,65.69,857.13,0,13-24 months,Medium (40-79),0,,
TC-05313,Male,1,Yes,No,24,Yes,DSL,No,No,Yes,Month-to-month,No,Electronic check,60.37,1414.63,0,13-24 months,Medium (40-79),1,3.6,5.0
TC-05314,Female,1,No,No,29,Yes,Fiber optic,No,No,No,Two year,Yes,Credit card,85.23,2505.05,0,25-48 months,High (80+),4,18.9,3.75
TC-05315,Female,0,No,Yes,33,Yes,DSL,No,Yes,Yes,Two year,Yes,Bank transfer,61.05,2012.69,0,25-48 months,Medium (40-79),0,,
TC-05316,Male,0,No,No,16,Yes,No internet,No internet service,No internet service,No internet service,Month-to-month,Yes,Bank transfer,24.37,398.02,1,13-24 months,Low (<40),0,,
TC-05317,Female,0,Yes,Yes,33,No,Fiber optic,Yes,No,No,Two year,Yes,Credit card,108.3,3646.48,0,25-48 months,High (80+),3,10.0,4.33
TC-05318,Male,0,No,No,19,Yes,DSL,No,Yes,No,One year,No,Mailed check,66.48,1275.97,0,13-24 months,Medium (40-79),1,7.8,4.0
TC-05319,Male,0,No,No,34,Yes,No internet,No internet service,No internet service,No internet service,Two year,No,Bank transfer,20.23,701.96,0,25-48 months,Low (<40),2,15.7,3.5
TC-05320,Male,0,Yes,Yes,19,Yes,DSL,Yes,No,Yes,Two year,Yes,Bank transfer,64.53,1256.88,0,13-24 months,Medium (40-79),2,5.7,2.0
TC-05321,Male,0,Yes,No,66,Yes,No internet,No internet service,No internet service,No internet service,One year,Yes,Electronic check,18.0,1187.34,0,49+ months,Low (<40),1,17.1,4.0
TC-05322,Female,0,Yes,No,22,Yes,Fiber optic,No,No,Yes,One year,Yes,Credit card,80.5,1768.39,1,13-24 months,High (80+),2,21.6,2.0
TC-05323,Male,0,Yes,Yes,31,Yes,Fiber optic,No,Yes,Yes,Two year,Yes,Mailed check,92.0,2935.13,0,25-48 months,High (80+),2,20.0,3.5
TC-05324,Male,0,Yes,Yes,72,Yes,No internet,No internet service,No internet service,No internet service,One year,No,Bank transfer,18.0,1294.65,0,49+ months,Low (<40),1,14.4,4.0
TC-05325,Male,1,No,Yes,29,Yes,DSL,Yes,No,No,Two year,Yes,Electronic check,67.22,1904.64,0,25-48 months,Medium (40-79),1,8.8,4.0
TC-05326,Male,0,Yes,No,46,Yes,No internet,No internet service,No internet service,No internet service,Month-to-month,Yes,Credit card,18.0,803.7,1,25-48 months,Low (<40),3,10.6,3.0
TC-05327,Female,0,No,No,20,No,DSL,No,Yes,No,Month-to-month,Yes,Credit card,57.97,1144.78,1,13-24 months,Medium (40-79),1,17.3,2.0
TC-05328,Female,0,No,No,2,No,DSL,No,No,Yes,Month-to-month,Yes,Bank transfer,61.76,124.63,1,0-12 months,Medium (40-79),1,35.1,3.0
TC-05329,Female,0,Yes,Yes,28,Yes,Fiber optic,No,Yes,No,Two year,Yes,Credit card,94.49,2668.7,0,25-48 months,High (80+),0,,
TC-05330,Female,0,Yes,Yes,47,Yes,DSL,No,Yes,Yes,Two year,Yes,Mailed check,70.39,3365.28,0,25-48 months,Medium (40-79),0,,
TC-05331,Female,0,Yes,Yes,15,Yes,No internet,No internet service,No internet service,No internet service,Month-to-month,Yes,Credit card,23.78,356.3,0,13-24 months,Low (<40),0,,
TC-05332,Male,0,Yes,No,18,Yes,Fiber optic,Yes,Yes,No,Month-to-month,No,Mailed check,99.09,1769.92,1,13-24 months,High (80+),2,12.1,3.0
TC-05333,Female,0,No,No,2,Yes,No internet,No internet service,No internet service,No internet service,Month-to-month,Yes,Electronic check,31.23,60.64,1,0-12 months,Low (<40),3,16.4,2.33
TC-05334,Male,0,No,No,59,Yes,DSL,Yes,Yes,No,Two year,No,Mailed check,68.68,4014.68,0,49+ months,Medium (40-79),1,15.5,2.0
TC-05335,Female,0,No,No,32,Yes,No internet,No internet service,No internet service,No internet service,One year,Yes,Credit card,19.14,613.07,0,25-48 months,Low (<40),0,,
TC-05336,Male,0,No,No,40,Yes,DSL,Yes,No,Yes,Two year,Yes,Mailed check,72.95,2980.7,0,25-48 months,Medium (40-79),0,,
TC-05337,Female,1,No,Yes,42,Yes,No internet,No internet service,No internet service,No internet service,One year,No,Bank transfer,28.34,1177.53,0,25-48 months,Low (<40),1,16.1,5.0
TC-05338,Male,1,No,No,12,No,DSL,No,No,Yes,Month-to-month,No,Electronic check,65.88,795.21,1,0-12 months,Medium (40-79),1,6.2,2.0
TC-05339,Female,0,No,No,41,Yes,Fiber optic,No,No,No,One year,Yes,Electronic check,95.95,3927.49,0,25-48 months,High (80+),1,29.1,4.0
TC-05340,Male,0,No,No,40,Yes,Fiber optic,Yes,No,No,Two year,No,Mailed check,96.08,3757.23,0,25-48 months,High (80+),0,,
TC-05341,Male,1,Yes,No,54,Yes,DSL,Yes,No,No,Two year,Yes,Electronic check,59.71,3233.51,0,49+ months,Medium (40-79),0,,
TC-05342,Female,1,No,No,19,Yes,No internet,No internet service,No internet service,No internet service,Month-to-month,No,Credit card,23.75,452.44,0,13-24 months,Low (<40),0,,
TC-05343,Female,0,No,No,26,No,Fiber optic,No,No,No,Month-to-month,No,Mailed check,81.45,2069.85,0,25-48 months,High (80+),5,16.4,3.4
TC-05344,Female,0,Yes,Yes,31,Yes,DSL,No,No,No,Two year,No,Mailed check,59.9,1842.15,0,25-48 months,Medium (40-79),1,15.8,5.0
TC-05345,Male,0,No,Yes,13,Yes,No internet,No internet service,No internet service,No internet service,Month-to-month,Yes,Credit card,26.98,350.14,0,13-24 months,Low (<40),1,16.3,2.0
TC-05346,Female,0,Yes,No,72,Yes,No internet,No internet service,No internet service,No internet service,Two year,Yes,Electronic check,20.71,1469.83,0,49+ months,Low (<40),0,,
TC-05347,Male,0,No,No,10,Yes,DSL,No,No,No,Month-to-month,No,Electronic check,64.14,652.54,0,0-12 months,Medium (40-79),1,35.1,3.0
TC-05348,Female,0,Yes,No,24,Yes,Fiber optic,Yes,Yes,No,Two year,Yes,Credit card,76.78,1842.52,0,13-24 months,Medium (40-79),0,,
TC-05349,Female,0,Yes,Yes,13,No,Fiber optic,No,Yes,Yes,Month-to-month,No,Credit card,98.11,1299.94,1,13-24 months,High (80+),0,,
TC-05350,Female,0,No,No,20,Yes,DSL,No,No,Yes,Month-to-month,No,Credit card,66.62,1343.25,0,13-24 months,Medium (40-79),1,21.4,5.0
TC-05351,Male,0,Yes,No,6,Yes,Fiber optic,No,No,Yes,Month-to-month,Yes,Mailed check,80.16,489.45,1,0-12 months,High (80+),1,21.2,1.0
TC-05352,Male,1,No,Yes,55,Yes,Fiber optic,Yes,No,Yes,Month-to-month,No,Electronic check,96.53,5356.66,1,49+ months,High (80+),2,17.2,3.5
TC-05353,Male,0,Yes,No,3,Yes,DSL,No,Yes,No,Month-to-month,Yes,Mailed check,55.09,167.14,1,0-12 months,Medium (40-79),0,,
TC-05354,Female,0,Yes,Yes,15,Yes,DSL,No,No,Yes,Two year,Yes,Electronic check,62.58,954.42,0,13-24 months,Medium (40-79),0,,
TC-05355,Female,0,No,Yes,72,Yes,DSL,No,No,Yes,Two year,Yes,Electronic check,64.6,4622.21,0,49+ months,Medium (40-79),2,22.4,5.0
TC-05356,Female,0,Yes,No,29,Yes,DSL,No,No,Yes,Month-to-month,Yes,Bank transfer,78.18,2218.96,0,25-48 months,Medium (40-79),2,8.6,3.5
TC-05357,Female,0,Yes,No,31,Yes,DSL,Yes,No,Yes,Two year,No,Electronic check,65.82,2052.72,0,25-48 months,Medium (40-79),0,,
TC-05358,Male,0,Yes,No,2,Yes,No internet,No internet service,No internet service,No internet service,Month-to-month,Yes,Credit card,18.0,35.08,0,0-12 months,Low (<40),1,17.5,5.0
TC-05359,Female,0,Yes,No,38,Yes,Fiber optic,No,No,No,Two year,Yes,Electronic check,91.16,3485.97,0,25-48 months,High (80+),0,,
TC-05360,Male,0,No,No,20,Yes,Fiber optic,No,No,No,Month-to-month,Yes,Mailed check,91.88,1886.99,1,13-24 months,High (80+),5,18.9,2.8
TC-05361,Male,0,Yes,No,66,Yes,DSL,No,No,Yes,Two year,Yes,Mailed check,72.87,4808.73,0,49+ months,Medium (40-79),0,,
TC-05362,Female,0,No,No,56,Yes,Fiber optic,No,No,Yes,Month-to-month,Yes,Credit card,82.3,4690.3,0,49+ months,High (80+),1,6.1,3.0
TC-05363,Female,1,Yes,No,34,No,Fiber optic,No,Yes,No,Month-to-month,Yes,Bank transfer,90.87,3144.81,0,25-48 months,High (80+),3,24.2,3.33
TC-05364,Female,0,No,No,7,Yes,Fiber optic,No,Yes,No,Month-to-month,No,Electronic check,90.57,650.99,1,0-12 months,High (80+),2,10.3,2.5
TC-05365,Male,0,Yes,Yes,40,Yes,Fiber optic,Yes,No,No,Month-to-month,No,Credit card,97.76,3882.17,0,25-48 months,High (80+),2,7.8,4.0
TC-05366,Male,0,Yes,Yes,53,Yes,DSL,Yes,No,No,Month-to-month,Yes,Credit card,59.03,3174.28,0,49+ months,Medium (40-79),2,17.1,3.5
TC-05367,Female,0,No,No,2,Yes,DSL,Yes,No,No,Month-to-month,No,Electronic check,66.04,133.13,0,0-12 months,Medium (40-79),0,,
TC-05368,Male,0,Yes,No,17,Yes,DSL,No,No,Yes,Month-to-month,No,Bank transfer,45.01,751.91,0,13-24 months,Medium (40-79),1,8.6,4.0
TC-05369,Male,0,No,Yes,11,Yes,Fiber optic,Yes,No,Yes,Month-to-month,Yes,Electronic check,92.16,987.5,0,0-12 months,High (80+),1,2.6,5.0
TC-05370,Female,0,No,No,12,No,Fiber optic,No,Yes,Yes,One year,Yes,Bank transfer,97.31,1167.53,0,0-12 months,High (80+),1,12.3,2.0
TC-05371,Female,0,No,No,17,Yes,DSL,No,No,Yes,Two year,No,Bank transfer,60.62,1006.1,0,13-24 months,Medium (40-79),0,,
TC-05372,Female,0,No,No,46,Yes,No internet,No internet service,No internet service,No internet service,Two year,No,Mailed check,25.97,1228.38,0,25-48 months,Low (<40),1,30.9,3.0
TC-05373,Male,0,No,Yes,7,Yes,No internet,No internet service,No internet service,No internet service,One year,Yes,Electronic check,18.0,129.55,0,0-12 months,Low (<40),1,1.8,2.0
TC-05374,Female,1,No,No,42,Yes,Fiber optic,Yes,Yes,Yes,Month-to-month,No,Mailed check,101.9,4338.29,0,25-48 months,High (80+),1,11.1,4.0
TC-05375,Male,0,Yes,No,25,Yes,Fiber optic,No,No,No,One year,Yes,Credit card,88.31,2156.47,0,25-48 months,High (80+),2,23.3,3.0
TC-05376,Female,0,No,No,6,Yes,DSL,No,Yes,Yes,Month-to-month,No,Electronic check,71.0,418.48,1,0-12 months,Medium (40-79),0,,
TC-05377,Female,0,No,No,26,Yes,DSL,No,No,No,Month-to-month,Yes,Credit card,40.22,1060.98,0,25-48 months,Medium (40-79),0,,
TC-05378,Male,0,No,No,46,Yes,Fiber optic,No,No,Yes,Month-to-month,Yes,Bank transfer,91.71,4278.56,1,25-48 months,High (80+),1,8.3,2.0
TC-05379,Female,0,No,No,20,Yes,DSL,Yes,Yes,No,Month-to-month,No,Mailed check,67.32,1311.38,0,13-24 months,Medium (40-79),1,27.8,2.0
TC-05380,Female,0,Yes,Yes,8,Yes,Fiber optic,No,No,No,Month-to-month,No,Bank transfer,84.65,674.47,0,0-12 months,High (80+),1,22.0,3.0
TC-05381,Male,0,No,No,25,Yes,DSL,No,No,Yes,Month-to-month,No,Credit card,85.26,2194.76,0,25-48 months,High (80+),1,39.9,3.0
TC-05382,Female,0,Yes,No,5,Yes,DSL,Yes,Yes,No,Month-to-month,Yes,Electronic check,66.74,338.12,0,0-12 months,Medium (40-79),3,11.5,3.67
TC-05383,Female,0,Yes,No,7,Yes,Fiber optic,Yes,No,No,Month-to-month,Yes,Bank transfer,96.1,676.61,0,0-12 months,High (80+),3,13.1,2.33
TC-05384,Male,0,No,Yes,40,Yes,DSL,No,Yes,No,Month-to-month,No,Bank transfer,63.82,2507.15,0,25-48 months,Medium (40-79),0,,
TC-05385,Male,0,No,Yes,8,Yes,Fiber optic,Yes,No,No,Month-to-month,Yes,Mailed check,88.94,694.1,1,0-12 months,High (80+),1,22.7,3.0
TC-05386,Male,0,No,Yes,52,Yes,Fiber optic,No,No,Yes,Two year,No,Electronic check,108.23,5578.43,0,49+ months,High (80+),1,20.4,5.0
TC-05387,Male,0,Yes,Yes,18,Yes,No internet,No internet service,No internet service,No internet service,One year,Yes,Credit card,18.18,322.9,0,13-24 months,Low (<40),2,10.4,2.5
TC-05388,Male,0,No,No,25,Yes,Fiber optic,No,No,Yes,Month-to-month,Yes,Electronic check,100.06,2508.77,1,25-48 months,High (80+),2,14.6,4.0
TC-05389,Female,0,No,No,14,Yes,DSL,Yes,No,No,One year,No,Electronic check,58.27,805.1,0,13-24 months,Medium (40-79),3,21.8,3.67
TC-05390,Female,1,No,No,14,Yes,Fiber optic,Yes,No,No,One year,No,Bank transfer,91.23,1277.56,0,13-24 months,High (80+),2,29.6,3.0
TC-05391,Female,0,No,No,56,Yes,Fiber optic,Yes,No,No,Month-to-month,No,Electronic check,88.1,4894.91,1,49+ months,High (80+),3,13.8,2.33
TC-05392,Female,0,Yes,No,45,Yes,DSL,Yes,No,No,Month-to-month,No,Electronic check,68.79,3060.48,0,25-48 months,Medium (40-79),1,36.6,3.0
TC-05393,Male,1,Yes,No,3,No,Fiber optic,Yes,No,No,Month-to-month,Yes,Bank transfer,89.9,265.9,1,0-12 months,High (80+),2,6.7,3.5
TC-05394,Male,0,Yes,No,40,Yes,DSL,No,Yes,No,Month-to-month,No,Credit card,72.72,2917.8,0,25-48 months,Medium (40-79),1,18.4,4.0
TC-05395,Female,1,Yes,No,48,Yes,Fiber optic,No,No,Yes,Two year,Yes,Electronic check,94.72,4496.41,1,25-48 months,High (80+),2,23.1,1.5
TC-05396,Male,1,No,No,8,Yes,No internet,No internet service,No internet service,No internet service,Month-to-month,Yes,Bank transfer,19.0,153.44,0,0-12 months,Low (<40),0,,
TC-05397,Female,1,Yes,No,10,Yes,DSL,No,Yes,No,Month-to-month,Yes,Bank transfer,63.06,619.59,0,0-12 months,Medium (40-79),1,5.5,4.0
TC-05398,Male,0,No,No,22,Yes,Fiber optic,No,No,No,Month-to-month,Yes,Electronic check,94.23,2065.25,1,13-24 months,High (80+),5,17.5,3.8
TC-05399,Male,0,No,No,30,Yes,DSL,No,No,No,One year,No,Mailed check,63.52,1903.05,0,25-48 months,Medium (40-79),0,,
TC-05400,Female,1,No,No,14,Yes,Fiber optic,No,No,No,Month-to-month,Yes,Bank transfer,76.73,1098.39,0,13-24 months,Medium (40-79),2,10.3,3.0
TC-05401,Male,0,No,No,10,Yes,No internet,No internet service,No internet service,No internet service,Month-to-month,Yes,Mailed check,30.01,304.99,0,0-12 months,Low (<40),0,,
TC-05402,Male,0,Yes,No,33,Yes,DSL,Yes,No,No,Two year,No,Credit card,45.46,1528.02,0,25-48 months,Medium (40-79),2,23.6,3.0
TC-05403,Male,0,Yes,No,49,Yes,Fiber optic,No,No,No,Two year,Yes,Credit card,88.43,4308.92,0,49+ months,High (80+),4,13.2,3.25
TC-05404,Female,0,No,Yes,23,Yes,Fiber optic,No,No,Yes,One year,Yes,Electronic check,98.34,2326.38,0,13-24 months,High (80+),2,16.4,2.5
TC-05405,Male,0,No,No,36,Yes,No internet,No internet service,No internet service,No internet service,Month-to-month,Yes,Bank transfer,22.6,837.22,0,25-48 months,Low (<40),2,37.7,3.5
TC-05406,Female,0,No,No,14,No,DSL,No,Yes,No,Month-to-month,No,Credit card,65.0,897.82,0,13-24 months,Medium (40-79),1,19.9,2.0
TC-05407,Male,0,Yes,No,10,Yes,Fiber optic,No,Yes,Yes,Month-to-month,Yes,Credit card,98.7,991.99,0,0-12 months,High (80+),0,,
TC-05408,Female,0,No,No,19,Yes,No internet,No internet service,No internet service,No internet service,Month-to-month,No,Mailed check,18.42,354.63,0,13-24 months,Low (<40),0,,
TC-05409,Male,0,Yes,Yes,33,Yes,Fiber optic,No,No,Yes,Month-to-month,No,Credit card,84.56,2837.43,0,25-48 months,High (80+),4,17.3,2.25
TC-05410,Male,0,Yes,No,7,Yes,Fiber optic,No,No,Yes,Month-to-month,Yes,Electronic check,88.76,632.69,1,0-12 months,High (80+),6,22.9,2.33
TC-05411,Male,0,No,No,42,Yes,DSL,No,No,Yes,Two year,Yes,Credit card,63.81,2758.67,0,25-48 months,Medium (40-79),0,,
TC-05412,Male,1,No,No,57,Yes,Fiber optic,No,No,Yes,Two year,No,Electronic check,92.05,5344.68,0,49+ months,High (80+),1,17.3,3.0
TC-05413,Female,0,Yes,Yes,6,Yes,Fiber optic,Yes,Yes,Yes,Month-to-month,Yes,Credit card,90.86,550.52,0,0-12 months,High (80+),1,25.6,4.0
TC-05414,Female,0,No,Yes,49,Yes,Fiber optic,No,Yes,Yes,Two year,Yes,Electronic check,108.6,5300.12,0,49+ months,High (80+),1,26.2,3.0
TC-05415,Male,0,Yes,No,34,Yes,No internet,No internet service,No internet service,No internet service,Month-to-month,No,Electronic check,30.3,1033.82,0,25-48 months,Low (<40),0,,
TC-05416,Female,1,No,No,10,Yes,Fiber optic,No,No,No,Month-to-month,Yes,Electronic check,99.0,975.53,1,0-12 months,High (80+),3,11.3,1.33
TC-05417,Female,0,No,Yes,37,No,Fiber optic,No,Yes,Yes,Two year,Yes,Credit card,100.43,3711.36,0,25-48 months,High (80+),1,23.2,3.0
TC-05418,Male,0,No,Yes,70,Yes,Fiber optic,No,No,No,Two year,No,Mailed check,93.81,6555.52,0,49+ months,High (80+),0,,
TC-05419,Female,0,Yes,No,27,Yes,DSL,Yes,Yes,Yes,Month-to-month,Yes,Bank transfer,73.76,2032.82,0,25-48 months,Medium (40-79),0,,
TC-05420,Male,0,No,No,52,Yes,DSL,No,No,No,One year,No,Mailed check,60.93,3086.44,0,49+ months,Medium (40-79),1,28.3,4.0
TC-05421,Female,0,Yes,Yes,12,Yes,DSL,No,No,No,Month-to-month,Yes,Electronic check,58.98,713.42,1,0-12 months,Medium (40-79),1,34.3,2.0
TC-05422,Male,0,No,Yes,28,Yes,Fiber optic,No,No,No,Two year,Yes,Bank transfer,77.54,2154.12,0,25-48 months,Medium (40-79),0,,
TC-05423,Female,0,Yes,Yes,1,Yes,No internet,No internet service,No internet service,No internet service,Month-to-month,Yes,Mailed check,20.26,20.54,0,0-12 months,Low (<40),0,,
TC-05424,Male,0,No,No,22,Yes,Fiber optic,No,No,No,Month-to-month,Yes,Electronic check,84.64,1878.95,1,13-24 months,High (80+),3,14.5,2.33
TC-05425,Male,0,Yes,No,10,Yes,No internet,No internet service,No internet service,No internet service,Month-to-month,Yes,Credit card,18.0,180.32,1,0-12 months,Low (<40),1,15.6,5.0
TC-05426,Male,0,Yes,No,19,Yes,Fiber optic,No,No,Yes,One year,Yes,Bank transfer,97.06,1878.98,0,13-24 months,High (80+),0,,
TC-05427,Female,0,No,No,30,Yes,DSL,Yes,No,No,One year,Yes,Electronic check,64.6,1889.39,0,25-48 months,Medium (40-79),0,,
TC-05428,Male,1,No,No,28,Yes,Fiber optic,No,Yes,No,Two year,No,Electronic check,84.62,2409.89,0,25-48 months,High (80+),3,17.4,4.33
TC-05429,Female,0,No,Yes,1,No,DSL,Yes,Yes,Yes,Month-to-month,Yes,Electronic check,68.49,67.31,0,0-12 months,Medium (40-79),1,49.1,4.0
TC-05430,Male,0,No,No,72,Yes,No internet,No internet service,No internet service,No internet service,Two year,Yes,Credit card,29.39,2112.46,0,49+ months,Low (<40),0,,
TC-05431,Female,0,Yes,No,51,Yes,No internet,No internet service,No internet service,No internet service,Two year,No,Mailed check,27.49,1432.09,0,49+ months,Low (<40),1,7.5,5.0
TC-05432,Male,0,No,No,19,Yes,Fiber optic,Yes,No,No,One year,No,Electronic check,88.16,1673.36,0,13-24 months,High (80+),1,11.3,2.0
TC-05433,Male,1,Yes,No,50,Yes,No internet,No internet service,No internet service,No internet service,Month-to-month,Yes,Credit card,26.14,1299.13,0,49+ months,Low (<40),2,16.5,4.5
TC-05434,Male,0,No,No,4,Yes,Fiber optic,No,No,No,Month-to-month,Yes,Credit card,87.58,346.59,1,0-12 months,High (80+),3,20.8,2.67
TC-05435,Male,0,No,Yes,38,Yes,Fiber optic,No,No,No,Month-to-month,Yes,Mailed check,77.81,3022.61,0,25-48 months,Medium (40-79),2,16.6,4.5
TC-05436,Male,0,Yes,No,21,Yes,DSL,Yes,No,Yes,Month-to-month,No,Bank transfer,73.08,1557.86,1,13-24 months,Medium (40-79),0,,
TC-05437,Male,0,No,No,24,Yes,No internet,No internet service,No internet service,No internet service,One year,Yes,Electronic check,20.34,484.49,0,13-24 months,Low (<40),0,,
TC-05438,Female,1,Yes,No,51,Yes,No internet,No internet service,No internet service,No internet service,Month-to-month,No,Mailed check,25.29,1304.66,0,49+ months,Low (<40),2,33.0,3.0
TC-05439,Male,1,No,Yes,64,Yes,DSL,No,Yes,Yes,Month-to-month,Yes,Electronic check,66.81,4230.14,0,49+ months,Medium (40-79),1,11.6,3.0
TC-05440,Male,0,Yes,Yes,32,Yes,DSL,Yes,No,No,Month-to-month,No,Electronic check,54.16,1743.46,0,25-48 months,Medium (40-79),0,,
TC-05441,Female,0,Yes,No,23,Yes,Fiber optic,Yes,No,Yes,One year,Yes,Electronic check,92.29,2139.36,0,13-24 months,High (80+),2,8.6,3.5
TC-05442,Female,0,Yes,Yes,35,Yes,Fiber optic,Yes,No,No,Month-to-month,Yes,Mailed check,81.8,2818.75,0,25-48 months,High (80+),3,32.0,2.67
TC-05443,Male,0,Yes,No,53,Yes,Fiber optic,No,Yes,No,Two year,No,Credit card,91.78,4898.48,0,49+ months,High (80+),1,4.7,5.0
TC-05444,Male,0,No,No,50,Yes,Fiber optic,Yes,No,No,One year,Yes,Mailed check,79.43,3890.48,0,49+ months,Medium (40-79),1,17.5,2.0
TC-05445,Male,0,Yes,No,7,Yes,DSL,Yes,No,No,Month-to-month,No,Credit card,67.73,480.66,0,0-12 months,Medium (40-79),2,17.9,4.0
TC-05446,Male,0,Yes,No,10,Yes,Fiber optic,Yes,No,No,One year,Yes,Mailed check,89.91,917.49,1,0-12 months,High (80+),7,12.3,2.86
TC-05447,Female,0,Yes,No,60,Yes,Fiber optic,No,Yes,Yes,Month-to-month,Yes,Credit card,108.02,6530.51,0,49+ months,High (80+),0,,
TC-05448,Male,0,No,No,28,Yes,DSL,Yes,No,No,Month-to-month,No,Bank transfer,70.38,2017.08,1,25-48 months,Medium (40-79),4,16.1,3.5
TC-05449,Male,0,No,Yes,22,Yes,DSL,Yes,No,Yes,One year,Yes,Electronic check,67.48,1472.51,0,13-24 months,Medium (40-79),3,26.3,3.67
TC-05450,Female,0,Yes,No,20,Yes,Fiber optic,No,No,Yes,Month-to-month,No,Bank transfer,100.12,2046.54,1,13-24 months,High (80+),4,19.8,2.75
TC-05451,Male,0,No,Yes,49,Yes,DSL,No,Yes,No,Month-to-month,No,Mailed check,71.71,3610.26,0,49+ months,Medium (40-79),0,,
TC-05452,Male,0,No,No,67,Yes,Fiber optic,No,No,Yes,Two year,Yes,Credit card,99.19,6706.04,0,49+ months,High (80+),2,13.3,4.0
TC-05453,Male,0,No,No,55,Yes,No internet,No internet service,No internet service,No internet service,Two year,Yes,Credit card,25.9,1392.15,0,49+ months,Low (<40),0,,
TC-05454,Male,0,Yes,No,8,Yes,Fiber optic,Yes,No,No,Two year,Yes,Credit card,88.05,712.81,0,0-12 months,High (80+),1,13.5,5.0
TC-05455,Male,0,No,Yes,30,Yes,Fiber optic,No,No,Yes,One year,No,Mailed check,94.96,2785.14,0,25-48 months,High (80+),2,21.8,4.0
TC-05456,Female,0,Yes,No,19,Yes,DSL,Yes,No,No,Two year,Yes,Bank transfer,76.65,1450.58,0,13-24 months,Medium (40-79),1,12.1,4.0
TC-05457,Female,0,Yes,No,50,Yes,DSL,Yes,No,No,Month-to-month,No,Bank transfer,56.92,2767.69,0,49+ months,Medium (40-79),1,21.7,4.0
TC-05458,Male,0,Yes,No,63,Yes,Fiber optic,Yes,No,Yes,Two year,Yes,Electronic check,104.83,6602.34,0,49+ months,High (80+),1,9.2,4.0
TC-05459,Female,0,Yes,No,27,Yes,Fiber optic,No,No,No,Month-to-month,Yes,Bank transfer,84.18,2277.35,1,25-48 months,High (80+),1,48.0,2.0
TC-05460,Female,0,Yes,No,65,Yes,Fiber optic,No,No,No,Two year,No,Bank transfer,75.82,4909.87,0,49+ months,Medium (40-79),2,39.5,3.5
TC-05461,Female,0,Yes,Yes,34,Yes,No internet,No internet service,No internet service,No internet service,Two year,No,Credit card,27.35,925.46,0,25-48 months,Low (<40),0,,
TC-05462,Female,0,Yes,Yes,23,Yes,DSL,Yes,No,No,Month-to-month,Yes,Credit card,76.57,1752.65,0,13-24 months,Medium (40-79),1,39.8,2.0
TC-05463,Female,0,No,Yes,72,Yes,Fiber optic,No,No,Yes,Two year,No,Credit card,103.12,7549.56,0,49+ months,High (80+),1,26.7,5.0
TC-05464,Male,0,No,Yes,72,Yes,Fiber optic,Yes,No,No,Two year,Yes,Electronic check,106.54,7680.69,0,49+ months,High (80+),0,,
TC-05465,Male,0,Yes,Yes,19,No,DSL,Yes,No,Yes,Month-to-month,Yes,Bank transfer,81.13,1525.2,0,13-24 months,High (80+),2,10.4,4.0
TC-05466,Male,0,No,No,28,No,DSL,Yes,Yes,No,One year,No,Bank transfer,79.36,2162.28,0,25-48 months,Medium (40-79),0,,
TC-05467,Female,0,Yes,No,27,No,DSL,No,Yes,Yes,Month-to-month,No,Electronic check,72.92,2018.39,0,25-48 months,Medium (40-79),0,,
TC-05468,Male,0,No,No,45,Yes,DSL,No,No,Yes,One year,Yes,Electronic check,66.52,2991.37,0,25-48 months,Medium (40-79),1,19.4,4.0
TC-05469,Female,0,Yes,No,19,No,DSL,No,No,No,Month-to-month,No,Credit card,58.99,1098.11,0,13-24 months,Medium (40-79),0,,
TC-05470,Male,1,Yes,No,23,Yes,No internet,No internet service,No internet service,No internet service,One year,Yes,Mailed check,23.18,533.58,0,13-24 months,Low (<40),0,,
TC-05471,Female,0,No,No,33,Yes,No internet,No internet service,No internet service,No internet service,Month-to-month,Yes,Electronic check,21.47,716.21,0,25-48 months,Low (<40),0,,
TC-05472,Male,0,No,No,1,No,DSL,No,No,Yes,Month-to-month,Yes,Credit card,66.57,68.23,0,0-12 months,Medium (40-79),0,,
TC-05473,Male,0,No,No,38,Yes,DSL,No,No,No,Two year,Yes,Electronic check,59.36,2234.18,0,25-48 months,Medium (40-79),0,,
TC-05474,Male,0,Yes,Yes,19,Yes,Fiber optic,No,No,No,Month-to-month,Yes,Electronic check,84.43,1649.21,0,13-24 months,High (80+),0,,
TC-05475,Male,1,Yes,No,72,Yes,Fiber optic,No,Yes,No,Two year,Yes,Credit card,81.97,5806.4,0,49+ months,High (80+),0,,
TC-05476,Female,1,Yes,Yes,14,Yes,Fiber optic,No,No,Yes,Month-to-month,No,Bank transfer,84.93,1184.93,0,13-24 months,High (80+),1,44.6,3.0
TC-05477,Female,0,Yes,No,11,Yes,DSL,No,No,No,Month-to-month,Yes,Mailed check,56.94,633.71,0,0-12 months,Medium (40-79),0,,
TC-05478,Female,0,No,Yes,35,Yes,DSL,No,No,Yes,Two year,Yes,Bank transfer,81.73,2884.1,0,25-48 months,High (80+),1,21.1,4.0
TC-05479,Female,0,No,Yes,8,Yes,Fiber optic,Yes,Yes,No,Month-to-month,Yes,Credit card,104.12,819.17,0,0-12 months,High (80+),1,7.3,3.0
TC-05480,Male,0,No,Yes,72,Yes,No internet,No internet service,No internet service,No internet service,One year,Yes,Electronic check,22.5,1608.97,0,49+ months,Low (<40),1,50.9,3.0
TC-05481,Male,1,Yes,No,72,Yes,No internet,No internet service,No internet service,No internet service,Two year,Yes,Mailed check,22.81,1654.95,0,49+ months,Low (<40),3,12.6,4.67
TC-05482,Male,0,Yes,No,70,Yes,DSL,Yes,No,Yes,Two year,Yes,Credit card,79.21,5475.04,0,49+ months,Medium (40-79),1,5.9,4.0
TC-05483,Male,0,Yes,No,11,Yes,DSL,Yes,No,Yes,One year,Yes,Credit card,58.92,631.63,0,0-12 months,Medium (40-79),0,,
TC-05484,Female,0,No,No,5,No,DSL,No,No,No,Month-to-month,No,Electronic check,70.28,353.84,1,0-12 months,Medium (40-79),2,21.0,1.5
TC-05485,Male,0,Yes,No,44,Yes,Fiber optic,No,No,No,Month-to-month,No,Mailed check,70.51,3114.32,0,25-48 months,Medium (40-79),3,22.3,2.33
TC-05486,Male,0,No,No,13,Yes,No internet,No internet service,No internet service,No internet service,Month-to-month,Yes,Mailed check,24.86,329.05,0,13-24 months,Low (<40),0,,
TC-05487,Male,0,No,Yes,14,Yes,Fiber optic,No,No,Yes,Month-to-month,No,Electronic check,86.21,1210.19,0,13-24 months,High (80+),2,34.6,5.0
TC-05488,Female,0,Yes,Yes,21,Yes,DSL,No,No,No,Month-to-month,Yes,Bank transfer,71.4,1464.23,0,13-24 months,Medium (40-79),1,12.4,2.0
TC-05489,Female,0,No,No,20,Yes,Fiber optic,No,No,No,Month-to-month,Yes,Bank transfer,89.05,1780.78,1,13-24 months,High (80+),1,16.0,3.0
TC-05490,Female,0,Yes,No,11,Yes,DSL,No,Yes,Yes,Month-to-month,No,Credit card,81.1,918.16,0,0-12 months,High (80+),1,14.1,5.0
TC-05491,Female,1,No,Yes,22,Yes,Fiber optic,No,No,No,One year,No,Bank transfer,72.08,1615.64,0,13-24 months,Medium (40-79),1,20.5,3.0
TC-05492,Male,0,Yes,Yes,9,Yes,Fiber optic,No,No,No,Month-to-month,Yes,Credit card,83.3,766.18,1,0-12 months,High (80+),5,18.0,2.8
TC-05493,Male,0,No,No,43,Yes,Fiber optic,No,No,No,One year,Yes,Mailed check,93.89,4070.61,0,25-48 months,High (80+),1,46.5,3.0
TC-05494,Male,1,Yes,Yes,4,Yes,DSL,No,Yes,Yes,Month-to-month,Yes,Bank transfer,61.91,251.21,1,0-12 months,Medium (40-79),0,,
TC-05495,Female,0,No,No,33,No,DSL,Yes,Yes,No,One year,Yes,Bank transfer,79.19,2640.23,0,25-48 months,Medium (40-79),0,,
TC-05496,Male,0,No,Yes,12,Yes,No internet,No internet service,No internet service,No internet service,One year,Yes,Electronic check,24.48,300.72,0,0-12 months,Low (<40),0,,
TC-05497,Male,0,No,No,31,Yes,Fiber optic,No,Yes,No,Month-to-month,Yes,Credit card,89.86,2856.39,1,25-48 months,High (80+),0,,
TC-05498,Male,0,Yes,Yes,56,No,Fiber optic,No,No,No,Two year,Yes,Bank transfer,100.45,5692.45,0,49+ months,High (80+),1,52.8,3.0
TC-05499,Male,0,Yes,No,17,Yes,No internet,No internet service,No internet service,No internet service,One year,Yes,Credit card,18.0,306.55,0,13-24 months,Low (<40),0,,
TC-05500,Female,1,Yes,Yes,58,No,DSL,No,No,No,Two year,Yes,Credit card,60.06,3486.63,0,49+ months,Medium (40-79),1,13.8,4.0
TC-05501,Male,0,Yes,Yes,26,Yes,Fiber optic,No,No,No,One year,Yes,Bank transfer,83.49,2234.93,0,25-48 months,High (80+),1,7.3,4.0
TC-05502,Male,0,No,No,57,Yes,Fiber optic,No,Yes,Yes,Two year,Yes,Electronic check,92.82,5294.79,0,49+ months,High (80+),1,17.9,4.0
TC-05503,Male,0,Yes,No,70,Yes,DSL,No,No,Yes,Two year,No,Bank transfer,81.11,5834.78,0,49+ months,High (80+),0,,
TC-05504,Female,0,Yes,No,26,Yes,DSL,No,Yes,Yes,One year,Yes,Credit card,58.17,1508.82,0,25-48 months,Medium (40-79),0,,
TC-05505,Female,0,Yes,Yes,43,Yes,No internet,No internet service,No internet service,No internet service,Month-to-month,Yes,Mailed check,22.89,966.3,0,25-48 months,Low (<40),0,,
TC-05506,Female,0,No,No,19,Yes,Fiber optic,No,Yes,Yes,Month-to-month,No,Electronic check,105.16,1962.03,1,13-24 months,High (80+),1,31.7,4.0
TC-05507,Female,0,No,Yes,2,Yes,No internet,No internet service,No internet service,No internet service,Month-to-month,No,Bank transfer,18.0,36.73,0,0-12 months,Low (<40),0,,
TC-05508,Male,0,Yes,No,45,Yes,Fiber optic,Yes,No,Yes,One year,No,Electronic check,99.39,4401.6,0,25-48 months,High (80+),0,,
TC-05509,Male,0,No,No,33,Yes,Fiber optic,Yes,No,Yes,One year,No,Electronic check,97.59,3265.34,0,25-48 months,High (80+),0,,
TC-05510,Female,0,No,No,17,Yes,DSL,No,No,No,Two year,Yes,Electronic check,55.52,923.0,0,13-24 months,Medium (40-79),1,46.5,5.0
TC-05511,Female,0,Yes,Yes,23,Yes,Fiber optic,No,No,No,Month-to-month,No,Electronic check,78.82,1859.14,1,13-24 months,Medium (40-79),1,15.6,3.0
TC-05512,Female,0,Yes,Yes,11,Yes,DSL,No,No,Yes,Month-to-month,No,Electronic check,83.79,897.69,1,0-12 months,High (80+),1,27.9,2.0
TC-05513,Female,0,No,Yes,24,Yes,DSL,Yes,No,No,One year,No,Mailed check,64.44,1586.77,0,13-24 months,Medium (40-79),1,7.5,3.0
TC-05514,Male,0,Yes,No,72,Yes,Fiber optic,No,No,Yes,One year,Yes,Credit card,97.24,7144.08,0,49+ months,High (80+),7,12.0,3.71
TC-05515,Male,1,No,No,0,Yes,DSL,No,No,Yes,Month-to-month,Yes,Credit card,46.29,0.0,1,0-12 months,Medium (40-79),0,,
TC-05516,Male,0,No,No,10,Yes,No internet,No internet service,No internet service,No internet service,Month-to-month,Yes,Credit card,18.0,182.77,0,0-12 months,Low (<40),1,16.7,2.0
TC-05517,Male,0,Yes,No,39,Yes,Fiber optic,Yes,No,No,Month-to-month,No,Electronic check,81.6,3125.73,1,25-48 months,High (80+),2,12.2,3.0
TC-05518,Female,0,No,No,4,Yes,Fiber optic,No,Yes,No,Month-to-month,No,Credit card,85.28,336.16,1,0-12 months,High (80+),1,28.0,3.0
TC-05519,Female,0,No,No,32,Yes,Fiber optic,Yes,No,Yes,Month-to-month,No,Mailed check,96.66,3046.7,1,25-48 months,High (80+),0,,
TC-05520,Male,0,Yes,No,5,Yes,Fiber optic,No,No,Yes,Month-to-month,Yes,Electronic check,104.75,510.68,1,0-12 months,High (80+),0,,
TC-05521,Male,0,Yes,No,10,Yes,DSL,No,Yes,Yes,Month-to-month,Yes,Bank transfer,69.36,681.14,0,0-12 months,Medium (40-79),0,,
TC-05522,Female,0,No,No,26,Yes,Fiber optic,No,No,No,Month-to-month,Yes,Credit card,86.45,2241.19,1,25-48 months,High (80+),2,6.8,3.5
TC-05523,Male,1,Yes,Yes,27,Yes,No internet,No internet service,No internet service,No internet service,Month-to-month,Yes,Electronic check,26.18,685.8,1,25-48 months,Low (<40),1,8.6,2.0
TC-05524,Male,1,Yes,No,13,Yes,Fiber optic,No,Yes,No,Month-to-month,Yes,Electronic check,115.99,1512.43,1,13-24 months,High (80+),1,3.8,2.0
TC-05525,Male,0,No,No,10,Yes,DSL,Yes,No,Yes,Month-to-month,Yes,Electronic check,68.55,680.32,1,0-12 months,Medium (40-79),2,22.8,2.5
TC-05526,Male,0,No,Yes,12,Yes,DSL,No,No,No,One year,Yes,Electronic check,56.07,658.22,0,0-12 months,Medium (40-79),1,11.7,3.0
TC-05527,Female,0,Yes,Yes,68,Yes,No internet,No internet service,No internet service,No internet service,One year,No,Credit card,37.65,2565.27,0,49+ months,Low (<40),0,,
TC-05528,Male,0,Yes,Yes,21,Yes,DSL,No,Yes,Yes,One year,No,Electronic check,77.34,1672.35,0,13-24 months,Medium (40-79),2,15.3,3.5
TC-05529,Female,0,Yes,Yes,3,Yes,No internet,No internet service,No internet service,No internet service,Month-to-month,No,Bank transfer,18.09,55.5,0,0-12 months,Low (<40),0,,
TC-05530,Female,1,No,Yes,11,Yes,No internet,No internet service,No internet service,No internet service,Month-to-month,Yes,Credit card,24.59,265.96,1,0-12 months,Low (<40),2,39.3,3.5
TC-05531,Female,0,Yes,No,11,Yes,Fiber optic,No,No,No,Month-to-month,Yes,Credit card,81.37,895.23,1,0-12 months,High (80+),3,24.2,3.0
TC-05532,Male,0,Yes,No,8,Yes,DSL,No,Yes,No,Month-to-month,No,Electronic check,69.19,559.02,0,0-12 months,Medium (40-79),0,,
TC-05533,Male,0,No,Yes,40,Yes,DSL,Yes,No,No,Two year,Yes,Credit card,53.78,2170.32,0,25-48 months,Medium (40-79),0,,
TC-05534,Male,0,Yes,No,12,Yes,DSL,Yes,No,Yes,Two year,Yes,Electronic check,67.76,824.38,0,0-12 months,Medium (40-79),3,17.0,3.67
TC-05535,Male,0,Yes,No,22,Yes,DSL,No,No,Yes,One year,Yes,Bank transfer,53.57,1159.21,0,13-24 months,Medium (40-79),0,,
TC-05536,Male,0,Yes,No,42,Yes,DSL,No,No,Yes,One year,No,Credit card,75.72,3152.99,0,25-48 months,Medium (40-79),0,,
TC-05537,Female,0,No,No,20,Yes,Fiber optic,No,No,Yes,One year,Yes,Mailed check,104.66,2134.2,1,13-24 months,High (80+),2,11.8,3.0
TC-05538,Male,0,Yes,No,70,Yes,No internet,No internet service,No internet service,No internet service,Two year,No,Mailed check,33.9,2436.7,0,49+ months,Low (<40),1,34.6,5.0
TC-05539,Male,0,Yes,No,24,Yes,DSL,Yes,Yes,No,Month-to-month,No,Electronic check,63.89,1569.18,0,13-24 months,Medium (40-79),1,22.8,3.0
TC-05540,Female,0,No,Yes,40,Yes,Fiber optic,No,No,No,Two year,No,Electronic check,79.03,3158.12,0,25-48 months,Medium (40-79),2,21.9,2.5
TC-05541,Female,0,Yes,No,26,Yes,DSL,No,No,No,One year,No,Electronic check,59.29,1530.29,0,25-48 months,Medium (40-79),1,43.3,4.0
TC-05542,Female,0,Yes,No,11,Yes,Fiber optic,No,No,Yes,Month-to-month,Yes,Bank transfer,92.59,1010.94,1,0-12 months,High (80+),2,15.1,2.0
TC-05543,Female,0,No,Yes,12,Yes,No internet,No internet service,No internet service,No internet service,Month-to-month,Yes,Credit card,31.77,370.98,0,0-12 months,Low (<40),2,35.5,3.0
TC-05544,Female,0,Yes,No,17,Yes,DSL,No,Yes,Yes,Month-to-month,No,Credit card,81.6,1363.88,0,13-24 months,High (80+),0,,
TC-05545,Female,0,Yes,No,7,Yes,DSL,Yes,No,No,Month-to-month,Yes,Bank transfer,46.16,325.64,0,0-12 months,Medium (40-79),0,,
TC-05546,Female,1,Yes,No,58,Yes,Fiber optic,No,No,Yes,Two year,Yes,Electronic check,95.44,5435.19,0,49+ months,High (80+),3,33.6,3.0
TC-05547,Female,0,Yes,No,72,Yes,Fiber optic,No,Yes,No,Two year,No,Electronic check,88.37,6552.34,0,49+ months,High (80+),1,26.4,4.0
TC-05548,Male,0,Yes,Yes,7,Yes,No internet,No internet service,No internet service,No internet service,Month-to-month,No,Electronic check,18.0,126.17,0,0-12 months,Low (<40),0,,
TC-05549,Male,0,Yes,Yes,28,Yes,Fiber optic,No,Yes,No,Month-to-month,Yes,Mailed check,87.3,2414.38,0,25-48 months,High (80+),0,,
TC-05550,Male,0,No,No,42,Yes,DSL,No,No,No,Month-to-month,No,Electronic check,59.02,2433.44,0,25-48 months,Medium (40-79),2,44.5,3.5
TC-05551,Female,1,Yes,No,5,Yes,Fiber optic,No,No,No,Month-to-month,No,Bank transfer,86.01,425.91,1,0-12 months,High (80+),0,,
TC-05552,Female,0,Yes,No,23,Yes,No internet,No internet service,No internet service,No internet service,Month-to-month,No,Electronic check,18.0,403.73,0,13-24 months,Low (<40),1,14.1,4.0
TC-05553,Female,0,No,No,42,Yes,No internet,No internet service,No internet service,No internet service,One year,Yes,Credit card,18.0,757.28,0,25-48 months,Low (<40),0,,
TC-05554,Male,0,No,No,40,Yes,No internet,No internet service,No internet service,No internet service,Month-to-month,Yes,Bank transfer,18.0,723.67,0,25-48 months,Low (<40),0,,
TC-05555,Male,0,Yes,No,27,Yes,Fiber optic,No,No,Yes,One year,No,Credit card,84.61,2218.56,0,25-48 months,High (80+),1,2.2,5.0
TC-05556,Female,0,Yes,No,6,Yes,Fiber optic,No,No,No,Month-to-month,Yes,Mailed check,94.22,560.92,1,0-12 months,High (80+),1,2.2,1.0
TC-05557,Male,1,No,No,33,Yes,No internet,No internet service,No internet service,No internet service,Two year,No,Electronic check,34.35,1111.47,0,25-48 months,Low (<40),0,,
TC-05558,Female,0,No,Yes,27,Yes,Fiber optic,Yes,Yes,No,One year,Yes,Mailed check,92.93,2497.57,0,25-48 months,High (80+),3,11.6,4.0
TC-05559,Female,0,Yes,No,23,Yes,No internet,No internet service,No internet service,No internet service,Month-to-month,Yes,Bank transfer,18.0,403.64,0,13-24 months,Low (<40),0,,
TC-05560,Male,1,Yes,No,17,Yes,Fiber optic,No,No,No,Two year,Yes,Mailed check,86.25,1488.04,0,13-24 months,High (80+),3,13.6,3.67
TC-05561,Female,0,Yes,No,15,Yes,No internet,No internet service,No internet service,No internet service,Month-to-month,No,Credit card,32.24,473.99,0,13-24 months,Low (<40),2,17.6,4.5
TC-05562,Male,0,No,No,13,Yes,Fiber optic,No,No,No,Month-to-month,Yes,Mailed check,84.28,1076.42,0,13-24 months,High (80+),2,12.6,4.0
TC-05563,Female,0,No,No,41,Yes,No internet,No internet service,No internet service,No internet service,Month-to-month,No,Bank transfer,18.0,730.65,0,25-48 months,Low (<40),2,28.8,2.5
TC-05564,Male,0,No,Yes,12,Yes,Fiber optic,Yes,No,No,Month-to-month,No,Electronic check,95.69,1163.09,1,0-12 months,High (80+),2,10.5,2.5
TC-05565,Male,0,No,No,22,Yes,Fiber optic,No,No,No,Month-to-month,Yes,Credit card,70.75,1553.47,1,13-24 months,Medium (40-79),1,11.9,4.0
TC-05566,Male,0,No,No,22,Yes,No internet,No internet service,No internet service,No internet service,Month-to-month,No,Mailed check,18.0,392.9,0,13-24 months,Low (<40),2,23.7,3.5
TC-05567,Female,0,Yes,No,33,No,Fiber optic,No,Yes,No,Month-to-month,No,Electronic check,89.17,2943.54,0,25-48 months,High (80+),1,22.9,2.0
TC-05568,Male,0,No,No,68,Yes,No internet,No internet service,No internet service,No internet service,Two year,No,Electronic check,19.7,1314.45,0,49+ months,Low (<40),1,21.7,4.0
TC-05569,Male,0,No,Yes,32,Yes,Fiber optic,No,No,No,Month-to-month,No,Electronic check,82.84,2662.78,0,25-48 months,High (80+),0,,
TC-05570,Male,0,Yes,No,3,Yes,Fiber optic,Yes,No,No,Month-to-month,Yes,Bank transfer,95.18,288.73,1,0-12 months,High (80+),3,12.9,2.67
TC-05571,Male,0,No,No,12,Yes,DSL,Yes,Yes,No,Month-to-month,No,Credit card,82.25,1013.15,0,0-12 months,High (80+),0,,
TC-05572,Male,0,Yes,Yes,10,Yes,DSL,No,No,Yes,Month-to-month,No,Bank transfer,74.73,755.68,1,0-12 months,Medium (40-79),0,,
TC-05573,Male,0,Yes,No,36,Yes,Fiber optic,No,No,No,Month-to-month,Yes,Credit card,89.79,3150.9,1,25-48 months,High (80+),1,18.5,3.0
TC-05574,Male,1,No,No,19,Yes,No internet,No internet service,No internet service,No internet service,Month-to-month,Yes,Credit card,30.07,556.47,0,13-24 months,Low (<40),1,7.6,4.0
TC-05575,Female,0,No,No,34,Yes,No internet,No internet service,No internet service,No internet service,One year,No,Bank transfer,25.98,867.77,1,25-48 months,Low (<40),0,,
TC-05576,Female,0,Yes,No,32,Yes,No internet,No internet service,No internet service,No internet service,Month-to-month,Yes,Mailed check,35.04,1137.16,0,25-48 months,Low (<40),1,8.3,4.0
TC-05577,Male,0,No,No,11,Yes,DSL,Yes,Yes,No,Month-to-month,No,Bank transfer,68.5,749.15,0,0-12 months,Medium (40-79),0,,
TC-05578,Male,0,No,No,72,Yes,Fiber optic,No,No,Yes,One year,Yes,Mailed check,101.0,7387.99,0,49+ months,High (80+),2,24.2,3.0
TC-05579,Male,0,No,Yes,45,Yes,No internet,No internet service,No internet service,No internet service,One year,Yes,Electronic check,31.9,1454.14,0,25-48 months,Low (<40),1,23.2,5.0
TC-05580,Male,1,No,Yes,27,Yes,DSL,No,Yes,No,Month-to-month,Yes,Credit card,65.84,1764.38,0,25-48 months,Medium (40-79),1,5.8,4.0
TC-05581,Female,0,Yes,Yes,13,Yes,Fiber optic,Yes,No,No,Month-to-month,No,Bank transfer,96.1,1251.83,1,13-24 months,High (80+),1,26.4,3.0
TC-05582,Female,0,No,No,59,Yes,Fiber optic,No,No,Yes,One year,No,Electronic check,93.28,5582.46,1,49+ months,High (80+),2,13.0,2.0
TC-05583,Male,0,No,No,4,Yes,No internet,No internet service,No internet service,No internet service,Month-to-month,Yes,Bank transfer,24.19,98.11,0,0-12 months,Low (<40),2,24.6,2.5
TC-05584,Female,0,No,No,61,Yes,DSL,No,No,No,Two year,Yes,Electronic check,46.57,2793.84,0,49+ months,Medium (40-79),2,7.2,4.5
TC-05585,Female,0,Yes,No,15,Yes,Fiber optic,No,No,No,Month-to-month,Yes,Bank transfer,84.74,1266.11,0,13-24 months,High (80+),3,23.1,4.67
TC-05586,Female,0,Yes,Yes,28,Yes,DSL,Yes,No,Yes,Month-to-month,No,Electronic check,71.74,2029.05,0,25-48 months,Medium (40-79),2,12.6,3.0
TC-05587,Male,0,Yes,Yes,29,Yes,DSL,Yes,No,No,Month-to-month,Yes,Credit card,61.1,1733.36,1,25-48 months,Medium (40-79),2,14.4,2.5
TC-05588,Female,0,Yes,Yes,23,Yes,No internet,No internet service,No internet service,No internet service,Month-to-month,No,Credit card,18.0,408.55,0,13-24 months,Low (<40),1,23.7,4.0
TC-05589,Female,0,Yes,Yes,34,Yes,DSL,No,No,Yes,Two year,No,Electronic check,57.15,1953.81,0,25-48 months,Medium (40-79),2,3.5,3.0
TC-05590,Female,0,No,Yes,6,No,DSL,No,Yes,Yes,Month-to-month,Yes,Credit card,66.42,396.91,1,0-12 months,Medium (40-79),1,69.4,3.0
TC-05591,Female,0,No,No,72,Yes,DSL,Yes,No,No,Two year,No,Electronic check,63.49,4588.21,0,49+ months,Medium (40-79),1,20.2,2.0
TC-05592,Male,0,No,Yes,50,Yes,Fiber optic,No,Yes,No,Two year,No,Electronic check,82.17,4054.47,0,49+ months,High (80+),1,11.8,5.0
TC-05593,Female,0,Yes,Yes,35,No,Fiber optic,No,No,Yes,Two year,Yes,Electronic check,88.39,3000.86,1,25-48 months,High (80+),2,12.7,2.0
TC-05594,Female,0,No,Yes,11,Yes,Fiber optic,No,No,Yes,Month-to-month,No,Electronic check,99.69,1067.21,0,0-12 months,High (80+),1,16.9,3.0
TC-05595,Female,0,Yes,No,7,Yes,DSL,Yes,No,Yes,Month-to-month,No,Bank transfer,79.0,545.17,1,0-12 months,Medium (40-79),2,24.2,2.5
TC-05596,Female,1,Yes,No,7,Yes,DSL,No,No,No,Month-to-month,Yes,Electronic check,58.97,413.01,1,0-12 months,Medium (40-79),2,19.4,3.0
TC-05597,Female,0,No,No,24,Yes,Fiber optic,Yes,No,Yes,Month-to-month,Yes,Credit card,87.49,2066.52,0,13-24 months,High (80+),3,18.4,4.0
TC-05598,Male,0,No,No,36,Yes,No internet,No internet service,No internet service,No internet service,Two year,No,Credit card,18.0,642.47,0,25-48 months,Low (<40),1,26.1,4.0
TC-05599,Male,0,No,No,24,Yes,DSL,Yes,No,No,One year,No,Mailed check,59.37,1411.51,0,13-24 months,Medium (40-79),2,6.7,3.0
TC-05600,Male,0,No,Yes,8,Yes,Fiber optic,Yes,No,No,Month-to-month,Yes,Bank transfer,83.47,654.03,0,0-12 months,High (80+),1,39.6,4.0
TC-05601,Female,0,Yes,No,17,Yes,Fiber optic,No,Yes,Yes,Month-to-month,Yes,Bank transfer,100.62,1756.83,0,13-24 months,High (80+),1,10.8,5.0
TC-05602,Female,0,No,Yes,46,Yes,DSL,Yes,No,Yes,One year,No,Electronic check,77.9,3516.98,0,25-48 months,Medium (40-79),0,,
TC-05603,Male,0,Yes,No,12,Yes,DSL,No,Yes,Yes,One year,Yes,Electronic check,72.96,863.88,0,0-12 months,Medium (40-79),0,,
TC-05604,Female,0,Yes,Yes,1,Yes,Fiber optic,No,No,Yes,Month-to-month,No,Mailed check,101.07,98.76,1,0-12 months,High (80+),2,13.6,1.5
TC-05605,Female,0,Yes,Yes,7,Yes,Fiber optic,No,No,No,One year,No,Bank transfer,86.42,600.1,0,0-12 months,High (80+),2,26.2,4.5
TC-05606,Female,0,No,No,15,Yes,Fiber optic,Yes,Yes,Yes,Month-to-month,Yes,Credit card,101.66,1548.61,0,13-24 months,High (80+),0,,
TC-05607,Male,0,No,No,6,Yes,No internet,No internet service,No internet service,No internet service,Month-to-month,Yes,Credit card,18.0,106.49,0,0-12 months,Low (<40),2,12.8,4.0
TC-05608,Female,0,Yes,No,26,Yes,Fiber optic,No,No,Yes,Month-to-month,Yes,Bank transfer,100.91,2697.79,0,25-48 months,High (80+),1,20.1,5.0
TC-05609,Female,0,No,No,31,Yes,Fiber optic,No,Yes,No,Two year,Yes,Electronic check,90.53,2741.02,0,25-48 months,High (80+),0,,
TC-05610,Female,0,Yes,Yes,12,Yes,No internet,No internet service,No internet service,No internet service,Month-to-month,Yes,Electronic check,26.35,313.69,0,0-12 months,Low (<40),2,25.1,5.0
TC-05611,Male,0,Yes,No,57,Yes,DSL,Yes,No,No,One year,No,Bank transfer,64.94,3662.76,0,49+ months,Medium (40-79),2,11.6,2.5
TC-05612,Female,0,No,Yes,42,Yes,No internet,No internet service,No internet service,No internet service,Month-to-month,Yes,Electronic check,18.0,767.96,0,25-48 months,Low (<40),2,20.4,3.5
TC-05613,Female,0,No,Yes,5,Yes,Fiber optic,No,No,No,Month-to-month,Yes,Credit card,107.91,553.2,0,0-12 months,High (80+),1,23.0,5.0
TC-05614,Female,0,Yes,Yes,33,Yes,Fiber optic,No,No,No,One year,No,Mailed check,92.12,2961.28,0,25-48 months,High (80+),2,4.8,3.5
TC-05615,Male,0,No,No,51,Yes,No internet,No internet service,No internet service,No internet service,One year,Yes,Mailed check,26.44,1315.3,0,49+ months,Low (<40),1,27.3,5.0
TC-05616,Female,0,No,No,41,Yes,DSL,Yes,Yes,Yes,Two year,Yes,Electronic check,73.21,2928.81,0,25-48 months,Medium (40-79),2,19.9,3.0
TC-05617,Female,1,No,No,10,Yes,DSL,Yes,No,Yes,Month-to-month,Yes,Credit card,59.68,582.59,0,0-12 months,Medium (40-79),0,,
TC-05618,Male,0,No,No,4,No,DSL,No,Yes,Yes,Month-to-month,Yes,Electronic check,76.29,311.4,0,0-12 months,Medium (40-79),0,,
TC-05619,Female,0,No,Yes,27,Yes,No internet,No internet service,No internet service,No internet service,Month-to-month,Yes,Electronic check,32.21,890.68,0,25-48 months,Low (<40),0,,
TC-05620,Male,0,No,Yes,29,Yes,Fiber optic,Yes,No,Yes,Month-to-month,No,Bank transfer,101.63,2948.5,1,25-48 months,High (80+),2,24.0,1.5
TC-05621,Female,0,Yes,No,72,Yes,Fiber optic,No,No,No,Two year,No,Credit card,89.19,6298.92,0,49+ months,High (80+),2,21.3,4.0
TC-05622,Male,0,No,No,39,Yes,DSL,No,No,No,Month-to-month,Yes,Mailed check,59.34,2248.04,0,25-48 months,Medium (40-79),2,15.0,3.0
TC-05623,Female,0,No,No,14,Yes,DSL,No,Yes,Yes,Month-to-month,No,Electronic check,62.87,885.12,1,13-24 months,Medium (40-79),1,12.7,1.0
TC-05624,Male,0,Yes,Yes,6,Yes,DSL,No,Yes,No,Month-to-month,Yes,Credit card,70.77,419.59,0,0-12 months,Medium (40-79),0,,
TC-05625,Male,0,Yes,Yes,10,Yes,No internet,No internet service,No internet service,No internet service,One year,Yes,Electronic check,22.37,221.76,0,0-12 months,Low (<40),1,48.7,4.0
TC-05626,Male,1,Yes,Yes,30,Yes,No internet,No internet service,No internet service,No internet service,Month-to-month,Yes,Credit card,27.88,815.1,1,25-48 months,Low (<40),2,9.2,3.0
TC-05627,Male,0,No,Yes,47,Yes,Fiber optic,No,Yes,Yes,Month-to-month,No,Electronic check,111.66,5369.7,0,25-48 months,High (80+),2,17.3,3.0
TC-05628,Male,0,No,No,62,Yes,DSL,No,No,No,One year,Yes,Electronic check,69.3,4361.36,0,49+ months,Medium (40-79),1,45.4,3.0
TC-05629,Male,0,No,Yes,53,Yes,Fiber optic,Yes,No,No,Month-to-month,Yes,Credit card,88.69,4731.31,0,49+ months,High (80+),0,,
TC-05630,Female,0,No,No,37,Yes,No internet,No internet service,No internet service,No internet service,Two year,Yes,Electronic check,27.54,988.85,0,25-48 months,Low (<40),1,44.7,2.0
TC-05631,Male,0,Yes,Yes,25,Yes,DSL,No,No,No,Month-to-month,Yes,Electronic check,52.81,1298.1,0,25-48 months,Medium (40-79),2,8.3,3.5
TC-05632,Female,0,Yes,No,12,Yes,No internet,No internet service,No internet service,No internet service,Month-to-month,Yes,Mailed check,18.0,216.39,0,0-12 months,Low (<40),0,,
TC-05633,Male,1,No,Yes,8,Yes,DSL,Yes,No,No,Month-to-month,Yes,Electronic check,52.87,420.5,1,0-12 months,Medium (40-79),4,17.7,2.0
TC-05634,Male,0,Yes,No,68,Yes,No internet,No internet service,No internet service,No internet service,Two year,No,Credit card,22.45,1546.06,0,49+ months,Low (<40),2,12.7,4.0
TC-05635,Male,0,Yes,Yes,23,Yes,DSL,Yes,Yes,Yes,Month-to-month,No,Mailed check,86.32,1947.42,0,13-24 months,High (80+),1,24.8,5.0
TC-05636,Female,0,Yes,No,5,Yes,DSL,Yes,Yes,Yes,Month-to-month,No,Credit card,82.85,410.63,0,0-12 months,High (80+),0,,
TC-05637,Male,0,No,No,2,Yes,Fiber optic,Yes,Yes,No,Month-to-month,No,Electronic check,87.04,177.58,1,0-12 months,High (80+),0,,
TC-05638,Female,0,No,Yes,12,Yes,Fiber optic,No,No,No,Month-to-month,Yes,Bank transfer,91.9,1116.24,1,0-12 months,High (80+),2,12.1,2.5
TC-05639,Male,1,Yes,No,20,Yes,Fiber optic,No,No,Yes,Month-to-month,No,Electronic check,96.83,1891.28,1,13-24 months,High (80+),2,12.2,3.5
TC-05640,Female,0,No,Yes,28,Yes,Fiber optic,No,No,No,Two year,Yes,Electronic check,87.02,2435.08,0,25-48 months,High (80+),3,16.0,4.0
TC-05641,Female,0,Yes,No,71,Yes,No internet,No internet service,No internet service,No internet service,Two year,Yes,Credit card,38.33,2776.47,0,49+ months,Low (<40),1,2.8,3.0
TC-05642,Female,0,No,No,6,Yes,Fiber optic,No,No,No,Month-to-month,Yes,Credit card,89.64,538.14,0,0-12 months,High (80+),0,,
TC-05643,Male,0,No,Yes,57,Yes,No internet,No internet service,No internet service,No internet service,Two year,Yes,Bank transfer,26.63,1558.42,0,49+ months,Low (<40),0,,
TC-05644,Male,0,No,Yes,12,Yes,Fiber optic,No,No,Yes,Month-to-month,Yes,Credit card,100.69,1222.79,1,0-12 months,High (80+),1,27.2,2.0
TC-05645,Male,0,Yes,Yes,72,No,DSL,No,No,No,One year,Yes,Electronic check,61.74,4366.2,0,49+ months,Medium (40-79),0,,
TC-05646,Male,0,No,No,6,Yes,DSL,No,Yes,No,Month-to-month,Yes,Bank transfer,59.14,363.43,0,0-12 months,Medium (40-79),1,8.0,4.0
TC-05647,Male,0,Yes,No,55,Yes,Fiber optic,No,No,No,Month-to-month,Yes,Bank transfer,72.44,3970.46,1,49+ months,Medium (40-79),0,,
TC-05648,Male,0,No,No,8,Yes,Fiber optic,No,No,Yes,Month-to-month,Yes,Mailed check,92.03,743.89,1,0-12 months,High (80+),4,17.9,2.75
TC-05649,Male,1,Yes,No,14,Yes,Fiber optic,No,No,Yes,Month-to-month,No,Credit card,93.38,1329.79,1,13-24 months,High (80+),1,17.8,1.0
TC-05650,Female,0,No,No,29,Yes,No internet,No internet service,No internet service,No internet service,Two year,Yes,Electronic check,18.0,514.23,0,25-48 months,Low (<40),1,40.8,3.0
TC-05651,Male,0,No,No,37,Yes,No internet,No internet service,No internet service,No internet service,Month-to-month,Yes,Bank transfer,18.0,684.09,0,25-48 months,Low (<40),2,15.3,4.5
TC-05652,Female,1,Yes,No,15,Yes,No internet,No internet service,No internet service,No internet service,Month-to-month,No,Credit card,25.09,371.71,0,13-24 months,Low (<40),0,,
TC-05653,Male,0,No,Yes,2,Yes,Fiber optic,No,No,Yes,Month-to-month,No,Mailed check,90.1,182.35,1,0-12 months,High (80+),3,12.8,2.67
TC-05654,Female,0,Yes,No,54,Yes,DSL,No,No,No,One year,Yes,Credit card,52.09,2762.69,0,49+ months,Medium (40-79),1,11.8,2.0
TC-05655,Female,0,No,No,11,Yes,Fiber optic,No,No,Yes,Month-to-month,No,Electronic check,92.9,1008.88,1,0-12 months,High (80+),3,20.6,3.0
TC-05656,Male,0,No,No,21,Yes,DSL,No,No,No,Month-to-month,Yes,Mailed check,53.57,1105.45,1,13-24 months,Medium (40-79),2,10.9,2.0
TC-05657,Female,0,Yes,Yes,16,Yes,DSL,No,No,Yes,Month-to-month,Yes,Electronic check,66.0,1025.89,1,13-24 months,Medium (40-79),1,15.6,3.0
TC-05658,Female,0,Yes,No,25,Yes,DSL,No,Yes,No,Two year,Yes,Credit card,67.89,1710.52,0,25-48 months,Medium (40-79),0,,
TC-05659,Female,0,Yes,Yes,13,Yes,Fiber optic,Yes,No,No,Month-to-month,No,Mailed check,93.23,1200.7,0,13-24 months,High (80+),2,10.1,3.5
TC-05660,Male,0,Yes,Yes,28,Yes,No internet,No internet service,No internet service,No internet service,Month-to-month,Yes,Bank transfer,24.33,690.41,0,25-48 months,Low (<40),0,,
TC-05661,Male,0,No,No,23,Yes,No internet,No internet service,No internet service,No internet service,One year,Yes,Electronic check,27.5,618.62,0,13-24 months,Low (<40),4,18.4,4.25
TC-05662,Male,0,No,No,19,Yes,Fiber optic,No,No,Yes,Month-to-month,Yes,Bank transfer,100.22,1867.04,0,13-24 months,High (80+),1,43.1,5.0
TC-05663,Male,0,No,No,32,Yes,DSL,No,No,No,One year,No,Mailed check,54.83,1758.39,0,25-48 months,Medium (40-79),2,4.5,3.0
TC-05664,Male,0,No,Yes,66,Yes,DSL,Yes,Yes,Yes,Two year,No,Credit card,81.43,5423.13,0,49+ months,High (80+),0,,
TC-05665,Male,0,No,No,56,Yes,DSL,No,No,No,One year,No,Credit card,63.93,3530.32,0,49+ months,Medium (40-79),1,15.5,4.0
TC-05666,Male,0,Yes,No,25,Yes,No internet,No internet service,No internet service,No internet service,Month-to-month,No,Mailed check,26.56,680.86,0,25-48 months,Low (<40),1,12.5,4.0
TC-05667,Female,1,Yes,No,72,Yes,Fiber optic,No,No,No,Two year,Yes,Electronic check,97.18,6945.68,0,49+ months,High (80+),2,27.6,4.5
TC-05668,Male,0,Yes,No,19,Yes,DSL,No,No,No,Month-to-month,No,Credit card,62.75,1214.84,0,13-24 months,Medium (40-79),0,,
TC-05669,Male,0,No,No,29,No,DSL,No,No,Yes,Month-to-month,Yes,Bank transfer,65.92,1968.55,0,25-48 months,Medium (40-79),0,,
TC-05670,Male,0,Yes,No,48,Yes,DSL,Yes,No,No,Two year,No,Credit card,69.62,3393.55,0,25-48 months,Medium (40-79),1,5.2,4.0
TC-05671,Male,0,No,No,72,Yes,Fiber optic,No,No,No,Two year,Yes,Bank transfer,91.9,6473.44,0,49+ months,High (80+),1,21.7,4.0
TC-05672,Female,0,No,No,14,Yes,No internet,No internet service,No internet service,No internet service,One year,Yes,Mailed check,20.29,286.16,0,13-24 months,Low (<40),1,7.2,2.0
TC-05673,Female,1,Yes,Yes,19,Yes,DSL,No,Yes,Yes,Month-to-month,Yes,Electronic check,61.26,1173.88,0,13-24 months,Medium (40-79),0,,
TC-05674,Male,0,No,No,2,Yes,Fiber optic,Yes,Yes,Yes,Month-to-month,No,Mailed check,101.99,209.02,0,0-12 months,High (80+),1,38.2,4.0
TC-05675,Male,0,No,No,25,Yes,No internet,No internet service,No internet service,No internet service,Month-to-month,Yes,Electronic check,26.68,660.08,0,25-48 months,Low (<40),0,,
TC-05676,Female,0,Yes,Yes,25,Yes,No internet,No internet service,No internet service,No internet service,Month-to-month,No,Credit card,18.0,459.5,0,25-48 months,Low (<40),4,20.9,3.5
TC-05677,Male,0,No,Yes,44,Yes,Fiber optic,Yes,No,No,Two year,Yes,Electronic check,87.62,3873.3,0,25-48 months,High (80+),2,20.1,5.0
TC-05678,Male,0,Yes,No,20,Yes,Fiber optic,No,No,Yes,Month-to-month,Yes,Bank transfer,97.05,1897.16,0,13-24 months,High (80+),0,,
TC-05679,Male,0,Yes,Yes,53,Yes,DSL,Yes,No,Yes,Two year,Yes,Bank transfer,64.04,3350.05,0,49+ months,Medium (40-79),1,3.4,3.0
TC-05680,Female,0,Yes,No,11,No,DSL,No,No,Yes,One year,Yes,Mailed check,77.17,870.38,0,0-12 months,Medium (40-79),1,12.9,2.0
TC-05681,Male,0,Yes,No,30,Yes,No internet,No internet service,No internet service,No internet service,One year,Yes,Credit card,20.96,610.81,0,25-48 months,Low (<40),0,,
TC-05682,Female,0,No,Yes,12,Yes,No internet,No internet service,No internet service,No internet service,Two year,No,Bank transfer,29.33,359.07,0,0-12 months,Low (<40),1,27.4,4.0
TC-05683,Female,0,Yes,No,21,Yes,Fiber optic,Yes,Yes,No,Month-to-month,Yes,Mailed check,101.8,2131.98,0,13-24 months,High (80+),0,,
TC-05684,Male,0,Yes,Yes,46,Yes,No internet,No internet service,No internet service,No internet service,One year,No,Electronic check,20.02,910.09,0,25-48 months,Low (<40),0,,
TC-05685,Female,0,No,Yes,3,Yes,No internet,No internet service,No internet service,No internet service,Month-to-month,Yes,Electronic check,21.03,62.55,0,0-12 months,Low (<40),0,,
TC-05686,Male,1,No,No,36,Yes,Fiber optic,No,No,Yes,Month-to-month,No,Credit card,104.9,3729.51,1,25-48 months,High (80+),1,3.2,2.0
TC-05687,Male,0,No,No,25,Yes,DSL,No,No,No,Two year,Yes,Electronic check,64.05,1593.86,0,25-48 months,Medium (40-79),0,,
TC-05688,Female,0,No,No,8,Yes,Fiber optic,Yes,No,No,Month-to-month,Yes,Electronic check,85.55,671.88,0,0-12 months,High (80+),0,,
TC-05689,Male,0,Yes,No,44,Yes,Fiber optic,No,No,No,Two year,Yes,Electronic check,83.18,3622.92,0,25-48 months,High (80+),0,,
TC-05690,Female,0,No,Yes,51,Yes,No internet,No internet service,No internet service,No internet service,Two year,Yes,Bank transfer,22.31,1136.34,0,49+ months,Low (<40),4,12.8,3.5
TC-05691,Female,1,Yes,Yes,38,Yes,No internet,No internet service,No internet service,No internet service,Two year,No,Mailed check,18.0,696.43,0,25-48 months,Low (<40),0,,
TC-05692,Male,0,Yes,No,64,Yes,Fiber optic,Yes,No,No,Month-to-month,Yes,Electronic check,101.08,6456.72,0,49+ months,High (80+),3,15.4,3.67
TC-05693,Male,1,Yes,No,12,Yes,No internet,No internet service,No internet service,No internet service,Month-to-month,Yes,Electronic check,28.59,347.66,0,0-12 months,Low (<40),0,,
TC-05694,Male,1,Yes,No,19,Yes,Fiber optic,No,No,No,Month-to-month,Yes,Bank transfer,96.24,1794.0,1,13-24 months,High (80+),2,11.3,4.0
TC-05695,Female,0,Yes,Yes,9,Yes,No internet,No internet service,No internet service,No internet service,Month-to-month,No,Mailed check,28.3,255.96,0,0-12 months,Low (<40),0,,
TC-05696,Male,0,Yes,No,19,Yes,No internet,No internet service,No internet service,No internet service,Month-to-month,No,Credit card,25.59,497.59,0,13-24 months,Low (<40),0,,
TC-05697,Male,0,No,Yes,36,Yes,No internet,No internet service,No internet service,No internet service,Two year,No,Electronic check,30.21,1086.18,0,25-48 months,Low (<40),0,,
TC-05698,Female,0,No,Yes,63,Yes,Fiber optic,No,Yes,No,Two year,Yes,Bank transfer,111.45,6888.32,0,49+ months,High (80+),0,,
TC-05699,Female,0,No,No,10,Yes,No internet,No internet service,No internet service,No internet service,Month-to-month,No,Bank transfer,26.19,263.94,1,0-12 months,Low (<40),1,16.2,1.0
TC-05700,Female,0,No,No,44,Yes,Fiber optic,No,No,No,Two year,Yes,Electronic check,84.02,3788.94,0,25-48 months,High (80+),3,17.3,3.0
TC-05701,Male,1,Yes,No,6,Yes,DSL,Yes,Yes,No,Month-to-month,No,Electronic check,63.61,387.07,0,0-12 months,Medium (40-79),2,25.9,3.0
TC-05702,Female,1,No,No,41,No,Fiber optic,Yes,Yes,Yes,Two year,No,Credit card,97.74,3891.46,0,25-48 months,High (80+),1,34.8,5.0
TC-05703,Male,0,No,Yes,65,Yes,Fiber optic,No,No,No,Two year,Yes,Credit card,82.23,5192.2,0,49+ months,High (80+),0,,
TC-05704,Female,0,No,No,27,Yes,Fiber optic,No,No,Yes,One year,Yes,Bank transfer,94.14,2540.71,0,25-48 months,High (80+),2,26.2,3.0
TC-05705,Female,0,Yes,No,39,Yes,Fiber optic,No,Yes,No,Two year,Yes,Electronic check,81.76,3195.23,0,25-48 months,High (80+),2,20.6,4.5
TC-05706,Male,0,Yes,No,39,Yes,Fiber optic,No,No,Yes,One year,Yes,Mailed check,83.87,3261.23,0,25-48 months,High (80+),1,5.6,5.0
TC-05707,Male,1,Yes,No,60,No,DSL,No,No,No,One year,Yes,Bank transfer,53.59,3289.52,0,49+ months,Medium (40-79),1,37.1,5.0
TC-05708,Male,0,Yes,Yes,3,Yes,Fiber optic,Yes,No,No,Month-to-month,Yes,Credit card,85.83,251.21,1,0-12 months,High (80+),1,17.0,2.0
TC-05709,Male,0,Yes,No,12,Yes,No internet,No internet service,No internet service,No internet service,Month-to-month,Yes,Bank transfer,24.98,296.14,0,0-12 months,Low (<40),2,18.9,3.0
TC-05710,Male,0,Yes,No,9,Yes,No internet,No internet service,No internet service,No internet service,Month-to-month,Yes,Electronic check,27.29,249.07,0,0-12 months,Low (<40),2,20.1,3.5
TC-05711,Female,0,Yes,No,72,Yes,DSL,No,No,No,Two year,Yes,Electronic check,64.55,4656.72,0,49+ months,Medium (40-79),0,,
TC-05712,Male,0,No,No,16,Yes,Fiber optic,No,Yes,Yes,Month-to-month,Yes,Credit card,89.56,1441.42,1,13-24 months,High (80+),1,12.3,1.0
TC-05713,Male,0,No,Yes,28,No,Fiber optic,No,No,No,One year,Yes,Mailed check,84.22,2416.3,0,25-48 months,High (80+),2,21.1,3.0
TC-05714,Male,0,No,Yes,13,Yes,No internet,No internet service,No internet service,No internet service,Month-to-month,No,Mailed check,26.04,341.75,1,13-24 months,Low (<40),1,59.0,3.0
TC-05715,Male,1,Yes,No,27,Yes,DSL,No,Yes,No,One year,Yes,Credit card,54.98,1521.93,0,25-48 months,Medium (40-79),1,12.2,3.0
TC-05716,Male,0,No,No,26,Yes,Fiber optic,No,No,No,Two year,Yes,Credit card,86.04,2180.95,0,25-48 months,High (80+),0,,
TC-05717,Male,0,No,Yes,45,Yes,DSL,Yes,No,No,One year,Yes,Credit card,55.42,2498.8,0,25-48 months,Medium (40-79),0,,
TC-05718,Male,0,No,No,20,Yes,Fiber optic,No,Yes,No,Month-to-month,Yes,Mailed check,88.12,1763.91,0,13-24 months,High (80+),1,28.5,4.0
TC-05719,Male,0,No,No,19,Yes,DSL,No,Yes,Yes,One year,Yes,Bank transfer,91.12,1710.98,0,13-24 months,High (80+),0,,
TC-05720,Male,0,No,No,13,Yes,Fiber optic,No,No,Yes,Month-to-month,No,Credit card,96.69,1236.87,0,13-24 months,High (80+),4,16.2,3.75
TC-05721,Male,0,Yes,Yes,26,Yes,No internet,No internet service,No internet service,No internet service,Two year,Yes,Mailed check,18.0,470.62,0,25-48 months,Low (<40),1,24.3,3.0
TC-05722,Female,0,No,Yes,10,Yes,Fiber optic,No,No,Yes,Month-to-month,Yes,Credit card,90.34,894.46,1,0-12 months,High (80+),3,15.6,3.67
TC-05723,Female,0,Yes,No,15,Yes,DSL,No,No,No,Month-to-month,No,Bank transfer,59.93,872.82,1,13-24 months,Medium (40-79),3,8.6,2.33
TC-05724,Female,0,No,No,63,Yes,Fiber optic,No,No,No,Two year,No,Mailed check,88.62,5425.76,0,49+ months,High (80+),0,,
TC-05725,Male,0,No,Yes,49,Yes,No internet,No internet service,No internet service,No internet service,Two year,Yes,Electronic check,18.0,895.56,0,49+ months,Low (<40),1,27.5,3.0
TC-05726,Female,0,No,No,34,Yes,DSL,No,No,No,Two year,No,Bank transfer,60.76,2007.5,0,25-48 months,Medium (40-79),0,,
TC-05727,Female,0,No,No,5,No,DSL,No,Yes,Yes,Month-to-month,Yes,Mailed check,77.09,380.12,1,0-12 months,Medium (40-79),0,,
TC-05728,Male,1,No,No,54,Yes,No internet,No internet service,No internet service,No internet service,One year,Yes,Electronic check,22.69,1197.3,0,49+ months,Low (<40),1,9.6,4.0
TC-05729,Male,0,Yes,Yes,72,Yes,DSL,No,No,Yes,Two year,Yes,Mailed check,55.31,4100.15,0,49+ months,Medium (40-79),0,,
TC-05730,Male,1,Yes,No,20,Yes,Fiber optic,No,Yes,Yes,One year,Yes,Mailed check,88.27,1753.35,0,13-24 months,High (80+),2,24.1,2.0
TC-05731,Female,0,No,No,6,Yes,DSL,No,Yes,Yes,Month-to-month,No,Bank transfer,69.01,406.18,1,0-12 months,Medium (40-79),0,,
TC-05732,Female,0,No,No,43,Yes,DSL,No,No,Yes,Month-to-month,Yes,Credit card,70.18,3077.09,0,25-48 months,Medium (40-79),1,9.9,4.0
TC-05733,Male,0,Yes,No,3,Yes,Fiber optic,No,No,Yes,Month-to-month,No,Credit card,91.65,268.53,1,0-12 months,High (80+),0,,
TC-05734,Male,0,No,No,10,Yes,DSL,Yes,No,Yes,Month-to-month,Yes,Credit card,81.7,809.39,0,0-12 months,High (80+),1,43.3,3.0
TC-05735,Male,0,No,No,7,Yes,Fiber optic,No,Yes,No,Month-to-month,Yes,Mailed check,104.33,740.5,0,0-12 months,High (80+),1,9.9,3.0
TC-05736,Male,0,Yes,Yes,15,Yes,No internet,No internet service,No internet service,No internet service,Month-to-month,Yes,Bank transfer,18.0,262.6,0,13-24 months,Low (<40),0,,
TC-05737,Male,0,Yes,No,19,Yes,No internet,No internet service,No internet service,No internet service,One year,No,Bank transfer,19.6,383.16,0,13-24 months,Low (<40),1,0.4,3.0
TC-05738,Female,0,Yes,No,23,Yes,Fiber optic,Yes,No,Yes,Two year,No,Mailed check,92.32,2074.15,0,13-24 months,High (80+),0,,
TC-05739,Male,0,No,No,10,Yes,DSL,No,No,No,Month-to-month,Yes,Mailed check,58.84,599.65,1,0-12 months,Medium (40-79),1,19.9,3.0
TC-05740,Male,0,No,No,45,Yes,Fiber optic,No,No,No,Month-to-month,No,Electronic check,82.81,3720.11,0,25-48 months,High (80+),0,,
TC-05741,Male,0,No,Yes,23,Yes,Fiber optic,No,No,Yes,Two year,No,Electronic check,98.39,2213.36,0,13-24 months,High (80+),1,31.8,4.0
TC-05742,Male,0,Yes,No,24,Yes,DSL,No,No,Yes,Two year,Yes,Mailed check,69.25,1671.66,0,13-24 months,Medium (40-79),0,,
TC-05743,Male,1,No,Yes,70,Yes,No internet,No internet service,No internet service,No internet service,Two year,Yes,Credit card,18.79,1315.37,0,49+ months,Low (<40),0,,
TC-05744,Female,0,No,Yes,13,Yes,Fiber optic,No,Yes,Yes,Month-to-month,No,Credit card,106.03,1410.32,1,13-24 months,High (80+),1,28.1,2.0
TC-05745,Female,0,No,Yes,67,Yes,Fiber optic,No,No,No,One year,Yes,Electronic check,84.95,5632.4,0,49+ months,High (80+),4,24.3,4.5
TC-05746,Female,0,Yes,No,4,Yes,DSL,Yes,No,No,One year,Yes,Credit card,57.45,233.02,0,0-12 months,Medium (40-79),1,22.9,2.0
TC-05747,Female,0,No,No,8,Yes,No internet,No internet service,No internet service,No internet service,Month-to-month,Yes,Electronic check,18.0,147.45,0,0-12 months,Low (<40),0,,
TC-05748,Male,0,Yes,No,29,Yes,Fiber optic,No,Yes,Yes,Month-to-month,Yes,Electronic check,93.63,2688.05,0,25-48 months,High (80+),1,12.5,3.0
TC-05749,Male,0,Yes,No,39,Yes,Fiber optic,No,No,No,Two year,Yes,Bank transfer,91.94,3686.06,0,25-48 months,High (80+),1,4.7,3.0
TC-05750,Male,0,Yes,Yes,8,Yes,No internet,No internet service,No internet service,No internet service,Month-to-month,No,Credit card,19.99,163.67,1,0-12 months,Low (<40),1,23.5,4.0
TC-05751,Female,0,No,No,3,No,Fiber optic,No,Yes,Yes,Month-to-month,Yes,Credit card,106.37,315.92,1,0-12 months,High (80+),0,,
TC-05752,Male,0,No,Yes,9,No,Fiber optic,No,No,Yes,Month-to-month,No,Mailed check,86.07,784.47,1,0-12 months,High (80+),4,17.2,2.5
TC-05753,Female,0,No,Yes,41,Yes,Fiber optic,Yes,No,No,One year,Yes,Electronic check,85.61,3575.32,0,25-48 months,High (80+),3,27.4,3.67
TC-05754,Male,0,No,Yes,49,Yes,DSL,No,No,No,Month-to-month,Yes,Mailed check,46.71,2337.64,0,49+ months,Medium (40-79),1,5.9,5.0
TC-05755,Male,0,Yes,No,20,Yes,Fiber optic,No,No,Yes,Two year,Yes,Bank transfer,92.97,1848.18,0,13-24 months,High (80+),1,10.5,5.0
TC-05756,Female,0,No,Yes,6,Yes,DSL,No,Yes,Yes,Month-to-month,Yes,Bank transfer,58.09,355.1,0,0-12 months,Medium (40-79),0,,
TC-05757,Male,0,No,No,36,Yes,DSL,Yes,Yes,Yes,Month-to-month,No,Electronic check,71.95,2654.11,0,25-48 months,Medium (40-79),0,,
TC-05758,Female,0,Yes,No,11,Yes,Fiber optic,No,No,Yes,Month-to-month,Yes,Credit card,100.1,1083.08,1,0-12 months,High (80+),0,,
TC-05759,Female,0,No,No,20,Yes,No internet,No internet service,No internet service,No internet service,Month-to-month,Yes,Mailed check,32.49,668.57,0,13-24 months,Low (<40),3,31.6,4.33
TC-05760,Female,0,Yes,Yes,51,Yes,DSL,No,Yes,Yes,Two year,Yes,Credit card,84.04,4294.12,0,49+ months,High (80+),1,8.8,3.0
TC-05761,Female,0,No,No,9,Yes,Fiber optic,No,No,No,Month-to-month,Yes,Mailed check,78.2,701.54,1,0-12 months,Medium (40-79),2,12.0,3.5
TC-05762,Female,0,No,No,49,Yes,Fiber optic,No,Yes,Yes,One year,Yes,Bank transfer,102.74,4886.4,0,49+ months,High (80+),1,5.3,4.0
TC-05763,Female,0,No,Yes,39,Yes,Fiber optic,Yes,Yes,Yes,Two year,No,Electronic check,102.32,3992.97,0,25-48 months,High (80+),0,,
TC-05764,Male,0,No,No,7,Yes,Fiber optic,Yes,Yes,No,Month-to-month,No,Bank transfer,93.52,643.68,0,0-12 months,High (80+),1,5.8,5.0
TC-05765,Female,0,Yes,No,43,Yes,Fiber optic,No,No,No,Month-to-month,Yes,Electronic check,90.74,3845.55,0,25-48 months,High (80+),1,21.2,4.0
TC-05766,Male,0,Yes,Yes,15,Yes,Fiber optic,No,No,No,Month-to-month,Yes,Credit card,79.5,1190.98,0,13-24 months,Medium (40-79),1,22.2,5.0
TC-05767,Male,0,No,No,9,Yes,No internet,No internet service,No internet service,No internet service,Month-to-month,Yes,Credit card,18.0,165.1,0,0-12 months,Low (<40),1,5.9,3.0
TC-05768,Female,0,Yes,No,72,No,Fiber optic,No,No,Yes,Two year,No,Credit card,102.92,7322.71,0,49+ months,High (80+),1,5.7,3.0
TC-05769,Male,0,Yes,No,13,Yes,Fiber optic,No,No,No,Month-to-month,Yes,Electronic check,94.75,1214.25,1,13-24 months,High (80+),1,33.0,1.0
TC-05770,Male,1,No,No,23,No,Fiber optic,No,No,No,One year,No,Electronic check,75.16,1704.41,1,13-24 months,Medium (40-79),2,24.9,2.5
TC-05771,Male,0,No,Yes,36,No,DSL,No,No,No,Month-to-month,No,Credit card,58.49,2153.33,0,25-48 months,Medium (40-79),0,,
TC-05772,Male,0,Yes,Yes,43,Yes,DSL,No,Yes,No,Month-to-month,Yes,Credit card,67.19,2830.45,0,25-48 months,Medium (40-79),0,,
TC-05773,Female,0,No,Yes,40,Yes,DSL,Yes,No,Yes,Month-to-month,No,Credit card,80.92,3213.77,0,25-48 months,High (80+),1,11.8,2.0
TC-05774,Female,1,Yes,Yes,72,Yes,DSL,No,No,Yes,Two year,Yes,Electronic check,68.58,4999.09,0,49+ months,Medium (40-79),0,,
TC-05775,Female,0,Yes,Yes,52,Yes,No internet,No internet service,No internet service,No internet service,One year,Yes,Electronic check,20.64,1075.66,0,49+ months,Low (<40),1,4.6,4.0
TC-05776,Female,0,Yes,No,36,Yes,No internet,No internet service,No internet service,No internet service,One year,No,Electronic check,25.11,903.27,0,25-48 months,Low (<40),2,15.1,4.5
TC-05777,Male,0,No,Yes,22,Yes,DSL,No,No,Yes,Month-to-month,Yes,Credit card,72.04,1541.65,0,13-24 months,Medium (40-79),1,7.2,3.0
TC-05778,Male,0,No,No,52,Yes,No internet,No internet service,No internet service,No internet service,Month-to-month,Yes,Credit card,23.71,1232.08,0,49+ months,Low (<40),0,,
TC-05779,Male,0,No,No,17,Yes,Fiber optic,No,Yes,Yes,Two year,No,Mailed check,104.16,1728.86,0,13-24 months,High (80+),2,20.8,4.5
TC-05780,Male,0,No,No,26,Yes,No internet,No internet service,No internet service,No internet service,One year,Yes,Electronic check,29.75,773.22,0,25-48 months,Low (<40),1,32.9,2.0
TC-05781,Female,0,No,No,17,Yes,Fiber optic,No,Yes,No,One year,Yes,Bank transfer,95.8,1628.78,0,13-24 months,High (80+),1,29.9,5.0
TC-05782,Female,0,No,No,14,Yes,No internet,No internet service,No internet service,No internet service,Month-to-month,Yes,Bank transfer,36.82,528.55,0,13-24 months,Low (<40),0,,
TC-05783,Male,0,Yes,Yes,4,Yes,Fiber optic,No,No,No,Month-to-month,Yes,Bank transfer,91.5,362.3,0,0-12 months,High (80+),1,24.8,3.0
TC-05784,Male,0,Yes,Yes,39,Yes,No internet,No internet service,No internet service,No internet service,Two year,Yes,Bank transfer,18.0,688.37,0,25-48 months,Low (<40),3,19.0,3.33
TC-05785,Female,0,No,Yes,3,Yes,No internet,No internet service,No internet service,No internet service,Month-to-month,Yes,Mailed check,23.28,69.29,0,0-12 months,Low (<40),0,,
TC-05786,Female,0,No,No,40,Yes,DSL,No,No,No,Month-to-month,Yes,Electronic check,61.99,2455.72,0,25-48 months,Medium (40-79),3,18.9,3.67
TC-05787,Female,0,No,No,59,Yes,No internet,No internet service,No internet service,No internet service,One year,Yes,Credit card,23.29,1404.03,0,49+ months,Low (<40),2,8.4,4.0
TC-05788,Male,1,No,No,1,Yes,DSL,Yes,No,Yes,Month-to-month,Yes,Credit card,70.83,70.62,0,0-12 months,Medium (40-79),2,6.9,3.0
TC-05789,Male,0,No,No,30,Yes,Fiber optic,No,No,Yes,Two year,No,Electronic check,91.19,2805.8,0,25-48 months,High (80+),2,23.4,4.5
TC-05790,Male,0,Yes,No,57,Yes,DSL,No,Yes,Yes,One year,Yes,Mailed check,67.49,3813.39,0,49+ months,Medium (40-79),2,12.5,4.0
TC-05791,Male,0,No,No,8,No,Fiber optic,No,Yes,Yes,Month-to-month,No,Mailed check,100.5,800.2,0,0-12 months,High (80+),0,,
TC-05792,Female,0,Yes,No,29,Yes,DSL,Yes,No,Yes,Month-to-month,No,Bank transfer,70.56,2020.72,0,25-48 months,Medium (40-79),0,,
TC-05793,Female,0,No,No,21,Yes,DSL,Yes,Yes,No,Month-to-month,Yes,Credit card,66.83,1386.9,0,13-24 months,Medium (40-79),0,,
TC-05794,Female,0,No,No,6,Yes,Fiber optic,Yes,No,Yes,Month-to-month,Yes,Credit card,94.66,565.13,1,0-12 months,High (80+),1,34.8,5.0
TC-05795,Male,0,Yes,Yes,18,Yes,No internet,No internet service,No internet service,No internet service,Month-to-month,Yes,Credit card,21.0,370.81,0,13-24 months,Low (<40),2,7.0,2.0
TC-05796,Male,0,No,No,8,Yes,No internet,No internet service,No internet service,No internet service,Month-to-month,Yes,Credit card,22.49,181.69,1,0-12 months,Low (<40),1,32.7,3.0
TC-05797,Female,0,No,No,10,Yes,Fiber optic,No,Yes,No,Month-to-month,Yes,Mailed check,93.22,934.88,0,0-12 months,High (80+),0,,
TC-05798,Female,0,Yes,Yes,4,Yes,No internet,No internet service,No internet service,No internet service,Month-to-month,Yes,Bank transfer,19.19,78.59,0,0-12 months,Low (<40),1,4.9,4.0
TC-05799,Female,1,Yes,No,22,Yes,DSL,Yes,No,Yes,Month-to-month,Yes,Electronic check,62.11,1384.55,0,13-24 months,Medium (40-79),2,22.4,3.0
TC-05800,Male,0,No,No,12,Yes,Fiber optic,No,No,No,One year,No,Electronic check,86.68,1029.57,0,0-12 months,High (80+),2,13.0,4.0
TC-05801,Male,1,Yes,No,40,Yes,Fiber optic,Yes,No,No,Month-to-month,Yes,Bank transfer,88.31,3451.83,0,25-48 months,High (80+),1,28.8,4.0
TC-05802,Male,1,No,No,2,Yes,No internet,No internet service,No internet service,No internet service,Month-to-month,Yes,Bank transfer,23.21,47.69,0,0-12 months,Low (<40),1,21.1,5.0
TC-05803,Male,1,No,No,30,Yes,Fiber optic,No,Yes,Yes,One year,Yes,Credit card,90.17,2700.04,0,25-48 months,High (80+),3,25.8,3.0
TC-05804,Female,1,Yes,Yes,63,Yes,DSL,No,Yes,No,Two year,No,Credit card,52.46,3308.39,0,49+ months,Medium (40-79),0,,
TC-05805,Male,0,No,No,7,Yes,Fiber optic,Yes,No,No,One year,No,Electronic check,77.37,554.45,0,0-12 months,Medium (40-79),0,,
TC-05806,Female,0,No,No,24,Yes,DSL,Yes,Yes,Yes,One year,No,Electronic check,70.52,1648.75,0,13-24 months,Medium (40-79),1,34.0,3.0
TC-05807,Male,0,Yes,No,7,Yes,DSL,No,Yes,No,Month-to-month,No,Mailed check,59.77,408.35,0,0-12 months,Medium (40-79),0,,
TC-05808,Female,1,Yes,No,72,Yes,No internet,No internet service,No internet service,No internet service,Two year,No,Electronic check,18.0,1276.8,0,49+ months,Low (<40),0,,
TC-05809,Male,1,No,No,52,No,DSL,Yes,No,Yes,One year,Yes,Mailed check,63.73,3313.59,0,49+ months,Medium (40-79),0,,
TC-05810,Female,0,Yes,Yes,11,Yes,DSL,No,Yes,Yes,Month-to-month,No,Mailed check,70.36,792.09,0,0-12 months,Medium (40-79),0,,
TC-05811,Male,0,No,No,53,Yes,Fiber optic,Yes,No,No,One year,Yes,Mailed check,84.17,4342.79,0,49+ months,High (80+),1,15.3,2.0
TC-05812,Male,1,Yes,No,72,Yes,DSL,No,No,Yes,One year,No,Mailed check,59.57,4189.11,0,49+ months,Medium (40-79),2,21.6,3.5
TC-05813,Male,1,No,Yes,53,Yes,No internet,No internet service,No internet service,No internet service,One year,Yes,Electronic check,33.22,1796.03,0,49+ months,Low (<40),2,11.7,3.5
TC-05814,Female,1,No,No,17,Yes,Fiber optic,No,Yes,No,Month-to-month,Yes,Electronic check,94.47,1627.83,1,13-24 months,High (80+),0,,
TC-05815,Male,0,Yes,Yes,4,Yes,No internet,No internet service,No internet service,No internet service,Two year,Yes,Mailed check,18.8,73.59,0,0-12 months,Low (<40),2,22.6,3.5
TC-05816,Female,1,Yes,No,33,Yes,DSL,No,Yes,Yes,One year,Yes,Electronic check,72.8,2378.29,0,25-48 months,Medium (40-79),0,,
TC-05817,Female,0,Yes,No,26,Yes,No internet,No internet service,No internet service,No internet service,One year,Yes,Credit card,26.05,694.79,0,25-48 months,Low (<40),2,14.8,4.0
TC-05818,Female,0,No,No,24,Yes,Fiber optic,No,No,Yes,Month-to-month,No,Electronic check,88.46,2135.06,0,13-24 months,High (80+),0,,
TC-05819,Male,0,No,Yes,9,Yes,No internet,No internet service,No internet service,No internet service,Month-to-month,Yes,Mailed check,18.0,160.07,1,0-12 months,Low (<40),2,7.1,3.0
TC-05820,Female,0,Yes,No,68,Yes,Fiber optic,No,No,No,Two year,Yes,Electronic check,93.66,6343.98,0,49+ months,High (80+),4,24.9,3.75
TC-05821,Male,0,No,No,12,Yes,No internet,No internet service,No internet service,No internet service,Month-to-month,Yes,Mailed check,20.6,247.37,0,0-12 months,Low (<40),3,8.3,4.0
TC-05822,Female,0,No,No,72,Yes,Fiber optic,No,No,Yes,One year,No,Bank transfer,90.83,6671.44,0,49+ months,High (80+),1,9.8,3.0
TC-05823,Male,0,No,Yes,52,Yes,DSL,Yes,No,No,Month-to-month,No,Electronic check,76.51,4093.55,0,49+ months,Medium (40-79),1,20.8,4.0
TC-05824,Male,0,No,No,7,Yes,Fiber optic,No,No,Yes,One year,Yes,Electronic check,97.97,701.08,1,0-12 months,High (80+),0,,
TC-05825,Male,0,Yes,No,21,Yes,Fiber optic,No,No,No,One year,No,Mailed check,81.59,1682.66,0,13-24 months,High (80+),0,,
TC-05826,Male,0,No,No,72,Yes,DSL,Yes,No,Yes,Two year,Yes,Electronic check,74.84,5249.33,0,49+ months,Medium (40-79),0,,
TC-05827,Male,0,No,No,14,Yes,Fiber optic,Yes,Yes,No,Two year,Yes,Electronic check,93.71,1280.85,0,13-24 months,High (80+),2,8.9,2.5
TC-05828,Female,0,Yes,Yes,46,Yes,DSL,No,No,No,Month-to-month,Yes,Electronic check,48.48,2183.54,0,25-48 months,Medium (40-79),2,16.4,2.5
TC-05829,Male,0,Yes,No,3,Yes,Fiber optic,Yes,No,No,Month-to-month,Yes,Electronic check,109.67,331.48,0,0-12 months,High (80+),1,36.7,5.0
TC-05830,Male,0,No,No,18,Yes,Fiber optic,No,Yes,No,Month-to-month,Yes,Mailed check,81.96,1484.78,0,13-24 months,High (80+),0,,
TC-05831,Female,0,Yes,No,29,Yes,DSL,Yes,No,Yes,Month-to-month,Yes,Mailed check,68.19,1977.99,0,25-48 months,Medium (40-79),0,,
TC-05832,Male,0,No,No,1,Yes,DSL,No,Yes,Yes,Month-to-month,Yes,Bank transfer,71.81,72.18,0,0-12 months,Medium (40-79),2,17.6,3.0
TC-05833,Female,0,Yes,No,26,Yes,Fiber optic,No,Yes,No,Two year,Yes,Electronic check,104.09,2640.94,1,25-48 months,High (80+),4,16.8,2.0
TC-05834,Female,1,No,Yes,27,Yes,No internet,No internet service,No internet service,No internet service,Month-to-month,Yes,Electronic check,33.85,926.87,0,25-48 months,Low (<40),0,,
TC-05835,Male,0,No,No,53,Yes,DSL,Yes,No,No,One year,Yes,Bank transfer,64.45,3484.22,0,49+ months,Medium (40-79),2,12.4,4.0
TC-05836,Female,0,No,No,21,Yes,No internet,No internet service,No internet service,No internet service,One year,No,Mailed check,24.7,506.75,0,13-24 months,Low (<40),1,7.7,5.0
TC-05837,Male,0,Yes,No,10,Yes,DSL,No,Yes,No,Month-to-month,No,Mailed check,82.32,832.94,0,0-12 months,High (80+),0,,
TC-05838,Male,1,No,Yes,31,Yes,Fiber optic,No,No,No,Month-to-month,Yes,Credit card,99.0,3070.75,0,25-48 months,High (80+),2,5.8,3.5
TC-05839,Female,0,Yes,No,41,Yes,Fiber optic,Yes,No,Yes,Month-to-month,No,Bank transfer,95.69,3959.14,1,25-48 months,High (80+),1,32.4,3.0
TC-05840,Male,0,No,No,35,Yes,DSL,No,No,Yes,Month-to-month,Yes,Credit card,67.8,2404.13,0,25-48 months,Medium (40-79),1,9.4,4.0
TC-05841,Male,0,No,No,11,Yes,DSL,No,No,No,Month-to-month,Yes,Mailed check,54.75,620.19,0,0-12 months,Medium (40-79),0,,
TC-05842,Male,0,Yes,No,7,Yes,DSL,Yes,Yes,No,One year,Yes,Electronic check,64.47,454.39,0,0-12 months,Medium (40-79),2,19.6,3.5
TC-05843,Male,0,Yes,No,34,Yes,DSL,No,Yes,No,One year,No,Electronic check,64.9,2270.91,1,25-48 months,Medium (40-79),2,49.8,3.0
TC-05844,Female,0,Yes,Yes,17,Yes,DSL,Yes,Yes,No,Month-to-month,Yes,Credit card,79.58,1392.31,0,13-24 months,Medium (40-79),1,5.0,3.0
TC-05845,Female,0,Yes,Yes,20,Yes,Fiber optic,No,No,No,Month-to-month,No,Electronic check,79.59,1607.19,0,13-24 months,Medium (40-79),2,5.3,3.5
TC-05846,Male,0,Yes,No,5,Yes,DSL,No,No,No,Two year,Yes,Bank transfer,41.0,204.11,0,0-12 months,Medium (40-79),0,,
TC-05847,Male,0,No,No,29,Yes,Fiber optic,No,Yes,No,Month-to-month,Yes,Mailed check,77.47,2189.48,0,25-48 months,Medium (40-79),1,6.7,4.0
TC-05848,Female,0,Yes,No,21,Yes,No internet,No internet service,No internet service,No internet service,Month-to-month,No,Bank transfer,18.0,369.14,1,13-24 months,Low (<40),3,20.8,4.0
TC-05849,Female,0,Yes,No,43,Yes,Fiber optic,No,No,No,One year,No,Electronic check,81.21,3403.98,0,25-48 months,High (80+),1,16.0,2.0
TC-05850,Female,1,Yes,No,26,Yes,No internet,No internet service,No internet service,No internet service,One year,No,Mailed check,22.12,577.46,0,25-48 months,Low (<40),0,,
TC-05851,Female,0,No,No,59,Yes,DSL,No,No,Yes,Two year,No,Mailed check,52.38,3124.99,0,49+ months,Medium (40-79),2,28.5,4.0
TC-05852,Male,0,No,No,65,Yes,DSL,Yes,No,No,Month-to-month,Yes,Bank transfer,45.03,2974.61,1,49+ months,Medium (40-79),1,6.1,4.0
TC-05853,Male,0,No,No,21,Yes,DSL,Yes,No,No,Two year,Yes,Bank transfer,64.81,1380.75,0,13-24 months,Medium (40-79),0,,
TC-05854,Female,0,No,Yes,22,Yes,Fiber optic,Yes,Yes,Yes,Month-to-month,Yes,Electronic check,104.94,2370.79,0,13-24 months,High (80+),2,21.1,4.0
TC-05855,Male,0,No,Yes,25,Yes,DSL,No,No,Yes,Month-to-month,Yes,Bank transfer,60.07,1493.22,1,25-48 months,Medium (40-79),0,,
TC-05856,Male,1,Yes,No,5,Yes,Fiber optic,Yes,Yes,No,Month-to-month,Yes,Bank transfer,92.99,456.51,0,0-12 months,High (80+),0,,
TC-05857,Female,1,Yes,No,25,Yes,Fiber optic,No,No,Yes,Month-to-month,No,Credit card,91.49,2252.17,0,25-48 months,High (80+),1,3.0,3.0
TC-05858,Female,0,Yes,No,16,Yes,No internet,No internet service,No internet service,No internet service,Month-to-month,No,Credit card,26.69,424.55,1,13-24 months,Low (<40),0,,
TC-05859,Male,0,No,No,2,Yes,No internet,No internet service,No internet service,No internet service,Month-to-month,Yes,Electronic check,28.82,56.6,1,0-12 months,Low (<40),0,,
TC-05860,Female,0,No,No,10,Yes,Fiber optic,No,Yes,No,One year,Yes,Mailed check,71.75,718.53,0,0-12 months,Medium (40-79),0,,
TC-05861,Male,0,No,No,36,Yes,DSL,No,Yes,No,One year,Yes,Electronic check,55.05,1949.62,0,25-48 months,Medium (40-79),0,,
TC-05862,Female,0,Yes,No,17,No,Fiber optic,Yes,No,Yes,Month-to-month,Yes,Credit card,104.74,1734.63,0,13-24 months,High (80+),0,,
TC-05863,Female,0,No,No,15,Yes,No internet,No internet service,No internet service,No internet service,Month-to-month,No,Credit card,25.19,367.41,0,13-24 months,Low (<40),0,,
TC-05864,Male,0,No,No,72,Yes,Fiber optic,No,No,No,Two year,Yes,Electronic check,79.95,5715.91,0,49+ months,Medium (40-79),3,32.4,4.0
TC-05865,Male,1,No,Yes,10,Yes,Fiber optic,No,Yes,Yes,Month-to-month,No,Mailed check,96.91,980.53,1,0-12 months,High (80+),1,35.4,5.0
TC-05866,Male,1,Yes,No,38,Yes,DSL,No,No,No,Month-to-month,No,Credit card,55.08,2082.85,0,25-48 months,Medium (40-79),0,,
TC-05867,Female,0,Yes,Yes,44,Yes,No internet,No internet service,No internet service,No internet service,Two year,Yes,Credit card,18.0,814.44,0,25-48 months,Low (<40),0,,
TC-05868,Male,0,Yes,Yes,22,Yes,No internet,No internet service,No internet service,No internet service,Month-to-month,Yes,Mailed check,18.0,395.63,0,13-24 months,Low (<40),0,,
TC-05869,Male,0,No,No,52,Yes,Fiber optic,No,Yes,No,Month-to-month,Yes,Mailed check,81.02,4286.85,1,49+ months,High (80+),0,,
TC-05870,Male,0,No,No,45,Yes,No internet,No internet service,No internet service,No internet service,One year,Yes,Electronic check,18.0,788.09,0,25-48 months,Low (<40),2,18.3,2.5
TC-05871,Male,0,Yes,No,51,Yes,Fiber optic,No,Yes,No,Month-to-month,Yes,Electronic check,87.26,4516.82,0,49+ months,High (80+),1,55.8,3.0
TC-05872,Female,0,No,Yes,2,Yes,DSL,No,No,Yes,Month-to-month,Yes,Mailed check,62.38,123.75,0,0-12 months,Medium (40-79),0,,
TC-05873,Male,0,No,No,17,Yes,No internet,No internet service,No internet service,No internet service,Two year,Yes,Mailed check,26.18,453.01,0,13-24 months,Low (<40),1,29.7,2.0
TC-05874,Male,0,Yes,Yes,52,Yes,Fiber optic,No,No,No,One year,Yes,Electronic check,79.39,4186.17,1,49+ months,Medium (40-79),1,8.0,3.0
TC-05875,Female,1,No,Yes,36,No,Fiber optic,No,No,No,Two year,No,Bank transfer,69.11,2470.04,0,25-48 months,Medium (40-79),1,5.1,3.0
TC-05876,Female,1,No,No,13,Yes,DSL,Yes,Yes,No,Month-to-month,Yes,Electronic check,69.54,889.11,1,13-24 months,Medium (40-79),0,,
TC-05877,Male,0,Yes,Yes,25,Yes,Fiber optic,No,No,Yes,Month-to-month,No,Bank transfer,86.38,2181.7,0,25-48 months,High (80+),0,,
TC-05878,Male,1,Yes,No,2,No,Fiber optic,Yes,Yes,No,Month-to-month,No,Electronic check,95.12,195.8,0,0-12 months,High (80+),0,,
TC-05879,Male,1,Yes,No,19,Yes,Fiber optic,No,Yes,No,Month-to-month,No,Credit card,88.36,1665.98,1,13-24 months,High (80+),1,20.2,2.0
TC-05880,Male,0,No,Yes,22,No,Fiber optic,Yes,No,Yes,Month-to-month,No,Electronic check,89.94,2015.53,1,13-24 months,High (80+),2,11.8,1.5
TC-05881,Male,0,No,No,8,Yes,Fiber optic,No,No,Yes,Month-to-month,No,Bank transfer,83.59,656.93,0,0-12 months,High (80+),3,20.4,2.67
TC-05882,Male,0,No,No,22,Yes,No internet,No internet service,No internet service,No internet service,Month-to-month,Yes,Electronic check,26.54,579.78,0,13-24 months,Low (<40),3,15.7,3.0
TC-05883,Male,0,No,No,8,Yes,Fiber optic,No,No,No,Month-to-month,No,Bank transfer,74.74,609.14,0,0-12 months,Medium (40-79),2,15.2,3.0
TC-05884,Male,0,No,No,1,Yes,DSL,Yes,No,No,Month-to-month,Yes,Mailed check,64.68,66.08,1,0-12 months,Medium (40-79),0,,
TC-05885,Male,0,Yes,No,44,Yes,DSL,Yes,No,No,Two year,No,Bank transfer,67.66,2937.02,0,25-48 months,Medium (40-79),3,18.6,3.67
TC-05886,Female,1,Yes,No,22,Yes,DSL,Yes,No,Yes,Two year,Yes,Mailed check,66.03,1464.89,0,13-24 months,Medium (40-79),1,24.4,3.0
TC-05887,Male,0,Yes,No,20,Yes,DSL,Yes,No,No,Month-to-month,Yes,Electronic check,57.02,1108.56,0,13-24 months,Medium (40-79),1,51.7,5.0
TC-05888,Male,0,No,No,49,Yes,DSL,No,No,No,One year,Yes,Bank transfer,55.2,2672.83,0,49+ months,Medium (40-79),3,7.8,3.0
TC-05889,Female,0,Yes,Yes,7,Yes,Fiber optic,No,No,No,Month-to-month,Yes,Credit card,82.07,577.02,1,0-12 months,High (80+),3,10.9,3.0
TC-05890,Female,0,No,No,15,Yes,DSL,No,Yes,Yes,Month-to-month,No,Bank transfer,70.96,1080.42,0,13-24 months,Medium (40-79),1,2.2,4.0
TC-05891,Male,0,Yes,Yes,40,Yes,Fiber optic,No,No,No,Month-to-month,Yes,Electronic check,75.25,2960.82,1,25-48 months,Medium (40-79),0,,
TC-05892,Female,0,No,Yes,40,Yes,No internet,No internet service,No internet service,No internet service,One year,Yes,Bank transfer,18.11,714.05,0,25-48 months,Low (<40),2,10.1,3.0
TC-05893,Female,0,Yes,No,17,Yes,Fiber optic,Yes,Yes,Yes,Two year,No,Mailed check,99.9,1727.16,0,13-24 months,High (80+),0,,
TC-05894,Female,0,Yes,Yes,42,Yes,DSL,No,No,No,Two year,Yes,Electronic check,60.12,2546.2,0,25-48 months,Medium (40-79),1,31.3,2.0
TC-05895,Female,0,No,No,9,No,DSL,No,No,Yes,Month-to-month,Yes,Mailed check,68.05,597.79,0,0-12 months,Medium (40-79),0,,
TC-05896,Female,1,Yes,No,37,Yes,DSL,No,No,Yes,One year,No,Bank transfer,56.51,2052.03,0,25-48 months,Medium (40-79),1,9.8,3.0
TC-05897,Female,1,No,No,36,Yes,Fiber optic,No,No,No,Month-to-month,Yes,Credit card,85.56,3082.78,1,25-48 months,High (80+),6,24.5,2.83
TC-05898,Female,0,No,No,28,Yes,DSL,No,No,Yes,One year,Yes,Bank transfer,57.65,1566.89,0,25-48 months,Medium (40-79),3,21.7,3.67
TC-05899,Male,1,Yes,Yes,72,Yes,DSL,Yes,No,Yes,Two year,Yes,Electronic check,62.91,4547.84,0,49+ months,Medium (40-79),0,,
TC-05900,Male,1,Yes,No,35,Yes,DSL,No,No,No,One year,No,Bank transfer,58.14,2032.48,0,25-48 months,Medium (40-79),2,31.8,3.5
TC-05901,Female,0,No,Yes,35,Yes,DSL,No,Yes,Yes,Month-to-month,Yes,Credit card,51.5,1843.56,0,25-48 months,Medium (40-79),0,,
TC-05902,Female,0,Yes,Yes,38,Yes,Fiber optic,No,No,No,Month-to-month,Yes,Electronic check,80.56,3110.2,0,25-48 months,High (80+),1,23.7,3.0
TC-05903,Female,0,No,Yes,72,Yes,Fiber optic,No,Yes,No,Month-to-month,Yes,Electronic check,89.47,6350.25,0,49+ months,High (80+),1,23.7,4.0
TC-05904,Male,1,Yes,No,52,Yes,DSL,No,No,No,One year,Yes,Electronic check,58.24,2964.63,0,49+ months,Medium (40-79),2,13.9,2.5
TC-05905,Male,1,Yes,Yes,57,Yes,Fiber optic,No,No,Yes,One year,Yes,Credit card,99.34,5549.69,1,49+ months,High (80+),1,2.0,4.0
TC-05906,Female,0,Yes,Yes,37,Yes,DSL,Yes,No,Yes,One year,No,Credit card,73.64,2671.0,0,25-48 months,Medium (40-79),2,27.6,3.0
TC-05907,Male,0,No,No,16,Yes,Fiber optic,No,No,Yes,Month-to-month,Yes,Bank transfer,92.23,1497.68,1,13-24 months,High (80+),3,17.8,2.67
TC-05908,Female,1,Yes,Yes,62,Yes,Fiber optic,No,No,No,One year,Yes,Electronic check,86.0,5436.53,0,49+ months,High (80+),3,12.5,3.67
TC-05909,Female,0,No,Yes,3,Yes,DSL,Yes,Yes,Yes,Month-to-month,No,Credit card,74.71,227.28,1,0-12 months,Medium (40-79),0,,
TC-05910,Female,0,No,Yes,27,No,DSL,No,No,No,Two year,No,Electronic check,54.2,1435.74,0,25-48 months,Medium (40-79),1,3.7,4.0
TC-05911,Female,1,Yes,No,45,No,Fiber optic,No,Yes,No,Two year,Yes,Electronic check,89.8,3948.02,0,25-48 months,High (80+),0,,
TC-05912,Male,0,No,No,22,Yes,No internet,No internet service,No internet service,No internet service,Month-to-month,No,Mailed check,25.24,551.34,0,13-24 months,Low (<40),1,3.5,5.0
TC-05913,Female,0,No,Yes,53,Yes,DSL,No,No,Yes,One year,No,Mailed check,78.75,4286.3,0,49+ months,Medium (40-79),1,19.8,3.0
TC-05914,Male,0,No,No,34,No,DSL,Yes,No,No,One year,No,Mailed check,66.95,2222.99,0,25-48 months,Medium (40-79),3,16.5,3.67
TC-05915,Female,0,No,No,27,Yes,Fiber optic,No,No,No,Month-to-month,No,Credit card,88.28,2444.22,1,25-48 months,High (80+),0,,
TC-05916,Male,0,Yes,No,7,Yes,Fiber optic,Yes,No,Yes,Month-to-month,Yes,Electronic check,96.6,689.59,0,0-12 months,High (80+),3,24.2,2.67
TC-05917,Male,0,No,No,1,Yes,No internet,No internet service,No internet service,No internet service,Month-to-month,No,Credit card,18.0,18.24,0,0-12 months,Low (<40),4,15.6,3.5
TC-05918,Male,0,No,No,44,Yes,Fiber optic,Yes,No,Yes,One year,No,Electronic check,90.99,3982.24,0,25-48 months,High (80+),2,10.6,3.5
TC-05919,Female,0,No,No,6,Yes,Fiber optic,No,No,No,Month-to-month,No,Bank transfer,82.23,488.06,1,0-12 months,High (80+),3,10.2,2.0
TC-05920,Male,0,No,No,12,Yes,DSL,No,No,No,Month-to-month,Yes,Credit card,63.47,758.84,0,0-12 months,Medium (40-79),0,,
TC-05921,Male,0,No,No,46,Yes,Fiber optic,No,Yes,No,Two year,Yes,Credit card,96.11,4487.9,0,25-48 months,High (80+),0,,
TC-05922,Female,0,Yes,No,13,Yes,No internet,No internet service,No internet service,No internet service,Month-to-month,No,Bank transfer,21.52,273.22,0,13-24 months,Low (<40),0,,
TC-05923,Male,0,No,No,50,Yes,Fiber optic,No,No,No,One year,Yes,Credit card,76.66,3890.17,0,49+ months,Medium (40-79),1,60.0,4.0
TC-05924,Female,0,No,No,17,Yes,Fiber optic,No,No,No,Month-to-month,No,Bank transfer,86.67,1501.13,1,13-24 months,High (80+),1,31.5,3.0
TC-05925,Male,0,Yes,No,4,Yes,DSL,No,No,No,Month-to-month,No,Mailed check,59.63,238.61,1,0-12 months,Medium (40-79),1,20.0,2.0
TC-05926,Female,0,No,No,1,No,Fiber optic,No,Yes,No,Month-to-month,No,Electronic check,88.97,87.28,1,0-12 months,High (80+),1,6.8,3.0
TC-05927,Male,1,No,No,33,Yes,DSL,No,No,No,Month-to-month,No,Electronic check,64.3,2089.68,0,25-48 months,Medium (40-79),0,,
TC-05928,Female,0,Yes,No,28,Yes,DSL,No,No,Yes,Two year,Yes,Electronic check,75.48,2166.08,0,25-48 months,Medium (40-79),0,,
TC-05929,Male,1,No,No,46,Yes,DSL,No,No,No,One year,Yes,Credit card,67.39,3162.76,0,25-48 months,Medium (40-79),1,12.0,5.0
TC-05930,Female,0,No,Yes,46,Yes,Fiber optic,No,No,No,Month-to-month,Yes,Electronic check,88.96,4038.4,1,25-48 months,High (80+),1,16.6,1.0
TC-05931,Male,0,Yes,Yes,23,Yes,DSL,Yes,Yes,No,Month-to-month,No,Mailed check,82.76,1905.75,0,13-24 months,High (80+),0,,
TC-05932,Female,0,No,Yes,21,Yes,DSL,No,No,No,Month-to-month,Yes,Bank transfer,57.77,1190.26,0,13-24 months,Medium (40-79),0,,
TC-05933,Male,1,Yes,No,24,Yes,DSL,Yes,Yes,Yes,Two year,No,Credit card,76.37,1789.49,0,13-24 months,Medium (40-79),0,,
TC-05934,Male,0,No,No,72,No,Fiber optic,Yes,No,No,Two year,Yes,Electronic check,89.89,6502.31,0,49+ months,High (80+),2,21.3,4.5
TC-05935,Male,0,No,Yes,11,Yes,DSL,Yes,No,No,Month-to-month,Yes,Credit card,54.86,586.7,0,0-12 months,Medium (40-79),2,11.0,3.0
TC-05936,Female,0,Yes,No,9,Yes,Fiber optic,Yes,No,Yes,Month-to-month,No,Electronic check,100.98,916.79,1,0-12 months,High (80+),3,21.4,2.33
TC-05937,Male,0,No,No,8,Yes,Fiber optic,Yes,No,Yes,Month-to-month,No,Bank transfer,103.43,835.35,0,0-12 months,High (80+),2,4.5,3.5
TC-05938,Male,0,No,Yes,40,Yes,No internet,No internet service,No internet service,No internet service,Month-to-month,Yes,Bank transfer,18.94,771.07,0,25-48 months,Low (<40),0,,
TC-05939,Female,0,No,Yes,2,Yes,DSL,No,No,Yes,Month-to-month,No,Electronic check,63.37,129.97,1,0-12 months,Medium (40-79),3,18.5,2.67
TC-05940,Female,0,No,No,15,No,DSL,Yes,No,Yes,Month-to-month,Yes,Credit card,55.72,860.26,0,13-24 months,Medium (40-79),1,38.7,2.0
TC-05941,Female,0,Yes,Yes,6,Yes,Fiber optic,No,Yes,No,Month-to-month,No,Credit card,102.11,620.01,0,0-12 months,High (80+),0,,
TC-05942,Female,0,No,No,39,No,DSL,No,No,Yes,One year,Yes,Electronic check,61.99,2422.66,0,25-48 months,Medium (40-79),1,12.0,5.0
TC-05943,Male,0,Yes,Yes,54,Yes,Fiber optic,No,Yes,No,One year,Yes,Bank transfer,91.19,5066.98,0,49+ months,High (80+),0,,
TC-05944,Female,0,No,No,34,Yes,Fiber optic,No,Yes,Yes,One year,Yes,Electronic check,106.28,3559.1,1,25-48 months,High (80+),0,,
TC-05945,Female,0,No,No,57,Yes,No internet,No internet service,No internet service,No internet service,One year,No,Credit card,20.27,1178.0,0,49+ months,Low (<40),0,,
TC-05946,Female,0,No,Yes,32,Yes,Fiber optic,Yes,No,Yes,Month-to-month,No,Mailed check,104.34,3294.19,0,25-48 months,High (80+),1,14.7,4.0
TC-05947,Female,0,Yes,Yes,36,Yes,No internet,No internet service,No internet service,No internet service,Month-to-month,No,Electronic check,26.69,986.27,1,25-48 months,Low (<40),1,23.4,4.0
TC-05948,Male,1,No,No,7,Yes,Fiber optic,No,Yes,No,Month-to-month,No,Mailed check,87.31,594.83,0,0-12 months,High (80+),4,15.7,3.75
TC-05949,Male,1,No,No,22,Yes,Fiber optic,No,Yes,No,Month-to-month,Yes,Mailed check,96.33,2175.14,1,13-24 months,High (80+),0,,
TC-05950,Female,0,No,Yes,22,Yes,No internet,No internet service,No internet service,No internet service,Month-to-month,No,Electronic check,30.99,668.89,0,13-24 months,Low (<40),0,,
TC-05951,Female,0,No,Yes,19,No,Fiber optic,No,No,Yes,Month-to-month,No,Electronic check,95.33,1760.32,0,13-24 months,High (80+),2,7.7,3.5
TC-05952,Male,0,Yes,No,65,Yes,Fiber optic,Yes,No,No,Month-to-month,No,Bank transfer,95.67,6051.08,0,49+ months,High (80+),2,11.8,3.5
TC-05953,Female,0,Yes,No,19,Yes,Fiber optic,Yes,No,Yes,Month-to-month,Yes,Bank transfer,102.23,1931.0,1,13-24 months,High (80+),0,,
TC-05954,Female,0,No,No,16,Yes,No internet,No internet service,No internet service,No internet service,Two year,Yes,Credit card,29.43,459.41,0,13-24 months,Low (<40),0,,
TC-05955,Female,0,No,Yes,60,Yes,Fiber optic,No,No,Yes,Two year,No,Credit card,94.9,5708.32,0,49+ months,High (80+),3,10.4,4.33
TC-05956,Male,0,No,Yes,72,Yes,No internet,No internet service,No internet service,No internet service,One year,Yes,Electronic check,19.29,1422.48,0,49+ months,Low (<40),1,19.4,2.0
TC-05957,Male,1,No,Yes,17,Yes,No internet,No internet service,No internet service,No internet service,Month-to-month,No,Electronic check,18.0,302.33,0,13-24 months,Low (<40),3,14.8,3.67
TC-05958,Male,0,No,Yes,3,Yes,Fiber optic,No,No,Yes,Month-to-month,Yes,Electronic check,92.12,282.06,1,0-12 months,High (80+),0,,
TC-05959,Male,0,No,No,24,Yes,Fiber optic,No,Yes,Yes,Two year,No,Mailed check,107.42,2618.95,0,13-24 months,High (80+),3,21.8,3.67
TC-05960,Female,0,No,No,13,Yes,Fiber optic,No,No,No,One year,Yes,Credit card,91.81,1170.93,0,13-24 months,High (80+),5,20.6,3.2
TC-05961,Male,0,No,No,30,No,Fiber optic,No,Yes,Yes,One year,Yes,Mailed check,95.18,2879.55,1,25-48 months,High (80+),0,,
TC-05962,Male,0,No,No,27,Yes,Fiber optic,No,No,No,One year,Yes,Electronic check,85.84,2351.37,1,25-48 months,High (80+),3,16.6,3.33
TC-05963,Female,0,No,No,72,Yes,Fiber optic,No,No,Yes,Two year,Yes,Mailed check,86.41,6203.03,0,49+ months,High (80+),3,19.3,3.67
TC-05964,Female,0,Yes,Yes,47,Yes,No internet,No internet service,No internet service,No internet service,One year,Yes,Bank transfer,18.0,827.77,0,25-48 months,Low (<40),2,14.9,2.5
TC-05965,Male,0,No,No,33,Yes,DSL,No,Yes,No,Month-to-month,Yes,Mailed check,56.07,1850.91,0,25-48 months,Medium (40-79),0,,
TC-05966,Female,0,No,No,23,Yes,DSL,Yes,Yes,No,Month-to-month,No,Electronic check,55.17,1285.39,0,13-24 months,Medium (40-79),0,,
TC-05967,Female,0,No,No,64,No,DSL,No,No,No,Two year,Yes,Bank transfer,48.9,3070.05,0,49+ months,Medium (40-79),3,17.6,2.67
TC-05968,Female,0,No,Yes,1,Yes,Fiber optic,No,No,Yes,Month-to-month,No,Mailed check,86.12,85.61,1,0-12 months,High (80+),3,17.9,3.33
TC-05969,Female,1,Yes,Yes,10,No,Fiber optic,No,No,No,Month-to-month,No,Electronic check,78.5,798.09,1,0-12 months,Medium (40-79),0,,
TC-05970,Female,0,No,Yes,29,Yes,Fiber optic,Yes,No,No,Month-to-month,Yes,Mailed check,94.52,2684.49,0,25-48 months,High (80+),2,10.5,3.0
TC-05971,Male,0,No,Yes,5,Yes,DSL,No,Yes,Yes,Month-to-month,No,Mailed check,70.01,354.13,0,0-12 months,Medium (40-79),1,13.8,4.0
TC-05972,Female,0,Yes,Yes,39,Yes,Fiber optic,Yes,No,Yes,Month-to-month,No,Electronic check,93.04,3737.2,0,25-48 months,High (80+),0,,
TC-05973,Male,1,Yes,Yes,72,Yes,Fiber optic,Yes,No,Yes,Two year,No,Bank transfer,103.2,7624.31,0,49+ months,High (80+),1,41.1,4.0
TC-05974,Female,0,No,No,52,No,DSL,Yes,No,No,One year,Yes,Credit card,62.73,3281.57,0,49+ months,Medium (40-79),0,,
TC-05975,Male,0,No,No,38,Yes,Fiber optic,No,No,Yes,One year,No,Electronic check,82.41,3060.18,0,25-48 months,High (80+),2,12.6,3.0
TC-05976,Female,0,No,Yes,42,Yes,No internet,No internet service,No internet service,No internet service,One year,Yes,Electronic check,27.31,1177.65,0,25-48 months,Low (<40),2,8.0,4.0
TC-05977,Male,0,No,No,16,Yes,DSL,No,Yes,No,Month-to-month,Yes,Credit card,61.05,992.9,0,13-24 months,Medium (40-79),1,39.0,3.0
TC-05978,Female,0,No,Yes,37,Yes,Fiber optic,No,No,Yes,Two year,No,Electronic check,93.39,3478.27,0,25-48 months,High (80+),3,16.2,3.67
TC-05979,Male,0,Yes,No,8,Yes,Fiber optic,No,No,Yes,Month-to-month,No,Bank transfer,92.18,758.75,1,0-12 months,High (80+),4,18.8,2.75
TC-05980,Male,0,Yes,No,11,Yes,Fiber optic,No,No,Yes,Month-to-month,No,Bank transfer,89.75,1008.8,0,0-12 months,High (80+),2,15.6,2.5
TC-05981,Female,0,Yes,No,19,Yes,No internet,No internet service,No internet service,No internet service,Month-to-month,No,Bank transfer,23.44,447.41,0,13-24 months,Low (<40),1,17.5,4.0
TC-05982,Male,0,Yes,Yes,36,Yes,Fiber optic,Yes,No,No,One year,Yes,Electronic check,89.12,3277.23,1,25-48 months,High (80+),4,13.2,2.5
TC-05983,Female,1,Yes,Yes,20,Yes,DSL,Yes,Yes,No,Two year,No,Electronic check,56.9,1103.99,0,13-24 months,Medium (40-79),0,,
TC-05984,Female,0,No,No,9,No,Fiber optic,Yes,No,No,One year,Yes,Electronic check,95.01,879.33,0,0-12 months,High (80+),1,10.3,5.0
TC-05985,Male,0,Yes,No,50,Yes,DSL,No,No,Yes,One year,Yes,Credit card,69.62,3499.65,0,49+ months,Medium (40-79),2,6.1,4.0
TC-05986,Male,0,Yes,No,2,Yes,DSL,Yes,No,No,Month-to-month,No,Credit card,51.77,103.8,0,0-12 months,Medium (40-79),1,7.5,4.0
TC-05987,Female,0,Yes,No,66,Yes,DSL,Yes,Yes,Yes,One year,Yes,Mailed check,76.9,5045.84,0,49+ months,Medium (40-79),3,23.3,3.67
TC-05988,Female,0,Yes,Yes,72,Yes,DSL,No,No,No,Two year,Yes,Electronic check,50.06,3529.14,0,49+ months,Medium (40-79),1,6.8,5.0
TC-05989,Male,0,No,No,5,Yes,DSL,No,Yes,Yes,Month-to-month,Yes,Mailed check,76.7,378.9,0,0-12 months,Medium (40-79),0,,
TC-05990,Male,0,No,No,48,Yes,Fiber optic,Yes,No,Yes,One year,No,Electronic check,88.56,4214.22,0,25-48 months,High (80+),4,30.2,4.0
TC-05991,Male,0,Yes,No,4,Yes,DSL,No,No,Yes,Month-to-month,Yes,Bank transfer,74.72,297.06,0,0-12 months,Medium (40-79),0,,
TC-05992,Female,0,Yes,Yes,26,Yes,Fiber optic,No,No,No,Month-to-month,Yes,Mailed check,77.13,2001.36,1,25-48 months,Medium (40-79),2,26.8,4.0
TC-05993,Male,0,No,No,45,Yes,No internet,No internet service,No internet service,No internet service,One year,No,Bank transfer,25.74,1172.5,0,25-48 months,Low (<40),3,15.9,3.33
TC-05994,Female,0,Yes,No,26,No,DSL,No,Yes,No,Month-to-month,Yes,Electronic check,69.46,1831.07,0,25-48 months,Medium (40-79),0,,
TC-05995,Male,0,Yes,Yes,9,Yes,DSL,No,Yes,Yes,Month-to-month,No,Bank transfer,85.46,747.55,0,0-12 months,High (80+),1,30.6,5.0
TC-05996,Female,0,Yes,No,20,Yes,Fiber optic,No,No,Yes,Month-to-month,Yes,Mailed check,95.77,1911.65,1,13-24 months,High (80+),2,16.9,3.0
TC-05997,Female,0,No,Yes,5,Yes,Fiber optic,No,No,Yes,Month-to-month,Yes,Credit card,95.08,472.58,1,0-12 months,High (80+),3,15.4,3.33
TC-05998,Male,0,Yes,No,23,Yes,No internet,No internet service,No internet service,No internet service,One year,Yes,Credit card,25.45,578.2,0,13-24 months,Low (<40),0,,
TC-05999,Male,0,No,No,38,Yes,Fiber optic,No,Yes,No,One year,Yes,Electronic check,98.68,3667.75,0,25-48 months,High (80+),0,,
TC-06000,Female,1,No,No,38,No,DSL,Yes,Yes,No,Month-to-month,Yes,Mailed check,69.84,2700.48,0,25-48 months,Medium (40-79),2,14.8,4.0
