ticket_id,customer_id,created_date,category,resolution_hours,satisfaction_score
T000001,TC-00003,2024-10-04,Device,20.4,4
T000002,TC-00003,2024-01-12,Network outage,13.7,4
T000003,TC-00003,2024-03-30,Plan change,16.1,3
T000004,TC-00004,2024-01-16,Slow speed,15.5,2
T000005,TC-00004,2024-08-05,Network outage,17.8,3
T000006,TC-00004,2024-10-23,Billing,23.1,3
T000007,TC-00004,2024-08-15,Slow speed,4.0,4
T000008,TC-00006,2024-08-17,Plan change,4.7,5
T000009,TC-00006,2024-05-11,Network outage,12.6,3
T000010,TC-00006,2024-06-22,Billing,31.0,2
T000011,TC-00006,2024-01-23,Plan change,26.3,5
T000012,TC-00007,2024-10-17,Billing,17.8,1
T000013,TC-00007,2024-02-23,Network outage,23.7,5
T000014,TC-00007,2024-04-08,Network outage,40.5,4
T000015,TC-00007,2024-06-09,Device,10.9,2
T000016,TC-00008,2024-11-16,Device,7.9,2
T000017,TC-00009,2024-10-26,Network outage,13.4,1
T000018,TC-00009,2024-02-09,Slow speed,16.5,4
T000019,TC-00010,2024-08-11,Network outage,11.6,5
T000020,TC-00010,2024-01-03,Plan change,22.2,2
T000021,TC-00011,2024-05-14,Slow speed,24.6,4
T000022,TC-00011,2024-07-18,Billing,21.6,5
T000023,TC-00012,2024-07-29,Network outage,5.4,2
T000024,TC-00012,2024-10-08,Billing,5.4,4
T000025,TC-00013,2024-03-11,Slow speed,14.1,3
T000026,TC-00014,2024-01-01,Network outage,24.6,3
T000027,TC-00016,2024-01-20,Billing,28.6,4
T000028,TC-00016,2024-12-05,Network outage,14.4,5
T000029,TC-00017,2024-07-27,Plan change,12.8,4
T000030,TC-00019,2024-01-08,Billing,10.3,4
T000031,TC-00020,2024-11-11,Plan change,4.9,4
T000032,TC-00020,2024-06-03,Network outage,7.4,3
T000033,TC-00020,2024-04-22,Network outage,25.3,4
T000034,TC-00021,2024-11-30,Network outage,73.8,2
T000035,TC-00021,2024-10-24,Plan change,58.1,3
T000036,TC-00022,2024-04-20,Network outage,20.6,3
T000037,TC-00023,2024-07-21,Slow speed,9.8,5
T000038,TC-00024,2024-01-30,Plan change,21.5,1
T000039,TC-00024,2024-07-26,Slow speed,12.8,3
T000040,TC-00027,2024-03-26,Billing,17.6,2
T000041,TC-00027,2024-07-01,Device,14.9,2
T000042,TC-00028,2024-08-14,Slow speed,11.6,3
T000043,TC-00029,2024-01-23,Billing,13.6,3
T000044,TC-00031,2024-11-04,Plan change,18.8,4
T000045,TC-00031,2024-03-21,Device,36.3,4
T000046,TC-00031,2024-07-06,Billing,34.1,5
T000047,TC-00032,2024-06-17,Network outage,17.3,4
T000048,TC-00033,2024-11-23,Slow speed,9.7,2
T000049,TC-00034,2024-07-19,Network outage,8.6,4
T000050,TC-00034,2024-06-30,Billing,28.1,3
T000051,TC-00035,2024-11-28,Slow speed,27.8,5
T000052,TC-00037,2024-11-28,Slow speed,33.6,4
T000053,TC-00039,2024-12-13,Network outage,40.8,3
T000054,TC-00040,2024-03-04,Network outage,6.9,4
T000055,TC-00040,2024-07-02,Slow speed,18.9,1
T000056,TC-00041,2024-11-10,Network outage,32.6,3
T000057,TC-00042,2024-11-24,Slow speed,37.1,2
T000058,TC-00042,2024-11-22,Billing,30.7,3
T000059,TC-00044,2024-08-19,Billing,18.8,5
T000060,TC-00044,2024-05-09,Billing,3.2,5
T000061,TC-00044,2024-04-01,Plan change,23.9,4
T000062,TC-00045,2024-01-11,Network outage,7.3,4
T000063,TC-00045,2024-10-07,Plan change,21.7,3
T000064,TC-00046,2024-01-16,Device,19.1,4
T000065,TC-00047,2024-05-17,Slow speed,11.7,3
T000066,TC-00048,2024-12-18,Billing,8.5,3
T000067,TC-00051,2024-01-01,Device,11.5,3
T000068,TC-00055,2024-02-11,Slow speed,20.6,3
T000069,TC-00055,2024-03-09,Slow speed,34.9,4
T000070,TC-00055,2024-06-28,Slow speed,24.6,4
T000071,TC-00057,2024-05-29,Plan change,8.9,4
T000072,TC-00057,2024-10-06,Network outage,15.2,3
T000073,TC-00057,2024-01-22,Billing,7.7,3
T000074,TC-00057,2024-07-09,Network outage,4.0,5
T000075,TC-00059,2024-08-22,Billing,18.4,3
T000076,TC-00061,2024-06-16,Slow speed,49.3,2
T000077,TC-00061,2024-09-26,Device,22.4,2
T000078,TC-00061,2024-05-14,Network outage,6.7,2
T000079,TC-00062,2024-11-06,Billing,11.7,1
T000080,TC-00064,2024-12-19,Network outage,12.1,5
T000081,TC-00064,2024-12-19,Device,34.3,4
T000082,TC-00065,2024-04-01,Plan change,5.8,4
T000083,TC-00067,2024-03-05,Slow speed,15.8,2
T000084,TC-00067,2024-05-04,Network outage,18.6,1
T000085,TC-00067,2024-02-04,Device,24.0,3
T000086,TC-00070,2024-10-27,Billing,32.7,5
T000087,TC-00071,2024-04-24,Slow speed,39.9,4
T000088,TC-00071,2024-06-06,Device,28.6,3
T000089,TC-00071,2024-04-24,Plan change,7.4,5
T000090,TC-00072,2024-02-27,Network outage,20.2,4
T000091,TC-00073,2024-05-21,Plan change,8.4,3
T000092,TC-00074,2024-05-02,Slow speed,9.1,2
T000093,TC-00074,2024-02-22,Network outage,16.5,3
T000094,TC-00074,2024-12-05,Network outage,3.8,4
T000095,TC-00074,2024-10-02,Device,22.9,4
T000096,TC-00074,2024-02-22,Slow speed,55.8,3
T000097,TC-00075,2024-11-08,Plan change,12.6,5
T000098,TC-00075,2024-03-23,Device,18.6,4
T000099,TC-00075,2024-04-10,Billing,11.8,5
T000100,TC-00076,2024-06-04,Slow speed,9.8,5
T000101,TC-00077,2024-02-09,Network outage,14.8,5
T000102,TC-00077,2024-05-27,Network outage,13.5,2
T000103,TC-00078,2024-07-29,Slow speed,31.7,2
T000104,TC-00078,2024-03-21,Slow speed,32.3,2
T000105,TC-00079,2024-10-24,Slow speed,33.7,4
T000106,TC-00080,2024-07-20,Slow speed,25.6,4
T000107,TC-00080,2024-09-03,Billing,59.1,4
T000108,TC-00081,2024-09-23,Device,7.8,3
T000109,TC-00081,2024-05-14,Slow speed,24.9,3
T000110,TC-00082,2024-12-24,Network outage,27.3,2
T000111,TC-00083,2024-12-22,Network outage,12.1,2
T000112,TC-00084,2024-10-14,Billing,41.2,1
T000113,TC-00085,2024-05-26,Slow speed,39.6,5
T000114,TC-00085,2024-03-03,Slow speed,39.9,5
T000115,TC-00087,2024-11-23,Slow speed,12.4,3
T000116,TC-00089,2024-01-26,Plan change,28.9,1
T000117,TC-00090,2024-11-30,Device,15.4,5
T000118,TC-00090,2024-02-24,Billing,2.7,4
T000119,TC-00092,2024-08-30,Device,5.9,4
T000120,TC-00094,2024-11-08,Device,4.6,1
T000121,TC-00095,2024-02-11,Slow speed,8.8,5
T000122,TC-00095,2024-07-09,Plan change,12.9,4
T000123,TC-00095,2024-08-31,Slow speed,38.6,3
T000124,TC-00096,2024-07-23,Slow speed,21.0,2
T000125,TC-00096,2024-11-28,Network outage,7.1,3
T000126,TC-00097,2024-02-17,Network outage,21.5,2
T000127,TC-00098,2024-10-17,Network outage,29.9,3
T000128,TC-00099,2024-05-26,Network outage,22.0,3
T000129,TC-00101,2024-01-12,Slow speed,4.4,5
T000130,TC-00101,2024-10-17,Billing,9.3,4
T000131,TC-00101,2024-04-21,Billing,3.2,1
T000132,TC-00102,2024-10-15,Billing,23.8,5
T000133,TC-00102,2024-10-12,Device,7.3,4
T000134,TC-00105,2024-03-27,Billing,9.1,5
T000135,TC-00105,2024-10-04,Plan change,30.2,3
T000136,TC-00105,2024-11-27,Network outage,21.1,4
T000137,TC-00106,2024-01-21,Device,13.0,3
T000138,TC-00110,2024-02-01,Plan change,31.1,2
T000139,TC-00110,2024-11-25,Slow speed,14.9,5
T000140,TC-00110,2024-02-25,Network outage,12.0,2
T000141,TC-00114,2024-05-21,Network outage,5.5,5
T000142,TC-00114,2024-07-16,Plan change,7.4,5
T000143,TC-00115,2024-12-05,Slow speed,21.1,5
T000144,TC-00115,2024-07-01,Billing,26.9,2
T000145,TC-00115,2024-09-11,Billing,31.4,4
T000146,TC-00116,2024-07-27,Slow speed,15.9,4
T000147,TC-00116,2024-09-06,Plan change,7.0,3
T000148,TC-00116,2024-04-08,Network outage,9.8,2
T000149,TC-00119,2024-07-10,Network outage,7.3,3
T000150,TC-00119,2024-12-06,Network outage,29.4,2
T000151,TC-00120,2024-07-06,Plan change,27.9,1
T000152,TC-00121,2024-12-16,Device,10.3,2
T000153,TC-00121,2024-07-15,Billing,15.3,1
T000154,TC-00122,2024-08-03,Billing,16.7,5
T000155,TC-00123,2024-08-16,Network outage,62.6,2
T000156,TC-00123,2024-08-26,Slow speed,17.9,3
T000157,TC-00123,2024-09-21,Plan change,30.7,4
T000158,TC-00123,2024-01-14,Plan change,3.4,5
T000159,TC-00124,2024-01-16,Billing,5.5,2
T000160,TC-00125,2024-03-24,Device,22.3,4
T000161,TC-00126,2024-08-22,Device,25.8,1
T000162,TC-00127,2024-01-06,Billing,16.5,3
T000163,TC-00127,2024-12-05,Network outage,11.5,4
T000164,TC-00128,2024-07-12,Billing,34.5,3
T000165,TC-00128,2024-08-04,Plan change,24.9,5
T000166,TC-00129,2024-01-31,Plan change,18.2,3
T000167,TC-00131,2024-05-31,Network outage,14.7,3
T000168,TC-00132,2024-11-07,Plan change,6.1,4
T000169,TC-00133,2024-03-28,Network outage,4.5,5
T000170,TC-00133,2024-06-21,Network outage,1.7,3
T000171,TC-00134,2024-11-23,Network outage,32.5,3
T000172,TC-00134,2024-07-05,Billing,3.8,5
T000173,TC-00134,2024-11-25,Plan change,21.0,3
T000174,TC-00137,2024-06-27,Billing,20.0,1
T000175,TC-00138,2024-06-05,Network outage,5.6,3
T000176,TC-00139,2024-02-07,Slow speed,10.0,4
T000177,TC-00139,2024-01-13,Slow speed,41.8,2
T000178,TC-00142,2024-06-17,Network outage,26.3,2
T000179,TC-00142,2024-07-07,Slow speed,2.9,3
T000180,TC-00143,2024-08-18,Plan change,26.8,4
T000181,TC-00143,2024-01-17,Slow speed,16.7,4
T000182,TC-00144,2024-05-28,Slow speed,10.4,3
T000183,TC-00145,2024-03-26,Network outage,21.1,4
T000184,TC-00146,2024-10-28,Network outage,12.5,4
T000185,TC-00146,2024-09-19,Device,13.2,4
T000186,TC-00147,2024-11-29,Plan change,11.5,5
T000187,TC-00147,2024-06-29,Network outage,17.9,5
T000188,TC-00147,2024-06-07,Billing,40.3,3
T000189,TC-00148,2024-01-19,Slow speed,20.5,2
T000190,TC-00148,2024-10-27,Network outage,28.8,5
T000191,TC-00149,2024-08-24,Plan change,38.1,2
T000192,TC-00150,2024-09-01,Plan change,12.5,4
T000193,TC-00150,2024-08-01,Billing,13.7,4
T000194,TC-00153,2024-01-19,Plan change,13.1,5
T000195,TC-00153,2024-12-10,Plan change,4.2,3
T000196,TC-00153,2024-08-31,Network outage,11.4,3
T000197,TC-00154,2024-04-17,Network outage,2.7,4
T000198,TC-00159,2024-05-26,Plan change,1.2,2
T000199,TC-00160,2024-08-28,Billing,20.8,4
T000200,TC-00160,2024-04-09,Billing,12.7,4
T000201,TC-00161,2024-05-29,Billing,13.8,4
T000202,TC-00161,2024-10-30,Plan change,18.8,5
T000203,TC-00161,2024-02-17,Billing,52.7,4
T000204,TC-00161,2024-04-12,Slow speed,6.7,3
T000205,TC-00161,2024-07-26,Slow speed,7.7,4
T000206,TC-00162,2024-04-04,Plan change,2.1,4
T000207,TC-00162,2024-02-18,Slow speed,16.7,3
T000208,TC-00162,2024-07-29,Plan change,50.9,3
T000209,TC-00163,2024-08-27,Billing,11.4,2
T000210,TC-00163,2024-08-10,Plan change,1.8,1
T000211,TC-00163,2024-01-21,Slow speed,10.3,4
T000212,TC-00164,2024-02-06,Device,20.5,4
T000213,TC-00164,2024-03-06,Network outage,13.4,1
T000214,TC-00169,2024-11-12,Slow speed,14.4,3
T000215,TC-00169,2024-09-05,Network outage,100.1,3
T000216,TC-00169,2024-07-27,Device,40.4,5
T000217,TC-00170,2024-03-14,Device,3.9,1
T000218,TC-00173,2024-02-07,Slow speed,12.5,2
T000219,TC-00173,2024-02-15,Network outage,9.6,4
T000220,TC-00174,2024-11-26,Network outage,7.0,2
T000221,TC-00174,2024-09-25,Billing,15.0,2
T000222,TC-00174,2024-07-24,Network outage,17.1,1
T000223,TC-00175,2024-11-24,Device,32.7,3
T000224,TC-00176,2024-05-12,Slow speed,29.7,5
T000225,TC-00176,2024-02-29,Slow speed,8.0,4
T000226,TC-00177,2024-12-24,Slow speed,16.9,5
T000227,TC-00177,2024-12-15,Network outage,43.8,3
T000228,TC-00178,2024-02-23,Billing,11.8,4
T000229,TC-00178,2024-12-16,Plan change,42.2,4
T000230,TC-00178,2024-06-22,Slow speed,10.1,5
T000231,TC-00179,2024-12-24,Slow speed,14.9,2
T000232,TC-00179,2024-02-01,Billing,20.3,4
T000233,TC-00180,2024-11-05,Plan change,12.8,2
T000234,TC-00181,2024-11-28,Device,5.8,2
T000235,TC-00182,2024-02-01,Network outage,12.3,4
T000236,TC-00183,2024-10-14,Slow speed,19.4,4
T000237,TC-00183,2024-08-03,Billing,19.0,4
T000238,TC-00183,2024-09-06,Slow speed,6.1,3
T000239,TC-00184,2024-10-14,Network outage,11.4,4
T000240,TC-00185,2024-04-25,Network outage,13.1,4
T000241,TC-00186,2024-07-04,Billing,16.5,3
T000242,TC-00189,2024-01-28,Billing,7.9,4
T000243,TC-00190,2024-03-09,Slow speed,7.1,2
T000244,TC-00190,2024-01-20,Network outage,11.8,2
T000245,TC-00191,2024-07-01,Network outage,12.4,4
T000246,TC-00191,2024-06-18,Plan change,18.4,3
T000247,TC-00191,2024-04-16,Device,10.1,3
T000248,TC-00191,2024-10-05,Slow speed,31.7,4
T000249,TC-00192,2024-08-30,Plan change,36.3,2
T000250,TC-00192,2024-11-08,Device,26.1,4
T000251,TC-00192,2024-10-06,Device,22.9,5
T000252,TC-00193,2024-12-22,Billing,25.4,4
T000253,TC-00194,2024-12-01,Slow speed,34.0,3
T000254,TC-00194,2024-09-10,Slow speed,5.9,4
T000255,TC-00196,2024-12-22,Slow speed,8.9,1
T000256,TC-00197,2024-02-27,Slow speed,15.1,3
T000257,TC-00198,2024-07-05,Network outage,10.5,5
T000258,TC-00200,2024-11-12,Slow speed,20.5,4
T000259,TC-00200,2024-01-19,Slow speed,32.1,3
T000260,TC-00202,2024-08-25,Network outage,10.8,3
T000261,TC-00203,2024-07-26,Slow speed,23.4,5
T000262,TC-00204,2024-09-25,Plan change,9.8,5
T000263,TC-00205,2024-05-26,Slow speed,22.1,3
T000264,TC-00205,2024-02-19,Device,2.4,5
T000265,TC-00206,2024-07-01,Billing,11.6,3
T000266,TC-00206,2024-05-26,Slow speed,12.8,1
T000267,TC-00208,2024-08-02,Network outage,36.1,5
T000268,TC-00211,2024-10-17,Device,10.1,4
T000269,TC-00213,2024-06-13,Network outage,24.3,5
T000270,TC-00213,2024-05-29,Slow speed,23.3,3
T000271,TC-00213,2024-08-08,Billing,11.2,3
T000272,TC-00214,2024-01-27,Network outage,34.1,3
T000273,TC-00214,2024-01-13,Billing,6.7,3
T000274,TC-00217,2024-02-16,Billing,46.5,4
T000275,TC-00217,2024-08-09,Billing,41.6,4
T000276,TC-00218,2024-04-16,Slow speed,10.0,3
T000277,TC-00218,2024-10-17,Slow speed,10.0,4
T000278,TC-00219,2024-03-03,Network outage,9.0,3
T000279,TC-00221,2024-09-23,Slow speed,15.3,4
T000280,TC-00222,2024-08-14,Billing,13.2,4
T000281,TC-00222,2024-04-01,Network outage,2.9,1
T000282,TC-00224,2024-05-15,Network outage,21.8,3
T000283,TC-00226,2024-01-31,Device,63.2,3
T000284,TC-00226,2024-04-09,Slow speed,3.6,4
T000285,TC-00226,2024-04-25,Network outage,9.9,1
T000286,TC-00232,2024-01-24,Billing,9.8,4
T000287,TC-00232,2024-07-08,Slow speed,10.1,3
T000288,TC-00233,2024-12-17,Slow speed,1.2,3
T000289,TC-00234,2024-12-11,Plan change,9.0,3
T000290,TC-00234,2024-06-08,Network outage,2.9,3
T000291,TC-00234,2024-01-11,Network outage,15.7,5
T000292,TC-00235,2024-03-21,Billing,28.3,5
T000293,TC-00236,2024-11-17,Plan change,15.5,2
T000294,TC-00236,2024-02-23,Billing,5.9,3
T000295,TC-00237,2024-08-04,Device,12.6,3
T000296,TC-00238,2024-08-03,Plan change,34.2,3
T000297,TC-00240,2024-03-31,Network outage,40.9,3
T000298,TC-00241,2024-03-20,Slow speed,3.5,3
T000299,TC-00241,2024-04-01,Slow speed,13.8,4
T000300,TC-00244,2024-12-05,Slow speed,33.6,4
T000301,TC-00244,2024-06-27,Slow speed,5.2,2
T000302,TC-00247,2024-12-17,Billing,9.3,2
T000303,TC-00247,2024-06-28,Billing,29.8,3
T000304,TC-00249,2024-06-27,Billing,41.3,5
T000305,TC-00249,2024-03-29,Billing,30.7,4
T000306,TC-00250,2024-06-12,Billing,33.7,5
T000307,TC-00250,2024-09-15,Billing,42.3,4
T000308,TC-00251,2024-01-07,Billing,11.0,4
T000309,TC-00253,2024-08-02,Slow speed,15.3,3
T000310,TC-00255,2024-06-27,Network outage,6.9,2
T000311,TC-00256,2024-09-06,Slow speed,9.6,3
T000312,TC-00256,2024-11-17,Slow speed,24.9,4
T000313,TC-00256,2024-10-24,Billing,13.6,1
T000314,TC-00257,2024-03-06,Slow speed,3.5,2
T000315,TC-00257,2024-08-29,Network outage,16.5,4
T000316,TC-00257,2024-04-18,Slow speed,44.1,4
T000317,TC-00259,2024-06-17,Network outage,18.4,5
T000318,TC-00261,2024-05-02,Network outage,6.3,4
T000319,TC-00262,2024-03-31,Network outage,18.4,4
T000320,TC-00265,2024-03-21,Device,13.9,2
T000321,TC-00267,2024-08-06,Slow speed,5.6,4
T000322,TC-00267,2024-06-10,Device,9.9,4
T000323,TC-00267,2024-04-05,Billing,34.1,4
T000324,TC-00270,2024-09-24,Billing,4.9,5
T000325,TC-00273,2024-12-06,Slow speed,5.9,5
T000326,TC-00275,2024-09-03,Billing,19.4,5
T000327,TC-00276,2024-07-24,Slow speed,8.0,5
T000328,TC-00279,2024-12-12,Network outage,13.8,5
T000329,TC-00279,2024-05-21,Plan change,7.2,2
T000330,TC-00279,2024-09-20,Network outage,30.0,3
T000331,TC-00280,2024-07-22,Device,9.5,4
T000332,TC-00280,2024-09-28,Plan change,1.8,5
T000333,TC-00281,2024-01-24,Slow speed,9.6,3
T000334,TC-00281,2024-01-08,Plan change,21.8,4
T000335,TC-00282,2024-12-03,Device,8.7,4
T000336,TC-00282,2024-07-27,Billing,2.1,3
T000337,TC-00284,2024-04-20,Plan change,7.4,5
T000338,TC-00285,2024-08-29,Device,17.4,3
T000339,TC-00286,2024-10-16,Billing,12.7,5
T000340,TC-00286,2024-11-07,Network outage,10.6,4
T000341,TC-00287,2024-09-23,Slow speed,15.7,4
T000342,TC-00289,2024-06-12,Billing,11.4,4
T000343,TC-00289,2024-11-15,Network outage,7.9,3
T000344,TC-00290,2024-09-08,Slow speed,30.8,3
T000345,TC-00292,2024-05-24,Billing,1.4,4
T000346,TC-00293,2024-07-08,Billing,4.2,4
T000347,TC-00294,2024-06-02,Network outage,20.6,4
T000348,TC-00294,2024-11-20,Billing,27.8,3
T000349,TC-00294,2024-01-16,Billing,11.9,4
T000350,TC-00294,2024-11-06,Billing,6.0,4
T000351,TC-00295,2024-07-15,Billing,23.1,4
T000352,TC-00297,2024-12-30,Billing,12.7,4
T000353,TC-00298,2024-10-07,Billing,21.1,5
T000354,TC-00298,2024-12-11,Slow speed,7.7,4
T000355,TC-00299,2024-10-23,Slow speed,31.1,2
T000356,TC-00301,2024-09-09,Slow speed,13.4,2
T000357,TC-00302,2024-08-18,Network outage,3.1,4
T000358,TC-00303,2024-02-16,Billing,20.8,3
T000359,TC-00303,2024-12-19,Billing,15.6,1
T000360,TC-00304,2024-05-06,Plan change,3.6,3
T000361,TC-00304,2024-04-01,Slow speed,12.1,3
T000362,TC-00305,2024-06-11,Plan change,6.0,3
T000363,TC-00306,2024-01-02,Network outage,21.3,3
T000364,TC-00307,2024-04-28,Billing,8.3,2
T000365,TC-00307,2024-06-05,Slow speed,40.0,3
T000366,TC-00307,2024-02-07,Slow speed,4.4,1
T000367,TC-00307,2024-03-04,Billing,12.6,3
T000368,TC-00308,2024-07-29,Slow speed,2.3,5
T000369,TC-00309,2024-06-11,Slow speed,3.9,3
T000370,TC-00309,2024-07-02,Billing,28.0,2
T000371,TC-00310,2024-10-30,Billing,16.1,4
T000372,TC-00311,2024-12-12,Network outage,34.4,3
T000373,TC-00311,2024-04-13,Billing,42.1,2
T000374,TC-00312,2024-12-02,Slow speed,10.4,3
T000375,TC-00313,2024-10-13,Network outage,34.3,3
T000376,TC-00313,2024-08-07,Device,22.2,5
T000377,TC-00313,2024-12-28,Slow speed,23.3,5
T000378,TC-00314,2024-10-29,Network outage,24.9,5
T000379,TC-00315,2024-01-25,Plan change,4.4,3
T000380,TC-00315,2024-06-13,Network outage,8.3,5
T000381,TC-00317,2024-01-08,Billing,11.0,2
T000382,TC-00318,2024-05-20,Slow speed,14.5,4
T000383,TC-00319,2024-02-13,Slow speed,2.1,2
T000384,TC-00319,2024-05-30,Network outage,23.8,3
T000385,TC-00320,2024-03-31,Plan change,21.5,5
T000386,TC-00320,2024-01-22,Network outage,25.8,4
T000387,TC-00320,2024-01-04,Device,5.3,3
T000388,TC-00320,2024-10-29,Plan change,22.1,4
T000389,TC-00320,2024-02-26,Device,13.0,4
T000390,TC-00321,2024-12-22,Network outage,38.8,3
T000391,TC-00323,2024-05-09,Billing,3.0,5
T000392,TC-00323,2024-05-31,Network outage,34.9,4
T000393,TC-00326,2024-08-02,Slow speed,17.0,2
T000394,TC-00326,2024-04-01,Network outage,9.1,1
T000395,TC-00327,2024-10-01,Device,26.3,4
T000396,TC-00327,2024-08-18,Device,3.0,1
T000397,TC-00327,2024-03-15,Slow speed,9.7,4
T000398,TC-00328,2024-09-19,Device,8.5,2
T000399,TC-00329,2024-05-10,Slow speed,7.4,5
T000400,TC-00329,2024-03-26,Network outage,50.3,3
T000401,TC-00331,2024-11-06,Plan change,8.5,2
T000402,TC-00331,2024-08-04,Plan change,4.2,4
T000403,TC-00331,2024-11-16,Slow speed,1.8,5
T000404,TC-00332,2024-05-13,Network outage,0.9,5
T000405,TC-00332,2024-08-19,Slow speed,4.0,2
T000406,TC-00332,2024-10-19,Slow speed,25.5,3
T000407,TC-00333,2024-02-01,Slow speed,20.8,5
T000408,TC-00334,2024-04-06,Slow speed,15.7,5
T000409,TC-00335,2024-12-28,Billing,6.2,1
T000410,TC-00335,2024-02-22,Billing,16.9,4
T000411,TC-00335,2024-08-12,Network outage,20.7,2
T000412,TC-00335,2024-07-20,Network outage,7.9,4
T000413,TC-00336,2024-03-17,Slow speed,26.1,2
T000414,TC-00337,2024-10-14,Network outage,7.1,3
T000415,TC-00337,2024-05-30,Slow speed,11.9,4
T000416,TC-00337,2024-09-01,Network outage,0.6,2
T000417,TC-00339,2024-03-23,Plan change,2.5,3
T000418,TC-00340,2024-03-04,Plan change,14.6,3
T000419,TC-00340,2024-09-20,Billing,49.7,3
T000420,TC-00341,2024-07-29,Network outage,28.9,2
T000421,TC-00341,2024-11-25,Slow speed,10.5,2
T000422,TC-00342,2024-02-27,Plan change,7.7,5
T000423,TC-00343,2024-12-12,Device,4.4,3
T000424,TC-00343,2024-01-31,Billing,12.7,4
T000425,TC-00345,2024-08-17,Device,6.2,3
T000426,TC-00345,2024-11-24,Billing,14.2,2
T000427,TC-00347,2024-09-23,Billing,18.6,3
T000428,TC-00347,2024-08-20,Device,9.3,3
T000429,TC-00349,2024-02-02,Slow speed,11.0,4
T000430,TC-00350,2024-09-22,Network outage,27.9,5
T000431,TC-00351,2024-05-23,Slow speed,17.5,5
T000432,TC-00351,2024-04-25,Device,7.5,2
T000433,TC-00356,2024-09-10,Slow speed,8.0,2
T000434,TC-00360,2024-08-10,Slow speed,22.5,4
T000435,TC-00361,2024-03-21,Device,43.8,4
T000436,TC-00361,2024-10-04,Device,44.2,2
T000437,TC-00361,2024-10-29,Network outage,14.6,5
T000438,TC-00362,2024-08-18,Plan change,16.4,1
T000439,TC-00362,2024-01-08,Billing,4.4,1
T000440,TC-00363,2024-06-03,Network outage,25.4,2
T000441,TC-00363,2024-01-09,Plan change,31.7,1
T000442,TC-00366,2024-09-15,Network outage,1.8,5
T000443,TC-00367,2024-09-21,Network outage,23.6,2
T000444,TC-00368,2024-04-05,Slow speed,12.4,2
T000445,TC-00368,2024-03-11,Plan change,31.3,3
T000446,TC-00369,2024-10-03,Plan change,8.7,3
T000447,TC-00372,2024-07-02,Billing,11.5,3
T000448,TC-00373,2024-07-12,Billing,53.9,3
T000449,TC-00373,2024-10-01,Slow speed,8.7,3
T000450,TC-00374,2024-10-14,Network outage,4.8,5
T000451,TC-00374,2024-05-25,Slow speed,66.2,4
T000452,TC-00375,2024-03-30,Billing,12.1,2
T000453,TC-00375,2024-06-04,Network outage,14.5,3
T000454,TC-00376,2024-08-29,Network outage,45.5,5
T000455,TC-00378,2024-12-05,Network outage,27.3,4
T000456,TC-00378,2024-07-31,Billing,24.3,3
T000457,TC-00378,2024-04-02,Billing,49.5,1
T000458,TC-00383,2024-05-29,Billing,39.2,4
T000459,TC-00383,2024-04-24,Billing,30.0,4
T000460,TC-00384,2024-09-27,Billing,5.9,2
T000461,TC-00386,2024-07-02,Slow speed,7.4,3
T000462,TC-00388,2024-12-17,Network outage,33.7,3
T000463,TC-00388,2024-10-30,Slow speed,5.1,3
T000464,TC-00388,2024-10-21,Network outage,39.6,3
T000465,TC-00388,2024-11-05,Network outage,29.7,3
T000466,TC-00389,2024-07-22,Billing,27.4,2
T000467,TC-00390,2024-04-27,Slow speed,3.8,3
T000468,TC-00391,2024-09-16,Billing,5.9,4
T000469,TC-00391,2024-08-11,Plan change,21.7,4
T000470,TC-00392,2024-07-12,Billing,5.2,4
T000471,TC-00392,2024-05-27,Network outage,13.5,4
T000472,TC-00392,2024-12-23,Network outage,6.1,2
T000473,TC-00395,2024-05-14,Billing,11.4,3
T000474,TC-00395,2024-05-28,Device,35.0,1
T000475,TC-00395,2024-01-15,Plan change,29.5,2
T000476,TC-00395,2024-12-12,Billing,13.9,2
T000477,TC-00396,2024-03-29,Slow speed,21.6,1
T000478,TC-00396,2024-03-26,Device,29.7,3
T000479,TC-00396,2024-12-11,Slow speed,15.4,3
T000480,TC-00398,2024-04-21,Billing,5.5,4
T000481,TC-00398,2024-09-30,Plan change,31.9,4
T000482,TC-00402,2024-12-12,Billing,10.9,5
T000483,TC-00403,2024-07-19,Plan change,25.3,2
T000484,TC-00408,2024-02-22,Device,7.1,2
T000485,TC-00408,2024-05-25,Network outage,30.4,3
T000486,TC-00409,2024-05-10,Plan change,13.5,3
T000487,TC-00409,2024-10-12,Slow speed,36.8,3
T000488,TC-00410,2024-05-24,Network outage,0.6,4
T000489,TC-00410,2024-08-09,Slow speed,41.8,5
T000490,TC-00410,2024-07-05,Billing,19.2,5
T000491,TC-00411,2024-01-15,Network outage,12.4,5
T000492,TC-00411,2024-10-29,Slow speed,5.0,2
T000493,TC-00416,2024-01-15,Slow speed,14.2,5
T000494,TC-00420,2024-02-12,Billing,7.9,5
T000495,TC-00420,2024-01-28,Slow speed,23.7,3
T000496,TC-00421,2024-12-19,Network outage,1.0,5
T000497,TC-00421,2024-10-09,Slow speed,30.6,5
T000498,TC-00421,2024-03-18,Slow speed,9.2,3
T000499,TC-00422,2024-02-02,Network outage,42.7,2
T000500,TC-00422,2024-10-13,Network outage,36.6,4
T000501,TC-00423,2024-07-07,Billing,31.4,5
T000502,TC-00424,2024-11-24,Slow speed,18.8,5
T000503,TC-00424,2024-10-16,Billing,38.0,3
T000504,TC-00426,2024-11-27,Billing,5.4,5
T000505,TC-00426,2024-10-14,Slow speed,61.7,5
T000506,TC-00428,2024-07-06,Slow speed,7.7,4
T000507,TC-00429,2024-02-04,Billing,2.5,3
T000508,TC-00429,2024-10-26,Network outage,14.3,3
T000509,TC-00430,2024-04-07,Slow speed,44.1,3
T000510,TC-00432,2024-09-05,Plan change,17.7,3
T000511,TC-00432,2024-12-08,Slow speed,28.6,3
T000512,TC-00432,2024-06-28,Network outage,8.3,2
T000513,TC-00432,2024-06-27,Network outage,27.1,2
T000514,TC-00432,2024-03-13,Slow speed,9.6,2
T000515,TC-00433,2024-06-25,Slow speed,12.2,4
T000516,TC-00434,2024-10-30,Billing,11.5,3
T000517,TC-00435,2024-07-14,Slow speed,15.5,4
T000518,TC-00436,2024-09-19,Device,35.7,2
T000519,TC-00437,2024-10-18,Network outage,24.0,3
T000520,TC-00437,2024-05-08,Device,10.6,4
T000521,TC-00439,2024-06-10,Slow speed,19.5,2
T000522,TC-00439,2024-03-16,Plan change,13.1,5
T000523,TC-00440,2024-05-03,Billing,7.2,3
T000524,TC-00442,2024-02-27,Network outage,15.5,4
T000525,TC-00442,2024-04-18,Device,9.8,3
T000526,TC-00443,2024-02-25,Billing,9.0,3
T000527,TC-00443,2024-12-26,Billing,24.6,3
T000528,TC-00444,2024-11-02,Billing,5.5,3
T000529,TC-00444,2024-05-13,Slow speed,11.3,4
T000530,TC-00445,2024-07-05,Billing,8.2,2
T000531,TC-00447,2024-07-13,Plan change,51.5,3
T000532,TC-00447,2024-03-06,Billing,9.8,3
T000533,TC-00447,2024-03-16,Billing,28.2,4
T000534,TC-00447,2024-10-29,Billing,9.5,4
T000535,TC-00449,2024-10-07,Billing,10.1,2
T000536,TC-00449,2024-10-21,Device,6.6,1
T000537,TC-00449,2024-02-17,Slow speed,22.2,4
T000538,TC-00449,2024-11-05,Network outage,13.9,1
T000539,TC-00450,2024-02-29,Billing,3.8,4
T000540,TC-00451,2024-03-20,Slow speed,13.0,4
T000541,TC-00452,2024-02-11,Slow speed,16.4,4
T000542,TC-00452,2024-04-29,Network outage,4.5,4
T000543,TC-00453,2024-06-23,Network outage,21.3,3
T000544,TC-00454,2024-07-21,Plan change,13.3,3
T000545,TC-00454,2024-07-09,Slow speed,22.8,5
T000546,TC-00455,2024-07-30,Network outage,6.1,1
T000547,TC-00456,2024-12-29,Billing,18.2,2
T000548,TC-00456,2024-05-30,Plan change,15.4,3
T000549,TC-00458,2024-10-11,Network outage,14.6,5
T000550,TC-00458,2024-12-07,Slow speed,22.3,5
T000551,TC-00458,2024-02-08,Billing,8.6,1
T000552,TC-00458,2024-12-13,Slow speed,30.3,3
T000553,TC-00459,2024-04-29,Slow speed,6.2,2
T000554,TC-00459,2024-03-31,Network outage,16.3,3
T000555,TC-00459,2024-04-22,Slow speed,20.7,4
T000556,TC-00460,2024-08-04,Plan change,4.2,2
T000557,TC-00460,2024-03-23,Plan change,26.0,3
T000558,TC-00460,2024-05-22,Plan change,13.9,3
T000559,TC-00462,2024-09-25,Slow speed,14.7,3
T000560,TC-00464,2024-12-11,Plan change,11.4,3
T000561,TC-00466,2024-05-25,Network outage,7.3,3
T000562,TC-00469,2024-02-05,Device,10.7,3
T000563,TC-00469,2024-06-16,Slow speed,10.1,4
T000564,TC-00469,2024-08-06,Plan change,11.9,3
T000565,TC-00470,2024-12-17,Plan change,3.3,4
T000566,TC-00470,2024-04-24,Network outage,15.2,3
T000567,TC-00471,2024-05-05,Device,25.6,2
T000568,TC-00471,2024-05-08,Billing,29.9,4
T000569,TC-00472,2024-05-30,Slow speed,10.0,3
T000570,TC-00473,2024-09-08,Slow speed,21.0,3
T000571,TC-00473,2024-06-21,Slow speed,21.4,4
T000572,TC-00473,2024-02-10,Billing,13.2,5
T000573,TC-00475,2024-07-11,Network outage,20.9,3
T000574,TC-00477,2024-10-31,Slow speed,4.0,4
T000575,TC-00477,2024-07-16,Plan change,27.0,4
T000576,TC-00478,2024-06-02,Billing,30.7,3
T000577,TC-00478,2024-12-05,Network outage,6.3,5
T000578,TC-00478,2024-09-24,Slow speed,18.0,4
T000579,TC-00479,2024-09-09,Plan change,2.1,5
T000580,TC-00479,2024-06-07,Network outage,15.6,1
T000581,TC-00480,2024-01-15,Network outage,9.4,1
T000582,TC-00481,2024-05-23,Network outage,12.4,3
T000583,TC-00481,2024-12-09,Network outage,36.7,2
T000584,TC-00481,2024-09-08,Plan change,22.4,1
T000585,TC-00481,2024-08-08,Device,16.5,4
T000586,TC-00484,2024-03-21,Slow speed,32.7,3
T000587,TC-00485,2024-07-10,Slow speed,37.6,3
T000588,TC-00488,2024-02-21,Slow speed,15.5,5
T000589,TC-00491,2024-03-30,Plan change,3.3,3
T000590,TC-00493,2024-05-28,Slow speed,27.1,3
T000591,TC-00495,2024-03-24,Billing,17.4,2
T000592,TC-00497,2024-12-26,Billing,8.4,3
T000593,TC-00497,2024-08-24,Billing,7.3,2
T000594,TC-00498,2024-10-06,Slow speed,6.7,3
T000595,TC-00498,2024-04-22,Slow speed,19.0,3
T000596,TC-00498,2024-04-07,Plan change,25.9,2
T000597,TC-00498,2024-03-24,Slow speed,1.3,4
T000598,TC-00500,2024-08-12,Slow speed,28.5,3
T000599,TC-00501,2024-08-06,Plan change,9.5,3
T000600,TC-00501,2024-12-08,Device,3.8,5
T000601,TC-00501,2024-10-24,Network outage,12.0,4
T000602,TC-00503,2024-05-03,Plan change,23.5,4
T000603,TC-00503,2024-01-03,Slow speed,4.3,4
T000604,TC-00506,2024-01-28,Slow speed,18.8,5
T000605,TC-00506,2024-09-12,Billing,15.2,2
T000606,TC-00507,2024-03-16,Billing,14.2,3
T000607,TC-00507,2024-09-03,Billing,1.4,2
T000608,TC-00507,2024-11-13,Network outage,7.8,2
T000609,TC-00507,2024-03-13,Slow speed,10.1,3
T000610,TC-00508,2024-07-27,Billing,9.3,2
T000611,TC-00508,2024-01-07,Billing,1.4,2
T000612,TC-00509,2024-09-25,Billing,9.5,3
T000613,TC-00510,2024-05-13,Network outage,38.1,4
T000614,TC-00510,2024-03-24,Network outage,12.2,4
T000615,TC-00511,2024-07-04,Network outage,15.8,3
T000616,TC-00512,2024-08-16,Plan change,11.0,3
T000617,TC-00513,2024-09-08,Slow speed,8.4,4
T000618,TC-00514,2024-06-02,Slow speed,40.7,3
T000619,TC-00514,2024-08-11,Network outage,18.8,2
T000620,TC-00514,2024-03-10,Billing,8.3,1
T000621,TC-00514,2024-01-02,Billing,7.6,1
T000622,TC-00514,2024-10-21,Slow speed,28.6,4
T000623,TC-00515,2024-11-17,Slow speed,10.0,2
T000624,TC-00516,2024-04-21,Plan change,12.9,4
T000625,TC-00517,2024-05-25,Billing,7.1,5
T000626,TC-00518,2024-11-25,Billing,35.6,5
T000627,TC-00518,2024-11-25,Billing,6.3,5
T000628,TC-00518,2024-10-06,Plan change,9.0,3
T000629,TC-00519,2024-07-06,Billing,6.9,5
T000630,TC-00520,2024-01-04,Billing,15.4,4
T000631,TC-00521,2024-02-24,Device,26.8,4
T000632,TC-00521,2024-01-28,Billing,5.0,3
T000633,TC-00522,2024-06-08,Slow speed,10.4,4
T000634,TC-00522,2024-12-11,Slow speed,16.9,4
T000635,TC-00522,2024-04-13,Device,5.1,4
T000636,TC-00523,2024-09-13,Slow speed,11.8,1
T000637,TC-00525,2024-03-02,Network outage,13.7,1
T000638,TC-00526,2024-06-22,Slow speed,6.8,4
T000639,TC-00527,2024-08-29,Slow speed,4.6,2
T000640,TC-00528,2024-10-14,Network outage,57.2,2
T000641,TC-00528,2024-02-20,Slow speed,6.6,2
T000642,TC-00528,2024-04-22,Device,21.1,3
T000643,TC-00529,2024-08-19,Network outage,26.3,2
T000644,TC-00529,2024-01-23,Slow speed,51.2,2
T000645,TC-00530,2024-08-30,Plan change,25.4,2
T000646,TC-00531,2024-04-05,Device,25.6,3
T000647,TC-00533,2024-12-19,Slow speed,23.7,1
T000648,TC-00533,2024-04-17,Billing,5.4,1
T000649,TC-00535,2024-07-26,Slow speed,15.4,3
T000650,TC-00535,2024-09-09,Billing,10.2,2
T000651,TC-00538,2024-07-14,Device,31.8,2
T000652,TC-00539,2024-12-04,Billing,18.7,4
T000653,TC-00539,2024-10-28,Network outage,19.6,3
T000654,TC-00539,2024-01-14,Network outage,20.3,5
T000655,TC-00539,2024-03-16,Billing,15.3,4
T000656,TC-00540,2024-03-13,Device,21.6,2
T000657,TC-00542,2024-09-19,Slow speed,0.9,5
T000658,TC-00543,2024-03-09,Billing,14.9,5
T000659,TC-00544,2024-10-17,Network outage,1.9,5
T000660,TC-00546,2024-08-31,Device,46.6,2
T000661,TC-00546,2024-10-21,Plan change,7.7,2
T000662,TC-00546,2024-01-05,Slow speed,3.5,1
T000663,TC-00546,2024-03-20,Device,6.8,1
T000664,TC-00548,2024-06-08,Device,37.7,4
T000665,TC-00549,2024-09-16,Slow speed,8.6,3
T000666,TC-00549,2024-10-25,Device,6.0,3
T000667,TC-00550,2024-02-11,Slow speed,7.2,3
T000668,TC-00550,2024-10-22,Network outage,24.6,4
T000669,TC-00556,2024-06-29,Billing,27.5,4
T000670,TC-00556,2024-07-18,Device,17.3,3
T000671,TC-00557,2024-08-14,Device,10.3,2
T000672,TC-00557,2024-10-15,Billing,6.8,3
T000673,TC-00558,2024-08-29,Billing,15.9,2
T000674,TC-00558,2024-12-10,Plan change,18.1,2
T000675,TC-00559,2024-01-28,Slow speed,7.2,3
T000676,TC-00561,2024-01-30,Slow speed,18.1,5
T000677,TC-00561,2024-10-31,Network outage,23.6,3
T000678,TC-00562,2024-05-04,Billing,16.1,5
T000679,TC-00563,2024-01-29,Network outage,4.6,3
T000680,TC-00564,2024-08-12,Device,29.7,2
T000681,TC-00565,2024-09-03,Plan change,10.4,3
T000682,TC-00565,2024-10-06,Billing,8.8,2
T000683,TC-00568,2024-08-01,Plan change,4.5,5
T000684,TC-00568,2024-06-17,Billing,9.0,4
T000685,TC-00568,2024-02-12,Slow speed,19.4,4
T000686,TC-00569,2024-04-12,Slow speed,24.1,4
T000687,TC-00569,2024-08-31,Slow speed,32.4,3
T000688,TC-00573,2024-03-05,Slow speed,10.6,1
T000689,TC-00574,2024-06-22,Slow speed,5.1,4
T000690,TC-00574,2024-07-12,Device,10.6,2
T000691,TC-00576,2024-12-20,Plan change,13.8,2
T000692,TC-00576,2024-01-03,Plan change,5.4,5
T000693,TC-00577,2024-06-11,Slow speed,25.9,5
T000694,TC-00579,2024-08-05,Slow speed,4.2,3
T000695,TC-00579,2024-07-03,Plan change,24.2,2
T000696,TC-00579,2024-09-28,Device,6.6,2
T000697,TC-00579,2024-11-26,Plan change,14.2,4
T000698,TC-00580,2024-01-04,Device,16.4,3
T000699,TC-00581,2024-08-13,Device,8.9,4
T000700,TC-00581,2024-10-23,Billing,38.7,4
T000701,TC-00582,2024-12-24,Network outage,4.5,2
T000702,TC-00582,2024-10-06,Billing,7.2,4
T000703,TC-00582,2024-10-14,Slow speed,23.8,4
T000704,TC-00583,2024-05-07,Plan change,19.0,2
T000705,TC-00583,2024-11-27,Billing,11.2,3
T000706,TC-00584,2024-07-15,Device,16.2,4
T000707,TC-00585,2024-07-14,Slow speed,10.2,3
T000708,TC-00585,2024-11-26,Billing,20.8,2
T000709,TC-00587,2024-09-03,Device,10.1,3
T000710,TC-00587,2024-10-05,Network outage,9.1,5
T000711,TC-00588,2024-02-19,Device,7.2,3
T000712,TC-00589,2024-09-20,Device,44.7,2
T000713,TC-00589,2024-04-14,Network outage,31.2,5
T000714,TC-00589,2024-06-14,Slow speed,5.6,2
T000715,TC-00590,2024-02-16,Plan change,14.1,1
T000716,TC-00591,2024-09-27,Plan change,5.0,5
T000717,TC-00591,2024-08-06,Plan change,6.5,3
T000718,TC-00592,2024-08-15,Slow speed,51.5,3
T000719,TC-00593,2024-08-07,Network outage,14.4,4
T000720,TC-00593,2024-09-05,Billing,9.5,4
T000721,TC-00593,2024-02-21,Billing,31.2,3
T000722,TC-00594,2024-08-01,Device,17.8,3
T000723,TC-00595,2024-09-28,Plan change,38.9,4
T000724,TC-00596,2024-11-17,Network outage,36.5,3
T000725,TC-00596,2024-09-25,Slow speed,22.1,2
T000726,TC-00596,2024-12-13,Device,56.9,1
T000727,TC-00596,2024-01-14,Network outage,8.5,3
T000728,TC-00596,2024-08-31,Slow speed,56.8,3
T000729,TC-00597,2024-03-07,Slow speed,26.1,3
T000730,TC-00598,2024-01-29,Billing,2.0,5
T000731,TC-00598,2024-03-01,Network outage,5.3,4
T000732,TC-00599,2024-01-13,Billing,30.5,2
T000733,TC-00600,2024-02-29,Billing,21.1,3
T000734,TC-00600,2024-07-12,Slow speed,19.5,1
T000735,TC-00600,2024-06-20,Slow speed,13.3,2
T000736,TC-00600,2024-09-22,Slow speed,31.9,1
T000737,TC-00601,2024-08-11,Network outage,10.3,4
T000738,TC-00601,2024-12-16,Slow speed,89.3,4
T000739,TC-00601,2024-02-03,Network outage,23.9,4
T000740,TC-00601,2024-09-09,Device,22.7,4
T000741,TC-00602,2024-04-11,Plan change,1.6,1
T000742,TC-00603,2024-01-21,Network outage,6.4,2
T000743,TC-00603,2024-01-02,Device,42.6,4
T000744,TC-00603,2024-12-13,Billing,19.4,2
T000745,TC-00604,2024-09-24,Device,16.0,2
T000746,TC-00604,2024-05-02,Slow speed,23.2,5
T000747,TC-00604,2024-08-09,Network outage,23.3,2
T000748,TC-00604,2024-10-19,Plan change,40.1,5
T000749,TC-00608,2024-02-16,Billing,31.9,2
T000750,TC-00609,2024-12-26,Billing,45.6,2
T000751,TC-00611,2024-04-16,Slow speed,15.6,2
T000752,TC-00612,2024-02-27,Billing,13.8,2
T000753,TC-00613,2024-03-19,Slow speed,2.2,5
T000754,TC-00613,2024-07-27,Billing,2.0,1
T000755,TC-00616,2024-07-14,Device,19.6,4
T000756,TC-00617,2024-06-12,Device,38.8,4
T000757,TC-00617,2024-08-05,Network outage,25.3,5
T000758,TC-00619,2024-11-09,Slow speed,16.4,2
T000759,TC-00619,2024-04-09,Device,5.1,3
T000760,TC-00619,2024-04-13,Device,23.8,4
T000761,TC-00623,2024-08-29,Billing,2.5,3
T000762,TC-00623,2024-11-20,Billing,12.1,3
T000763,TC-00623,2024-05-04,Network outage,6.3,4
T000764,TC-00623,2024-10-09,Device,14.0,5
T000765,TC-00623,2024-10-01,Plan change,5.6,3
T000766,TC-00624,2024-11-26,Network outage,5.9,3
T000767,TC-00624,2024-02-15,Billing,11.8,4
T000768,TC-00624,2024-08-31,Plan change,10.0,4
T000769,TC-00625,2024-05-20,Plan change,2.5,3
T000770,TC-00626,2024-01-10,Slow speed,12.5,3
T000771,TC-00626,2024-05-18,Network outage,14.0,3
T000772,TC-00627,2024-03-23,Billing,7.4,4
T000773,TC-00627,2024-08-26,Billing,17.0,3
T000774,TC-00628,2024-10-29,Plan change,9.7,1
T000775,TC-00628,2024-09-24,Billing,28.2,2
T000776,TC-00628,2024-06-04,Device,5.0,3
T000777,TC-00628,2024-03-24,Plan change,6.0,2
T000778,TC-00629,2024-08-15,Billing,3.7,4
T000779,TC-00629,2024-04-01,Billing,2.7,4
T000780,TC-00630,2024-09-15,Slow speed,36.3,4
T000781,TC-00630,2024-03-30,Billing,31.4,3
T000782,TC-00631,2024-02-12,Slow speed,12.6,1
T000783,TC-00631,2024-05-30,Billing,18.0,4
T000784,TC-00631,2024-09-10,Billing,10.2,4
T000785,TC-00631,2024-06-27,Device,47.6,4
T000786,TC-00634,2024-02-06,Billing,22.9,4
T000787,TC-00634,2024-03-02,Slow speed,63.7,4
T000788,TC-00635,2024-07-27,Plan change,18.2,3
T000789,TC-00636,2024-09-14,Network outage,13.7,5
T000790,TC-00637,2024-02-04,Slow speed,23.9,4
T000791,TC-00637,2024-08-22,Billing,9.3,4
T000792,TC-00637,2024-02-18,Plan change,2.7,5
T000793,TC-00638,2024-09-10,Slow speed,7.5,3
T000794,TC-00638,2024-03-31,Plan change,8.0,3
T000795,TC-00639,2024-01-06,Slow speed,17.2,2
T000796,TC-00639,2024-06-01,Plan change,22.8,1
T000797,TC-00639,2024-12-24,Plan change,23.2,3
T000798,TC-00640,2024-02-02,Slow speed,28.5,4
T000799,TC-00641,2024-01-03,Billing,10.9,2
T000800,TC-00642,2024-03-20,Slow speed,7.1,3
T000801,TC-00642,2024-09-02,Network outage,16.0,1
T000802,TC-00644,2024-01-27,Device,15.1,4
T000803,TC-00644,2024-02-04,Plan change,18.7,2
T000804,TC-00645,2024-05-09,Plan change,4.8,2
T000805,TC-00645,2024-09-07,Slow speed,10.5,3
T000806,TC-00647,2024-11-10,Slow speed,2.5,3
T000807,TC-00648,2024-06-16,Slow speed,3.7,4
T000808,TC-00649,2024-04-05,Slow speed,14.9,4
T000809,TC-00649,2024-11-21,Device,13.4,3
T000810,TC-00652,2024-03-14,Plan change,10.7,4
T000811,TC-00652,2024-03-30,Device,21.3,3
T000812,TC-00654,2024-02-21,Slow speed,3.3,3
T000813,TC-00654,2024-12-24,Network outage,12.6,4
T000814,TC-00654,2024-03-18,Device,18.5,1
T000815,TC-00655,2024-10-24,Slow speed,12.8,3
T000816,TC-00655,2024-06-11,Plan change,18.6,3
T000817,TC-00656,2024-02-12,Network outage,2.3,2
T000818,TC-00656,2024-07-16,Billing,36.1,2
T000819,TC-00656,2024-11-24,Slow speed,9.0,4
T000820,TC-00658,2024-08-06,Network outage,12.4,4
T000821,TC-00658,2024-04-20,Device,27.2,3
T000822,TC-00659,2024-01-01,Network outage,27.0,1
T000823,TC-00660,2024-05-22,Billing,60.7,5
T000824,TC-00661,2024-07-17,Billing,11.1,3
T000825,TC-00661,2024-12-27,Slow speed,30.3,2
T000826,TC-00662,2024-05-01,Slow speed,2.8,2
T000827,TC-00662,2024-09-12,Plan change,1.2,2
T000828,TC-00662,2024-02-08,Slow speed,26.5,2
T000829,TC-00666,2024-10-15,Slow speed,11.5,4
T000830,TC-00667,2024-03-25,Billing,26.4,2
T000831,TC-00668,2024-03-31,Billing,25.4,3
T000832,TC-00669,2024-05-02,Slow speed,2.6,1
T000833,TC-00670,2024-01-10,Device,13.3,3
T000834,TC-00672,2024-03-18,Slow speed,3.3,5
T000835,TC-00673,2024-11-13,Device,5.4,4
T000836,TC-00675,2024-06-02,Device,12.6,2
T000837,TC-00676,2024-02-11,Billing,10.4,2
T000838,TC-00676,2024-11-29,Slow speed,8.7,4
T000839,TC-00676,2024-07-26,Network outage,26.1,2
T000840,TC-00676,2024-10-31,Network outage,1.2,5
T000841,TC-00676,2024-01-10,Network outage,19.7,4
T000842,TC-00677,2024-08-18,Device,25.7,4
T000843,TC-00677,2024-08-05,Slow speed,31.6,5
T000844,TC-00677,2024-04-08,Billing,13.3,1
T000845,TC-00677,2024-01-12,Billing,10.5,3
T000846,TC-00678,2024-05-29,Slow speed,5.6,2
T000847,TC-00679,2024-07-26,Billing,23.0,2
T000848,TC-00679,2024-09-21,Slow speed,27.3,5
T000849,TC-00681,2024-02-08,Billing,17.8,4
T000850,TC-00681,2024-06-21,Network outage,25.2,4
T000851,TC-00681,2024-09-03,Slow speed,3.0,2
T000852,TC-00682,2024-06-25,Network outage,9.4,3
T000853,TC-00682,2024-11-24,Billing,12.8,3
T000854,TC-00684,2024-07-24,Slow speed,4.4,2
T000855,TC-00684,2024-01-20,Device,3.1,2
T000856,TC-00687,2024-11-28,Device,9.7,4
T000857,TC-00688,2024-05-30,Plan change,30.2,2
T000858,TC-00689,2024-04-07,Slow speed,9.7,1
T000859,TC-00691,2024-11-05,Slow speed,8.0,2
T000860,TC-00692,2024-06-30,Plan change,2.4,5
T000861,TC-00693,2024-05-11,Network outage,16.4,3
T000862,TC-00694,2024-06-22,Slow speed,7.8,3
T000863,TC-00694,2024-12-23,Plan change,17.4,2
T000864,TC-00694,2024-01-23,Plan change,5.5,2
T000865,TC-00695,2024-02-08,Billing,25.3,2
T000866,TC-00697,2024-05-24,Slow speed,2.9,5
T000867,TC-00699,2024-02-24,Device,20.3,4
T000868,TC-00699,2024-07-15,Network outage,15.6,3
T000869,TC-00704,2024-08-17,Billing,28.3,2
T000870,TC-00704,2024-04-16,Billing,7.3,5
T000871,TC-00705,2024-06-13,Slow speed,8.4,4
T000872,TC-00706,2024-01-06,Slow speed,16.6,1
T000873,TC-00707,2024-07-21,Slow speed,45.1,4
T000874,TC-00707,2024-10-08,Billing,25.4,5
T000875,TC-00711,2024-09-30,Billing,11.5,4
T000876,TC-00712,2024-07-09,Billing,4.4,3
T000877,TC-00712,2024-06-06,Slow speed,2.1,3
T000878,TC-00713,2024-05-26,Network outage,5.1,3
T000879,TC-00715,2024-03-26,Device,32.0,2
T000880,TC-00715,2024-09-26,Device,16.7,2
T000881,TC-00717,2024-12-15,Device,5.2,4
T000882,TC-00717,2024-03-18,Billing,12.0,3
T000883,TC-00717,2024-07-31,Network outage,12.6,3
T000884,TC-00717,2024-05-15,Network outage,20.3,2
T000885,TC-00718,2024-01-29,Network outage,9.4,2
T000886,TC-00718,2024-06-25,Network outage,11.0,3
T000887,TC-00720,2024-02-27,Network outage,30.7,2
T000888,TC-00722,2024-08-18,Network outage,5.3,3
T000889,TC-00722,2024-02-14,Plan change,36.5,5
T000890,TC-00724,2024-12-01,Device,8.7,4
T000891,TC-00725,2024-08-17,Plan change,27.9,1
T000892,TC-00726,2024-05-25,Plan change,27.4,3
T000893,TC-00726,2024-08-07,Device,43.9,4
T000894,TC-00728,2024-06-05,Device,26.7,2
T000895,TC-00728,2024-03-10,Plan change,3.3,3
T000896,TC-00728,2024-12-01,Network outage,10.1,2
T000897,TC-00731,2024-12-14,Device,20.9,3
T000898,TC-00732,2024-04-14,Billing,18.5,3
T000899,TC-00732,2024-02-09,Network outage,20.6,3
T000900,TC-00733,2024-04-11,Plan change,14.8,3
T000901,TC-00733,2024-01-29,Device,14.9,4
T000902,TC-00733,2024-05-23,Billing,9.5,4
T000903,TC-00736,2024-12-28,Network outage,28.7,3
T000904,TC-00738,2024-08-21,Billing,19.1,5
T000905,TC-00738,2024-12-24,Network outage,23.0,5
T000906,TC-00739,2024-06-15,Slow speed,12.6,4
T000907,TC-00741,2024-03-19,Network outage,11.5,2
T000908,TC-00741,2024-06-08,Plan change,18.4,3
T000909,TC-00742,2024-04-23,Plan change,20.1,3
T000910,TC-00743,2024-10-27,Plan change,22.6,5
T000911,TC-00744,2024-08-31,Billing,10.5,2
T000912,TC-00748,2024-04-12,Slow speed,13.9,4
T000913,TC-00749,2024-10-15,Billing,14.9,3
T000914,TC-00749,2024-01-12,Plan change,7.8,4
T000915,TC-00750,2024-11-30,Device,29.0,3
T000916,TC-00750,2024-08-22,Network outage,30.0,5
T000917,TC-00751,2024-02-08,Billing,7.3,3
T000918,TC-00751,2024-06-09,Billing,42.5,2
T000919,TC-00751,2024-01-05,Plan change,22.3,3
T000920,TC-00752,2024-05-04,Device,10.5,3
T000921,TC-00752,2024-04-15,Billing,45.5,3
T000922,TC-00753,2024-11-02,Billing,19.1,4
T000923,TC-00755,2024-11-09,Slow speed,7.2,3
T000924,TC-00755,2024-01-14,Slow speed,12.6,3
T000925,TC-00755,2024-05-19,Device,16.1,3
T000926,TC-00757,2024-10-13,Billing,5.1,2
T000927,TC-00758,2024-05-21,Network outage,33.7,4
T000928,TC-00759,2024-01-21,Device,9.5,4
T000929,TC-00760,2024-06-08,Network outage,32.8,5
T000930,TC-00760,2024-07-29,Network outage,21.0,5
T000931,TC-00761,2024-04-18,Network outage,8.2,3
T000932,TC-00763,2024-10-15,Plan change,11.2,3
T000933,TC-00763,2024-04-22,Network outage,20.8,2
T000934,TC-00764,2024-11-15,Billing,22.1,2
T000935,TC-00765,2024-11-18,Billing,17.5,4
T000936,TC-00766,2024-05-03,Plan change,2.0,3
T000937,TC-00769,2024-03-30,Device,4.0,5
T000938,TC-00770,2024-12-15,Slow speed,23.1,4
T000939,TC-00770,2024-08-08,Slow speed,7.0,1
T000940,TC-00772,2024-04-28,Slow speed,20.1,2
T000941,TC-00773,2024-05-27,Billing,1.6,3
T000942,TC-00773,2024-09-11,Network outage,9.8,4
T000943,TC-00775,2024-12-03,Slow speed,8.9,3
T000944,TC-00776,2024-02-27,Plan change,11.6,4
T000945,TC-00776,2024-07-30,Network outage,8.5,2
T000946,TC-00776,2024-06-18,Billing,19.8,2
T000947,TC-00776,2024-04-05,Device,11.8,3
T000948,TC-00777,2024-12-23,Slow speed,13.7,4
T000949,TC-00777,2024-06-07,Slow speed,32.8,4
T000950,TC-00778,2024-02-11,Slow speed,43.4,3
T000951,TC-00779,2024-04-12,Device,17.3,3
T000952,TC-00781,2024-12-08,Network outage,16.7,4
T000953,TC-00783,2024-04-23,Network outage,12.2,3
T000954,TC-00783,2024-02-19,Network outage,18.3,4
T000955,TC-00783,2024-04-04,Slow speed,41.2,3
T000956,TC-00783,2024-01-18,Plan change,14.3,4
T000957,TC-00783,2024-06-24,Slow speed,18.9,4
T000958,TC-00784,2024-07-15,Plan change,7.1,5
T000959,TC-00785,2024-04-13,Network outage,16.6,2
T000960,TC-00785,2024-07-12,Billing,10.5,2
T000961,TC-00785,2024-08-29,Device,25.0,4
T000962,TC-00785,2024-01-30,Billing,12.5,2
T000963,TC-00787,2024-08-11,Slow speed,3.9,5
T000964,TC-00788,2024-07-31,Device,4.0,3
T000965,TC-00788,2024-06-17,Billing,8.1,1
T000966,TC-00789,2024-08-04,Network outage,14.7,3
T000967,TC-00789,2024-09-06,Network outage,31.9,3
T000968,TC-00790,2024-03-11,Network outage,14.0,2
T000969,TC-00796,2024-05-22,Slow speed,5.0,3
T000970,TC-00797,2024-05-30,Network outage,2.3,3
T000971,TC-00797,2024-01-09,Billing,27.2,5
T000972,TC-00797,2024-01-11,Billing,6.0,2
T000973,TC-00797,2024-05-01,Billing,10.0,4
T000974,TC-00798,2024-07-28,Device,15.0,4
T000975,TC-00798,2024-04-18,Billing,14.6,4
T000976,TC-00798,2024-05-09,Billing,5.4,3
T000977,TC-00799,2024-05-18,Plan change,16.4,4
T000978,TC-00801,2024-11-28,Slow speed,7.6,3
T000979,TC-00801,2024-11-14,Network outage,10.1,3
T000980,TC-00802,2024-11-30,Plan change,16.7,2
T000981,TC-00802,2024-06-13,Billing,5.1,2
T000982,TC-00803,2024-02-18,Slow speed,9.8,3
T000983,TC-00803,2024-10-05,Network outage,26.1,2
T000984,TC-00803,2024-01-22,Slow speed,13.9,4
T000985,TC-00804,2024-09-14,Network outage,17.1,1
T000986,TC-00804,2024-10-05,Network outage,11.2,1
T000987,TC-00805,2024-09-23,Network outage,9.2,4
T000988,TC-00805,2024-02-01,Plan change,15.0,2
T000989,TC-00806,2024-04-05,Network outage,12.6,3
T000990,TC-00806,2024-12-18,Network outage,7.3,1
T000991,TC-00807,2024-06-28,Slow speed,36.0,4
T000992,TC-00807,2024-02-16,Slow speed,35.4,3
T000993,TC-00807,2024-02-16,Billing,32.7,4
T000994,TC-00808,2024-04-02,Network outage,0.7,3
T000995,TC-00808,2024-08-16,Device,3.6,5
T000996,TC-00809,2024-06-01,Network outage,9.1,4
T000997,TC-00810,2024-02-26,Plan change,7.1,4
T000998,TC-00812,2024-06-30,Slow speed,7.5,4
T000999,TC-00813,2024-05-17,Device,50.3,4
T001000,TC-00813,2024-04-14,Billing,9.3,3
T001001,TC-00813,2024-11-08,Network outage,63.8,2
T001002,TC-00814,2024-02-05,Plan change,26.2,4
T001003,TC-00815,2024-02-18,Slow speed,2.3,5
T001004,TC-00815,2024-11-18,Plan change,28.6,2
T001005,TC-00816,2024-11-20,Billing,17.6,5
T001006,TC-00819,2024-12-05,Billing,12.5,3
T001007,TC-00821,2024-09-07,Plan change,9.0,1
T001008,TC-00822,2024-10-24,Device,16.0,1
T001009,TC-00822,2024-07-15,Slow speed,26.0,4
T001010,TC-00822,2024-05-30,Network outage,18.3,4
T001011,TC-00823,2024-08-28,Slow speed,12.8,3
T001012,TC-00824,2024-09-19,Network outage,39.2,3
T001013,TC-00825,2024-07-12,Network outage,12.1,4
T001014,TC-00826,2024-05-20,Billing,13.3,3
T001015,TC-00827,2024-10-20,Slow speed,18.9,2
T001016,TC-00829,2024-05-20,Billing,22.3,2
T001017,TC-00830,2024-06-08,Network outage,15.2,3
T001018,TC-00832,2024-01-05,Device,9.5,5
T001019,TC-00832,2024-11-26,Billing,28.4,3
T001020,TC-00833,2024-03-24,Network outage,23.2,2
T001021,TC-00835,2024-10-06,Billing,13.2,2
T001022,TC-00835,2024-02-01,Billing,1.9,2
T001023,TC-00836,2024-07-09,Network outage,7.7,5
T001024,TC-00836,2024-07-29,Plan change,11.8,1
T001025,TC-00837,2024-11-25,Device,8.8,4
T001026,TC-00837,2024-01-21,Billing,11.3,2
T001027,TC-00837,2024-12-12,Billing,21.4,4
T001028,TC-00837,2024-10-26,Slow speed,26.3,5
T001029,TC-00837,2024-05-23,Slow speed,5.6,3
T001030,TC-00840,2024-10-08,Billing,6.5,3
T001031,TC-00840,2024-09-19,Network outage,8.1,4
T001032,TC-00840,2024-01-03,Device,6.1,4
T001033,TC-00842,2024-04-28,Billing,10.9,5
T001034,TC-00842,2024-06-27,Network outage,24.0,4
T001035,TC-00843,2024-07-25,Device,43.1,3
T001036,TC-00843,2024-10-20,Device,26.4,4
T001037,TC-00844,2024-09-30,Network outage,20.0,4
T001038,TC-00846,2024-05-01,Network outage,0.9,4
T001039,TC-00847,2024-05-02,Network outage,11.4,4
T001040,TC-00847,2024-11-10,Billing,13.4,2
T001041,TC-00847,2024-08-01,Plan change,7.3,4
T001042,TC-00847,2024-05-09,Plan change,8.4,4
T001043,TC-00849,2024-09-06,Slow speed,18.9,3
T001044,TC-00849,2024-04-06,Plan change,10.2,3
T001045,TC-00850,2024-04-12,Network outage,24.1,5
T001046,TC-00853,2024-09-01,Network outage,9.1,5
T001047,TC-00854,2024-08-31,Device,11.6,4
T001048,TC-00855,2024-05-17,Slow speed,23.5,4
T001049,TC-00855,2024-06-18,Billing,40.7,5
T001050,TC-00857,2024-12-22,Network outage,38.6,4
T001051,TC-00857,2024-12-13,Slow speed,4.6,2
T001052,TC-00860,2024-07-31,Plan change,21.4,3
T001053,TC-00861,2024-11-28,Billing,9.3,3
T001054,TC-00861,2024-06-24,Billing,10.9,3
T001055,TC-00863,2024-04-06,Network outage,24.9,3
T001056,TC-00865,2024-06-28,Plan change,15.9,5
T001057,TC-00865,2024-05-07,Plan change,42.8,4
T001058,TC-00866,2024-03-19,Billing,4.1,2
T001059,TC-00870,2024-10-04,Slow speed,31.0,3
T001060,TC-00871,2024-09-05,Device,3.9,2
T001061,TC-00874,2024-09-23,Billing,13.1,4
T001062,TC-00874,2024-04-01,Network outage,55.0,4
T001063,TC-00874,2024-05-25,Network outage,18.5,3
T001064,TC-00874,2024-01-12,Device,18.1,1
T001065,TC-00874,2024-09-19,Slow speed,16.2,5
T001066,TC-00874,2024-12-04,Plan change,25.1,3
T001067,TC-00877,2024-01-02,Device,14.0,5
T001068,TC-00877,2024-04-24,Billing,21.7,2
T001069,TC-00878,2024-04-12,Slow speed,0.6,4
T001070,TC-00879,2024-05-31,Slow speed,37.1,1
T001071,TC-00880,2024-01-16,Billing,20.0,2
T001072,TC-00881,2024-11-04,Billing,45.7,4
T001073,TC-00881,2024-09-25,Plan change,13.4,1
T001074,TC-00881,2024-01-10,Billing,16.7,5
T001075,TC-00881,2024-04-12,Network outage,5.8,5
T001076,TC-00882,2024-02-27,Network outage,10.7,4
T001077,TC-00882,2024-09-26,Network outage,21.1,2
T001078,TC-00882,2024-11-20,Network outage,17.8,5
T001079,TC-00882,2024-12-22,Network outage,33.0,3
T001080,TC-00884,2024-07-12,Device,13.8,1
T001081,TC-00884,2024-03-05,Slow speed,28.8,2
T001082,TC-00886,2024-08-28,Network outage,16.6,4
T001083,TC-00887,2024-03-08,Network outage,27.8,2
T001084,TC-00889,2024-09-18,Network outage,15.7,3
T001085,TC-00892,2024-04-13,Plan change,52.7,3
T001086,TC-00893,2024-10-04,Billing,39.4,4
T001087,TC-00894,2024-11-10,Billing,19.5,3
T001088,TC-00894,2024-08-12,Plan change,11.6,3
T001089,TC-00897,2024-09-02,Device,34.9,4
T001090,TC-00898,2024-10-02,Device,23.8,5
T001091,TC-00900,2024-05-14,Plan change,25.4,3
T001092,TC-00901,2024-03-21,Slow speed,21.8,4
T001093,TC-00901,2024-04-17,Plan change,26.8,4
T001094,TC-00904,2024-02-29,Network outage,34.9,4
T001095,TC-00904,2024-08-10,Network outage,32.4,1
T001096,TC-00904,2024-08-19,Billing,21.7,4
T001097,TC-00904,2024-02-06,Billing,28.6,5
T001098,TC-00906,2024-11-19,Network outage,20.2,2
T001099,TC-00906,2024-01-15,Slow speed,30.1,2
T001100,TC-00907,2024-04-15,Billing,9.5,4
T001101,TC-00908,2024-12-13,Device,29.0,3
T001102,TC-00909,2024-04-10,Billing,2.1,3
T001103,TC-00909,2024-04-07,Slow speed,30.0,5
T001104,TC-00909,2024-04-09,Plan change,11.7,2
T001105,TC-00909,2024-01-02,Plan change,30.9,1
T001106,TC-00910,2024-07-01,Slow speed,9.1,4
T001107,TC-00910,2024-02-14,Device,14.1,3
T001108,TC-00911,2024-07-26,Slow speed,24.5,2
T001109,TC-00913,2024-05-19,Device,12.9,1
T001110,TC-00914,2024-02-23,Slow speed,7.7,3
T001111,TC-00915,2024-10-24,Plan change,1.1,3
T001112,TC-00915,2024-06-15,Plan change,11.3,5
T001113,TC-00915,2024-02-23,Slow speed,40.6,4
T001114,TC-00915,2024-08-22,Network outage,3.8,5
T001115,TC-00916,2024-10-24,Plan change,6.8,4
T001116,TC-00916,2024-09-17,Billing,14.2,3
T001117,TC-00917,2024-01-13,Network outage,4.4,4
T001118,TC-00917,2024-11-09,Billing,10.1,5
T001119,TC-00918,2024-01-06,Plan change,7.8,5
T001120,TC-00921,2024-01-14,Slow speed,66.8,5
T001121,TC-00924,2024-08-20,Billing,10.9,2
T001122,TC-00924,2024-02-14,Network outage,9.3,4
T001123,TC-00926,2024-06-24,Billing,1.1,5
T001124,TC-00928,2024-01-28,Network outage,3.8,3
T001125,TC-00928,2024-05-26,Device,19.2,5
T001126,TC-00928,2024-08-11,Slow speed,13.6,5
T001127,TC-00929,2024-03-27,Billing,19.2,2
T001128,TC-00930,2024-09-01,Slow speed,4.7,3
T001129,TC-00932,2024-04-11,Slow speed,17.2,1
T001130,TC-00933,2024-03-17,Network outage,7.5,4
T001131,TC-00933,2024-11-15,Slow speed,42.5,2
T001132,TC-00933,2024-05-26,Plan change,8.4,3
T001133,TC-00934,2024-09-19,Plan change,23.9,3
T001134,TC-00934,2024-06-19,Slow speed,25.1,3
T001135,TC-00935,2024-07-12,Billing,9.4,5
T001136,TC-00935,2024-04-02,Billing,19.2,2
T001137,TC-00935,2024-05-22,Billing,22.8,4
T001138,TC-00935,2024-12-29,Network outage,23.6,4
T001139,TC-00936,2024-10-04,Billing,14.6,1
T001140,TC-00937,2024-05-20,Device,18.2,4
T001141,TC-00937,2024-06-16,Billing,22.8,3
T001142,TC-00937,2024-10-15,Plan change,17.0,3
T001143,TC-00937,2024-12-05,Network outage,5.5,3
T001144,TC-00938,2024-09-17,Billing,10.3,4
T001145,TC-00938,2024-08-08,Billing,1.6,2
T001146,TC-00939,2024-07-16,Billing,21.3,4
T001147,TC-00939,2024-09-16,Billing,21.7,3
T001148,TC-00942,2024-06-05,Device,10.2,5
T001149,TC-00943,2024-10-21,Plan change,62.4,3
T001150,TC-00944,2024-02-10,Slow speed,34.1,5
T001151,TC-00946,2024-07-18,Network outage,27.5,4
T001152,TC-00946,2024-11-19,Billing,16.8,3
T001153,TC-00947,2024-09-07,Billing,11.0,4
T001154,TC-00947,2024-11-17,Slow speed,16.3,1
T001155,TC-00947,2024-10-01,Billing,13.6,2
T001156,TC-00948,2024-12-17,Device,16.8,4
T001157,TC-00950,2024-03-02,Billing,7.0,1
T001158,TC-00952,2024-10-02,Network outage,9.4,1
T001159,TC-00952,2024-05-17,Network outage,32.9,2
T001160,TC-00954,2024-07-26,Billing,13.2,3
T001161,TC-00954,2024-02-15,Device,16.1,3
T001162,TC-00954,2024-05-03,Slow speed,24.4,2
T001163,TC-00955,2024-12-13,Slow speed,13.5,4
T001164,TC-00955,2024-03-18,Network outage,22.8,3
T001165,TC-00955,2024-10-17,Slow speed,15.4,3
T001166,TC-00956,2024-04-21,Billing,28.4,3
T001167,TC-00956,2024-07-12,Device,21.4,3
T001168,TC-00957,2024-04-25,Slow speed,17.4,2
T001169,TC-00960,2024-08-06,Billing,2.1,4
T001170,TC-00960,2024-09-10,Slow speed,7.1,3
T001171,TC-00962,2024-08-29,Slow speed,24.4,3
T001172,TC-00963,2024-09-22,Billing,36.9,4
T001173,TC-00963,2024-07-18,Network outage,6.5,2
T001174,TC-00963,2024-08-16,Plan change,12.1,4
T001175,TC-00964,2024-02-01,Device,6.1,4
T001176,TC-00964,2024-03-11,Billing,6.1,2
T001177,TC-00965,2024-07-20,Plan change,31.4,2
T001178,TC-00965,2024-05-10,Slow speed,8.4,3
T001179,TC-00966,2024-10-01,Network outage,11.8,3
T001180,TC-00967,2024-09-05,Slow speed,37.1,3
T001181,TC-00968,2024-04-22,Plan change,7.8,2
T001182,TC-00969,2024-01-23,Device,19.3,5
T001183,TC-00970,2024-07-01,Network outage,25.2,3
T001184,TC-00972,2024-06-11,Network outage,8.5,3
T001185,TC-00974,2024-01-20,Slow speed,9.3,3
T001186,TC-00975,2024-04-27,Slow speed,4.7,3
T001187,TC-00976,2024-01-07,Network outage,22.8,3
T001188,TC-00976,2024-08-13,Device,24.4,4
T001189,TC-00976,2024-02-05,Network outage,8.5,4
T001190,TC-00977,2024-10-07,Billing,15.9,3
T001191,TC-00980,2024-01-01,Slow speed,36.7,2
T001192,TC-00980,2024-07-22,Billing,18.0,4
T001193,TC-00980,2024-04-03,Slow speed,18.1,3
T001194,TC-00980,2024-05-29,Network outage,13.5,1
T001195,TC-00980,2024-09-24,Billing,26.6,3
T001196,TC-00980,2024-02-09,Billing,15.3,5
T001197,TC-00983,2024-05-19,Slow speed,34.9,3
T001198,TC-00983,2024-08-31,Slow speed,15.6,4
T001199,TC-00984,2024-03-19,Device,12.9,4
T001200,TC-00985,2024-09-22,Slow speed,12.1,3
T001201,TC-00986,2024-07-03,Plan change,6.9,1
T001202,TC-00987,2024-07-08,Plan change,25.5,4
T001203,TC-00988,2024-03-23,Network outage,25.7,2
T001204,TC-00988,2024-08-06,Plan change,8.5,1
T001205,TC-00988,2024-11-17,Slow speed,4.2,2
T001206,TC-00989,2024-11-30,Slow speed,21.3,3
T001207,TC-00989,2024-06-20,Billing,35.1,5
T001208,TC-00989,2024-06-16,Slow speed,32.8,3
T001209,TC-00989,2024-08-04,Device,24.2,5
T001210,TC-00989,2024-01-31,Network outage,4.7,5
T001211,TC-00990,2024-07-11,Billing,25.8,4
T001212,TC-00990,2024-10-27,Slow speed,9.7,2
T001213,TC-00991,2024-04-04,Network outage,19.3,3
T001214,TC-00992,2024-08-14,Network outage,36.4,1
T001215,TC-00992,2024-10-05,Network outage,36.3,3
T001216,TC-00992,2024-01-09,Plan change,13.6,3
T001217,TC-00993,2024-05-19,Network outage,2.4,2
T001218,TC-00994,2024-01-17,Plan change,23.1,3
T001219,TC-00994,2024-02-25,Slow speed,14.2,4
T001220,TC-00994,2024-07-16,Network outage,12.4,5
T001221,TC-00995,2024-11-12,Network outage,14.0,4
T001222,TC-00997,2024-06-22,Billing,16.9,3
T001223,TC-00999,2024-02-02,Slow speed,16.9,4
T001224,TC-00999,2024-06-09,Plan change,27.2,4
T001225,TC-00999,2024-09-13,Plan change,16.2,5
T001226,TC-01000,2024-01-13,Plan change,31.2,1
T001227,TC-01000,2024-03-14,Billing,32.4,3
T001228,TC-01002,2024-02-16,Slow speed,11.6,4
T001229,TC-01002,2024-10-29,Slow speed,14.0,5
T001230,TC-01004,2024-10-15,Plan change,17.6,2
T001231,TC-01004,2024-04-14,Plan change,38.9,2
T001232,TC-01004,2024-07-26,Billing,23.0,5
T001233,TC-01005,2024-05-25,Billing,5.4,1
T001234,TC-01005,2024-02-09,Plan change,26.2,5
T001235,TC-01006,2024-04-19,Billing,4.9,3
T001236,TC-01006,2024-01-13,Billing,17.0,3
T001237,TC-01007,2024-09-02,Network outage,45.7,2
T001238,TC-01008,2024-05-18,Device,27.6,4
T001239,TC-01008,2024-05-22,Plan change,13.8,2
T001240,TC-01010,2024-07-11,Network outage,5.6,2
T001241,TC-01010,2024-02-22,Device,6.9,3
T001242,TC-01012,2024-09-12,Network outage,19.5,2
T001243,TC-01016,2024-03-03,Device,34.0,1
T001244,TC-01016,2024-12-04,Network outage,27.8,2
T001245,TC-01016,2024-08-21,Network outage,13.9,1
T001246,TC-01018,2024-03-08,Slow speed,49.8,3
T001247,TC-01019,2024-04-21,Slow speed,9.6,3
T001248,TC-01021,2024-09-27,Device,6.2,3
T001249,TC-01023,2024-03-07,Device,9.6,2
T001250,TC-01024,2024-08-29,Network outage,32.3,3
T001251,TC-01024,2024-09-18,Network outage,4.3,3
T001252,TC-01025,2024-09-12,Slow speed,11.0,4
T001253,TC-01025,2024-03-05,Network outage,22.2,3
T001254,TC-01025,2024-08-20,Slow speed,7.2,5
T001255,TC-01026,2024-12-03,Billing,41.0,4
T001256,TC-01027,2024-05-09,Network outage,10.7,3
T001257,TC-01027,2024-01-03,Plan change,18.6,5
T001258,TC-01028,2024-06-09,Slow speed,41.0,5
T001259,TC-01028,2024-08-15,Slow speed,33.6,3
T001260,TC-01029,2024-05-28,Billing,31.8,2
T001261,TC-01031,2024-01-19,Plan change,6.5,3
T001262,TC-01031,2024-12-09,Device,37.9,1
T001263,TC-01033,2024-07-16,Billing,17.8,3
T001264,TC-01033,2024-08-07,Plan change,17.0,4
T001265,TC-01034,2024-01-08,Billing,45.0,4
T001266,TC-01034,2024-11-29,Slow speed,38.4,3
T001267,TC-01034,2024-02-16,Network outage,4.9,5
T001268,TC-01036,2024-01-22,Slow speed,17.1,5
T001269,TC-01037,2024-05-13,Slow speed,53.6,2
T001270,TC-01041,2024-04-21,Plan change,8.4,3
T001271,TC-01041,2024-12-19,Slow speed,27.9,4
T001272,TC-01042,2024-03-16,Slow speed,41.4,4
T001273,TC-01043,2024-05-30,Network outage,27.2,4
T001274,TC-01044,2024-03-27,Network outage,17.0,4
T001275,TC-01044,2024-05-24,Plan change,34.8,2
T001276,TC-01046,2024-06-23,Network outage,9.7,4
T001277,TC-01047,2024-04-15,Slow speed,24.9,2
T001278,TC-01048,2024-09-16,Plan change,22.6,5
T001279,TC-01049,2024-01-25,Plan change,10.9,1
T001280,TC-01049,2024-11-30,Plan change,7.5,2
T001281,TC-01050,2024-05-10,Billing,15.5,4
T001282,TC-01051,2024-11-22,Slow speed,10.2,2
T001283,TC-01054,2024-12-03,Plan change,5.5,3
T001284,TC-01055,2024-05-08,Plan change,19.4,2
T001285,TC-01055,2024-08-20,Plan change,35.2,3
T001286,TC-01055,2024-12-23,Slow speed,4.6,3
T001287,TC-01055,2024-04-19,Billing,9.7,2
T001288,TC-01060,2024-12-05,Slow speed,22.2,4
T001289,TC-01060,2024-03-26,Plan change,9.3,3
T001290,TC-01061,2024-06-03,Slow speed,9.1,5
T001291,TC-01063,2024-02-16,Billing,24.1,3
T001292,TC-01064,2024-02-01,Network outage,26.5,5
T001293,TC-01065,2024-02-05,Slow speed,30.2,3
T001294,TC-01066,2024-01-18,Billing,14.2,2
T001295,TC-01066,2024-03-06,Billing,14.8,5
T001296,TC-01066,2024-01-23,Slow speed,21.6,4
T001297,TC-01069,2024-03-01,Slow speed,12.9,4
T001298,TC-01069,2024-09-08,Network outage,8.8,3
T001299,TC-01070,2024-10-20,Network outage,8.8,3
T001300,TC-01070,2024-11-13,Slow speed,3.9,3
T001301,TC-01070,2024-10-05,Plan change,11.7,3
T001302,TC-01072,2024-02-15,Billing,25.4,3
T001303,TC-01074,2024-09-04,Network outage,15.5,3
T001304,TC-01074,2024-08-07,Device,8.2,2
T001305,TC-01074,2024-11-24,Device,11.6,1
T001306,TC-01075,2024-08-05,Billing,3.5,3
T001307,TC-01077,2024-08-12,Device,20.5,3
T001308,TC-01078,2024-10-05,Billing,10.6,3
T001309,TC-01084,2024-10-11,Billing,22.8,4
T001310,TC-01087,2024-01-08,Billing,49.1,2
T001311,TC-01090,2024-10-06,Slow speed,5.2,2
T001312,TC-01090,2024-12-18,Network outage,14.3,3
T001313,TC-01091,2024-06-08,Network outage,27.5,4
T001314,TC-01093,2024-01-27,Plan change,17.4,5
T001315,TC-01093,2024-06-17,Slow speed,10.4,3
T001316,TC-01094,2024-08-26,Network outage,9.1,4
T001317,TC-01095,2024-02-12,Plan change,1.0,4
T001318,TC-01097,2024-07-07,Network outage,57.7,3
T001319,TC-01101,2024-06-03,Network outage,14.9,2
T001320,TC-01102,2024-12-15,Slow speed,24.9,4
T001321,TC-01104,2024-04-22,Plan change,13.4,3
T001322,TC-01104,2024-04-25,Device,16.1,4
T001323,TC-01104,2024-10-20,Device,18.5,3
T001324,TC-01104,2024-05-26,Network outage,4.0,4
T001325,TC-01105,2024-06-01,Slow speed,18.1,3
T001326,TC-01105,2024-01-16,Plan change,26.4,3
T001327,TC-01105,2024-08-21,Network outage,7.4,3
T001328,TC-01106,2024-08-29,Plan change,13.0,2
T001329,TC-01109,2024-01-31,Slow speed,27.5,4
T001330,TC-01109,2024-03-05,Plan change,24.0,3
T001331,TC-01110,2024-05-19,Slow speed,32.3,2
T001332,TC-01110,2024-12-11,Network outage,28.2,2
T001333,TC-01110,2024-11-13,Slow speed,24.1,1
T001334,TC-01111,2024-07-14,Network outage,19.9,2
T001335,TC-01112,2024-01-01,Billing,16.1,4
T001336,TC-01113,2024-06-30,Slow speed,4.6,2
T001337,TC-01114,2024-06-28,Plan change,10.6,5
T001338,TC-01116,2024-01-12,Slow speed,27.1,4
T001339,TC-01116,2024-01-10,Slow speed,59.3,4
T001340,TC-01116,2024-12-07,Plan change,22.2,3
T001341,TC-01117,2024-12-25,Slow speed,26.4,3
T001342,TC-01118,2024-09-28,Billing,13.5,3
T001343,TC-01119,2024-01-24,Plan change,34.2,4
T001344,TC-01119,2024-09-05,Billing,32.3,5
T001345,TC-01119,2024-09-07,Billing,15.2,3
T001346,TC-01120,2024-04-05,Slow speed,22.3,3
T001347,TC-01120,2024-11-04,Slow speed,9.6,4
T001348,TC-01121,2024-03-14,Device,8.9,3
T001349,TC-01121,2024-01-24,Plan change,24.3,2
T001350,TC-01121,2024-08-10,Plan change,0.7,3
T001351,TC-01122,2024-12-25,Slow speed,3.8,4
T001352,TC-01123,2024-12-09,Network outage,62.1,4
T001353,TC-01126,2024-09-05,Billing,6.3,4
T001354,TC-01127,2024-10-07,Network outage,25.5,3
T001355,TC-01127,2024-09-10,Network outage,26.9,3
T001356,TC-01128,2024-09-07,Network outage,10.3,3
T001357,TC-01128,2024-12-02,Plan change,2.2,2
T001358,TC-01128,2024-02-28,Slow speed,6.8,4
T001359,TC-01128,2024-05-07,Slow speed,4.2,4
T001360,TC-01130,2024-12-28,Billing,11.1,4
T001361,TC-01130,2024-12-30,Slow speed,10.1,4
T001362,TC-01133,2024-04-04,Billing,32.9,3
T001363,TC-01133,2024-05-11,Slow speed,28.7,3
T001364,TC-01134,2024-03-07,Billing,5.1,2
T001365,TC-01135,2024-08-09,Billing,17.4,2
T001366,TC-01137,2024-04-19,Device,76.3,4
T001367,TC-01138,2024-03-01,Billing,13.6,3
T001368,TC-01138,2024-01-26,Device,2.5,3
T001369,TC-01139,2024-11-13,Device,7.1,1
T001370,TC-01139,2024-08-19,Plan change,11.1,3
T001371,TC-01139,2024-07-24,Network outage,8.3,4
T001372,TC-01139,2024-12-21,Billing,19.3,3
T001373,TC-01140,2024-06-09,Billing,26.5,2
T001374,TC-01140,2024-03-22,Network outage,17.6,2
T001375,TC-01140,2024-06-24,Device,48.0,3
T001376,TC-01140,2024-11-30,Plan change,9.0,5
T001377,TC-01142,2024-01-26,Slow speed,20.2,4
T001378,TC-01144,2024-08-07,Device,9.8,2
T001379,TC-01145,2024-07-11,Slow speed,8.7,5
T001380,TC-01150,2024-02-24,Device,32.6,1
T001381,TC-01150,2024-03-22,Network outage,14.1,1
T001382,TC-01150,2024-10-24,Network outage,7.6,2
T001383,TC-01150,2024-10-15,Billing,23.4,2
T001384,TC-01152,2024-10-25,Plan change,9.1,4
T001385,TC-01152,2024-09-01,Slow speed,61.4,5
T001386,TC-01152,2024-07-20,Device,12.7,3
T001387,TC-01152,2024-02-26,Plan change,18.7,4
T001388,TC-01153,2024-03-20,Slow speed,37.3,4
T001389,TC-01153,2024-03-13,Slow speed,21.8,4
T001390,TC-01154,2024-09-22,Plan change,4.8,4
T001391,TC-01155,2024-07-28,Network outage,24.9,5
T001392,TC-01156,2024-10-08,Network outage,7.3,3
T001393,TC-01160,2024-07-12,Network outage,12.0,3
T001394,TC-01160,2024-01-07,Network outage,29.0,4
T001395,TC-01161,2024-03-12,Network outage,14.6,5
T001396,TC-01161,2024-05-05,Network outage,36.9,3
T001397,TC-01161,2024-02-10,Slow speed,9.2,4
T001398,TC-01163,2024-05-03,Billing,9.5,2
T001399,TC-01165,2024-07-06,Slow speed,30.9,4
T001400,TC-01166,2024-05-29,Billing,1.6,4
T001401,TC-01166,2024-05-20,Network outage,6.1,5
T001402,TC-01168,2024-06-08,Billing,2.2,5
T001403,TC-01169,2024-11-07,Billing,28.1,2
T001404,TC-01169,2024-03-14,Slow speed,7.6,2
T001405,TC-01169,2024-08-20,Slow speed,31.0,3
T001406,TC-01169,2024-01-28,Billing,9.7,1
T001407,TC-01171,2024-07-17,Plan change,26.4,5
T001408,TC-01171,2024-11-15,Device,1.7,5
T001409,TC-01172,2024-02-18,Network outage,9.1,3
T001410,TC-01173,2024-12-16,Billing,15.1,2
T001411,TC-01174,2024-11-25,Network outage,12.7,5
T001412,TC-01175,2024-11-20,Network outage,5.8,2
T001413,TC-01175,2024-12-06,Slow speed,38.7,5
T001414,TC-01176,2024-12-10,Plan change,5.2,2
T001415,TC-01177,2024-05-17,Plan change,5.7,4
T001416,TC-01177,2024-02-05,Network outage,9.9,3
T001417,TC-01178,2024-02-08,Network outage,9.2,5
T001418,TC-01179,2024-07-17,Billing,8.5,4
T001419,TC-01179,2024-01-17,Billing,5.0,2
T001420,TC-01179,2024-04-26,Network outage,14.0,4
T001421,TC-01181,2024-04-07,Slow speed,15.7,1
T001422,TC-01182,2024-08-11,Billing,7.6,3
T001423,TC-01183,2024-09-20,Network outage,15.6,3
T001424,TC-01183,2024-05-28,Slow speed,15.6,2
T001425,TC-01183,2024-05-01,Device,27.4,3
T001426,TC-01183,2024-02-27,Slow speed,30.5,3
T001427,TC-01185,2024-07-31,Slow speed,14.3,2
T001428,TC-01185,2024-08-07,Plan change,10.6,3
T001429,TC-01186,2024-06-11,Network outage,24.6,4
T001430,TC-01187,2024-12-03,Slow speed,48.6,4
T001431,TC-01188,2024-11-28,Slow speed,25.8,4
T001432,TC-01189,2024-02-24,Billing,10.2,3
T001433,TC-01189,2024-07-21,Billing,15.9,5
T001434,TC-01189,2024-12-15,Slow speed,9.4,2
T001435,TC-01190,2024-11-17,Network outage,16.7,4
T001436,TC-01190,2024-10-19,Network outage,10.9,1
T001437,TC-01191,2024-12-02,Plan change,0.7,2
T001438,TC-01191,2024-08-07,Plan change,14.1,3
T001439,TC-01192,2024-07-09,Billing,33.7,5
T001440,TC-01193,2024-12-24,Device,18.7,3
T001441,TC-01195,2024-08-13,Billing,4.6,4
T001442,TC-01196,2024-03-15,Device,8.6,4
T001443,TC-01197,2024-07-18,Slow speed,48.4,1
T001444,TC-01197,2024-05-31,Device,29.8,1
T001445,TC-01199,2024-09-12,Device,11.7,2
T001446,TC-01199,2024-05-14,Device,25.4,4
T001447,TC-01200,2024-11-20,Slow speed,13.0,2
T001448,TC-01202,2024-08-16,Billing,52.9,3
T001449,TC-01206,2024-05-08,Billing,17.2,2
T001450,TC-01206,2024-04-19,Device,19.7,3
T001451,TC-01207,2024-06-26,Plan change,9.2,3
T001452,TC-01208,2024-12-28,Plan change,12.5,1
T001453,TC-01210,2024-02-20,Billing,30.5,4
T001454,TC-01210,2024-10-01,Billing,39.6,4
T001455,TC-01212,2024-04-09,Slow speed,37.7,2
T001456,TC-01213,2024-09-14,Slow speed,8.1,5
T001457,TC-01215,2024-12-27,Plan change,20.8,4
T001458,TC-01215,2024-08-27,Plan change,15.3,3
T001459,TC-01216,2024-09-03,Billing,16.9,3
T001460,TC-01216,2024-10-02,Device,14.1,3
T001461,TC-01217,2024-07-30,Billing,33.6,4
T001462,TC-01219,2024-01-24,Billing,16.2,2
T001463,TC-01219,2024-12-13,Network outage,24.0,3
T001464,TC-01220,2024-10-06,Plan change,10.0,3
T001465,TC-01221,2024-10-07,Slow speed,1.7,3
T001466,TC-01221,2024-10-11,Slow speed,17.9,5
T001467,TC-01221,2024-06-16,Slow speed,17.1,5
T001468,TC-01221,2024-10-31,Plan change,13.6,5
T001469,TC-01221,2024-09-12,Slow speed,12.6,4
T001470,TC-01222,2024-06-21,Slow speed,17.1,1
T001471,TC-01222,2024-10-09,Slow speed,13.3,5
T001472,TC-01223,2024-05-26,Plan change,15.3,3
T001473,TC-01224,2024-07-06,Network outage,6.8,5
T001474,TC-01225,2024-07-03,Slow speed,12.5,5
T001475,TC-01226,2024-10-29,Plan change,15.8,4
T001476,TC-01226,2024-02-06,Plan change,25.9,4
T001477,TC-01227,2024-02-11,Plan change,17.6,5
T001478,TC-01227,2024-03-04,Plan change,22.2,4
T001479,TC-01228,2024-04-29,Billing,4.1,4
T001480,TC-01228,2024-06-11,Billing,9.7,2
T001481,TC-01229,2024-06-05,Network outage,9.9,5
T001482,TC-01232,2024-02-17,Slow speed,20.3,4
T001483,TC-01233,2024-03-07,Plan change,24.0,4
T001484,TC-01233,2024-11-21,Billing,17.9,2
T001485,TC-01234,2024-08-30,Billing,18.8,5
T001486,TC-01235,2024-08-26,Slow speed,2.8,4
T001487,TC-01236,2024-07-10,Billing,25.0,3
T001488,TC-01237,2024-11-22,Billing,13.3,4
T001489,TC-01237,2024-08-10,Network outage,16.1,2
T001490,TC-01239,2024-03-19,Network outage,22.1,5
T001491,TC-01239,2024-05-27,Slow speed,10.8,2
T001492,TC-01240,2024-11-23,Device,40.9,2
T001493,TC-01240,2024-12-24,Device,15.0,3
T001494,TC-01240,2024-11-01,Network outage,1.2,2
T001495,TC-01241,2024-02-05,Plan change,45.9,2
T001496,TC-01241,2024-12-02,Network outage,17.2,4
T001497,TC-01243,2024-11-24,Plan change,17.4,3
T001498,TC-01243,2024-06-06,Slow speed,18.0,2
T001499,TC-01243,2024-03-14,Network outage,63.3,3
T001500,TC-01244,2024-10-17,Network outage,23.6,3
T001501,TC-01244,2024-03-02,Network outage,53.0,3
T001502,TC-01246,2024-01-25,Billing,2.9,3
T001503,TC-01247,2024-08-12,Device,9.5,4
T001504,TC-01248,2024-10-13,Network outage,31.2,3
T001505,TC-01248,2024-09-19,Plan change,13.6,3
T001506,TC-01249,2024-08-19,Slow speed,26.8,3
T001507,TC-01249,2024-03-25,Device,18.1,4
T001508,TC-01250,2024-09-05,Billing,14.1,3
T001509,TC-01253,2024-02-06,Slow speed,17.3,2
T001510,TC-01253,2024-07-20,Plan change,40.2,2
T001511,TC-01254,2024-04-01,Network outage,16.7,4
T001512,TC-01256,2024-01-30,Slow speed,6.7,3
T001513,TC-01257,2024-02-22,Network outage,16.6,2
T001514,TC-01258,2024-09-28,Network outage,50.4,3
T001515,TC-01259,2024-03-29,Network outage,7.1,4
T001516,TC-01262,2024-06-05,Network outage,17.2,3
T001517,TC-01263,2024-06-26,Billing,19.1,4
T001518,TC-01263,2024-10-15,Network outage,28.6,3
T001519,TC-01268,2024-05-04,Plan change,63.3,3
T001520,TC-01270,2024-02-21,Slow speed,22.7,5
T001521,TC-01271,2024-10-15,Network outage,19.6,3
T001522,TC-01272,2024-02-29,Slow speed,12.0,4
T001523,TC-01272,2024-11-01,Billing,13.1,5
T001524,TC-01272,2024-06-22,Network outage,17.1,4
T001525,TC-01273,2024-03-23,Network outage,3.9,5
T001526,TC-01274,2024-05-31,Slow speed,29.1,1
T001527,TC-01274,2024-12-06,Network outage,12.1,1
T001528,TC-01274,2024-08-05,Plan change,11.2,4
T001529,TC-01274,2024-04-12,Slow speed,13.7,3
T001530,TC-01275,2024-04-25,Network outage,17.6,5
T001531,TC-01279,2024-11-26,Device,36.5,4
T001532,TC-01280,2024-08-22,Billing,35.8,4
T001533,TC-01282,2024-03-17,Billing,13.9,2
T001534,TC-01282,2024-11-02,Device,12.8,3
T001535,TC-01284,2024-09-17,Plan change,9.2,4
T001536,TC-01286,2024-06-26,Slow speed,17.3,4
T001537,TC-01287,2024-02-05,Network outage,15.4,3
T001538,TC-01289,2024-09-04,Device,26.2,4
T001539,TC-01289,2024-08-07,Billing,30.0,5
T001540,TC-01290,2024-12-16,Network outage,34.6,1
T001541,TC-01294,2024-08-14,Billing,38.6,4
T001542,TC-01294,2024-11-13,Billing,2.9,2
T001543,TC-01294,2024-02-23,Network outage,4.8,3
T001544,TC-01294,2024-09-02,Billing,8.6,5
T001545,TC-01295,2024-06-02,Network outage,6.2,3
T001546,TC-01295,2024-03-26,Network outage,15.4,4
T001547,TC-01296,2024-01-18,Billing,3.7,4
T001548,TC-01297,2024-12-21,Billing,35.2,3
T001549,TC-01300,2024-08-12,Plan change,20.5,2
T001550,TC-01300,2024-10-24,Network outage,9.4,1
T001551,TC-01301,2024-07-15,Billing,18.8,3
T001552,TC-01303,2024-04-29,Slow speed,2.9,3
T001553,TC-01305,2024-07-14,Plan change,28.0,5
T001554,TC-01306,2024-02-26,Billing,5.1,1
T001555,TC-01306,2024-11-30,Network outage,3.6,4
T001556,TC-01306,2024-03-27,Network outage,7.8,2
T001557,TC-01308,2024-12-21,Network outage,21.9,3
T001558,TC-01308,2024-01-16,Network outage,8.7,4
T001559,TC-01310,2024-05-27,Billing,36.7,1
T001560,TC-01313,2024-07-08,Slow speed,4.2,2
T001561,TC-01313,2024-05-24,Plan change,23.4,3
T001562,TC-01313,2024-09-12,Network outage,3.0,3
T001563,TC-01314,2024-05-25,Billing,24.9,4
T001564,TC-01314,2024-06-19,Network outage,60.2,4
T001565,TC-01315,2024-01-16,Slow speed,19.2,3
T001566,TC-01315,2024-09-11,Network outage,18.0,5
T001567,TC-01315,2024-05-04,Billing,9.4,4
T001568,TC-01315,2024-06-26,Billing,4.0,2
T001569,TC-01316,2024-05-28,Network outage,3.7,4
T001570,TC-01317,2024-03-14,Slow speed,18.9,3
T001571,TC-01318,2024-04-19,Network outage,14.1,3
T001572,TC-01319,2024-04-09,Network outage,16.1,4
T001573,TC-01319,2024-06-15,Slow speed,5.2,4
T001574,TC-01320,2024-09-29,Billing,29.2,4
T001575,TC-01320,2024-01-03,Network outage,6.9,4
T001576,TC-01321,2024-09-29,Slow speed,3.5,4
T001577,TC-01321,2024-10-23,Billing,25.5,3
T001578,TC-01321,2024-03-15,Plan change,11.7,3
T001579,TC-01322,2024-01-17,Device,16.3,4
T001580,TC-01322,2024-09-22,Plan change,6.8,5
T001581,TC-01322,2024-09-29,Billing,5.5,5
T001582,TC-01323,2024-05-17,Slow speed,20.5,3
T001583,TC-01324,2024-08-06,Plan change,21.7,2
T001584,TC-01324,2024-05-05,Slow speed,20.8,2
T001585,TC-01324,2024-12-28,Network outage,37.1,2
T001586,TC-01324,2024-12-29,Billing,17.3,1
T001587,TC-01324,2024-07-18,Network outage,10.1,2
T001588,TC-01324,2024-04-07,Plan change,14.3,4
T001589,TC-01325,2024-07-10,Network outage,18.7,5
T001590,TC-01325,2024-03-11,Billing,28.4,4
T001591,TC-01325,2024-05-03,Slow speed,1.2,5
T001592,TC-01327,2024-06-15,Device,20.1,4
T001593,TC-01328,2024-08-20,Slow speed,10.5,3
T001594,TC-01328,2024-12-17,Network outage,39.6,2
T001595,TC-01328,2024-06-22,Slow speed,40.1,3
T001596,TC-01328,2024-06-15,Device,21.2,3
T001597,TC-01331,2024-11-01,Network outage,2.3,5
T001598,TC-01331,2024-06-01,Network outage,32.8,3
T001599,TC-01332,2024-11-12,Network outage,32.4,4
T001600,TC-01332,2024-10-16,Network outage,46.7,3
T001601,TC-01332,2024-07-03,Device,15.7,5
T001602,TC-01333,2024-07-26,Device,12.3,3
T001603,TC-01334,2024-09-30,Network outage,32.2,4
T001604,TC-01338,2024-05-18,Network outage,17.9,3
T001605,TC-01340,2024-08-13,Plan change,34.1,4
T001606,TC-01340,2024-01-26,Billing,36.1,2
T001607,TC-01341,2024-01-27,Slow speed,9.8,1
T001608,TC-01343,2024-01-26,Network outage,14.9,2
T001609,TC-01343,2024-08-15,Device,18.0,3
T001610,TC-01343,2024-05-23,Plan change,7.2,4
T001611,TC-01343,2024-10-08,Network outage,8.8,3
T001612,TC-01344,2024-03-01,Network outage,25.5,3
T001613,TC-01345,2024-01-01,Device,12.3,2
T001614,TC-01345,2024-01-20,Billing,3.9,3
T001615,TC-01346,2024-09-01,Slow speed,18.2,4
T001616,TC-01350,2024-01-29,Billing,12.8,5
T001617,TC-01350,2024-03-23,Billing,12.7,5
T001618,TC-01351,2024-11-14,Plan change,16.4,3
T001619,TC-01351,2024-08-05,Network outage,10.3,4
T001620,TC-01353,2024-11-06,Slow speed,15.5,3
T001621,TC-01353,2024-01-31,Plan change,17.0,3
T001622,TC-01353,2024-06-17,Network outage,9.3,2
T001623,TC-01353,2024-02-10,Plan change,9.2,4
T001624,TC-01354,2024-01-31,Slow speed,6.1,3
T001625,TC-01355,2024-11-12,Plan change,6.4,2
T001626,TC-01355,2024-09-09,Billing,19.9,2
T001627,TC-01356,2024-11-26,Billing,0.6,2
T001628,TC-01356,2024-11-07,Plan change,14.8,3
T001629,TC-01357,2024-07-05,Plan change,19.2,5
T001630,TC-01357,2024-10-31,Network outage,23.2,4
T001631,TC-01357,2024-01-08,Device,9.3,3
T001632,TC-01359,2024-07-17,Network outage,3.4,4
T001633,TC-01360,2024-05-01,Network outage,6.6,4
T001634,TC-01362,2024-02-20,Slow speed,33.6,3
T001635,TC-01362,2024-12-27,Plan change,5.5,4
T001636,TC-01363,2024-07-20,Billing,13.1,2
T001637,TC-01364,2024-03-09,Device,15.8,3
T001638,TC-01365,2024-03-07,Plan change,22.0,3
T001639,TC-01366,2024-08-01,Plan change,6.9,3
T001640,TC-01366,2024-05-11,Network outage,15.8,3
T001641,TC-01366,2024-06-06,Slow speed,12.1,5
T001642,TC-01366,2024-08-23,Billing,18.3,3
T001643,TC-01367,2024-07-29,Slow speed,16.9,4
T001644,TC-01368,2024-01-08,Network outage,10.6,3
T001645,TC-01370,2024-07-20,Slow speed,12.9,5
T001646,TC-01370,2024-09-16,Plan change,11.7,3
T001647,TC-01371,2024-02-03,Billing,20.3,4
T001648,TC-01373,2024-07-23,Plan change,18.3,5
T001649,TC-01373,2024-04-09,Network outage,18.5,3
T001650,TC-01373,2024-01-10,Billing,18.9,4
T001651,TC-01377,2024-07-02,Slow speed,15.9,2
T001652,TC-01378,2024-07-28,Billing,10.0,5
T001653,TC-01378,2024-10-08,Device,13.8,4
T001654,TC-01378,2024-09-28,Slow speed,33.7,5
T001655,TC-01380,2024-08-23,Billing,22.5,4
T001656,TC-01383,2024-04-18,Slow speed,7.0,2
T001657,TC-01384,2024-07-14,Plan change,5.1,3
T001658,TC-01384,2024-11-07,Network outage,25.3,4
T001659,TC-01384,2024-01-01,Plan change,13.5,4
T001660,TC-01384,2024-12-28,Billing,8.3,4
T001661,TC-01386,2024-10-19,Network outage,39.2,4
T001662,TC-01387,2024-11-24,Device,9.1,5
T001663,TC-01388,2024-10-22,Plan change,19.7,3
T001664,TC-01389,2024-10-27,Network outage,9.8,4
T001665,TC-01389,2024-01-20,Billing,15.4,3
T001666,TC-01390,2024-12-26,Network outage,14.9,4
T001667,TC-01390,2024-07-26,Billing,11.1,3
T001668,TC-01391,2024-04-11,Network outage,21.9,4
T001669,TC-01391,2024-12-25,Device,25.0,4
T001670,TC-01392,2024-12-23,Network outage,6.9,3
T001671,TC-01393,2024-01-14,Slow speed,18.5,5
T001672,TC-01394,2024-06-01,Plan change,18.1,4
T001673,TC-01395,2024-10-26,Network outage,16.4,4
T001674,TC-01397,2024-05-06,Network outage,5.5,3
T001675,TC-01398,2024-01-23,Billing,12.7,3
T001676,TC-01398,2024-04-22,Device,27.9,5
T001677,TC-01400,2024-06-28,Billing,21.8,2
T001678,TC-01401,2024-05-29,Device,15.6,3
T001679,TC-01401,2024-12-14,Network outage,41.1,4
T001680,TC-01402,2024-07-29,Device,11.3,2
T001681,TC-01405,2024-05-19,Plan change,26.7,2
T001682,TC-01405,2024-03-17,Slow speed,1.8,4
T001683,TC-01406,2024-05-25,Billing,27.5,4
T001684,TC-01406,2024-09-27,Network outage,18.7,4
T001685,TC-01408,2024-03-02,Plan change,9.5,2
T001686,TC-01408,2024-12-07,Network outage,14.2,3
T001687,TC-01408,2024-02-15,Billing,2.7,2
T001688,TC-01409,2024-06-10,Slow speed,21.1,4
T001689,TC-01409,2024-01-23,Slow speed,2.2,4
T001690,TC-01410,2024-02-22,Network outage,25.2,4
T001691,TC-01411,2024-02-02,Network outage,5.5,4
T001692,TC-01411,2024-10-19,Network outage,7.3,3
T001693,TC-01412,2024-03-31,Device,4.7,3
T001694,TC-01412,2024-03-12,Billing,33.2,4
T001695,TC-01412,2024-06-27,Device,9.2,3
T001696,TC-01413,2024-05-25,Plan change,13.1,2
T001697,TC-01413,2024-12-24,Network outage,17.6,3
T001698,TC-01415,2024-07-13,Network outage,17.7,4
T001699,TC-01415,2024-11-04,Slow speed,25.3,3
T001700,TC-01416,2024-09-02,Billing,21.8,4
T001701,TC-01417,2024-03-30,Network outage,37.1,3
T001702,TC-01419,2024-04-22,Slow speed,4.6,3
T001703,TC-01419,2024-08-19,Billing,4.8,5
T001704,TC-01420,2024-01-02,Slow speed,3.1,2
T001705,TC-01423,2024-06-12,Network outage,11.2,2
T001706,TC-01425,2024-02-05,Slow speed,45.0,4
T001707,TC-01425,2024-05-03,Network outage,25.1,2
T001708,TC-01427,2024-11-16,Slow speed,2.8,2
T001709,TC-01427,2024-12-12,Billing,19.3,2
T001710,TC-01428,2024-11-24,Billing,15.4,2
T001711,TC-01428,2024-02-12,Device,11.8,1
T001712,TC-01430,2024-06-18,Network outage,9.6,3
T001713,TC-01431,2024-05-19,Network outage,47.4,3
T001714,TC-01432,2024-12-25,Slow speed,32.2,5
T001715,TC-01432,2024-12-13,Billing,5.2,3
T001716,TC-01434,2024-09-11,Device,7.5,3
T001717,TC-01434,2024-07-31,Billing,1.9,5
T001718,TC-01435,2024-09-06,Billing,13.7,3
T001719,TC-01439,2024-11-02,Device,62.5,3
T001720,TC-01440,2024-03-24,Slow speed,4.3,4
T001721,TC-01441,2024-07-22,Plan change,23.7,2
T001722,TC-01443,2024-03-25,Plan change,21.1,4
T001723,TC-01444,2024-01-30,Plan change,12.7,4
T001724,TC-01444,2024-07-27,Billing,7.8,4
T001725,TC-01446,2024-08-24,Slow speed,15.0,3
T001726,TC-01446,2024-10-10,Billing,41.1,4
T001727,TC-01448,2024-10-30,Billing,31.6,5
T001728,TC-01448,2024-12-09,Billing,15.1,3
T001729,TC-01449,2024-03-19,Billing,50.3,1
T001730,TC-01449,2024-01-25,Slow speed,22.8,2
T001731,TC-01450,2024-05-10,Device,21.2,5
T001732,TC-01452,2024-09-29,Network outage,1.9,3
T001733,TC-01452,2024-05-08,Slow speed,11.6,4
T001734,TC-01453,2024-01-23,Slow speed,9.5,3
T001735,TC-01455,2024-04-27,Network outage,29.4,4
T001736,TC-01455,2024-09-18,Slow speed,15.3,3
T001737,TC-01457,2024-06-12,Billing,14.9,2
T001738,TC-01459,2024-09-20,Billing,8.0,2
T001739,TC-01460,2024-07-04,Slow speed,22.1,1
T001740,TC-01461,2024-07-02,Network outage,2.1,3
T001741,TC-01461,2024-09-30,Billing,7.6,2
T001742,TC-01461,2024-09-15,Device,4.8,3
T001743,TC-01468,2024-11-22,Slow speed,43.4,3
T001744,TC-01468,2024-03-26,Billing,27.8,5
T001745,TC-01469,2024-08-11,Network outage,10.7,3
T001746,TC-01470,2024-08-21,Slow speed,20.1,2
T001747,TC-01470,2024-03-29,Network outage,23.5,2
T001748,TC-01472,2024-07-31,Network outage,12.1,5
T001749,TC-01472,2024-07-29,Billing,5.0,2
T001750,TC-01473,2024-12-24,Slow speed,7.9,5
T001751,TC-01473,2024-10-22,Billing,2.6,3
T001752,TC-01474,2024-12-03,Billing,42.5,3
T001753,TC-01475,2024-03-22,Slow speed,17.1,4
T001754,TC-01476,2024-05-31,Plan change,6.3,3
T001755,TC-01477,2024-07-21,Device,7.2,2
T001756,TC-01477,2024-08-15,Slow speed,3.6,2
T001757,TC-01477,2024-06-16,Network outage,8.4,4
T001758,TC-01478,2024-08-10,Billing,25.3,2
T001759,TC-01478,2024-07-20,Plan change,16.6,3
T001760,TC-01478,2024-01-23,Network outage,8.3,3
T001761,TC-01479,2024-07-31,Plan change,29.4,4
T001762,TC-01479,2024-03-11,Device,2.8,3
T001763,TC-01480,2024-10-04,Network outage,8.6,2
T001764,TC-01480,2024-11-29,Network outage,18.8,2
T001765,TC-01480,2024-04-22,Network outage,25.5,1
T001766,TC-01480,2024-04-18,Device,8.5,3
T001767,TC-01481,2024-05-24,Network outage,24.9,5
T001768,TC-01482,2024-03-18,Network outage,14.7,5
T001769,TC-01483,2024-01-20,Slow speed,4.5,1
T001770,TC-01483,2024-02-11,Billing,30.6,5
T001771,TC-01484,2024-10-26,Billing,33.7,2
T001772,TC-01484,2024-01-05,Network outage,40.4,2
T001773,TC-01486,2024-02-27,Slow speed,8.7,1
T001774,TC-01487,2024-11-01,Network outage,8.9,5
T001775,TC-01488,2024-07-04,Network outage,6.1,5
T001776,TC-01488,2024-05-11,Slow speed,27.3,5
T001777,TC-01489,2024-05-28,Slow speed,3.6,2
T001778,TC-01490,2024-03-06,Network outage,1.7,5
T001779,TC-01490,2024-11-11,Slow speed,35.4,3
T001780,TC-01491,2024-02-02,Slow speed,10.9,1
T001781,TC-01494,2024-02-12,Network outage,18.9,4
T001782,TC-01495,2024-09-19,Network outage,24.5,3
T001783,TC-01495,2024-10-24,Slow speed,21.7,3
T001784,TC-01497,2024-07-11,Network outage,0.4,4
T001785,TC-01498,2024-12-02,Billing,3.0,4
T001786,TC-01498,2024-12-22,Billing,18.7,2
T001787,TC-01499,2024-06-29,Slow speed,25.7,3
T001788,TC-01500,2024-06-27,Device,2.4,2
T001789,TC-01500,2024-08-17,Slow speed,17.4,3
T001790,TC-01501,2024-11-16,Billing,36.6,1
T001791,TC-01502,2024-12-29,Slow speed,4.2,4
T001792,TC-01502,2024-10-12,Network outage,19.3,5
T001793,TC-01502,2024-07-26,Billing,1.9,2
T001794,TC-01502,2024-07-31,Billing,0.7,3
T001795,TC-01502,2024-03-05,Billing,15.5,1
T001796,TC-01503,2024-03-09,Plan change,4.6,2
T001797,TC-01503,2024-08-07,Network outage,9.4,1
T001798,TC-01503,2024-02-07,Network outage,19.2,3
T001799,TC-01505,2024-12-10,Billing,9.2,2
T001800,TC-01506,2024-11-12,Slow speed,17.8,4
T001801,TC-01506,2024-11-11,Plan change,16.3,3
T001802,TC-01506,2024-05-20,Billing,32.1,3
T001803,TC-01506,2024-01-06,Device,5.8,4
T001804,TC-01507,2024-10-11,Plan change,23.7,3
T001805,TC-01509,2024-12-15,Billing,31.7,3
T001806,TC-01509,2024-11-19,Plan change,12.4,4
T001807,TC-01510,2024-05-10,Billing,9.7,2
T001808,TC-01510,2024-09-26,Billing,1.7,4
T001809,TC-01513,2024-05-26,Slow speed,24.9,3
T001810,TC-01513,2024-10-15,Network outage,12.4,3
T001811,TC-01517,2024-06-03,Billing,9.8,4
T001812,TC-01517,2024-08-13,Device,27.4,2
T001813,TC-01519,2024-01-01,Slow speed,34.7,3
T001814,TC-01519,2024-03-25,Plan change,17.1,1
T001815,TC-01520,2024-01-05,Slow speed,10.0,5
T001816,TC-01520,2024-05-05,Slow speed,36.0,3
T001817,TC-01521,2024-03-15,Billing,8.5,3
T001818,TC-01521,2024-11-19,Billing,5.0,4
T001819,TC-01522,2024-05-14,Billing,10.5,2
T001820,TC-01522,2024-02-23,Plan change,6.5,4
T001821,TC-01523,2024-12-11,Device,17.8,5
T001822,TC-01523,2024-09-23,Billing,4.9,2
T001823,TC-01523,2024-11-03,Billing,11.9,2
T001824,TC-01523,2024-07-03,Network outage,6.6,3
T001825,TC-01523,2024-09-16,Billing,33.8,2
T001826,TC-01524,2024-06-29,Slow speed,47.0,3
T001827,TC-01526,2024-09-08,Slow speed,12.6,4
T001828,TC-01527,2024-08-30,Slow speed,17.5,4
T001829,TC-01531,2024-01-05,Plan change,53.5,5
T001830,TC-01531,2024-02-19,Network outage,8.3,5
T001831,TC-01531,2024-06-01,Network outage,14.9,2
T001832,TC-01531,2024-11-14,Network outage,32.4,3
T001833,TC-01533,2024-06-17,Plan change,16.5,3
T001834,TC-01534,2024-03-03,Network outage,16.8,1
T001835,TC-01534,2024-01-21,Network outage,11.2,1
T001836,TC-01534,2024-05-17,Billing,14.5,1
T001837,TC-01534,2024-12-17,Network outage,24.3,2
T001838,TC-01535,2024-09-26,Device,8.9,3
T001839,TC-01535,2024-11-26,Billing,8.7,5
T001840,TC-01536,2024-07-15,Network outage,16.2,5
T001841,TC-01536,2024-11-01,Device,19.3,5
T001842,TC-01536,2024-10-14,Slow speed,17.0,3
T001843,TC-01537,2024-06-25,Slow speed,10.2,4
T001844,TC-01538,2024-07-14,Slow speed,38.5,3
T001845,TC-01540,2024-05-24,Slow speed,28.6,2
T001846,TC-01541,2024-02-08,Slow speed,2.7,2
T001847,TC-01542,2024-05-26,Billing,19.7,3
T001848,TC-01543,2024-01-12,Billing,8.8,1
T001849,TC-01544,2024-06-03,Plan change,41.5,2
T001850,TC-01545,2024-03-16,Network outage,23.0,3
T001851,TC-01547,2024-01-18,Slow speed,28.2,5
T001852,TC-01551,2024-07-12,Slow speed,22.9,3
T001853,TC-01551,2024-10-25,Slow speed,23.3,4
T001854,TC-01551,2024-11-07,Slow speed,18.1,2
T001855,TC-01552,2024-04-27,Plan change,22.3,3
T001856,TC-01552,2024-07-12,Network outage,23.6,5
T001857,TC-01552,2024-02-23,Billing,7.6,2
T001858,TC-01553,2024-05-12,Billing,42.8,3
T001859,TC-01554,2024-04-28,Slow speed,21.0,4
T001860,TC-01555,2024-09-18,Billing,63.5,5
T001861,TC-01555,2024-08-09,Network outage,7.7,4
T001862,TC-01556,2024-07-16,Slow speed,4.0,5
T001863,TC-01558,2024-08-15,Slow speed,21.8,2
T001864,TC-01558,2024-10-17,Slow speed,15.2,4
T001865,TC-01560,2024-06-04,Network outage,2.8,3
T001866,TC-01560,2024-05-05,Network outage,13.7,2
T001867,TC-01560,2024-06-27,Slow speed,13.1,3
T001868,TC-01560,2024-01-09,Billing,2.8,1
T001869,TC-01562,2024-01-21,Plan change,26.1,1
T001870,TC-01562,2024-05-19,Network outage,5.2,3
T001871,TC-01563,2024-08-02,Plan change,7.8,4
T001872,TC-01564,2024-12-14,Network outage,21.4,5
T001873,TC-01564,2024-11-30,Plan change,9.1,4
T001874,TC-01565,2024-12-08,Device,24.0,5
T001875,TC-01566,2024-12-18,Network outage,23.6,3
T001876,TC-01570,2024-12-17,Billing,6.1,2
T001877,TC-01570,2024-07-26,Billing,26.7,5
T001878,TC-01572,2024-02-25,Slow speed,12.7,3
T001879,TC-01572,2024-09-22,Network outage,7.3,2
T001880,TC-01573,2024-05-01,Network outage,3.5,2
T001881,TC-01574,2024-10-28,Billing,18.1,3
T001882,TC-01575,2024-06-21,Network outage,8.0,3
T001883,TC-01575,2024-09-15,Slow speed,55.6,2
T001884,TC-01576,2024-01-05,Network outage,19.3,3
T001885,TC-01576,2024-02-01,Plan change,12.2,4
T001886,TC-01578,2024-06-30,Billing,11.3,3
T001887,TC-01580,2024-07-17,Plan change,12.2,2
T001888,TC-01581,2024-12-06,Billing,8.2,1
T001889,TC-01581,2024-03-04,Billing,21.2,5
T001890,TC-01582,2024-04-07,Network outage,11.5,3
T001891,TC-01582,2024-07-23,Plan change,8.1,2
T001892,TC-01586,2024-08-29,Slow speed,14.6,5
T001893,TC-01587,2024-02-18,Plan change,16.4,5
T001894,TC-01587,2024-12-07,Slow speed,18.6,3
T001895,TC-01588,2024-02-02,Plan change,16.0,5
T001896,TC-01588,2024-01-22,Device,18.2,4
T001897,TC-01589,2024-03-07,Plan change,29.2,2
T001898,TC-01590,2024-01-11,Slow speed,17.3,2
T001899,TC-01590,2024-05-04,Slow speed,26.4,2
T001900,TC-01591,2024-08-24,Slow speed,14.1,5
T001901,TC-01591,2024-08-08,Network outage,6.7,3
T001902,TC-01592,2024-09-23,Slow speed,19.7,5
T001903,TC-01593,2024-07-10,Billing,7.4,5
T001904,TC-01594,2024-01-11,Billing,6.9,4
T001905,TC-01594,2024-06-21,Plan change,7.5,4
T001906,TC-01595,2024-05-29,Network outage,22.1,3
T001907,TC-01596,2024-10-16,Billing,13.1,4
T001908,TC-01597,2024-12-17,Slow speed,5.7,2
T001909,TC-01597,2024-03-17,Billing,14.8,3
T001910,TC-01597,2024-09-01,Network outage,27.6,4
T001911,TC-01597,2024-02-08,Billing,18.4,5
T001912,TC-01597,2024-11-25,Plan change,23.6,3
T001913,TC-01598,2024-04-25,Slow speed,30.2,4
T001914,TC-01598,2024-04-14,Billing,1.5,2
T001915,TC-01598,2024-01-18,Billing,12.2,2
T001916,TC-01598,2024-05-05,Billing,9.9,3
T001917,TC-01599,2024-08-02,Billing,7.4,2
T001918,TC-01603,2024-05-02,Network outage,20.0,3
T001919,TC-01605,2024-01-29,Device,1.0,4
T001920,TC-01605,2024-06-26,Network outage,28.2,3
T001921,TC-01606,2024-05-09,Plan change,19.8,3
T001922,TC-01608,2024-03-11,Slow speed,21.0,3
T001923,TC-01610,2024-09-30,Device,27.3,5
T001924,TC-01610,2024-03-28,Plan change,17.8,3
T001925,TC-01611,2024-06-03,Slow speed,25.8,4
T001926,TC-01611,2024-07-14,Plan change,41.3,2
T001927,TC-01612,2024-02-22,Slow speed,28.7,4
T001928,TC-01612,2024-12-14,Network outage,6.5,3
T001929,TC-01613,2024-02-21,Device,15.7,2
T001930,TC-01614,2024-06-26,Billing,7.6,4
T001931,TC-01614,2024-01-30,Slow speed,26.2,3
T001932,TC-01617,2024-11-07,Network outage,28.3,4
T001933,TC-01617,2024-06-28,Plan change,6.7,4
T001934,TC-01618,2024-04-04,Billing,21.4,2
T001935,TC-01618,2024-04-26,Billing,29.7,3
T001936,TC-01618,2024-09-10,Slow speed,18.3,3
T001937,TC-01620,2024-06-27,Slow speed,26.0,3
T001938,TC-01620,2024-07-14,Network outage,32.0,5
T001939,TC-01621,2024-05-25,Plan change,33.9,2
T001940,TC-01623,2024-10-13,Slow speed,15.0,2
T001941,TC-01623,2024-03-18,Network outage,17.3,4
T001942,TC-01624,2024-05-08,Slow speed,47.8,4
T001943,TC-01624,2024-01-24,Network outage,7.1,3
T001944,TC-01624,2024-03-22,Billing,48.5,4
T001945,TC-01625,2024-05-23,Billing,16.5,3
T001946,TC-01626,2024-10-28,Slow speed,11.8,4
T001947,TC-01626,2024-06-18,Plan change,17.9,2
T001948,TC-01627,2024-05-09,Billing,33.4,4
T001949,TC-01627,2024-04-29,Network outage,21.7,2
T001950,TC-01628,2024-09-01,Slow speed,10.0,3
T001951,TC-01630,2024-03-23,Slow speed,8.2,4
T001952,TC-01630,2024-11-17,Billing,22.0,3
T001953,TC-01631,2024-05-31,Plan change,24.4,3
T001954,TC-01636,2024-03-22,Plan change,28.3,5
T001955,TC-01637,2024-10-19,Network outage,18.6,4
T001956,TC-01637,2024-08-11,Slow speed,5.3,5
T001957,TC-01638,2024-12-27,Network outage,6.1,5
T001958,TC-01640,2024-02-25,Plan change,12.5,2
T001959,TC-01640,2024-12-18,Billing,44.3,3
T001960,TC-01640,2024-05-08,Billing,7.0,3
T001961,TC-01640,2024-03-19,Slow speed,29.2,3
T001962,TC-01640,2024-02-21,Network outage,11.8,3
T001963,TC-01641,2024-02-09,Network outage,16.8,3
T001964,TC-01641,2024-03-18,Network outage,28.7,5
T001965,TC-01641,2024-12-06,Billing,25.4,3
T001966,TC-01642,2024-01-28,Billing,7.7,2
T001967,TC-01642,2024-07-29,Billing,28.2,4
T001968,TC-01643,2024-06-19,Device,12.2,3
T001969,TC-01644,2024-03-31,Billing,12.4,4
T001970,TC-01645,2024-12-29,Billing,29.8,3
T001971,TC-01646,2024-02-05,Billing,15.1,3
T001972,TC-01649,2024-06-14,Network outage,23.0,2
T001973,TC-01650,2024-06-23,Slow speed,36.2,2
T001974,TC-01650,2024-01-24,Billing,4.0,3
T001975,TC-01650,2024-04-08,Plan change,7.4,3
T001976,TC-01650,2024-07-11,Network outage,3.8,3
T001977,TC-01651,2024-04-18,Network outage,15.7,4
T001978,TC-01652,2024-12-18,Billing,12.3,3
T001979,TC-01652,2024-04-30,Network outage,33.2,5
T001980,TC-01652,2024-05-25,Slow speed,5.1,3
T001981,TC-01653,2024-11-18,Billing,10.1,4
T001982,TC-01653,2024-07-20,Network outage,7.3,3
T001983,TC-01653,2024-04-24,Billing,5.1,4
T001984,TC-01654,2024-05-09,Slow speed,9.2,5
T001985,TC-01656,2024-03-20,Network outage,26.4,2
T001986,TC-01656,2024-03-07,Slow speed,10.1,1
T001987,TC-01657,2024-12-29,Network outage,8.8,3
T001988,TC-01657,2024-06-15,Slow speed,80.4,3
T001989,TC-01662,2024-11-04,Slow speed,18.0,5
T001990,TC-01665,2024-09-17,Plan change,31.1,5
T001991,TC-01665,2024-02-24,Billing,8.9,3
T001992,TC-01665,2024-12-30,Slow speed,20.4,4
T001993,TC-01666,2024-09-02,Slow speed,1.8,5
T001994,TC-01666,2024-12-10,Slow speed,22.5,5
T001995,TC-01666,2024-07-27,Network outage,36.5,4
T001996,TC-01667,2024-06-16,Billing,9.8,2
T001997,TC-01667,2024-07-27,Billing,8.3,1
T001998,TC-01670,2024-11-10,Device,10.9,3
T001999,TC-01671,2024-10-14,Network outage,7.1,3
T002000,TC-01671,2024-01-31,Billing,13.9,2
T002001,TC-01672,2024-07-11,Device,57.5,2
T002002,TC-01672,2024-01-29,Billing,9.5,4
T002003,TC-01672,2024-03-07,Device,18.7,4
T002004,TC-01674,2024-02-22,Billing,6.9,2
T002005,TC-01674,2024-09-30,Billing,12.1,5
T002006,TC-01675,2024-03-12,Billing,23.9,4
T002007,TC-01675,2024-03-31,Billing,24.1,4
T002008,TC-01676,2024-05-21,Billing,5.7,1
T002009,TC-01676,2024-09-28,Plan change,13.2,5
T002010,TC-01677,2024-11-20,Billing,21.2,2
T002011,TC-01678,2024-02-21,Slow speed,1.7,1
T002012,TC-01678,2024-04-08,Slow speed,24.1,4
T002013,TC-01679,2024-02-22,Plan change,2.9,3
T002014,TC-01680,2024-06-07,Device,18.8,4
T002015,TC-01680,2024-07-08,Billing,16.9,4
T002016,TC-01681,2024-07-08,Slow speed,11.4,5
T002017,TC-01685,2024-01-24,Network outage,26.3,2
T002018,TC-01685,2024-02-15,Device,23.4,3
T002019,TC-01686,2024-06-29,Slow speed,21.3,2
T002020,TC-01687,2024-03-26,Billing,4.2,4
T002021,TC-01689,2024-03-08,Network outage,7.6,5
T002022,TC-01689,2024-11-03,Plan change,9.1,3
T002023,TC-01690,2024-11-14,Device,31.9,4
T002024,TC-01691,2024-07-04,Network outage,22.5,4
T002025,TC-01691,2024-01-11,Device,9.2,4
T002026,TC-01692,2024-01-13,Slow speed,9.1,3
T002027,TC-01693,2024-03-22,Plan change,9.8,4
T002028,TC-01694,2024-10-28,Billing,52.2,3
T002029,TC-01694,2024-11-02,Network outage,9.4,5
T002030,TC-01694,2024-01-25,Billing,12.0,3
T002031,TC-01694,2024-01-19,Billing,13.7,4
T002032,TC-01695,2024-06-20,Network outage,8.0,2
T002033,TC-01696,2024-04-22,Slow speed,11.8,5
T002034,TC-01698,2024-10-11,Network outage,26.2,4
T002035,TC-01701,2024-10-14,Device,4.2,3
T002036,TC-01701,2024-05-10,Network outage,8.0,4
T002037,TC-01703,2024-10-27,Network outage,12.2,2
T002038,TC-01704,2024-06-03,Network outage,11.0,4
T002039,TC-01705,2024-08-28,Network outage,2.0,2
T002040,TC-01705,2024-07-17,Slow speed,5.1,4
T002041,TC-01705,2024-05-19,Billing,4.2,3
T002042,TC-01706,2024-12-04,Plan change,5.8,2
T002043,TC-01707,2024-03-04,Billing,23.6,4
T002044,TC-01707,2024-11-17,Slow speed,8.4,2
T002045,TC-01708,2024-08-18,Device,31.1,3
T002046,TC-01711,2024-12-23,Slow speed,31.8,3
T002047,TC-01712,2024-12-15,Network outage,50.7,5
T002048,TC-01713,2024-05-20,Slow speed,20.3,5
T002049,TC-01713,2024-11-30,Billing,25.1,2
T002050,TC-01715,2024-04-19,Slow speed,37.7,5
T002051,TC-01716,2024-07-18,Plan change,8.5,3
T002052,TC-01716,2024-08-23,Slow speed,12.8,3
T002053,TC-01717,2024-06-13,Slow speed,26.1,2
T002054,TC-01717,2024-04-04,Billing,15.4,2
T002055,TC-01717,2024-11-15,Network outage,8.5,3
T002056,TC-01718,2024-09-22,Network outage,37.7,2
T002057,TC-01719,2024-12-23,Slow speed,25.8,3
T002058,TC-01720,2024-07-12,Network outage,16.0,3
T002059,TC-01721,2024-04-02,Slow speed,17.0,3
T002060,TC-01726,2024-02-21,Network outage,27.8,4
T002061,TC-01727,2024-03-07,Device,28.2,2
T002062,TC-01728,2024-11-12,Slow speed,10.8,4
T002063,TC-01728,2024-05-30,Billing,5.9,3
T002064,TC-01728,2024-12-27,Slow speed,5.0,3
T002065,TC-01728,2024-05-26,Network outage,3.6,4
T002066,TC-01728,2024-09-13,Network outage,75.6,2
T002067,TC-01729,2024-03-01,Plan change,15.3,4
T002068,TC-01729,2024-05-13,Network outage,40.5,3
T002069,TC-01729,2024-02-11,Network outage,6.4,2
T002070,TC-01730,2024-03-08,Billing,18.1,3
T002071,TC-01730,2024-08-01,Plan change,17.2,3
T002072,TC-01731,2024-03-09,Billing,9.4,4
T002073,TC-01732,2024-03-13,Slow speed,6.7,3
T002074,TC-01734,2024-03-22,Network outage,16.0,2
T002075,TC-01736,2024-02-14,Device,8.4,5
T002076,TC-01738,2024-07-15,Billing,7.8,3
T002077,TC-01739,2024-05-07,Slow speed,5.3,4
T002078,TC-01740,2024-04-11,Device,19.4,4
T002079,TC-01741,2024-09-04,Slow speed,15.2,4
T002080,TC-01741,2024-01-21,Plan change,44.0,5
T002081,TC-01742,2024-03-23,Plan change,3.5,4
T002082,TC-01742,2024-10-22,Device,14.8,3
T002083,TC-01743,2024-03-28,Billing,6.9,4
T002084,TC-01743,2024-07-11,Plan change,31.1,5
T002085,TC-01745,2024-08-03,Slow speed,22.4,3
T002086,TC-01750,2024-08-05,Device,65.9,5
T002087,TC-01755,2024-10-19,Network outage,23.8,4
T002088,TC-01755,2024-04-28,Slow speed,12.1,2
T002089,TC-01756,2024-05-21,Slow speed,5.1,4
T002090,TC-01756,2024-12-18,Plan change,18.1,2
T002091,TC-01757,2024-01-29,Network outage,20.6,2
T002092,TC-01758,2024-07-26,Slow speed,5.9,3
T002093,TC-01758,2024-06-10,Billing,12.4,2
T002094,TC-01760,2024-04-06,Device,1.3,2
T002095,TC-01760,2024-08-14,Device,15.7,2
T002096,TC-01760,2024-04-22,Plan change,3.9,2
T002097,TC-01761,2024-08-15,Network outage,32.8,2
T002098,TC-01762,2024-01-23,Network outage,18.4,1
T002099,TC-01763,2024-08-25,Device,6.3,2
T002100,TC-01763,2024-06-17,Network outage,7.7,5
T002101,TC-01764,2024-03-22,Device,8.9,2
T002102,TC-01765,2024-02-22,Device,29.2,5
T002103,TC-01765,2024-12-26,Billing,21.1,2
T002104,TC-01765,2024-01-23,Slow speed,13.8,1
T002105,TC-01765,2024-09-13,Billing,24.8,3
T002106,TC-01765,2024-09-23,Network outage,31.3,4
T002107,TC-01767,2024-05-11,Billing,14.8,4
T002108,TC-01768,2024-04-26,Billing,35.5,4
T002109,TC-01768,2024-08-22,Network outage,11.4,2
T002110,TC-01768,2024-09-05,Slow speed,5.2,5
T002111,TC-01768,2024-05-17,Device,15.4,2
T002112,TC-01768,2024-03-08,Slow speed,29.4,3
T002113,TC-01769,2024-08-07,Slow speed,24.7,4
T002114,TC-01771,2024-02-09,Billing,8.2,3
T002115,TC-01771,2024-02-19,Network outage,35.9,5
T002116,TC-01772,2024-05-16,Plan change,12.2,5
T002117,TC-01772,2024-08-31,Plan change,11.3,4
T002118,TC-01773,2024-09-20,Billing,23.7,4
T002119,TC-01773,2024-12-16,Plan change,13.3,5
T002120,TC-01774,2024-09-30,Plan change,9.1,3
T002121,TC-01775,2024-03-14,Billing,24.7,5
T002122,TC-01776,2024-01-02,Billing,19.8,2
T002123,TC-01777,2024-12-22,Slow speed,5.6,3
T002124,TC-01779,2024-02-15,Plan change,12.4,2
T002125,TC-01779,2024-03-15,Slow speed,8.3,2
T002126,TC-01782,2024-05-19,Plan change,6.2,4
T002127,TC-01783,2024-09-20,Billing,1.4,5
T002128,TC-01783,2024-09-13,Billing,1.2,4
T002129,TC-01784,2024-12-28,Slow speed,9.3,1
T002130,TC-01784,2024-04-14,Plan change,27.0,3
T002131,TC-01785,2024-12-23,Plan change,10.9,4
T002132,TC-01786,2024-02-21,Slow speed,20.8,4
T002133,TC-01786,2024-05-07,Network outage,53.6,3
T002134,TC-01786,2024-11-16,Slow speed,5.3,1
T002135,TC-01787,2024-10-18,Slow speed,7.0,4
T002136,TC-01787,2024-08-31,Network outage,8.8,2
T002137,TC-01788,2024-04-10,Network outage,22.0,5
T002138,TC-01789,2024-08-08,Plan change,2.5,4
T002139,TC-01790,2024-07-21,Plan change,7.9,4
T002140,TC-01791,2024-09-25,Billing,3.4,1
T002141,TC-01791,2024-10-15,Slow speed,21.3,3
T002142,TC-01794,2024-07-04,Billing,9.4,3
T002143,TC-01795,2024-10-12,Slow speed,10.2,4
T002144,TC-01796,2024-11-26,Plan change,38.2,3
T002145,TC-01797,2024-09-24,Slow speed,4.0,3
T002146,TC-01798,2024-09-06,Network outage,21.3,4
T002147,TC-01798,2024-09-06,Billing,3.0,4
T002148,TC-01800,2024-12-20,Plan change,1.7,2
T002149,TC-01801,2024-03-02,Billing,2.7,4
T002150,TC-01802,2024-02-17,Billing,38.2,5
T002151,TC-01803,2024-07-02,Plan change,33.9,3
T002152,TC-01803,2024-10-06,Slow speed,23.7,4
T002153,TC-01804,2024-09-26,Network outage,17.5,5
T002154,TC-01805,2024-12-16,Network outage,13.6,2
T002155,TC-01809,2024-05-24,Billing,7.4,4
T002156,TC-01809,2024-03-22,Network outage,10.9,3
T002157,TC-01809,2024-03-24,Slow speed,23.6,3
T002158,TC-01811,2024-10-27,Slow speed,16.4,4
T002159,TC-01812,2024-07-07,Device,10.1,2
T002160,TC-01813,2024-11-29,Slow speed,16.0,3
T002161,TC-01814,2024-10-26,Slow speed,3.9,2
T002162,TC-01815,2024-12-11,Device,13.5,3
T002163,TC-01815,2024-05-14,Billing,6.2,1
T002164,TC-01815,2024-05-11,Billing,13.1,2
T002165,TC-01817,2024-06-22,Network outage,5.5,2
T002166,TC-01817,2024-01-01,Slow speed,13.3,4
T002167,TC-01817,2024-02-28,Plan change,10.7,1
T002168,TC-01818,2024-11-19,Billing,14.5,1
T002169,TC-01819,2024-01-27,Network outage,26.5,4
T002170,TC-01819,2024-10-03,Plan change,11.8,2
T002171,TC-01819,2024-10-24,Slow speed,19.2,3
T002172,TC-01820,2024-12-03,Network outage,9.1,4
T002173,TC-01823,2024-09-06,Slow speed,7.0,2
T002174,TC-01825,2024-09-17,Billing,13.4,3
T002175,TC-01825,2024-09-19,Billing,5.0,3
T002176,TC-01826,2024-05-13,Slow speed,29.8,1
T002177,TC-01828,2024-05-29,Slow speed,4.8,4
T002178,TC-01828,2024-07-04,Billing,15.1,4
T002179,TC-01828,2024-11-27,Device,16.5,4
T002180,TC-01829,2024-01-30,Plan change,9.0,3
T002181,TC-01829,2024-08-01,Slow speed,31.1,2
T002182,TC-01829,2024-02-11,Slow speed,30.7,4
T002183,TC-01829,2024-12-07,Billing,3.8,3
T002184,TC-01830,2024-03-31,Billing,27.0,4
T002185,TC-01830,2024-07-02,Plan change,12.8,5
T002186,TC-01831,2024-10-19,Plan change,19.5,4
T002187,TC-01831,2024-11-22,Plan change,28.2,3
T002188,TC-01832,2024-05-29,Slow speed,48.1,2
T002189,TC-01832,2024-04-02,Device,12.5,1
T002190,TC-01832,2024-07-23,Plan change,30.4,4
T002191,TC-01833,2024-04-30,Plan change,26.6,2
T002192,TC-01833,2024-07-30,Network outage,30.3,3
T002193,TC-01834,2024-05-20,Network outage,5.0,4
T002194,TC-01835,2024-10-10,Slow speed,44.4,4
T002195,TC-01835,2024-04-23,Network outage,5.3,4
T002196,TC-01836,2024-07-21,Device,22.9,3
T002197,TC-01838,2024-05-04,Network outage,26.8,4
T002198,TC-01839,2024-08-05,Billing,8.3,1
T002199,TC-01840,2024-06-09,Billing,22.0,4
T002200,TC-01841,2024-03-30,Network outage,13.5,4
T002201,TC-01845,2024-11-28,Plan change,26.0,3
T002202,TC-01845,2024-04-27,Network outage,21.8,3
T002203,TC-01845,2024-12-13,Slow speed,27.6,3
T002204,TC-01846,2024-02-08,Billing,93.5,2
T002205,TC-01846,2024-01-19,Plan change,14.3,3
T002206,TC-01848,2024-04-25,Plan change,17.8,4
T002207,TC-01849,2024-05-28,Network outage,13.3,3
T002208,TC-01849,2024-02-19,Slow speed,12.3,2
T002209,TC-01850,2024-03-18,Billing,7.5,4
T002210,TC-01851,2024-12-06,Plan change,13.0,3
T002211,TC-01852,2024-09-13,Billing,1.1,3
T002212,TC-01852,2024-09-08,Network outage,9.8,5
T002213,TC-01852,2024-06-14,Device,32.1,3
T002214,TC-01853,2024-11-23,Slow speed,13.9,5
T002215,TC-01854,2024-09-12,Device,27.1,2
T002216,TC-01858,2024-02-18,Plan change,18.5,3
T002217,TC-01860,2024-09-21,Slow speed,10.3,3
T002218,TC-01862,2024-05-12,Slow speed,51.8,2
T002219,TC-01863,2024-07-02,Billing,9.2,5
T002220,TC-01864,2024-03-09,Network outage,6.0,3
T002221,TC-01864,2024-05-18,Slow speed,8.9,3
T002222,TC-01864,2024-08-18,Slow speed,55.4,2
T002223,TC-01865,2024-06-22,Plan change,19.6,4
T002224,TC-01868,2024-01-05,Network outage,14.5,4
T002225,TC-01868,2024-12-21,Slow speed,29.6,1
T002226,TC-01868,2024-12-08,Network outage,46.6,3
T002227,TC-01869,2024-06-03,Network outage,2.5,3
T002228,TC-01869,2024-12-15,Network outage,40.5,1
T002229,TC-01870,2024-04-06,Network outage,11.6,3
T002230,TC-01870,2024-06-13,Billing,25.4,4
T002231,TC-01873,2024-01-09,Slow speed,13.2,4
T002232,TC-01874,2024-03-01,Device,14.7,3
T002233,TC-01874,2024-08-31,Network outage,11.3,3
T002234,TC-01874,2024-05-21,Billing,20.2,3
T002235,TC-01875,2024-04-04,Network outage,1.0,3
T002236,TC-01875,2024-09-09,Slow speed,10.4,5
T002237,TC-01875,2024-04-29,Slow speed,46.5,4
T002238,TC-01876,2024-04-11,Device,21.9,4
T002239,TC-01877,2024-02-09,Slow speed,45.0,4
T002240,TC-01877,2024-02-27,Device,15.8,4
T002241,TC-01877,2024-06-07,Billing,44.4,3
T002242,TC-01878,2024-10-25,Plan change,12.5,4
T002243,TC-01878,2024-02-26,Network outage,31.2,4
T002244,TC-01878,2024-12-29,Network outage,10.4,2
T002245,TC-01879,2024-12-18,Plan change,21.9,4
T002246,TC-01879,2024-03-21,Billing,44.3,5
T002247,TC-01879,2024-08-16,Billing,23.5,4
T002248,TC-01880,2024-10-30,Slow speed,8.8,3
T002249,TC-01880,2024-06-11,Network outage,10.5,3
T002250,TC-01881,2024-03-20,Plan change,33.7,3
T002251,TC-01882,2024-10-24,Network outage,36.4,3
T002252,TC-01889,2024-01-07,Plan change,21.1,3
T002253,TC-01890,2024-03-27,Slow speed,37.4,5
T002254,TC-01891,2024-03-06,Billing,11.3,5
T002255,TC-01892,2024-12-20,Billing,26.0,4
T002256,TC-01893,2024-01-23,Slow speed,34.3,5
T002257,TC-01895,2024-07-13,Billing,20.5,3
T002258,TC-01895,2024-06-16,Plan change,6.9,2
T002259,TC-01895,2024-05-04,Network outage,19.5,4
T002260,TC-01895,2024-08-20,Billing,37.4,3
T002261,TC-01896,2024-02-06,Billing,8.8,5
T002262,TC-01897,2024-08-02,Device,15.3,3
T002263,TC-01897,2024-02-29,Plan change,19.0,5
T002264,TC-01899,2024-02-04,Slow speed,57.3,2
T002265,TC-01900,2024-12-25,Billing,18.5,2
T002266,TC-01901,2024-07-30,Network outage,39.9,2
T002267,TC-01902,2024-11-01,Slow speed,15.2,4
T002268,TC-01903,2024-07-31,Network outage,6.8,4
T002269,TC-01903,2024-05-04,Slow speed,12.1,4
T002270,TC-01903,2024-02-02,Billing,4.9,5
T002271,TC-01904,2024-03-06,Slow speed,32.5,3
T002272,TC-01904,2024-09-29,Billing,17.0,4
T002273,TC-01904,2024-08-19,Plan change,11.7,4
T002274,TC-01905,2024-10-16,Slow speed,6.1,3
T002275,TC-01905,2024-08-30,Network outage,26.7,5
T002276,TC-01905,2024-03-28,Device,23.4,2
T002277,TC-01905,2024-08-02,Slow speed,15.6,5
T002278,TC-01906,2024-02-19,Slow speed,12.5,3
T002279,TC-01906,2024-05-16,Network outage,7.3,3
T002280,TC-01906,2024-07-09,Device,11.7,2
T002281,TC-01906,2024-11-20,Billing,36.2,3
T002282,TC-01907,2024-09-03,Device,24.3,3
T002283,TC-01907,2024-05-16,Plan change,12.7,5
T002284,TC-01908,2024-12-10,Billing,18.6,2
T002285,TC-01910,2024-11-05,Billing,2.1,2
T002286,TC-01910,2024-02-03,Network outage,10.0,4
T002287,TC-01911,2024-03-19,Slow speed,7.4,4
T002288,TC-01912,2024-07-18,Slow speed,9.8,5
T002289,TC-01912,2024-01-25,Network outage,2.1,4
T002290,TC-01913,2024-11-19,Slow speed,11.6,4
T002291,TC-01913,2024-11-11,Billing,21.0,3
T002292,TC-01914,2024-05-25,Device,81.4,5
T002293,TC-01916,2024-08-29,Billing,45.8,3
T002294,TC-01916,2024-07-20,Network outage,14.3,1
T002295,TC-01916,2024-07-16,Billing,25.5,3
T002296,TC-01917,2024-01-20,Billing,36.7,4
T002297,TC-01917,2024-08-04,Plan change,30.4,3
T002298,TC-01918,2024-02-12,Device,5.2,3
T002299,TC-01918,2024-03-28,Network outage,30.5,5
T002300,TC-01918,2024-08-29,Device,12.2,4
T002301,TC-01919,2024-04-02,Billing,15.1,3
T002302,TC-01919,2024-02-14,Device,1.2,3
T002303,TC-01919,2024-06-07,Billing,30.5,4
T002304,TC-01920,2024-05-21,Network outage,21.9,3
T002305,TC-01921,2024-03-24,Slow speed,52.3,3
T002306,TC-01922,2024-06-29,Slow speed,26.2,5
T002307,TC-01924,2024-09-17,Network outage,12.4,3
T002308,TC-01928,2024-10-04,Slow speed,3.2,2
T002309,TC-01931,2024-11-07,Plan change,14.9,3
T002310,TC-01931,2024-08-30,Billing,30.5,3
T002311,TC-01932,2024-09-16,Billing,25.4,3
T002312,TC-01932,2024-05-22,Network outage,13.2,3
T002313,TC-01934,2024-07-26,Billing,26.6,3
T002314,TC-01934,2024-04-07,Network outage,17.7,5
T002315,TC-01937,2024-04-14,Network outage,49.9,2
T002316,TC-01938,2024-03-05,Network outage,25.8,3
T002317,TC-01938,2024-03-26,Network outage,16.0,3
T002318,TC-01938,2024-07-06,Slow speed,3.4,3
T002319,TC-01938,2024-04-08,Slow speed,8.7,3
T002320,TC-01938,2024-06-03,Slow speed,2.2,3
T002321,TC-01939,2024-05-02,Plan change,20.5,5
T002322,TC-01940,2024-07-26,Network outage,24.7,1
T002323,TC-01941,2024-04-18,Plan change,26.9,3
T002324,TC-01942,2024-05-05,Billing,5.3,3
T002325,TC-01942,2024-03-26,Network outage,8.4,2
T002326,TC-01943,2024-08-22,Billing,13.7,4
T002327,TC-01944,2024-09-12,Plan change,0.8,3
T002328,TC-01945,2024-04-27,Slow speed,22.5,5
T002329,TC-01945,2024-01-28,Billing,13.8,3
T002330,TC-01947,2024-03-02,Plan change,19.8,4
T002331,TC-01948,2024-07-15,Device,34.1,4
T002332,TC-01949,2024-09-12,Billing,8.9,3
T002333,TC-01950,2024-05-11,Slow speed,14.9,5
T002334,TC-01950,2024-09-21,Billing,5.1,4
T002335,TC-01951,2024-04-06,Plan change,8.8,3
T002336,TC-01952,2024-08-01,Device,23.2,4
T002337,TC-01953,2024-03-30,Network outage,18.5,5
T002338,TC-01954,2024-10-09,Slow speed,9.1,4
T002339,TC-01954,2024-09-29,Network outage,14.5,3
T002340,TC-01955,2024-05-09,Slow speed,26.2,4
T002341,TC-01956,2024-02-28,Billing,7.1,3
T002342,TC-01956,2024-03-18,Plan change,9.7,4
T002343,TC-01957,2024-02-28,Slow speed,15.0,4
T002344,TC-01957,2024-10-03,Network outage,9.6,3
T002345,TC-01958,2024-04-18,Slow speed,20.8,2
T002346,TC-01958,2024-09-26,Network outage,33.9,3
T002347,TC-01960,2024-09-22,Billing,2.6,2
T002348,TC-01961,2024-09-12,Billing,17.7,3
T002349,TC-01961,2024-07-25,Slow speed,48.0,2
T002350,TC-01962,2024-05-07,Slow speed,5.0,2
T002351,TC-01963,2024-03-16,Billing,14.9,3
T002352,TC-01963,2024-05-04,Slow speed,9.2,4
T002353,TC-01963,2024-11-16,Billing,18.6,5
T002354,TC-01963,2024-01-18,Network outage,6.3,2
T002355,TC-01964,2024-06-13,Billing,5.9,4
T002356,TC-01964,2024-07-17,Plan change,6.0,4
T002357,TC-01964,2024-11-16,Network outage,6.5,5
T002358,TC-01965,2024-07-01,Billing,9.2,3
T002359,TC-01968,2024-08-04,Slow speed,19.1,2
T002360,TC-01968,2024-03-14,Plan change,18.3,3
T002361,TC-01968,2024-05-31,Slow speed,8.3,2
T002362,TC-01969,2024-10-15,Slow speed,12.6,5
T002363,TC-01970,2024-06-16,Billing,22.7,3
T002364,TC-01971,2024-09-01,Billing,12.0,2
T002365,TC-01971,2024-05-24,Slow speed,6.3,3
T002366,TC-01971,2024-09-23,Plan change,8.8,4
T002367,TC-01972,2024-03-27,Slow speed,37.4,2
T002368,TC-01972,2024-12-01,Billing,26.6,2
T002369,TC-01972,2024-04-05,Slow speed,12.6,1
T002370,TC-01972,2024-04-25,Network outage,30.8,5
T002371,TC-01973,2024-09-20,Slow speed,16.9,4
T002372,TC-01973,2024-11-04,Network outage,29.6,4
T002373,TC-01975,2024-04-30,Billing,21.3,5
T002374,TC-01975,2024-09-16,Plan change,28.2,5
T002375,TC-01976,2024-09-19,Network outage,23.0,1
T002376,TC-01977,2024-12-13,Plan change,11.0,3
T002377,TC-01978,2024-05-07,Plan change,22.1,5
T002378,TC-01978,2024-04-29,Slow speed,23.0,5
T002379,TC-01979,2024-07-10,Network outage,10.1,4
T002380,TC-01979,2024-04-16,Billing,20.6,4
T002381,TC-01980,2024-05-09,Billing,8.1,3
T002382,TC-01980,2024-08-26,Network outage,4.0,5
T002383,TC-01982,2024-09-19,Network outage,18.7,3
T002384,TC-01983,2024-01-24,Slow speed,9.8,3
T002385,TC-01985,2024-04-29,Network outage,9.2,5
T002386,TC-01985,2024-06-30,Device,24.1,4
T002387,TC-01985,2024-10-31,Billing,3.6,3
T002388,TC-01985,2024-10-14,Slow speed,14.7,2
T002389,TC-01986,2024-08-30,Slow speed,12.2,2
T002390,TC-01986,2024-03-04,Device,35.2,4
T002391,TC-01986,2024-02-12,Slow speed,48.0,5
T002392,TC-01987,2024-02-08,Billing,11.1,2
T002393,TC-01988,2024-06-14,Slow speed,37.7,4
T002394,TC-01988,2024-06-21,Billing,52.5,5
T002395,TC-01988,2024-11-04,Slow speed,33.1,2
T002396,TC-01990,2024-06-30,Device,11.9,4
T002397,TC-01992,2024-03-07,Network outage,4.6,3
T002398,TC-01993,2024-07-01,Device,16.7,3
T002399,TC-01994,2024-08-24,Network outage,5.3,3
T002400,TC-01995,2024-09-10,Billing,2.1,2
T002401,TC-01996,2024-11-13,Slow speed,30.1,3
T002402,TC-01998,2024-11-28,Device,29.7,4
T002403,TC-01998,2024-09-13,Network outage,6.6,4
T002404,TC-01999,2024-07-18,Slow speed,7.0,3
T002405,TC-01999,2024-10-06,Billing,15.5,2
T002406,TC-02000,2024-09-25,Plan change,4.9,5
T002407,TC-02000,2024-01-22,Slow speed,14.7,3
T002408,TC-02000,2024-12-10,Plan change,1.9,3
T002409,TC-02001,2024-03-22,Plan change,3.8,2
T002410,TC-02001,2024-09-14,Device,44.3,5
T002411,TC-02002,2024-11-14,Billing,2.3,5
T002412,TC-02002,2024-06-11,Billing,39.7,2
T002413,TC-02003,2024-09-24,Device,1.7,3
T002414,TC-02004,2024-10-02,Billing,9.2,3
T002415,TC-02004,2024-01-12,Plan change,17.4,3
T002416,TC-02005,2024-02-22,Device,34.1,5
T002417,TC-02005,2024-09-29,Device,18.6,3
T002418,TC-02006,2024-04-18,Network outage,8.6,3
T002419,TC-02007,2024-12-27,Plan change,21.2,2
T002420,TC-02007,2024-11-21,Network outage,15.3,3
T002421,TC-02007,2024-06-08,Network outage,20.7,5
T002422,TC-02007,2024-05-22,Billing,25.2,4
T002423,TC-02009,2024-08-24,Billing,18.7,3
T002424,TC-02010,2024-09-25,Plan change,27.2,2
T002425,TC-02012,2024-08-14,Network outage,3.7,3
T002426,TC-02012,2024-08-14,Slow speed,14.4,3
T002427,TC-02013,2024-12-22,Slow speed,14.6,4
T002428,TC-02013,2024-02-22,Slow speed,35.8,2
T002429,TC-02018,2024-05-01,Device,15.6,3
T002430,TC-02019,2024-10-25,Slow speed,5.9,2
T002431,TC-02021,2024-10-22,Billing,3.4,3
T002432,TC-02021,2024-09-19,Billing,14.0,5
T002433,TC-02021,2024-11-18,Network outage,6.2,3
T002434,TC-02022,2024-02-22,Slow speed,24.5,1
T002435,TC-02022,2024-09-01,Slow speed,22.0,4
T002436,TC-02022,2024-11-15,Billing,11.0,4
T002437,TC-02023,2024-06-23,Billing,5.1,4
T002438,TC-02023,2024-06-29,Billing,33.8,3
T002439,TC-02023,2024-05-02,Slow speed,19.3,4
T002440,TC-02024,2024-06-22,Billing,4.3,3
T002441,TC-02024,2024-01-06,Network outage,12.4,3
T002442,TC-02024,2024-06-04,Plan change,26.3,3
T002443,TC-02024,2024-07-10,Slow speed,23.1,4
T002444,TC-02025,2024-02-14,Slow speed,0.4,4
T002445,TC-02026,2024-10-04,Slow speed,8.5,2
T002446,TC-02026,2024-08-22,Slow speed,7.0,2
T002447,TC-02027,2024-04-23,Slow speed,13.3,2
T002448,TC-02028,2024-02-14,Plan change,45.4,3
T002449,TC-02028,2024-12-30,Network outage,35.9,3
T002450,TC-02028,2024-04-05,Network outage,32.0,3
T002451,TC-02030,2024-07-30,Plan change,13.7,3
T002452,TC-02031,2024-05-24,Slow speed,18.4,5
T002453,TC-02032,2024-07-31,Network outage,35.4,3
T002454,TC-02033,2024-12-06,Slow speed,10.3,1
T002455,TC-02033,2024-05-11,Plan change,12.8,4
T002456,TC-02033,2024-01-22,Billing,10.2,2
T002457,TC-02034,2024-05-05,Billing,16.0,4
T002458,TC-02035,2024-05-15,Slow speed,11.8,5
T002459,TC-02035,2024-07-30,Slow speed,15.7,5
T002460,TC-02035,2024-11-21,Slow speed,21.8,4
T002461,TC-02036,2024-06-17,Device,4.3,2
T002462,TC-02037,2024-04-11,Plan change,29.6,3
T002463,TC-02037,2024-05-12,Billing,2.6,3
T002464,TC-02037,2024-05-06,Billing,16.5,4
T002465,TC-02037,2024-07-29,Billing,19.6,3
T002466,TC-02038,2024-06-21,Slow speed,30.0,2
T002467,TC-02039,2024-08-26,Slow speed,11.1,3
T002468,TC-02040,2024-08-01,Plan change,4.1,5
T002469,TC-02040,2024-09-23,Network outage,16.8,3
T002470,TC-02042,2024-04-01,Plan change,3.2,4
T002471,TC-02044,2024-06-16,Slow speed,4.6,4
T002472,TC-02045,2024-04-24,Plan change,22.0,4
T002473,TC-02046,2024-06-04,Slow speed,12.2,3
T002474,TC-02047,2024-07-01,Billing,9.4,1
T002475,TC-02047,2024-02-10,Billing,10.8,1
T002476,TC-02047,2024-05-04,Slow speed,6.8,3
T002477,TC-02048,2024-05-18,Network outage,10.6,1
T002478,TC-02050,2024-03-20,Network outage,26.6,2
T002479,TC-02050,2024-02-16,Network outage,5.4,4
T002480,TC-02051,2024-09-29,Network outage,12.0,4
T002481,TC-02051,2024-10-14,Network outage,16.8,5
T002482,TC-02052,2024-02-22,Network outage,7.2,3
T002483,TC-02052,2024-04-23,Slow speed,42.4,2
T002484,TC-02052,2024-01-24,Slow speed,20.6,2
T002485,TC-02053,2024-08-04,Device,8.7,4
T002486,TC-02053,2024-03-11,Network outage,1.8,2
T002487,TC-02054,2024-12-27,Plan change,11.0,4
T002488,TC-02055,2024-11-13,Network outage,18.7,5
T002489,TC-02057,2024-01-06,Network outage,28.7,2
T002490,TC-02058,2024-12-07,Billing,12.5,2
T002491,TC-02059,2024-03-14,Network outage,67.2,5
T002492,TC-02060,2024-07-11,Plan change,16.9,3
T002493,TC-02060,2024-02-13,Device,7.1,5
T002494,TC-02060,2024-10-14,Billing,15.2,4
T002495,TC-02061,2024-05-09,Slow speed,21.4,3
T002496,TC-02062,2024-03-21,Plan change,0.6,4
T002497,TC-02063,2024-04-01,Billing,21.3,1
T002498,TC-02064,2024-03-04,Plan change,13.5,4
T002499,TC-02064,2024-05-08,Slow speed,30.6,5
T002500,TC-02066,2024-11-14,Plan change,4.1,1
T002501,TC-02067,2024-12-17,Network outage,20.1,5
T002502,TC-02067,2024-12-11,Billing,11.0,4
T002503,TC-02068,2024-01-15,Plan change,31.1,3
T002504,TC-02068,2024-12-08,Billing,13.7,5
T002505,TC-02068,2024-05-13,Billing,7.5,2
T002506,TC-02070,2024-10-01,Billing,22.1,1
T002507,TC-02072,2024-06-05,Billing,23.0,3
T002508,TC-02072,2024-09-01,Slow speed,21.4,3
T002509,TC-02073,2024-05-27,Slow speed,4.2,4
T002510,TC-02073,2024-09-18,Plan change,11.8,3
T002511,TC-02075,2024-09-22,Slow speed,18.7,2
T002512,TC-02075,2024-04-13,Slow speed,6.7,2
T002513,TC-02075,2024-05-21,Billing,15.4,2
T002514,TC-02075,2024-10-10,Device,14.7,3
T002515,TC-02076,2024-06-28,Network outage,30.1,1
T002516,TC-02076,2024-04-11,Billing,11.2,1
T002517,TC-02076,2024-11-10,Device,22.8,4
T002518,TC-02078,2024-05-07,Billing,2.4,3
T002519,TC-02078,2024-12-23,Billing,2.1,3
T002520,TC-02078,2024-07-27,Billing,9.9,3
T002521,TC-02079,2024-07-24,Plan change,11.2,3
T002522,TC-02081,2024-08-24,Slow speed,11.3,3
T002523,TC-02082,2024-02-02,Slow speed,5.0,5
T002524,TC-02083,2024-06-20,Device,17.2,3
T002525,TC-02083,2024-05-26,Billing,7.9,5
T002526,TC-02083,2024-11-13,Network outage,38.5,4
T002527,TC-02085,2024-08-24,Network outage,7.1,3
T002528,TC-02086,2024-07-23,Slow speed,3.4,2
T002529,TC-02087,2024-10-18,Billing,13.2,5
T002530,TC-02087,2024-10-15,Slow speed,20.8,5
T002531,TC-02089,2024-10-02,Network outage,20.7,5
T002532,TC-02089,2024-11-17,Network outage,12.9,5
T002533,TC-02090,2024-10-19,Billing,7.1,5
T002534,TC-02091,2024-08-11,Plan change,27.3,5
T002535,TC-02093,2024-01-16,Network outage,14.2,4
T002536,TC-02094,2024-05-21,Plan change,16.6,2
T002537,TC-02095,2024-11-13,Plan change,19.5,5
T002538,TC-02095,2024-03-25,Network outage,55.7,3
T002539,TC-02095,2024-01-23,Billing,9.9,3
T002540,TC-02096,2024-12-17,Billing,8.9,3
T002541,TC-02096,2024-07-01,Billing,32.6,4
T002542,TC-02098,2024-08-03,Slow speed,11.9,3
T002543,TC-02099,2024-05-24,Billing,14.7,5
T002544,TC-02099,2024-03-11,Plan change,2.2,4
T002545,TC-02099,2024-09-17,Network outage,14.7,4
T002546,TC-02101,2024-07-08,Network outage,4.1,4
T002547,TC-02102,2024-01-01,Network outage,10.9,4
T002548,TC-02103,2024-12-19,Network outage,15.7,3
T002549,TC-02104,2024-09-21,Plan change,11.7,2
T002550,TC-02105,2024-11-10,Network outage,9.9,5
T002551,TC-02106,2024-01-13,Slow speed,23.1,5
T002552,TC-02109,2024-04-23,Billing,16.0,4
T002553,TC-02109,2024-01-05,Device,14.2,3
T002554,TC-02110,2024-06-29,Billing,15.5,1
T002555,TC-02112,2024-02-09,Device,20.4,3
T002556,TC-02112,2024-01-20,Slow speed,20.2,4
T002557,TC-02112,2024-03-03,Network outage,47.7,5
T002558,TC-02112,2024-09-03,Plan change,10.7,2
T002559,TC-02116,2024-03-09,Device,19.2,4
T002560,TC-02116,2024-07-06,Slow speed,30.4,3
T002561,TC-02118,2024-02-09,Slow speed,19.0,3
T002562,TC-02120,2024-08-10,Slow speed,8.4,3
T002563,TC-02122,2024-10-19,Slow speed,5.7,4
T002564,TC-02122,2024-08-08,Billing,15.7,3
T002565,TC-02122,2024-06-16,Billing,33.0,5
T002566,TC-02122,2024-03-21,Slow speed,22.6,3
T002567,TC-02122,2024-04-09,Slow speed,20.2,3
T002568,TC-02122,2024-08-18,Billing,35.6,3
T002569,TC-02123,2024-01-03,Network outage,15.5,2
T002570,TC-02123,2024-02-22,Billing,11.0,4
T002571,TC-02124,2024-10-09,Network outage,26.2,1
T002572,TC-02124,2024-08-29,Plan change,22.0,1
T002573,TC-02124,2024-05-03,Network outage,22.2,3
T002574,TC-02125,2024-11-01,Slow speed,21.1,1
T002575,TC-02126,2024-05-11,Slow speed,45.5,3
T002576,TC-02126,2024-11-05,Device,27.8,4
T002577,TC-02127,2024-06-13,Billing,9.2,3
T002578,TC-02128,2024-08-28,Device,10.6,3
T002579,TC-02129,2024-06-11,Network outage,23.3,4
T002580,TC-02129,2024-03-29,Slow speed,17.2,3
T002581,TC-02130,2024-01-05,Slow speed,9.3,4
T002582,TC-02131,2024-02-21,Slow speed,12.5,3
T002583,TC-02131,2024-12-15,Billing,8.8,3
T002584,TC-02131,2024-09-08,Plan change,33.0,3
T002585,TC-02132,2024-03-19,Plan change,28.9,1
T002586,TC-02135,2024-03-08,Network outage,5.2,1
T002587,TC-02137,2024-01-24,Network outage,29.8,3
T002588,TC-02137,2024-06-22,Plan change,31.0,3
T002589,TC-02139,2024-01-31,Slow speed,3.2,4
T002590,TC-02139,2024-07-05,Slow speed,35.3,3
T002591,TC-02141,2024-07-22,Network outage,47.7,3
T002592,TC-02141,2024-11-11,Billing,6.4,5
T002593,TC-02141,2024-10-14,Network outage,5.2,3
T002594,TC-02144,2024-07-30,Network outage,10.2,3
T002595,TC-02144,2024-01-08,Network outage,19.2,2
T002596,TC-02144,2024-06-24,Device,25.0,5
T002597,TC-02145,2024-03-10,Network outage,6.1,2
T002598,TC-02146,2024-02-12,Slow speed,15.2,2
T002599,TC-02148,2024-03-24,Network outage,16.2,4
T002600,TC-02148,2024-04-09,Billing,10.4,3
T002601,TC-02148,2024-03-20,Billing,15.1,3
T002602,TC-02149,2024-06-05,Plan change,7.8,5
T002603,TC-02149,2024-11-13,Slow speed,23.3,5
T002604,TC-02150,2024-11-12,Slow speed,18.4,4
T002605,TC-02151,2024-09-12,Billing,41.5,5
T002606,TC-02152,2024-01-30,Billing,3.4,4
T002607,TC-02155,2024-11-05,Network outage,19.1,4
T002608,TC-02155,2024-11-24,Device,4.0,3
T002609,TC-02155,2024-08-20,Billing,31.5,2
T002610,TC-02156,2024-05-22,Network outage,19.4,3
T002611,TC-02158,2024-10-20,Slow speed,5.2,3
T002612,TC-02159,2024-08-10,Slow speed,26.9,4
T002613,TC-02159,2024-01-14,Plan change,11.0,3
T002614,TC-02160,2024-07-05,Slow speed,41.0,4
T002615,TC-02161,2024-01-31,Plan change,21.8,3
T002616,TC-02161,2024-08-28,Network outage,4.5,3
T002617,TC-02163,2024-02-20,Device,29.2,5
T002618,TC-02163,2024-05-16,Slow speed,39.5,2
T002619,TC-02164,2024-11-02,Device,10.2,3
T002620,TC-02165,2024-11-03,Plan change,32.4,3
T002621,TC-02165,2024-07-25,Network outage,24.7,5
T002622,TC-02166,2024-04-24,Billing,10.5,3
T002623,TC-02166,2024-12-20,Plan change,9.8,1
T002624,TC-02166,2024-08-26,Slow speed,5.5,2
T002625,TC-02166,2024-12-30,Slow speed,11.7,3
T002626,TC-02167,2024-06-05,Plan change,18.7,2
T002627,TC-02168,2024-11-01,Network outage,3.6,4
T002628,TC-02172,2024-11-05,Billing,12.7,4
T002629,TC-02173,2024-10-10,Slow speed,10.3,3
T002630,TC-02175,2024-02-17,Plan change,18.2,1
T002631,TC-02176,2024-11-11,Billing,16.6,3
T002632,TC-02176,2024-01-11,Slow speed,13.2,4
T002633,TC-02178,2024-01-08,Slow speed,6.6,5
T002634,TC-02178,2024-12-04,Billing,30.2,4
T002635,TC-02180,2024-06-22,Plan change,12.3,3
T002636,TC-02182,2024-04-07,Device,13.8,5
T002637,TC-02182,2024-12-13,Billing,42.3,5
T002638,TC-02184,2024-06-20,Billing,27.6,5
T002639,TC-02184,2024-08-09,Device,26.5,3
T002640,TC-02185,2024-07-19,Billing,5.5,3
T002641,TC-02185,2024-08-29,Network outage,9.6,3
T002642,TC-02185,2024-11-17,Slow speed,42.6,5
T002643,TC-02186,2024-03-04,Network outage,36.4,3
T002644,TC-02187,2024-12-17,Plan change,5.2,3
T002645,TC-02189,2024-03-02,Billing,27.9,5
T002646,TC-02189,2024-12-22,Network outage,12.2,3
T002647,TC-02189,2024-09-04,Network outage,23.3,5
T002648,TC-02190,2024-07-12,Network outage,29.1,1
T002649,TC-02190,2024-06-17,Slow speed,14.5,4
T002650,TC-02191,2024-05-23,Network outage,34.3,2
T002651,TC-02192,2024-06-04,Billing,4.4,4
T002652,TC-02192,2024-05-02,Network outage,19.0,5
T002653,TC-02192,2024-01-27,Billing,17.8,2
T002654,TC-02192,2024-12-12,Plan change,2.3,3
T002655,TC-02193,2024-09-02,Billing,24.5,1
T002656,TC-02193,2024-12-22,Slow speed,16.5,1
T002657,TC-02193,2024-08-07,Slow speed,6.7,3
T002658,TC-02194,2024-06-26,Billing,25.1,2
T002659,TC-02194,2024-01-28,Slow speed,4.0,4
T002660,TC-02196,2024-10-31,Billing,32.5,3
T002661,TC-02196,2024-03-04,Billing,18.0,2
T002662,TC-02198,2024-04-13,Device,52.9,2
T002663,TC-02198,2024-04-20,Billing,29.0,2
T002664,TC-02198,2024-06-29,Slow speed,13.4,3
T002665,TC-02199,2024-12-25,Device,17.7,3
T002666,TC-02200,2024-01-29,Billing,44.1,4
T002667,TC-02200,2024-12-18,Network outage,13.9,2
T002668,TC-02200,2024-04-29,Plan change,14.5,3
T002669,TC-02200,2024-05-22,Billing,35.0,1
T002670,TC-02201,2024-11-17,Slow speed,6.6,3
T002671,TC-02201,2024-01-16,Network outage,36.9,3
T002672,TC-02205,2024-10-07,Plan change,4.7,5
T002673,TC-02206,2024-05-24,Device,14.1,3
T002674,TC-02207,2024-08-09,Network outage,3.7,2
T002675,TC-02207,2024-01-24,Device,25.1,1
T002676,TC-02208,2024-05-22,Network outage,19.3,4
T002677,TC-02208,2024-02-05,Device,13.2,3
T002678,TC-02209,2024-07-20,Network outage,6.5,5
T002679,TC-02211,2024-03-12,Network outage,20.7,3
T002680,TC-02211,2024-12-01,Billing,13.5,5
T002681,TC-02212,2024-05-17,Billing,6.1,3
T002682,TC-02215,2024-02-02,Billing,16.0,5
T002683,TC-02217,2024-01-06,Billing,5.7,3
T002684,TC-02218,2024-08-23,Device,17.3,2
T002685,TC-02218,2024-05-31,Plan change,14.5,2
T002686,TC-02219,2024-03-21,Slow speed,3.2,5
T002687,TC-02220,2024-05-25,Billing,7.0,3
T002688,TC-02221,2024-12-04,Slow speed,10.0,4
T002689,TC-02221,2024-06-23,Billing,21.5,3
T002690,TC-02221,2024-08-12,Network outage,7.5,5
T002691,TC-02221,2024-08-03,Billing,24.4,5
T002692,TC-02223,2024-09-10,Billing,21.8,5
T002693,TC-02223,2024-08-18,Slow speed,7.5,3
T002694,TC-02224,2024-07-20,Billing,9.4,4
T002695,TC-02224,2024-05-04,Billing,31.4,5
T002696,TC-02225,2024-03-13,Device,45.2,4
T002697,TC-02227,2024-06-15,Network outage,10.5,1
T002698,TC-02227,2024-04-14,Slow speed,14.8,2
T002699,TC-02228,2024-06-17,Device,20.7,5
T002700,TC-02228,2024-03-30,Billing,19.4,2
T002701,TC-02230,2024-10-16,Billing,19.3,1
T002702,TC-02231,2024-10-08,Network outage,4.3,1
T002703,TC-02231,2024-06-01,Billing,7.8,3
T002704,TC-02231,2024-11-04,Billing,19.8,3
T002705,TC-02234,2024-09-18,Network outage,41.8,1
T002706,TC-02234,2024-06-18,Slow speed,2.9,2
T002707,TC-02235,2024-11-30,Billing,32.8,5
T002708,TC-02238,2024-11-26,Billing,19.8,4
T002709,TC-02238,2024-08-10,Device,47.4,3
T002710,TC-02240,2024-04-18,Billing,8.0,3
T002711,TC-02240,2024-03-01,Slow speed,3.8,2
T002712,TC-02242,2024-08-31,Network outage,31.7,3
T002713,TC-02242,2024-12-17,Plan change,29.4,4
T002714,TC-02242,2024-08-20,Billing,29.5,3
T002715,TC-02242,2024-03-27,Slow speed,24.7,1
T002716,TC-02245,2024-01-17,Slow speed,25.9,4
T002717,TC-02245,2024-09-17,Billing,51.0,4
T002718,TC-02245,2024-06-18,Network outage,29.1,3
T002719,TC-02245,2024-04-26,Billing,4.5,3
T002720,TC-02246,2024-10-18,Network outage,9.9,4
T002721,TC-02247,2024-10-29,Billing,24.4,3
T002722,TC-02250,2024-06-10,Billing,22.0,3
T002723,TC-02251,2024-05-11,Network outage,10.5,4
T002724,TC-02252,2024-01-08,Slow speed,9.0,3
T002725,TC-02255,2024-02-07,Billing,11.5,2
T002726,TC-02257,2024-09-20,Slow speed,26.9,2
T002727,TC-02258,2024-06-04,Network outage,2.5,3
T002728,TC-02258,2024-06-19,Device,21.7,5
T002729,TC-02260,2024-10-12,Slow speed,18.5,2
T002730,TC-02260,2024-10-05,Device,5.3,2
T002731,TC-02262,2024-03-23,Network outage,25.7,4
T002732,TC-02264,2024-01-13,Slow speed,22.9,2
T002733,TC-02266,2024-03-06,Slow speed,4.8,2
T002734,TC-02268,2024-11-13,Billing,28.6,2
T002735,TC-02268,2024-04-28,Plan change,7.9,4
T002736,TC-02268,2024-02-28,Slow speed,37.1,2
T002737,TC-02269,2024-05-11,Billing,8.6,5
T002738,TC-02269,2024-09-14,Slow speed,6.7,4
T002739,TC-02271,2024-12-15,Billing,14.9,4
T002740,TC-02272,2024-03-15,Network outage,20.5,1
T002741,TC-02275,2024-01-22,Network outage,36.9,4
T002742,TC-02275,2024-02-11,Network outage,21.2,4
T002743,TC-02275,2024-11-02,Billing,16.6,4
T002744,TC-02278,2024-10-16,Billing,2.6,4
T002745,TC-02278,2024-02-06,Slow speed,24.3,3
T002746,TC-02280,2024-09-27,Plan change,8.3,4
T002747,TC-02280,2024-08-01,Slow speed,20.9,3
T002748,TC-02280,2024-09-19,Network outage,17.0,5
T002749,TC-02280,2024-01-08,Billing,18.6,4
T002750,TC-02280,2024-08-21,Network outage,38.4,3
T002751,TC-02281,2024-02-16,Device,4.7,1
T002752,TC-02281,2024-04-26,Device,40.7,5
T002753,TC-02283,2024-07-22,Billing,30.3,2
T002754,TC-02283,2024-08-17,Slow speed,17.7,2
T002755,TC-02283,2024-12-08,Plan change,21.9,5
T002756,TC-02284,2024-08-13,Network outage,50.6,2
T002757,TC-02286,2024-09-25,Slow speed,17.6,1
T002758,TC-02287,2024-06-04,Network outage,63.0,3
T002759,TC-02290,2024-09-18,Device,24.6,1
T002760,TC-02291,2024-09-18,Plan change,4.2,4
T002761,TC-02291,2024-11-23,Billing,11.2,3
T002762,TC-02291,2024-12-16,Network outage,14.7,4
T002763,TC-02292,2024-02-15,Billing,18.0,5
T002764,TC-02294,2024-06-30,Slow speed,8.8,4
T002765,TC-02296,2024-06-28,Network outage,34.0,2
T002766,TC-02296,2024-10-28,Network outage,35.1,4
T002767,TC-02301,2024-03-27,Plan change,27.6,4
T002768,TC-02301,2024-06-21,Slow speed,8.6,2
T002769,TC-02302,2024-08-27,Slow speed,48.9,3
T002770,TC-02302,2024-04-21,Billing,12.3,5
T002771,TC-02303,2024-02-13,Network outage,8.8,4
T002772,TC-02303,2024-10-06,Network outage,9.2,3
T002773,TC-02304,2024-07-05,Billing,29.7,2
T002774,TC-02305,2024-10-08,Slow speed,12.3,4
T002775,TC-02305,2024-08-20,Plan change,2.7,2
T002776,TC-02305,2024-03-09,Network outage,16.4,4
T002777,TC-02305,2024-07-10,Billing,12.8,5
T002778,TC-02306,2024-02-08,Billing,44.4,3
T002779,TC-02307,2024-03-28,Device,33.0,4
T002780,TC-02307,2024-11-01,Network outage,21.6,4
T002781,TC-02309,2024-04-06,Network outage,9.4,2
T002782,TC-02309,2024-02-09,Slow speed,15.2,3
T002783,TC-02309,2024-10-29,Plan change,21.2,2
T002784,TC-02310,2024-03-19,Plan change,17.2,4
T002785,TC-02310,2024-08-04,Network outage,30.8,4
T002786,TC-02311,2024-01-04,Plan change,14.6,2
T002787,TC-02312,2024-11-12,Plan change,8.1,4
T002788,TC-02312,2024-03-22,Billing,32.3,3
T002789,TC-02314,2024-07-10,Slow speed,42.1,4
T002790,TC-02314,2024-06-27,Device,10.3,4
T002791,TC-02316,2024-05-15,Slow speed,36.5,5
T002792,TC-02317,2024-02-19,Plan change,11.1,3
T002793,TC-02318,2024-10-12,Slow speed,9.0,3
T002794,TC-02320,2024-12-29,Billing,5.5,2
T002795,TC-02320,2024-09-25,Billing,12.8,1
T002796,TC-02321,2024-08-09,Device,0.4,2
T002797,TC-02321,2024-07-15,Device,3.4,3
T002798,TC-02323,2024-12-26,Slow speed,36.8,2
T002799,TC-02323,2024-07-05,Billing,43.6,4
T002800,TC-02323,2024-06-04,Network outage,9.7,5
T002801,TC-02326,2024-07-02,Billing,27.2,4
T002802,TC-02326,2024-10-24,Slow speed,6.6,5
T002803,TC-02326,2024-02-14,Billing,2.5,3
T002804,TC-02327,2024-05-17,Network outage,2.9,3
T002805,TC-02327,2024-10-10,Billing,6.6,3
T002806,TC-02328,2024-12-03,Slow speed,14.2,3
T002807,TC-02328,2024-01-23,Billing,0.8,2
T002808,TC-02329,2024-11-23,Network outage,8.5,4
T002809,TC-02329,2024-05-30,Device,10.3,3
T002810,TC-02331,2024-12-11,Billing,33.5,1
T002811,TC-02331,2024-08-06,Slow speed,24.4,2
T002812,TC-02331,2024-05-27,Billing,16.3,3
T002813,TC-02331,2024-02-20,Network outage,17.3,4
T002814,TC-02331,2024-12-19,Network outage,14.0,2
T002815,TC-02334,2024-07-29,Network outage,8.7,3
T002816,TC-02334,2024-06-12,Slow speed,16.4,5
T002817,TC-02336,2024-02-21,Slow speed,15.9,3
T002818,TC-02336,2024-07-19,Network outage,23.0,2
T002819,TC-02337,2024-08-31,Plan change,15.8,4
T002820,TC-02337,2024-08-14,Slow speed,5.0,3
T002821,TC-02339,2024-03-27,Slow speed,16.1,4
T002822,TC-02340,2024-07-03,Plan change,4.7,3
T002823,TC-02342,2024-02-23,Device,26.7,3
T002824,TC-02342,2024-02-09,Plan change,16.3,3
T002825,TC-02342,2024-06-17,Billing,16.5,4
T002826,TC-02344,2024-09-02,Plan change,26.9,2
T002827,TC-02345,2024-09-12,Slow speed,11.0,3
T002828,TC-02345,2024-08-01,Slow speed,7.1,5
T002829,TC-02345,2024-01-12,Slow speed,8.2,3
T002830,TC-02348,2024-06-05,Network outage,24.3,4
T002831,TC-02348,2024-09-16,Billing,14.1,4
T002832,TC-02348,2024-12-20,Slow speed,16.7,5
T002833,TC-02349,2024-03-22,Slow speed,36.1,3
T002834,TC-02350,2024-06-21,Billing,10.9,4
T002835,TC-02351,2024-08-22,Network outage,8.9,5
T002836,TC-02352,2024-01-03,Slow speed,24.9,4
T002837,TC-02352,2024-08-02,Plan change,19.1,3
T002838,TC-02352,2024-07-16,Slow speed,8.2,2
T002839,TC-02352,2024-08-05,Device,3.5,2
T002840,TC-02353,2024-10-18,Network outage,28.6,3
T002841,TC-02353,2024-08-11,Billing,12.1,2
T002842,TC-02356,2024-12-15,Device,6.2,3
T002843,TC-02356,2024-03-20,Billing,3.5,2
T002844,TC-02356,2024-12-03,Slow speed,3.4,5
T002845,TC-02357,2024-09-28,Billing,18.9,4
T002846,TC-02357,2024-01-27,Plan change,26.8,3
T002847,TC-02358,2024-06-07,Slow speed,34.2,5
T002848,TC-02359,2024-11-30,Slow speed,23.5,3
T002849,TC-02360,2024-01-30,Slow speed,15.1,4
T002850,TC-02361,2024-07-04,Network outage,23.7,2
T002851,TC-02362,2024-11-28,Billing,41.3,5
T002852,TC-02363,2024-02-25,Plan change,26.1,2
T002853,TC-02365,2024-10-03,Device,13.1,3
T002854,TC-02365,2024-08-20,Network outage,9.9,3
T002855,TC-02365,2024-03-17,Network outage,13.6,3
T002856,TC-02366,2024-10-17,Slow speed,27.9,1
T002857,TC-02367,2024-11-02,Plan change,19.7,4
T002858,TC-02367,2024-08-24,Plan change,13.6,1
T002859,TC-02367,2024-10-22,Network outage,14.4,2
T002860,TC-02368,2024-11-23,Slow speed,94.1,4
T002861,TC-02368,2024-08-14,Network outage,25.9,2
T002862,TC-02369,2024-07-26,Plan change,24.5,4
T002863,TC-02370,2024-07-30,Device,6.9,3
T002864,TC-02371,2024-02-15,Network outage,12.1,2
T002865,TC-02372,2024-02-24,Network outage,62.8,5
T002866,TC-02372,2024-12-12,Plan change,25.0,4
T002867,TC-02373,2024-08-25,Network outage,18.5,2
T002868,TC-02375,2024-01-23,Slow speed,7.4,2
T002869,TC-02376,2024-06-12,Billing,14.1,2
T002870,TC-02376,2024-02-17,Plan change,19.3,5
T002871,TC-02377,2024-10-18,Billing,18.2,3
T002872,TC-02378,2024-01-28,Billing,12.6,3
T002873,TC-02380,2024-09-12,Billing,22.3,2
T002874,TC-02381,2024-08-26,Network outage,1.7,4
T002875,TC-02382,2024-11-06,Network outage,46.5,4
T002876,TC-02383,2024-09-18,Slow speed,17.5,4
T002877,TC-02383,2024-12-26,Billing,23.2,1
T002878,TC-02385,2024-05-27,Network outage,24.4,5
T002879,TC-02385,2024-05-13,Network outage,26.4,3
T002880,TC-02385,2024-06-30,Billing,22.6,2
T002881,TC-02385,2024-12-10,Plan change,12.9,3
T002882,TC-02385,2024-10-15,Network outage,32.6,4
T002883,TC-02385,2024-05-03,Network outage,5.4,2
T002884,TC-02386,2024-02-26,Billing,3.3,3
T002885,TC-02386,2024-02-25,Slow speed,6.3,2
T002886,TC-02386,2024-12-19,Plan change,31.1,4
T002887,TC-02387,2024-06-10,Billing,55.8,3
T002888,TC-02388,2024-05-18,Slow speed,31.5,5
T002889,TC-02388,2024-04-16,Slow speed,23.5,5
T002890,TC-02388,2024-06-21,Slow speed,36.7,5
T002891,TC-02389,2024-03-23,Billing,17.1,1
T002892,TC-02389,2024-10-05,Slow speed,30.1,4
T002893,TC-02390,2024-10-29,Plan change,14.8,1
T002894,TC-02390,2024-09-28,Network outage,34.7,5
T002895,TC-02391,2024-01-24,Slow speed,16.3,1
T002896,TC-02392,2024-05-21,Slow speed,26.6,5
T002897,TC-02392,2024-05-13,Slow speed,3.3,3
T002898,TC-02392,2024-12-22,Slow speed,8.1,5
T002899,TC-02394,2024-12-01,Network outage,65.6,1
T002900,TC-02395,2024-03-06,Billing,2.8,4
T002901,TC-02396,2024-03-30,Slow speed,15.7,1
T002902,TC-02397,2024-08-25,Slow speed,15.0,4
T002903,TC-02397,2024-03-02,Network outage,10.0,4
T002904,TC-02398,2024-10-20,Billing,4.8,2
T002905,TC-02398,2024-03-24,Network outage,23.0,3
T002906,TC-02399,2024-04-07,Slow speed,11.4,4
T002907,TC-02399,2024-10-05,Network outage,46.6,3
T002908,TC-02400,2024-12-18,Billing,11.6,3
T002909,TC-02400,2024-07-19,Billing,1.6,3
T002910,TC-02401,2024-12-29,Slow speed,30.7,1
T002911,TC-02404,2024-09-26,Billing,15.2,4
T002912,TC-02405,2024-03-30,Slow speed,6.8,3
T002913,TC-02405,2024-09-11,Device,13.1,4
T002914,TC-02405,2024-11-15,Network outage,3.3,5
T002915,TC-02405,2024-03-01,Network outage,15.1,4
T002916,TC-02407,2024-06-25,Network outage,49.3,3
T002917,TC-02409,2024-10-25,Slow speed,21.2,4
T002918,TC-02409,2024-11-24,Plan change,45.5,3
T002919,TC-02409,2024-04-05,Plan change,5.0,2
T002920,TC-02410,2024-02-17,Slow speed,16.7,3
T002921,TC-02412,2024-10-02,Billing,8.3,3
T002922,TC-02413,2024-03-28,Slow speed,6.7,3
T002923,TC-02415,2024-10-27,Device,16.6,5
T002924,TC-02415,2024-08-03,Device,34.5,2
T002925,TC-02415,2024-03-16,Billing,2.7,4
T002926,TC-02415,2024-06-04,Slow speed,42.6,5
T002927,TC-02416,2024-08-07,Plan change,12.6,3
T002928,TC-02417,2024-11-09,Slow speed,14.7,3
T002929,TC-02417,2024-01-06,Billing,7.2,4
T002930,TC-02417,2024-09-17,Network outage,21.8,3
T002931,TC-02419,2024-11-09,Network outage,11.0,2
T002932,TC-02419,2024-12-25,Network outage,6.3,3
T002933,TC-02419,2024-09-25,Network outage,10.4,1
T002934,TC-02419,2024-11-05,Slow speed,8.7,3
T002935,TC-02420,2024-02-18,Billing,20.0,5
T002936,TC-02423,2024-12-22,Plan change,14.3,2
T002937,TC-02424,2024-05-02,Billing,14.8,3
T002938,TC-02425,2024-10-05,Slow speed,3.7,3
T002939,TC-02425,2024-07-16,Slow speed,3.5,5
T002940,TC-02427,2024-01-25,Device,9.4,4
T002941,TC-02427,2024-05-14,Network outage,16.7,2
T002942,TC-02428,2024-09-12,Network outage,9.9,4
T002943,TC-02430,2024-10-26,Plan change,9.9,3
T002944,TC-02431,2024-05-29,Slow speed,13.7,2
T002945,TC-02431,2024-01-22,Billing,8.5,2
T002946,TC-02432,2024-03-14,Network outage,4.3,4
T002947,TC-02432,2024-03-30,Device,17.4,2
T002948,TC-02433,2024-08-19,Billing,14.0,2
T002949,TC-02433,2024-04-13,Billing,12.2,3
T002950,TC-02434,2024-05-29,Billing,15.2,1
T002951,TC-02434,2024-11-17,Plan change,20.5,3
T002952,TC-02435,2024-12-08,Network outage,20.4,2
T002953,TC-02435,2024-01-27,Billing,30.3,4
T002954,TC-02435,2024-02-19,Slow speed,19.5,3
T002955,TC-02435,2024-01-28,Slow speed,15.4,2
T002956,TC-02436,2024-11-18,Slow speed,2.2,3
T002957,TC-02439,2024-07-29,Network outage,56.0,3
T002958,TC-02439,2024-01-02,Slow speed,5.2,4
T002959,TC-02440,2024-12-07,Plan change,11.2,5
T002960,TC-02441,2024-01-25,Network outage,5.9,4
T002961,TC-02441,2024-12-06,Network outage,5.5,5
T002962,TC-02441,2024-08-19,Slow speed,0.8,5
T002963,TC-02441,2024-03-07,Slow speed,21.9,4
T002964,TC-02442,2024-01-19,Network outage,41.2,3
T002965,TC-02443,2024-05-18,Billing,12.9,3
T002966,TC-02443,2024-07-01,Slow speed,17.1,5
T002967,TC-02443,2024-01-12,Network outage,8.1,3
T002968,TC-02443,2024-11-06,Network outage,16.1,4
T002969,TC-02444,2024-02-12,Plan change,6.2,5
T002970,TC-02444,2024-07-17,Network outage,26.3,2
T002971,TC-02445,2024-06-21,Billing,20.6,4
T002972,TC-02446,2024-05-26,Billing,11.5,4
T002973,TC-02446,2024-02-27,Device,21.8,2
T002974,TC-02446,2024-01-31,Billing,17.2,2
T002975,TC-02448,2024-06-05,Billing,12.0,4
T002976,TC-02448,2024-04-01,Network outage,15.5,4
T002977,TC-02448,2024-08-24,Billing,17.1,3
T002978,TC-02451,2024-10-25,Plan change,1.8,3
T002979,TC-02453,2024-04-04,Network outage,19.0,3
T002980,TC-02454,2024-01-10,Slow speed,16.1,3
T002981,TC-02455,2024-04-14,Billing,4.5,2
T002982,TC-02455,2024-06-07,Network outage,20.4,2
T002983,TC-02455,2024-06-01,Plan change,5.1,2
T002984,TC-02455,2024-05-04,Plan change,19.1,1
T002985,TC-02458,2024-12-15,Network outage,30.4,4
T002986,TC-02458,2024-08-14,Billing,11.0,4
T002987,TC-02458,2024-08-19,Network outage,28.8,1
T002988,TC-02458,2024-12-11,Slow speed,4.2,2
T002989,TC-02458,2024-03-31,Plan change,8.9,5
T002990,TC-02458,2024-05-31,Network outage,22.4,2
T002991,TC-02459,2024-07-16,Billing,52.9,4
T002992,TC-02462,2024-01-29,Slow speed,7.1,4
T002993,TC-02462,2024-12-22,Network outage,50.3,5
T002994,TC-02462,2024-02-07,Device,15.9,3
T002995,TC-02463,2024-07-18,Plan change,39.6,5
T002996,TC-02463,2024-12-10,Slow speed,18.3,2
T002997,TC-02463,2024-03-18,Slow speed,23.7,3
T002998,TC-02465,2024-12-15,Billing,36.9,3
T002999,TC-02466,2024-11-30,Network outage,34.8,3
T003000,TC-02467,2024-05-05,Billing,20.8,4
T003001,TC-02468,2024-08-16,Network outage,5.7,3
T003002,TC-02471,2024-04-05,Network outage,21.0,4
T003003,TC-02473,2024-11-29,Network outage,45.5,5
T003004,TC-02474,2024-01-21,Network outage,8.8,5
T003005,TC-02474,2024-11-29,Plan change,14.7,5
T003006,TC-02475,2024-02-22,Billing,13.2,2
T003007,TC-02478,2024-05-29,Network outage,26.6,2
T003008,TC-02478,2024-10-12,Billing,28.1,2
T003009,TC-02479,2024-10-01,Device,18.1,3
T003010,TC-02480,2024-07-25,Billing,36.4,2
T003011,TC-02482,2024-02-27,Network outage,12.6,4
T003012,TC-02482,2024-12-11,Slow speed,24.7,1
T003013,TC-02483,2024-07-14,Plan change,15.7,2
T003014,TC-02486,2024-09-18,Billing,20.3,4
T003015,TC-02487,2024-12-08,Billing,26.1,3
T003016,TC-02487,2024-07-11,Slow speed,4.9,3
T003017,TC-02488,2024-03-09,Billing,17.3,4
T003018,TC-02488,2024-07-18,Network outage,31.6,4
T003019,TC-02488,2024-05-24,Network outage,18.6,3
T003020,TC-02492,2024-01-17,Network outage,6.7,4
T003021,TC-02493,2024-01-11,Device,20.0,4
T003022,TC-02495,2024-12-25,Slow speed,9.1,2
T003023,TC-02495,2024-10-06,Slow speed,8.2,4
T003024,TC-02496,2024-03-31,Billing,2.3,2
T003025,TC-02497,2024-09-24,Network outage,6.3,3
T003026,TC-02497,2024-10-07,Plan change,32.1,3
T003027,TC-02498,2024-02-03,Slow speed,34.6,4
T003028,TC-02498,2024-07-19,Slow speed,8.1,3
T003029,TC-02498,2024-03-01,Billing,23.3,4
T003030,TC-02498,2024-03-26,Plan change,64.9,2
T003031,TC-02498,2024-04-27,Network outage,6.7,3
T003032,TC-02499,2024-09-23,Billing,11.5,2
T003033,TC-02499,2024-02-13,Plan change,16.2,4
T003034,TC-02500,2024-12-09,Plan change,14.1,4
T003035,TC-02500,2024-04-18,Billing,10.4,3
T003036,TC-02501,2024-12-13,Device,5.7,3
T003037,TC-02501,2024-08-05,Billing,40.5,3
T003038,TC-02503,2024-02-18,Plan change,14.1,4
T003039,TC-02503,2024-08-13,Billing,11.4,4
T003040,TC-02504,2024-02-20,Billing,15.1,4
T003041,TC-02505,2024-10-03,Billing,2.4,3
T003042,TC-02506,2024-10-12,Plan change,4.3,4
T003043,TC-02508,2024-01-07,Device,12.5,3
T003044,TC-02509,2024-03-06,Plan change,7.5,4
T003045,TC-02510,2024-01-05,Network outage,47.4,2
T003046,TC-02510,2024-06-14,Slow speed,6.2,2
T003047,TC-02510,2024-09-20,Network outage,17.0,2
T003048,TC-02510,2024-08-28,Network outage,27.1,3
T003049,TC-02511,2024-07-19,Device,4.9,4
T003050,TC-02513,2024-11-22,Billing,19.2,5
T003051,TC-02514,2024-02-21,Plan change,20.1,2
T003052,TC-02516,2024-11-13,Billing,9.6,5
T003053,TC-02517,2024-01-18,Network outage,11.2,5
T003054,TC-02518,2024-06-29,Billing,12.4,2
T003055,TC-02519,2024-04-12,Network outage,13.6,3
T003056,TC-02520,2024-02-03,Billing,3.0,4
T003057,TC-02522,2024-11-09,Billing,33.4,2
T003058,TC-02523,2024-11-01,Billing,31.9,2
T003059,TC-02524,2024-09-09,Network outage,19.1,5
T003060,TC-02525,2024-03-05,Slow speed,4.4,3
T003061,TC-02526,2024-10-28,Billing,69.0,4
T003062,TC-02528,2024-10-18,Billing,14.5,3
T003063,TC-02528,2024-07-26,Slow speed,25.7,5
T003064,TC-02528,2024-12-16,Network outage,8.4,3
T003065,TC-02529,2024-09-19,Device,1.1,5
T003066,TC-02530,2024-05-23,Device,14.7,5
T003067,TC-02531,2024-05-08,Billing,5.7,4
T003068,TC-02532,2024-02-17,Network outage,17.1,4
T003069,TC-02532,2024-03-26,Device,15.5,4
T003070,TC-02533,2024-04-03,Billing,12.3,5
T003071,TC-02534,2024-06-21,Network outage,2.0,3
T003072,TC-02534,2024-03-05,Network outage,21.0,2
T003073,TC-02534,2024-12-07,Network outage,3.8,2
T003074,TC-02535,2024-10-04,Network outage,26.9,2
T003075,TC-02536,2024-08-19,Network outage,1.9,4
T003076,TC-02536,2024-04-01,Network outage,19.2,3
T003077,TC-02538,2024-10-03,Slow speed,27.5,2
T003078,TC-02541,2024-02-02,Device,6.7,2
T003079,TC-02541,2024-03-16,Plan change,11.4,3
T003080,TC-02541,2024-02-16,Plan change,13.2,2
T003081,TC-02542,2024-08-07,Plan change,22.2,5
T003082,TC-02544,2024-08-06,Network outage,47.9,4
T003083,TC-02546,2024-10-13,Billing,37.0,5
T003084,TC-02547,2024-02-22,Network outage,66.7,3
T003085,TC-02547,2024-07-12,Plan change,8.3,4
T003086,TC-02547,2024-12-06,Network outage,12.5,4
T003087,TC-02548,2024-12-11,Slow speed,12.6,3
T003088,TC-02548,2024-09-18,Plan change,7.3,5
T003089,TC-02550,2024-09-14,Slow speed,7.4,3
T003090,TC-02550,2024-05-12,Billing,4.2,3
T003091,TC-02552,2024-06-28,Plan change,25.4,4
T003092,TC-02552,2024-02-12,Device,15.8,4
T003093,TC-02553,2024-07-06,Billing,12.6,4
T003094,TC-02553,2024-12-28,Device,44.3,3
T003095,TC-02554,2024-01-05,Billing,37.1,3
T003096,TC-02555,2024-11-25,Slow speed,6.2,3
T003097,TC-02556,2024-08-06,Plan change,4.8,5
T003098,TC-02558,2024-03-24,Device,9.7,2
T003099,TC-02558,2024-10-04,Device,23.4,4
T003100,TC-02559,2024-10-22,Plan change,14.9,2
T003101,TC-02563,2024-08-16,Slow speed,8.3,3
T003102,TC-02563,2024-01-29,Device,26.9,3
T003103,TC-02564,2024-12-27,Slow speed,11.3,3
T003104,TC-02566,2024-01-09,Network outage,18.0,5
T003105,TC-02567,2024-03-27,Network outage,15.5,5
T003106,TC-02568,2024-06-16,Billing,5.0,3
T003107,TC-02568,2024-05-23,Billing,24.7,4
T003108,TC-02569,2024-10-22,Network outage,44.3,2
T003109,TC-02569,2024-02-04,Network outage,7.6,5
T003110,TC-02571,2024-03-05,Slow speed,6.8,4
T003111,TC-02572,2024-02-29,Billing,0.9,4
T003112,TC-02572,2024-06-24,Network outage,22.0,4
T003113,TC-02574,2024-02-11,Device,15.0,3
T003114,TC-02575,2024-12-21,Device,12.6,3
T003115,TC-02577,2024-08-17,Plan change,7.1,1
T003116,TC-02578,2024-05-11,Plan change,20.1,2
T003117,TC-02580,2024-11-15,Device,26.2,3
T003118,TC-02580,2024-05-08,Slow speed,37.0,2
T003119,TC-02582,2024-12-26,Network outage,20.5,5
T003120,TC-02584,2024-03-16,Device,7.9,4
T003121,TC-02585,2024-07-22,Slow speed,28.7,1
T003122,TC-02585,2024-07-28,Network outage,8.8,2
T003123,TC-02585,2024-02-06,Device,7.3,3
T003124,TC-02586,2024-12-18,Network outage,13.3,4
T003125,TC-02586,2024-07-11,Billing,4.0,3
T003126,TC-02587,2024-10-28,Device,21.3,3
T003127,TC-02590,2024-12-05,Billing,19.5,4
T003128,TC-02591,2024-11-02,Network outage,11.4,4
T003129,TC-02592,2024-03-20,Billing,26.9,4
T003130,TC-02593,2024-02-05,Plan change,10.9,4
T003131,TC-02596,2024-12-22,Billing,22.2,3
T003132,TC-02596,2024-10-14,Slow speed,32.2,2
T003133,TC-02596,2024-07-15,Billing,43.2,4
T003134,TC-02597,2024-10-28,Billing,4.2,5
T003135,TC-02597,2024-10-20,Network outage,19.7,4
T003136,TC-02598,2024-12-19,Network outage,19.4,4
T003137,TC-02598,2024-12-17,Network outage,15.2,2
T003138,TC-02598,2024-01-23,Billing,37.2,5
T003139,TC-02599,2024-11-05,Network outage,21.5,2
T003140,TC-02600,2024-11-13,Billing,19.9,4
T003141,TC-02601,2024-11-04,Slow speed,6.2,5
T003142,TC-02602,2024-12-20,Billing,7.4,5
T003143,TC-02602,2024-10-12,Network outage,3.6,4
T003144,TC-02603,2024-08-20,Slow speed,16.5,2
T003145,TC-02604,2024-01-12,Plan change,19.7,4
T003146,TC-02605,2024-04-24,Billing,11.5,5
T003147,TC-02605,2024-08-29,Slow speed,23.2,3
T003148,TC-02605,2024-11-05,Device,15.0,4
T003149,TC-02605,2024-04-07,Slow speed,12.1,3
T003150,TC-02606,2024-02-28,Plan change,6.0,3
T003151,TC-02609,2024-02-09,Slow speed,21.1,3
T003152,TC-02609,2024-06-03,Network outage,14.1,4
T003153,TC-02609,2024-06-03,Slow speed,7.3,3
T003154,TC-02609,2024-09-28,Network outage,12.3,3
T003155,TC-02609,2024-06-10,Slow speed,27.5,2
T003156,TC-02609,2024-03-25,Network outage,17.5,3
T003157,TC-02610,2024-10-25,Billing,6.7,2
T003158,TC-02610,2024-02-12,Billing,20.2,2
T003159,TC-02612,2024-08-05,Network outage,12.8,2
T003160,TC-02612,2024-03-28,Network outage,10.7,2
T003161,TC-02612,2024-10-03,Device,19.5,2
T003162,TC-02613,2024-02-23,Network outage,19.0,4
T003163,TC-02613,2024-12-06,Device,4.1,2
T003164,TC-02614,2024-12-07,Slow speed,11.8,5
T003165,TC-02616,2024-07-31,Network outage,13.1,5
T003166,TC-02616,2024-12-04,Billing,27.7,4
T003167,TC-02617,2024-12-23,Billing,5.6,3
T003168,TC-02617,2024-10-11,Plan change,7.1,3
T003169,TC-02618,2024-08-30,Billing,12.5,3
T003170,TC-02618,2024-07-31,Billing,69.6,4
T003171,TC-02620,2024-02-12,Network outage,14.4,1
T003172,TC-02620,2024-02-04,Plan change,42.7,3
T003173,TC-02620,2024-10-07,Slow speed,23.3,5
T003174,TC-02621,2024-11-12,Network outage,15.9,4
T003175,TC-02621,2024-11-23,Network outage,19.6,4
T003176,TC-02621,2024-05-10,Slow speed,18.2,3
T003177,TC-02623,2024-04-24,Network outage,28.6,3
T003178,TC-02623,2024-06-21,Billing,23.3,5
T003179,TC-02625,2024-10-25,Billing,12.1,3
T003180,TC-02625,2024-10-16,Slow speed,13.4,2
T003181,TC-02625,2024-10-03,Billing,3.4,2
T003182,TC-02625,2024-02-08,Network outage,6.5,2
T003183,TC-02626,2024-01-04,Billing,42.6,4
T003184,TC-02626,2024-07-05,Billing,11.0,5
T003185,TC-02626,2024-09-30,Slow speed,44.9,3
T003186,TC-02627,2024-06-04,Billing,8.4,3
T003187,TC-02628,2024-10-08,Plan change,9.4,4
T003188,TC-02628,2024-07-08,Plan change,39.7,3
T003189,TC-02629,2024-09-03,Slow speed,38.6,1
T003190,TC-02629,2024-09-13,Plan change,13.3,4
T003191,TC-02632,2024-08-31,Slow speed,8.4,5
T003192,TC-02633,2024-08-02,Plan change,26.2,3
T003193,TC-02635,2024-02-07,Billing,33.1,4
T003194,TC-02635,2024-09-24,Network outage,70.4,4
T003195,TC-02635,2024-01-12,Slow speed,11.6,5
T003196,TC-02636,2024-03-04,Plan change,19.6,5
T003197,TC-02636,2024-02-19,Slow speed,3.6,2
T003198,TC-02636,2024-04-16,Network outage,38.4,3
T003199,TC-02636,2024-11-30,Billing,5.2,4
T003200,TC-02639,2024-12-01,Plan change,20.4,3
T003201,TC-02640,2024-02-10,Billing,19.9,3
T003202,TC-02641,2024-09-21,Device,17.6,3
T003203,TC-02641,2024-04-06,Slow speed,17.9,5
T003204,TC-02642,2024-05-12,Slow speed,12.7,2
T003205,TC-02643,2024-05-25,Billing,28.0,3
T003206,TC-02643,2024-05-19,Plan change,29.2,2
T003207,TC-02644,2024-12-17,Slow speed,13.6,3
T003208,TC-02644,2024-01-09,Billing,32.0,2
T003209,TC-02645,2024-01-24,Device,24.3,5
T003210,TC-02646,2024-11-05,Device,4.8,1
T003211,TC-02650,2024-11-24,Network outage,32.4,1
T003212,TC-02650,2024-01-08,Network outage,23.3,4
T003213,TC-02651,2024-10-31,Network outage,37.4,5
T003214,TC-02651,2024-06-20,Plan change,42.1,3
T003215,TC-02653,2024-06-27,Plan change,17.1,3
T003216,TC-02653,2024-07-22,Network outage,10.4,2
T003217,TC-02656,2024-02-18,Network outage,10.9,4
T003218,TC-02657,2024-02-27,Slow speed,20.8,4
T003219,TC-02657,2024-08-03,Device,29.1,5
T003220,TC-02658,2024-04-11,Plan change,4.1,2
T003221,TC-02660,2024-09-29,Network outage,5.0,4
T003222,TC-02660,2024-09-28,Plan change,25.0,3
T003223,TC-02662,2024-06-13,Device,26.9,4
T003224,TC-02662,2024-06-28,Billing,16.8,4
T003225,TC-02663,2024-09-22,Network outage,21.0,1
T003226,TC-02664,2024-09-18,Billing,7.5,5
T003227,TC-02664,2024-01-14,Slow speed,25.1,4
T003228,TC-02664,2024-10-30,Slow speed,40.2,4
T003229,TC-02665,2024-10-14,Billing,9.5,5
T003230,TC-02666,2024-07-08,Slow speed,29.9,4
T003231,TC-02667,2024-10-30,Network outage,21.8,3
T003232,TC-02667,2024-03-24,Slow speed,1.0,4
T003233,TC-02668,2024-02-09,Slow speed,18.2,3
T003234,TC-02669,2024-11-08,Network outage,7.2,5
T003235,TC-02670,2024-10-08,Billing,30.0,4
T003236,TC-02670,2024-11-07,Network outage,1.2,2
T003237,TC-02671,2024-12-08,Plan change,17.2,3
T003238,TC-02671,2024-09-14,Slow speed,33.0,1
T003239,TC-02672,2024-06-15,Slow speed,18.1,3
T003240,TC-02672,2024-11-29,Plan change,4.5,4
T003241,TC-02672,2024-04-10,Plan change,10.3,4
T003242,TC-02673,2024-03-06,Plan change,3.5,3
T003243,TC-02673,2024-05-21,Billing,14.1,3
T003244,TC-02675,2024-09-25,Slow speed,39.1,3
T003245,TC-02676,2024-06-07,Slow speed,3.4,2
T003246,TC-02677,2024-09-05,Slow speed,13.2,2
T003247,TC-02680,2024-02-13,Slow speed,42.1,2
T003248,TC-02680,2024-09-01,Plan change,2.7,2
T003249,TC-02681,2024-05-13,Slow speed,9.2,4
T003250,TC-02681,2024-09-16,Slow speed,21.8,2
T003251,TC-02682,2024-07-10,Slow speed,23.7,5
T003252,TC-02682,2024-10-09,Slow speed,30.9,4
T003253,TC-02683,2024-02-10,Billing,42.1,5
T003254,TC-02683,2024-04-19,Network outage,21.2,2
T003255,TC-02684,2024-11-26,Slow speed,7.4,3
T003256,TC-02684,2024-11-14,Network outage,5.0,3
T003257,TC-02684,2024-08-10,Billing,19.1,5
T003258,TC-02685,2024-07-26,Network outage,34.4,4
T003259,TC-02685,2024-01-11,Slow speed,17.0,3
T003260,TC-02686,2024-04-01,Billing,11.6,5
T003261,TC-02686,2024-08-02,Network outage,18.8,5
T003262,TC-02688,2024-05-05,Slow speed,33.9,4
T003263,TC-02688,2024-03-27,Plan change,20.3,3
T003264,TC-02688,2024-03-06,Slow speed,10.2,3
T003265,TC-02689,2024-08-19,Network outage,31.3,3
T003266,TC-02690,2024-01-29,Billing,1.9,4
T003267,TC-02690,2024-12-20,Network outage,4.2,2
T003268,TC-02690,2024-01-04,Billing,15.0,4
T003269,TC-02692,2024-11-03,Slow speed,1.9,2
T003270,TC-02694,2024-08-06,Slow speed,10.9,2
T003271,TC-02695,2024-05-02,Slow speed,4.9,3
T003272,TC-02695,2024-08-08,Billing,7.6,3
T003273,TC-02698,2024-10-09,Plan change,30.2,2
T003274,TC-02698,2024-01-28,Billing,9.4,1
T003275,TC-02698,2024-06-04,Device,10.7,4
T003276,TC-02699,2024-10-27,Slow speed,1.4,4
T003277,TC-02700,2024-11-18,Plan change,7.9,4
T003278,TC-02701,2024-10-12,Plan change,15.1,2
T003279,TC-02702,2024-02-21,Network outage,36.1,4
T003280,TC-02704,2024-03-27,Network outage,10.7,5
T003281,TC-02704,2024-08-13,Network outage,14.2,2
T003282,TC-02705,2024-08-07,Slow speed,15.8,4
T003283,TC-02707,2024-11-17,Slow speed,2.1,3
T003284,TC-02708,2024-06-17,Network outage,12.1,2
T003285,TC-02708,2024-04-10,Slow speed,26.0,3
T003286,TC-02708,2024-05-03,Network outage,24.3,5
T003287,TC-02708,2024-05-24,Network outage,11.9,3
T003288,TC-02709,2024-12-19,Network outage,5.8,3
T003289,TC-02709,2024-06-25,Plan change,11.2,2
T003290,TC-02710,2024-11-16,Device,30.1,3
T003291,TC-02711,2024-04-17,Network outage,25.5,3
T003292,TC-02711,2024-07-03,Slow speed,22.2,4
T003293,TC-02714,2024-01-11,Plan change,8.4,2
T003294,TC-02715,2024-06-23,Billing,29.3,5
T003295,TC-02716,2024-05-03,Billing,14.5,5
T003296,TC-02716,2024-02-22,Billing,26.0,3
T003297,TC-02716,2024-03-05,Billing,18.0,4
T003298,TC-02716,2024-11-20,Plan change,28.9,3
T003299,TC-02718,2024-02-02,Network outage,40.7,3
T003300,TC-02719,2024-07-04,Network outage,40.6,5
T003301,TC-02719,2024-02-20,Slow speed,21.9,5
T003302,TC-02719,2024-10-10,Plan change,1.9,2
T003303,TC-02722,2024-04-01,Billing,9.0,5
T003304,TC-02722,2024-01-07,Plan change,24.3,4
T003305,TC-02723,2024-01-17,Slow speed,6.5,5
T003306,TC-02723,2024-01-23,Slow speed,25.6,3
T003307,TC-02725,2024-03-19,Device,32.0,2
T003308,TC-02725,2024-03-31,Plan change,21.3,2
T003309,TC-02727,2024-03-29,Billing,26.6,4
T003310,TC-02729,2024-03-24,Billing,0.2,3
T003311,TC-02729,2024-08-09,Plan change,4.3,2
T003312,TC-02729,2024-05-15,Billing,11.1,1
T003313,TC-02730,2024-10-02,Billing,7.5,2
T003314,TC-02731,2024-08-26,Network outage,11.6,2
T003315,TC-02736,2024-05-11,Plan change,14.6,5
T003316,TC-02736,2024-09-18,Slow speed,25.0,1
T003317,TC-02736,2024-11-15,Slow speed,14.0,5
T003318,TC-02738,2024-04-08,Device,21.4,5
T003319,TC-02738,2024-01-20,Slow speed,11.5,4
T003320,TC-02739,2024-11-09,Billing,10.8,3
T003321,TC-02741,2024-05-14,Billing,24.9,4
T003322,TC-02742,2024-03-23,Slow speed,4.1,2
T003323,TC-02742,2024-06-19,Slow speed,7.0,2
T003324,TC-02742,2024-03-20,Billing,17.6,3
T003325,TC-02743,2024-11-15,Billing,4.8,1
T003326,TC-02743,2024-11-25,Plan change,26.6,1
T003327,TC-02744,2024-12-18,Network outage,27.2,5
T003328,TC-02744,2024-04-22,Network outage,25.6,5
T003329,TC-02744,2024-01-17,Billing,26.6,3
T003330,TC-02745,2024-12-14,Billing,2.4,4
T003331,TC-02745,2024-06-22,Billing,17.9,5
T003332,TC-02746,2024-12-09,Billing,14.4,5
T003333,TC-02748,2024-05-19,Billing,22.3,4
T003334,TC-02749,2024-04-18,Network outage,25.6,3
T003335,TC-02750,2024-01-17,Network outage,23.0,3
T003336,TC-02752,2024-03-25,Network outage,17.1,1
T003337,TC-02752,2024-02-22,Slow speed,21.2,2
T003338,TC-02752,2024-02-06,Plan change,20.7,3
T003339,TC-02753,2024-08-30,Slow speed,1.5,4
T003340,TC-02753,2024-01-12,Plan change,10.3,3
T003341,TC-02753,2024-06-17,Device,15.5,4
T003342,TC-02753,2024-05-06,Billing,19.1,3
T003343,TC-02757,2024-09-11,Billing,26.7,2
T003344,TC-02757,2024-01-11,Device,63.7,4
T003345,TC-02759,2024-05-26,Network outage,8.8,4
T003346,TC-02759,2024-10-19,Plan change,17.0,5
T003347,TC-02759,2024-04-20,Network outage,20.6,3
T003348,TC-02759,2024-10-25,Slow speed,11.6,4
T003349,TC-02760,2024-04-13,Device,16.0,4
T003350,TC-02762,2024-08-26,Network outage,10.5,2
T003351,TC-02762,2024-10-23,Slow speed,15.2,3
T003352,TC-02763,2024-04-11,Billing,28.0,1
T003353,TC-02763,2024-05-02,Billing,15.4,5
T003354,TC-02763,2024-11-08,Slow speed,10.6,3
T003355,TC-02763,2024-02-14,Network outage,7.2,4
T003356,TC-02763,2024-04-30,Billing,9.3,4
T003357,TC-02763,2024-01-27,Plan change,49.2,5
T003358,TC-02763,2024-11-07,Network outage,9.0,2
T003359,TC-02764,2024-03-31,Billing,44.9,4
T003360,TC-02765,2024-03-22,Slow speed,32.3,3
T003361,TC-02766,2024-04-27,Billing,4.8,3
T003362,TC-02766,2024-05-12,Network outage,52.4,2
T003363,TC-02768,2024-06-07,Billing,21.1,2
T003364,TC-02769,2024-05-18,Billing,19.5,4
T003365,TC-02769,2024-01-26,Plan change,18.2,4
T003366,TC-02771,2024-11-09,Billing,16.4,2
T003367,TC-02773,2024-11-16,Billing,47.9,1
T003368,TC-02774,2024-11-29,Network outage,16.6,3
T003369,TC-02776,2024-12-09,Device,13.8,5
T003370,TC-02779,2024-02-13,Network outage,26.9,3
T003371,TC-02780,2024-07-08,Device,21.2,3
T003372,TC-02780,2024-12-19,Slow speed,25.6,2
T003373,TC-02781,2024-12-25,Slow speed,9.4,4
T003374,TC-02782,2024-08-06,Billing,20.7,3
T003375,TC-02782,2024-12-16,Plan change,3.9,4
T003376,TC-02784,2024-05-26,Device,64.0,5
T003377,TC-02784,2024-02-20,Billing,21.1,3
T003378,TC-02784,2024-08-03,Slow speed,6.3,3
T003379,TC-02784,2024-09-10,Slow speed,23.5,3
T003380,TC-02785,2024-04-23,Plan change,23.3,3
T003381,TC-02785,2024-06-07,Plan change,21.4,4
T003382,TC-02786,2024-07-25,Plan change,13.0,1
T003383,TC-02786,2024-12-11,Device,12.0,4
T003384,TC-02786,2024-07-26,Network outage,46.1,2
T003385,TC-02786,2024-06-01,Plan change,21.1,2
T003386,TC-02787,2024-08-19,Slow speed,12.0,3
T003387,TC-02789,2024-02-16,Device,10.5,2
T003388,TC-02790,2024-10-24,Plan change,42.8,5
T003389,TC-02790,2024-10-02,Slow speed,9.9,4
T003390,TC-02791,2024-03-12,Slow speed,9.7,2
T003391,TC-02791,2024-05-05,Network outage,9.2,3
T003392,TC-02791,2024-11-07,Network outage,27.0,4
T003393,TC-02792,2024-01-01,Billing,12.2,3
T003394,TC-02794,2024-03-04,Network outage,18.5,3
T003395,TC-02794,2024-02-08,Slow speed,18.9,3
T003396,TC-02795,2024-04-18,Slow speed,9.8,4
T003397,TC-02795,2024-10-01,Plan change,12.5,3
T003398,TC-02796,2024-09-27,Network outage,36.8,5
T003399,TC-02797,2024-02-17,Plan change,12.0,4
T003400,TC-02799,2024-06-03,Network outage,16.9,2
T003401,TC-02799,2024-09-04,Network outage,19.9,5
T003402,TC-02799,2024-10-21,Network outage,2.7,4
T003403,TC-02799,2024-06-15,Slow speed,12.2,1
T003404,TC-02801,2024-05-20,Billing,7.1,4
T003405,TC-02801,2024-07-21,Slow speed,27.1,4
T003406,TC-02802,2024-01-26,Device,11.5,2
T003407,TC-02802,2024-06-12,Billing,27.3,3
T003408,TC-02805,2024-06-26,Device,14.1,4
T003409,TC-02805,2024-07-24,Network outage,4.1,2
T003410,TC-02805,2024-08-31,Device,48.9,1
T003411,TC-02807,2024-10-10,Billing,26.6,1
T003412,TC-02807,2024-10-21,Device,4.5,2
T003413,TC-02807,2024-05-28,Billing,5.7,5
T003414,TC-02807,2024-09-13,Device,3.6,4
T003415,TC-02808,2024-08-05,Slow speed,25.0,4
T003416,TC-02808,2024-04-04,Slow speed,14.8,4
T003417,TC-02809,2024-03-06,Device,24.5,4
T003418,TC-02810,2024-04-23,Network outage,11.3,1
T003419,TC-02810,2024-10-10,Device,14.7,3
T003420,TC-02810,2024-02-22,Billing,48.0,2
T003421,TC-02812,2024-10-21,Slow speed,8.1,4
T003422,TC-02813,2024-02-02,Slow speed,16.3,3
T003423,TC-02814,2024-09-20,Network outage,6.4,2
T003424,TC-02815,2024-01-30,Slow speed,19.1,4
T003425,TC-02816,2024-07-30,Billing,28.5,5
T003426,TC-02817,2024-12-24,Plan change,1.6,3
T003427,TC-02818,2024-01-07,Network outage,12.3,1
T003428,TC-02820,2024-12-25,Slow speed,12.8,4
T003429,TC-02821,2024-12-04,Slow speed,8.9,5
T003430,TC-02821,2024-09-25,Billing,3.3,1
T003431,TC-02822,2024-03-26,Plan change,25.7,2
T003432,TC-02823,2024-05-01,Slow speed,27.3,3
T003433,TC-02824,2024-02-13,Plan change,21.7,2
T003434,TC-02824,2024-07-03,Billing,23.7,3
T003435,TC-02824,2024-11-07,Plan change,16.3,5
T003436,TC-02826,2024-04-06,Slow speed,59.2,3
T003437,TC-02826,2024-12-16,Network outage,36.0,3
T003438,TC-02826,2024-10-13,Plan change,24.5,2
T003439,TC-02828,2024-07-04,Billing,8.6,3
T003440,TC-02831,2024-06-22,Slow speed,2.0,3
T003441,TC-02831,2024-09-01,Network outage,15.6,4
T003442,TC-02831,2024-04-24,Billing,7.9,4
T003443,TC-02835,2024-11-18,Plan change,14.3,3
T003444,TC-02835,2024-10-13,Slow speed,6.6,3
T003445,TC-02835,2024-10-17,Network outage,12.4,3
T003446,TC-02836,2024-02-28,Slow speed,31.9,5
T003447,TC-02836,2024-09-03,Plan change,14.0,5
T003448,TC-02837,2024-08-18,Billing,1.7,4
T003449,TC-02839,2024-11-30,Network outage,16.3,2
T003450,TC-02839,2024-12-16,Billing,24.4,3
T003451,TC-02839,2024-09-02,Slow speed,8.5,2
T003452,TC-02839,2024-07-09,Billing,21.8,2
T003453,TC-02841,2024-01-11,Network outage,22.0,3
T003454,TC-02841,2024-04-03,Slow speed,35.2,5
T003455,TC-02842,2024-10-04,Network outage,5.3,5
T003456,TC-02843,2024-09-24,Billing,12.4,4
T003457,TC-02844,2024-12-07,Billing,41.3,3
T003458,TC-02845,2024-01-09,Plan change,6.4,3
T003459,TC-02848,2024-12-06,Billing,79.5,4
T003460,TC-02849,2024-06-21,Device,5.7,4
T003461,TC-02849,2024-10-26,Slow speed,9.8,5
T003462,TC-02849,2024-02-03,Plan change,3.5,2
T003463,TC-02849,2024-02-04,Slow speed,4.6,3
T003464,TC-02850,2024-07-01,Network outage,29.0,2
T003465,TC-02851,2024-10-15,Network outage,12.0,3
T003466,TC-02851,2024-07-02,Network outage,18.3,3
T003467,TC-02852,2024-02-22,Slow speed,7.7,4
T003468,TC-02853,2024-10-14,Plan change,20.0,3
T003469,TC-02853,2024-05-31,Plan change,14.7,4
T003470,TC-02854,2024-03-31,Network outage,28.6,3
T003471,TC-02854,2024-11-13,Network outage,14.4,1
T003472,TC-02855,2024-10-01,Network outage,8.7,3
T003473,TC-02856,2024-01-29,Slow speed,84.0,1
T003474,TC-02857,2024-02-03,Billing,38.5,3
T003475,TC-02857,2024-07-21,Billing,21.1,4
T003476,TC-02857,2024-03-29,Slow speed,4.4,4
T003477,TC-02859,2024-09-13,Slow speed,18.3,4
T003478,TC-02860,2024-11-18,Device,16.0,5
T003479,TC-02861,2024-09-30,Network outage,17.1,3
T003480,TC-02863,2024-01-24,Slow speed,8.1,3
T003481,TC-02864,2024-08-10,Plan change,15.5,2
T003482,TC-02864,2024-03-04,Network outage,3.3,4
T003483,TC-02866,2024-09-20,Slow speed,6.1,4
T003484,TC-02866,2024-12-27,Device,20.5,2
T003485,TC-02866,2024-03-02,Plan change,32.6,4
T003486,TC-02866,2024-11-01,Billing,29.8,2
T003487,TC-02868,2024-03-03,Network outage,14.4,2
T003488,TC-02868,2024-05-19,Device,14.4,1
T003489,TC-02868,2024-11-06,Network outage,7.5,3
T003490,TC-02868,2024-11-05,Billing,59.8,3
T003491,TC-02868,2024-09-06,Slow speed,36.2,5
T003492,TC-02869,2024-12-15,Network outage,24.2,2
T003493,TC-02869,2024-03-02,Device,16.7,4
T003494,TC-02870,2024-11-08,Slow speed,33.1,3
T003495,TC-02870,2024-03-06,Slow speed,21.6,4
T003496,TC-02870,2024-10-30,Network outage,12.5,4
T003497,TC-02871,2024-07-10,Device,14.2,3
T003498,TC-02871,2024-06-06,Device,41.8,1
T003499,TC-02872,2024-04-09,Device,4.3,2
T003500,TC-02873,2024-03-30,Plan change,21.0,1
T003501,TC-02873,2024-12-08,Plan change,14.9,5
T003502,TC-02874,2024-11-13,Billing,3.0,4
T003503,TC-02874,2024-11-10,Plan change,15.3,1
T003504,TC-02875,2024-06-22,Slow speed,22.0,4
T003505,TC-02876,2024-02-25,Plan change,29.9,4
T003506,TC-02876,2024-02-22,Plan change,13.6,4
T003507,TC-02876,2024-01-28,Network outage,13.4,3
T003508,TC-02877,2024-09-21,Device,8.5,4
T003509,TC-02878,2024-09-03,Slow speed,2.9,3
T003510,TC-02879,2024-10-05,Billing,9.7,3
T003511,TC-02879,2024-04-09,Network outage,4.0,5
T003512,TC-02879,2024-11-04,Device,12.0,2
T003513,TC-02885,2024-02-28,Network outage,45.4,3
T003514,TC-02886,2024-03-26,Network outage,70.3,2
T003515,TC-02886,2024-12-11,Billing,32.8,4
T003516,TC-02886,2024-06-21,Plan change,23.7,3
T003517,TC-02887,2024-11-14,Billing,18.3,5
T003518,TC-02887,2024-04-07,Network outage,18.5,5
T003519,TC-02887,2024-08-06,Device,7.2,4
T003520,TC-02893,2024-07-09,Device,49.3,3
T003521,TC-02893,2024-09-22,Network outage,17.5,2
T003522,TC-02893,2024-04-15,Slow speed,19.0,3
T003523,TC-02894,2024-01-25,Device,6.7,5
T003524,TC-02896,2024-06-30,Slow speed,33.9,2
T003525,TC-02897,2024-05-02,Billing,10.8,3
T003526,TC-02897,2024-08-08,Slow speed,13.1,3
T003527,TC-02897,2024-06-17,Plan change,15.7,5
T003528,TC-02898,2024-11-12,Billing,19.9,4
T003529,TC-02898,2024-06-24,Network outage,8.2,4
T003530,TC-02900,2024-09-29,Network outage,13.0,2
T003531,TC-02901,2024-11-09,Network outage,30.3,2
T003532,TC-02901,2024-07-23,Network outage,2.8,3
T003533,TC-02903,2024-12-15,Network outage,3.2,3
T003534,TC-02903,2024-03-30,Slow speed,18.3,1
T003535,TC-02904,2024-06-11,Billing,6.9,2
T003536,TC-02905,2024-08-25,Network outage,12.2,3
T003537,TC-02909,2024-03-14,Network outage,15.6,3
T003538,TC-02909,2024-06-06,Billing,12.9,5
T003539,TC-02909,2024-06-01,Slow speed,6.9,4
T003540,TC-02911,2024-09-11,Plan change,52.1,4
T003541,TC-02913,2024-12-28,Network outage,37.7,5
T003542,TC-02913,2024-01-09,Billing,11.0,5
T003543,TC-02915,2024-01-04,Billing,22.0,2
T003544,TC-02915,2024-08-15,Plan change,18.3,1
T003545,TC-02915,2024-06-27,Slow speed,15.6,3
T003546,TC-02915,2024-02-26,Slow speed,2.7,3
T003547,TC-02915,2024-03-16,Network outage,24.2,2
T003548,TC-02916,2024-12-29,Slow speed,24.6,4
T003549,TC-02917,2024-02-26,Network outage,10.5,2
T003550,TC-02919,2024-05-04,Slow speed,61.9,2
T003551,TC-02919,2024-04-03,Network outage,13.4,4
T003552,TC-02919,2024-02-11,Slow speed,30.8,5
T003553,TC-02921,2024-01-10,Device,35.5,2
T003554,TC-02921,2024-04-22,Plan change,28.4,4
T003555,TC-02921,2024-12-27,Billing,43.7,3
T003556,TC-02922,2024-10-06,Billing,9.6,3
T003557,TC-02923,2024-01-05,Network outage,18.3,4
T003558,TC-02923,2024-04-10,Slow speed,48.0,3
T003559,TC-02924,2024-05-08,Slow speed,24.8,4
T003560,TC-02924,2024-12-14,Billing,9.5,2
T003561,TC-02925,2024-08-29,Network outage,15.9,4
T003562,TC-02925,2024-02-14,Plan change,6.1,3
T003563,TC-02926,2024-08-14,Device,13.3,2
T003564,TC-02926,2024-03-20,Billing,2.6,5
T003565,TC-02927,2024-07-02,Network outage,25.3,2
T003566,TC-02927,2024-06-22,Billing,7.7,4
T003567,TC-02927,2024-06-02,Network outage,22.1,3
T003568,TC-02927,2024-08-03,Slow speed,34.9,3
T003569,TC-02929,2024-03-16,Network outage,0.9,4
T003570,TC-02929,2024-04-22,Slow speed,34.1,1
T003571,TC-02929,2024-01-05,Billing,9.0,1
T003572,TC-02929,2024-06-02,Plan change,7.8,2
T003573,TC-02933,2024-09-20,Network outage,0.3,4
T003574,TC-02935,2024-11-17,Slow speed,19.4,1
T003575,TC-02936,2024-10-05,Billing,11.3,3
T003576,TC-02937,2024-09-18,Slow speed,20.2,4
T003577,TC-02937,2024-10-26,Plan change,1.8,2
T003578,TC-02938,2024-08-08,Network outage,2.2,2
T003579,TC-02938,2024-09-02,Network outage,12.5,5
T003580,TC-02938,2024-03-05,Network outage,10.1,2
T003581,TC-02939,2024-03-08,Network outage,15.7,4
T003582,TC-02941,2024-11-30,Network outage,12.9,5
T003583,TC-02942,2024-01-30,Network outage,9.6,4
T003584,TC-02946,2024-08-20,Device,18.3,3
T003585,TC-02946,2024-05-14,Network outage,15.1,4
T003586,TC-02950,2024-01-31,Network outage,19.4,3
T003587,TC-02951,2024-02-07,Slow speed,41.0,2
T003588,TC-02952,2024-01-29,Network outage,12.9,4
T003589,TC-02955,2024-07-06,Slow speed,12.3,5
T003590,TC-02955,2024-09-22,Slow speed,49.2,3
T003591,TC-02955,2024-10-10,Network outage,12.7,4
T003592,TC-02956,2024-01-26,Plan change,6.1,4
T003593,TC-02957,2024-10-31,Billing,49.8,3
T003594,TC-02958,2024-05-02,Plan change,9.8,3
T003595,TC-02959,2024-04-05,Slow speed,8.9,4
T003596,TC-02959,2024-11-27,Plan change,10.3,5
T003597,TC-02959,2024-01-13,Network outage,32.2,4
T003598,TC-02960,2024-11-15,Billing,4.1,2
T003599,TC-02960,2024-06-04,Network outage,13.9,2
T003600,TC-02961,2024-04-22,Slow speed,18.5,3
T003601,TC-02961,2024-01-19,Billing,14.9,5
T003602,TC-02962,2024-04-13,Slow speed,10.7,2
T003603,TC-02963,2024-11-23,Network outage,4.4,5
T003604,TC-02963,2024-06-27,Plan change,28.7,4
T003605,TC-02964,2024-11-25,Plan change,16.6,4
T003606,TC-02964,2024-05-19,Network outage,55.0,2
T003607,TC-02965,2024-03-24,Network outage,12.0,3
T003608,TC-02966,2024-07-27,Slow speed,42.4,2
T003609,TC-02966,2024-11-24,Billing,20.5,1
T003610,TC-02966,2024-02-23,Billing,36.2,2
T003611,TC-02971,2024-06-04,Slow speed,4.9,4
T003612,TC-02972,2024-07-24,Plan change,3.4,4
T003613,TC-02973,2024-04-25,Slow speed,23.9,4
T003614,TC-02974,2024-01-04,Network outage,15.0,5
T003615,TC-02976,2024-03-16,Network outage,12.6,1
T003616,TC-02976,2024-01-09,Billing,10.4,3
T003617,TC-02977,2024-10-10,Device,4.9,2
T003618,TC-02977,2024-03-28,Slow speed,22.0,5
T003619,TC-02977,2024-08-19,Slow speed,1.9,5
T003620,TC-02978,2024-03-25,Billing,15.0,4
T003621,TC-02978,2024-05-24,Slow speed,13.2,2
T003622,TC-02978,2024-01-24,Network outage,9.3,5
T003623,TC-02979,2024-09-27,Network outage,39.4,3
T003624,TC-02979,2024-09-08,Plan change,28.0,1
T003625,TC-02979,2024-04-12,Network outage,6.2,1
T003626,TC-02980,2024-12-20,Plan change,20.5,4
T003627,TC-02981,2024-04-09,Device,19.0,5
T003628,TC-02983,2024-11-09,Billing,14.2,3
T003629,TC-02984,2024-05-02,Slow speed,13.0,3
T003630,TC-02984,2024-05-08,Network outage,28.3,4
T003631,TC-02985,2024-11-07,Slow speed,15.1,2
T003632,TC-02985,2024-09-06,Network outage,20.4,2
T003633,TC-02985,2024-01-14,Network outage,31.7,2
T003634,TC-02987,2024-08-07,Billing,7.8,2
T003635,TC-02988,2024-10-30,Device,4.2,5
T003636,TC-02989,2024-08-30,Network outage,29.5,4
T003637,TC-02993,2024-06-06,Network outage,14.6,4
T003638,TC-02993,2024-04-28,Billing,19.0,4
T003639,TC-02993,2024-08-10,Slow speed,17.8,4
T003640,TC-02994,2024-08-15,Slow speed,1.6,3
T003641,TC-02995,2024-05-18,Billing,13.5,4
T003642,TC-02997,2024-06-06,Network outage,41.4,3
T003643,TC-02998,2024-10-14,Plan change,18.5,4
T003644,TC-02999,2024-04-06,Slow speed,21.3,4
T003645,TC-03000,2024-01-30,Plan change,17.2,2
T003646,TC-03000,2024-02-25,Slow speed,17.8,4
T003647,TC-03000,2024-07-24,Device,8.8,3
T003648,TC-03000,2024-06-13,Network outage,24.9,5
T003649,TC-03004,2024-01-16,Billing,17.4,4
T003650,TC-03004,2024-12-17,Billing,11.4,3
T003651,TC-03004,2024-12-12,Plan change,13.8,3
T003652,TC-03005,2024-10-26,Plan change,39.1,4
T003653,TC-03006,2024-04-06,Slow speed,9.8,3
T003654,TC-03007,2024-03-30,Plan change,22.4,4
T003655,TC-03007,2024-01-31,Network outage,18.2,4
T003656,TC-03008,2024-01-22,Network outage,14.5,4
T003657,TC-03009,2024-10-03,Billing,17.7,4
T003658,TC-03011,2024-04-01,Plan change,41.4,4
T003659,TC-03011,2024-10-21,Plan change,4.5,3
T003660,TC-03013,2024-12-03,Billing,13.6,3
T003661,TC-03013,2024-09-23,Network outage,34.4,3
T003662,TC-03014,2024-01-27,Billing,43.5,4
T003663,TC-03016,2024-11-29,Billing,31.3,3
T003664,TC-03016,2024-06-10,Network outage,14.0,5
T003665,TC-03017,2024-07-28,Slow speed,31.2,4
T003666,TC-03017,2024-07-03,Plan change,4.7,5
T003667,TC-03020,2024-09-06,Billing,40.0,2
T003668,TC-03020,2024-08-14,Network outage,3.1,2
T003669,TC-03020,2024-11-19,Billing,34.1,3
T003670,TC-03022,2024-09-26,Billing,11.0,2
T003671,TC-03023,2024-11-23,Plan change,7.0,1
T003672,TC-03023,2024-12-14,Slow speed,31.3,3
T003673,TC-03025,2024-12-13,Network outage,16.8,5
T003674,TC-03026,2024-12-13,Network outage,1.4,4
T003675,TC-03026,2024-03-17,Network outage,21.7,2
T003676,TC-03030,2024-03-20,Network outage,5.6,4
T003677,TC-03030,2024-08-28,Billing,12.2,5
T003678,TC-03030,2024-09-19,Slow speed,14.1,4
T003679,TC-03030,2024-09-12,Billing,41.7,5
T003680,TC-03031,2024-03-23,Device,28.7,3
T003681,TC-03031,2024-12-07,Network outage,14.3,2
T003682,TC-03033,2024-08-24,Network outage,9.4,2
T003683,TC-03033,2024-10-31,Plan change,42.7,3
T003684,TC-03033,2024-03-29,Slow speed,32.0,2
T003685,TC-03033,2024-05-15,Network outage,42.3,2
T003686,TC-03033,2024-07-31,Device,3.9,3
T003687,TC-03034,2024-11-10,Billing,19.1,2
T003688,TC-03035,2024-11-17,Billing,21.2,4
T003689,TC-03035,2024-10-18,Network outage,5.3,5
T003690,TC-03035,2024-11-25,Slow speed,58.7,3
T003691,TC-03036,2024-10-04,Plan change,24.6,2
T003692,TC-03036,2024-10-21,Billing,21.0,3
T003693,TC-03037,2024-01-08,Billing,13.2,2
T003694,TC-03037,2024-09-19,Device,9.7,3
T003695,TC-03037,2024-08-11,Billing,19.5,2
T003696,TC-03037,2024-03-23,Slow speed,37.0,4
T003697,TC-03037,2024-03-26,Slow speed,11.2,3
T003698,TC-03044,2024-07-14,Slow speed,4.7,4
T003699,TC-03044,2024-05-02,Billing,36.3,4
T003700,TC-03046,2024-09-12,Billing,22.3,3
T003701,TC-03049,2024-09-17,Network outage,5.5,3
T003702,TC-03054,2024-10-28,Slow speed,38.8,4
T003703,TC-03054,2024-05-28,Slow speed,29.0,1
T003704,TC-03056,2024-08-19,Plan change,36.9,5
T003705,TC-03057,2024-12-24,Slow speed,11.4,4
T003706,TC-03057,2024-02-17,Device,6.7,4
T003707,TC-03057,2024-07-17,Plan change,50.9,3
T003708,TC-03058,2024-05-27,Device,16.1,1
T003709,TC-03059,2024-09-09,Slow speed,21.8,4
T003710,TC-03060,2024-11-16,Slow speed,29.7,3
T003711,TC-03061,2024-01-06,Network outage,24.6,3
T003712,TC-03061,2024-08-10,Device,9.6,1
T003713,TC-03062,2024-06-17,Slow speed,16.4,2
T003714,TC-03067,2024-09-21,Network outage,11.4,3
T003715,TC-03067,2024-08-17,Network outage,10.1,5
T003716,TC-03068,2024-01-12,Slow speed,3.9,4
T003717,TC-03068,2024-07-25,Plan change,16.9,3
T003718,TC-03069,2024-06-12,Plan change,0.2,3
T003719,TC-03069,2024-04-12,Network outage,7.3,4
T003720,TC-03070,2024-08-16,Slow speed,39.0,2
T003721,TC-03070,2024-10-10,Slow speed,5.5,4
T003722,TC-03070,2024-12-22,Device,9.4,3
T003723,TC-03071,2024-11-15,Device,6.6,2
T003724,TC-03073,2024-07-06,Plan change,14.5,4
T003725,TC-03074,2024-10-29,Network outage,20.6,3
T003726,TC-03074,2024-10-30,Plan change,25.0,3
T003727,TC-03075,2024-02-01,Network outage,20.6,2
T003728,TC-03076,2024-04-05,Billing,27.2,5
T003729,TC-03078,2024-09-05,Slow speed,13.3,5
T003730,TC-03078,2024-06-05,Network outage,55.2,3
T003731,TC-03079,2024-11-08,Network outage,27.7,3
T003732,TC-03079,2024-01-30,Billing,6.3,4
T003733,TC-03080,2024-06-06,Plan change,26.6,3
T003734,TC-03080,2024-05-24,Network outage,17.9,5
T003735,TC-03080,2024-03-06,Slow speed,87.2,3
T003736,TC-03081,2024-03-11,Network outage,22.8,5
T003737,TC-03081,2024-12-18,Plan change,8.9,3
T003738,TC-03082,2024-12-02,Slow speed,24.3,3
T003739,TC-03082,2024-09-06,Slow speed,20.6,5
T003740,TC-03084,2024-10-30,Network outage,6.1,1
T003741,TC-03085,2024-08-23,Billing,24.5,3
T003742,TC-03086,2024-06-13,Device,30.3,4
T003743,TC-03086,2024-07-10,Network outage,4.5,2
T003744,TC-03086,2024-04-12,Network outage,30.0,4
T003745,TC-03086,2024-08-07,Device,10.3,4
T003746,TC-03088,2024-05-23,Network outage,33.2,5
T003747,TC-03089,2024-08-03,Slow speed,50.3,4
T003748,TC-03089,2024-12-09,Billing,10.0,3
T003749,TC-03089,2024-11-11,Billing,28.5,3
T003750,TC-03089,2024-09-25,Network outage,4.0,3
T003751,TC-03089,2024-09-06,Slow speed,6.2,3
T003752,TC-03090,2024-01-14,Slow speed,18.0,5
T003753,TC-03092,2024-05-05,Device,8.5,5
T003754,TC-03092,2024-04-20,Network outage,27.8,5
T003755,TC-03094,2024-05-24,Network outage,5.3,3
T003756,TC-03094,2024-08-18,Slow speed,5.9,3
T003757,TC-03094,2024-01-10,Device,23.9,1
T003758,TC-03094,2024-12-23,Billing,11.7,2
T003759,TC-03095,2024-01-17,Billing,28.0,4
T003760,TC-03095,2024-11-12,Slow speed,39.1,3
T003761,TC-03096,2024-08-12,Billing,9.5,4
T003762,TC-03096,2024-04-29,Network outage,34.0,3
T003763,TC-03096,2024-09-15,Plan change,16.4,4
T003764,TC-03098,2024-01-30,Billing,13.8,4
T003765,TC-03098,2024-12-02,Slow speed,27.6,2
T003766,TC-03100,2024-10-10,Network outage,23.6,2
T003767,TC-03100,2024-03-08,Device,41.7,4
T003768,TC-03101,2024-08-21,Slow speed,11.4,5
T003769,TC-03101,2024-07-02,Billing,43.5,5
T003770,TC-03106,2024-02-25,Network outage,20.4,4
T003771,TC-03107,2024-06-22,Network outage,26.1,5
T003772,TC-03107,2024-03-13,Slow speed,21.5,4
T003773,TC-03109,2024-04-05,Billing,12.0,4
T003774,TC-03110,2024-12-22,Slow speed,21.2,5
T003775,TC-03111,2024-07-07,Slow speed,12.3,2
T003776,TC-03112,2024-12-12,Network outage,30.9,3
T003777,TC-03112,2024-12-21,Billing,19.4,2
T003778,TC-03113,2024-06-11,Slow speed,20.4,3
T003779,TC-03114,2024-05-16,Billing,15.9,2
T003780,TC-03116,2024-05-21,Billing,7.8,4
T003781,TC-03117,2024-07-21,Network outage,10.8,4
T003782,TC-03120,2024-02-29,Slow speed,51.5,3
T003783,TC-03120,2024-06-10,Network outage,8.7,4
T003784,TC-03121,2024-08-16,Network outage,25.8,3
T003785,TC-03121,2024-09-30,Slow speed,6.9,3
T003786,TC-03122,2024-05-11,Billing,15.1,4
T003787,TC-03123,2024-02-11,Billing,32.2,4
T003788,TC-03125,2024-04-11,Slow speed,2.2,5
T003789,TC-03125,2024-05-08,Device,11.4,4
T003790,TC-03126,2024-12-18,Plan change,1.2,4
T003791,TC-03126,2024-03-19,Plan change,28.0,5
T003792,TC-03127,2024-01-12,Billing,3.9,3
T003793,TC-03127,2024-06-07,Slow speed,31.5,4
T003794,TC-03127,2024-07-04,Billing,16.3,1
T003795,TC-03128,2024-06-02,Billing,11.3,3
T003796,TC-03129,2024-07-24,Plan change,17.4,2
T003797,TC-03130,2024-12-21,Slow speed,45.0,4
T003798,TC-03134,2024-12-11,Slow speed,13.5,1
T003799,TC-03134,2024-12-19,Device,3.3,2
T003800,TC-03135,2024-08-27,Billing,32.8,4
T003801,TC-03135,2024-12-18,Slow speed,8.1,2
T003802,TC-03136,2024-10-15,Billing,31.9,4
T003803,TC-03138,2024-09-21,Billing,28.5,5
T003804,TC-03139,2024-04-01,Plan change,3.7,2
T003805,TC-03139,2024-01-07,Network outage,16.9,4
T003806,TC-03141,2024-02-08,Billing,19.4,3
T003807,TC-03141,2024-04-07,Slow speed,51.7,4
T003808,TC-03142,2024-11-27,Slow speed,17.8,3
T003809,TC-03142,2024-01-21,Network outage,14.8,4
T003810,TC-03144,2024-05-14,Slow speed,16.7,3
T003811,TC-03144,2024-01-22,Slow speed,64.1,2
T003812,TC-03146,2024-07-04,Slow speed,14.9,4
T003813,TC-03146,2024-12-24,Device,10.0,4
T003814,TC-03147,2024-04-05,Slow speed,37.5,4
T003815,TC-03147,2024-10-05,Network outage,5.6,5
T003816,TC-03148,2024-11-22,Billing,17.7,4
T003817,TC-03148,2024-04-17,Slow speed,12.2,4
T003818,TC-03148,2024-07-03,Network outage,9.2,3
T003819,TC-03149,2024-08-12,Network outage,12.3,2
T003820,TC-03149,2024-11-27,Billing,5.3,5
T003821,TC-03155,2024-11-25,Network outage,20.3,4
T003822,TC-03159,2024-03-13,Billing,29.5,4
T003823,TC-03159,2024-05-15,Billing,52.3,2
T003824,TC-03159,2024-10-26,Slow speed,12.2,2
T003825,TC-03159,2024-04-10,Slow speed,44.3,4
T003826,TC-03160,2024-02-27,Billing,36.0,3
T003827,TC-03160,2024-03-16,Network outage,23.4,4
T003828,TC-03161,2024-02-28,Billing,37.6,4
T003829,TC-03162,2024-08-20,Device,23.8,4
T003830,TC-03162,2024-01-15,Slow speed,22.0,2
T003831,TC-03163,2024-02-02,Device,27.9,2
T003832,TC-03164,2024-01-16,Network outage,12.5,3
T003833,TC-03164,2024-10-06,Billing,36.9,2
T003834,TC-03165,2024-01-13,Billing,21.9,5
T003835,TC-03165,2024-05-05,Billing,13.7,5
T003836,TC-03166,2024-01-08,Plan change,1.0,2
T003837,TC-03170,2024-11-25,Plan change,5.8,2
T003838,TC-03171,2024-05-22,Billing,20.7,4
T003839,TC-03171,2024-06-25,Network outage,18.4,4
T003840,TC-03173,2024-05-11,Network outage,4.7,3
T003841,TC-03174,2024-05-06,Slow speed,13.9,4
T003842,TC-03177,2024-08-23,Billing,1.9,3
T003843,TC-03178,2024-03-25,Slow speed,18.6,4
T003844,TC-03178,2024-06-02,Network outage,6.8,2
T003845,TC-03179,2024-05-28,Plan change,23.3,4
T003846,TC-03179,2024-07-14,Slow speed,29.7,2
T003847,TC-03180,2024-04-26,Slow speed,5.3,3
T003848,TC-03180,2024-07-16,Slow speed,3.2,4
T003849,TC-03181,2024-07-22,Plan change,14.4,3
T003850,TC-03182,2024-05-09,Network outage,4.6,3
T003851,TC-03183,2024-06-30,Network outage,17.9,2
T003852,TC-03183,2024-03-05,Slow speed,20.3,2
T003853,TC-03184,2024-04-18,Network outage,24.0,3
T003854,TC-03186,2024-06-03,Device,6.0,4
T003855,TC-03186,2024-10-13,Slow speed,17.4,3
T003856,TC-03188,2024-12-15,Slow speed,6.7,2
T003857,TC-03190,2024-10-11,Billing,14.0,5
T003858,TC-03193,2024-10-31,Device,36.1,3
T003859,TC-03193,2024-01-12,Billing,26.8,3
T003860,TC-03194,2024-07-16,Network outage,24.1,3
T003861,TC-03194,2024-05-17,Network outage,15.4,2
T003862,TC-03195,2024-04-11,Plan change,18.6,3
T003863,TC-03195,2024-03-26,Network outage,35.4,3
T003864,TC-03196,2024-04-13,Slow speed,27.2,5
T003865,TC-03197,2024-01-20,Plan change,45.9,5
T003866,TC-03198,2024-09-20,Plan change,12.5,4
T003867,TC-03199,2024-05-12,Billing,6.8,4
T003868,TC-03200,2024-10-22,Network outage,27.0,2
T003869,TC-03201,2024-09-16,Billing,17.1,4
T003870,TC-03202,2024-07-30,Network outage,12.0,3
T003871,TC-03203,2024-01-16,Plan change,17.1,4
T003872,TC-03208,2024-03-26,Device,19.5,4
T003873,TC-03208,2024-05-30,Billing,3.8,3
T003874,TC-03210,2024-10-04,Billing,5.9,5
T003875,TC-03210,2024-08-24,Network outage,44.6,5
T003876,TC-03211,2024-12-10,Network outage,14.7,3
T003877,TC-03212,2024-08-14,Device,15.1,5
T003878,TC-03212,2024-08-17,Network outage,9.9,4
T003879,TC-03213,2024-06-29,Network outage,8.5,4
T003880,TC-03213,2024-02-25,Plan change,10.1,4
T003881,TC-03213,2024-09-18,Billing,15.9,2
T003882,TC-03214,2024-07-25,Plan change,26.6,1
T003883,TC-03214,2024-05-29,Slow speed,1.3,4
T003884,TC-03215,2024-06-06,Device,16.2,3
T003885,TC-03215,2024-08-02,Network outage,21.6,3
T003886,TC-03216,2024-10-24,Slow speed,17.4,5
T003887,TC-03218,2024-07-23,Slow speed,3.3,3
T003888,TC-03218,2024-03-03,Billing,23.6,5
T003889,TC-03221,2024-07-23,Billing,6.1,4
T003890,TC-03221,2024-01-28,Network outage,13.1,3
T003891,TC-03222,2024-07-11,Plan change,56.1,2
T003892,TC-03225,2024-07-21,Billing,32.7,3
T003893,TC-03226,2024-02-27,Billing,6.3,2
T003894,TC-03226,2024-08-31,Billing,43.5,5
T003895,TC-03227,2024-04-30,Billing,6.8,5
T003896,TC-03229,2024-01-01,Plan change,25.9,4
T003897,TC-03230,2024-04-21,Device,10.1,5
T003898,TC-03231,2024-10-13,Billing,11.5,2
T003899,TC-03232,2024-01-22,Plan change,3.2,2
T003900,TC-03232,2024-04-22,Slow speed,10.5,1
T003901,TC-03233,2024-01-05,Billing,1.5,4
T003902,TC-03233,2024-07-12,Device,5.1,2
T003903,TC-03233,2024-05-29,Slow speed,30.5,2
T003904,TC-03234,2024-11-29,Plan change,7.7,3
T003905,TC-03236,2024-05-30,Slow speed,17.1,4
T003906,TC-03237,2024-08-24,Billing,2.4,1
T003907,TC-03238,2024-11-16,Billing,14.4,3
T003908,TC-03238,2024-11-09,Network outage,12.6,2
T003909,TC-03239,2024-08-11,Network outage,20.2,2
T003910,TC-03240,2024-10-24,Network outage,2.2,5
T003911,TC-03242,2024-03-12,Billing,16.5,3
T003912,TC-03243,2024-02-07,Device,1.5,3
T003913,TC-03243,2024-10-24,Slow speed,15.6,5
T003914,TC-03243,2024-01-31,Network outage,13.6,3
T003915,TC-03245,2024-10-25,Network outage,16.7,4
T003916,TC-03245,2024-11-08,Billing,42.1,3
T003917,TC-03246,2024-01-15,Network outage,11.7,5
T003918,TC-03246,2024-03-22,Slow speed,3.3,4
T003919,TC-03248,2024-07-28,Slow speed,23.1,2
T003920,TC-03248,2024-10-10,Billing,7.7,4
T003921,TC-03249,2024-05-04,Slow speed,14.6,4
T003922,TC-03249,2024-01-05,Network outage,28.7,2
T003923,TC-03249,2024-03-01,Billing,21.0,4
T003924,TC-03250,2024-02-19,Slow speed,18.9,3
T003925,TC-03252,2024-01-22,Billing,19.0,3
T003926,TC-03253,2024-03-05,Billing,17.7,2
T003927,TC-03254,2024-04-16,Network outage,9.8,4
T003928,TC-03255,2024-09-07,Plan change,29.4,3
T003929,TC-03257,2024-05-10,Billing,17.1,4
T003930,TC-03259,2024-04-10,Billing,15.6,3
T003931,TC-03259,2024-09-02,Slow speed,11.3,3
T003932,TC-03259,2024-09-30,Network outage,13.8,3
T003933,TC-03259,2024-03-29,Billing,19.7,3
T003934,TC-03259,2024-12-24,Slow speed,11.1,3
T003935,TC-03262,2024-09-18,Billing,5.9,4
T003936,TC-03262,2024-01-09,Plan change,10.8,4
T003937,TC-03263,2024-03-28,Device,21.0,2
T003938,TC-03263,2024-11-21,Billing,9.0,1
T003939,TC-03266,2024-06-13,Slow speed,28.4,3
T003940,TC-03267,2024-12-04,Network outage,43.2,4
T003941,TC-03270,2024-02-14,Slow speed,23.3,3
T003942,TC-03271,2024-12-16,Slow speed,8.5,2
T003943,TC-03271,2024-08-23,Billing,30.4,4
T003944,TC-03271,2024-10-02,Billing,17.6,2
T003945,TC-03272,2024-03-31,Billing,0.7,5
T003946,TC-03272,2024-02-07,Billing,7.1,3
T003947,TC-03273,2024-10-30,Billing,2.8,3
T003948,TC-03273,2024-07-02,Billing,47.3,3
T003949,TC-03274,2024-03-29,Slow speed,29.0,5
T003950,TC-03275,2024-04-14,Network outage,28.5,5
T003951,TC-03276,2024-06-12,Slow speed,44.3,3
T003952,TC-03276,2024-02-12,Billing,3.6,5
T003953,TC-03279,2024-09-26,Billing,48.2,2
T003954,TC-03280,2024-04-28,Device,2.7,2
T003955,TC-03281,2024-09-21,Billing,16.7,3
T003956,TC-03282,2024-12-02,Device,13.2,5
T003957,TC-03283,2024-11-23,Billing,2.9,4
T003958,TC-03283,2024-07-29,Billing,13.2,4
T003959,TC-03284,2024-03-27,Slow speed,11.3,3
T003960,TC-03284,2024-02-22,Slow speed,7.7,4
T003961,TC-03286,2024-07-13,Slow speed,20.3,3
T003962,TC-03287,2024-06-19,Network outage,37.0,5
T003963,TC-03289,2024-04-25,Network outage,2.5,2
T003964,TC-03290,2024-08-10,Plan change,24.8,3
T003965,TC-03292,2024-07-30,Plan change,8.4,4
T003966,TC-03292,2024-07-24,Device,15.1,2
T003967,TC-03293,2024-05-12,Network outage,22.3,3
T003968,TC-03293,2024-08-20,Billing,20.8,2
T003969,TC-03293,2024-11-22,Device,13.6,5
T003970,TC-03294,2024-11-21,Billing,32.5,4
T003971,TC-03294,2024-01-20,Device,34.8,4
T003972,TC-03295,2024-10-25,Device,17.7,3
T003973,TC-03296,2024-11-26,Slow speed,22.0,5
T003974,TC-03298,2024-01-15,Slow speed,8.0,2
T003975,TC-03298,2024-10-25,Network outage,18.6,5
T003976,TC-03300,2024-06-19,Network outage,2.5,4
T003977,TC-03302,2024-09-21,Billing,8.6,3
T003978,TC-03302,2024-12-06,Billing,6.8,5
T003979,TC-03302,2024-04-05,Slow speed,10.2,3
T003980,TC-03304,2024-07-20,Network outage,28.9,1
T003981,TC-03304,2024-02-29,Billing,18.7,2
T003982,TC-03306,2024-01-24,Plan change,20.6,2
T003983,TC-03307,2024-12-20,Network outage,24.3,3
T003984,TC-03307,2024-04-01,Billing,18.9,3
T003985,TC-03307,2024-09-08,Network outage,5.3,3
T003986,TC-03308,2024-05-07,Billing,22.4,2
T003987,TC-03308,2024-12-02,Billing,31.9,5
T003988,TC-03309,2024-06-22,Network outage,12.4,5
T003989,TC-03310,2024-10-22,Billing,4.3,4
T003990,TC-03311,2024-04-20,Slow speed,20.3,2
T003991,TC-03311,2024-06-03,Slow speed,33.8,4
T003992,TC-03311,2024-11-28,Billing,16.2,1
T003993,TC-03311,2024-04-01,Plan change,30.4,5
T003994,TC-03313,2024-01-13,Slow speed,6.2,2
T003995,TC-03313,2024-05-06,Network outage,13.3,3
T003996,TC-03314,2024-02-27,Slow speed,7.4,1
T003997,TC-03318,2024-04-20,Billing,15.0,4
T003998,TC-03318,2024-10-23,Network outage,2.6,2
T003999,TC-03318,2024-09-23,Network outage,9.1,3
T004000,TC-03319,2024-06-08,Network outage,35.9,2
T004001,TC-03319,2024-08-20,Slow speed,30.7,3
T004002,TC-03320,2024-03-30,Billing,13.4,2
T004003,TC-03320,2024-01-19,Device,16.0,3
T004004,TC-03322,2024-05-22,Plan change,8.1,4
T004005,TC-03323,2024-01-13,Slow speed,34.9,3
T004006,TC-03323,2024-05-22,Billing,23.1,4
T004007,TC-03323,2024-10-25,Plan change,20.2,4
T004008,TC-03324,2024-02-23,Network outage,43.3,3
T004009,TC-03324,2024-09-10,Billing,15.8,4
T004010,TC-03324,2024-08-11,Billing,0.3,4
T004011,TC-03324,2024-01-01,Billing,12.7,3
T004012,TC-03325,2024-01-25,Plan change,0.6,4
T004013,TC-03326,2024-06-22,Plan change,11.3,4
T004014,TC-03326,2024-04-01,Billing,3.2,4
T004015,TC-03327,2024-02-05,Billing,12.5,3
T004016,TC-03331,2024-07-17,Network outage,11.5,1
T004017,TC-03333,2024-09-29,Billing,7.5,3
T004018,TC-03333,2024-11-15,Network outage,22.9,5
T004019,TC-03333,2024-05-11,Slow speed,11.7,5
T004020,TC-03334,2024-01-26,Billing,27.4,3
T004021,TC-03337,2024-07-29,Billing,6.2,2
T004022,TC-03337,2024-01-28,Slow speed,19.4,3
T004023,TC-03338,2024-09-29,Device,1.8,3
T004024,TC-03339,2024-11-28,Network outage,3.2,3
T004025,TC-03341,2024-05-20,Network outage,30.4,5
T004026,TC-03341,2024-11-19,Billing,13.9,4
T004027,TC-03342,2024-12-06,Plan change,15.0,5
T004028,TC-03342,2024-01-26,Plan change,6.6,3
T004029,TC-03343,2024-07-12,Network outage,4.9,2
T004030,TC-03343,2024-08-29,Network outage,22.1,2
T004031,TC-03344,2024-08-03,Slow speed,13.3,4
T004032,TC-03344,2024-03-06,Slow speed,20.8,2
T004033,TC-03344,2024-11-15,Network outage,13.4,1
T004034,TC-03344,2024-01-11,Network outage,17.2,2
T004035,TC-03344,2024-03-21,Billing,10.5,4
T004036,TC-03345,2024-11-18,Network outage,17.9,4
T004037,TC-03345,2024-03-21,Device,6.3,3
T004038,TC-03345,2024-06-26,Device,6.5,4
T004039,TC-03346,2024-02-04,Plan change,18.6,1
T004040,TC-03346,2024-01-06,Device,28.7,2
T004041,TC-03347,2024-12-28,Plan change,16.1,3
T004042,TC-03348,2024-12-18,Plan change,4.8,4
T004043,TC-03349,2024-01-28,Billing,24.2,5
T004044,TC-03350,2024-04-11,Plan change,17.5,5
T004045,TC-03351,2024-09-12,Slow speed,5.9,2
T004046,TC-03352,2024-01-24,Billing,11.5,4
T004047,TC-03355,2024-07-03,Plan change,15.6,4
T004048,TC-03357,2024-03-14,Billing,14.3,4
T004049,TC-03358,2024-04-23,Slow speed,13.7,3
T004050,TC-03359,2024-02-27,Plan change,18.9,4
T004051,TC-03359,2024-04-07,Plan change,25.3,3
T004052,TC-03360,2024-04-17,Network outage,9.3,4
T004053,TC-03361,2024-03-31,Network outage,12.9,2
T004054,TC-03361,2024-09-20,Billing,29.9,2
T004055,TC-03362,2024-10-07,Device,3.1,4
T004056,TC-03363,2024-11-28,Slow speed,34.5,4
T004057,TC-03366,2024-07-04,Slow speed,5.1,2
T004058,TC-03367,2024-05-19,Billing,13.2,4
T004059,TC-03367,2024-05-16,Network outage,14.5,3
T004060,TC-03368,2024-03-31,Plan change,30.6,3
T004061,TC-03369,2024-09-27,Billing,35.4,4
T004062,TC-03373,2024-07-09,Billing,3.7,3
T004063,TC-03373,2024-10-20,Network outage,33.7,4
T004064,TC-03374,2024-02-05,Device,24.0,3
T004065,TC-03375,2024-02-13,Network outage,24.5,4
T004066,TC-03376,2024-07-31,Billing,16.1,4
T004067,TC-03377,2024-09-14,Device,12.4,3
T004068,TC-03377,2024-10-21,Slow speed,8.3,2
T004069,TC-03377,2024-04-29,Device,6.9,4
T004070,TC-03378,2024-09-09,Network outage,14.7,3
T004071,TC-03378,2024-10-20,Network outage,10.8,5
T004072,TC-03380,2024-03-08,Network outage,37.8,2
T004073,TC-03382,2024-10-20,Network outage,4.9,5
T004074,TC-03382,2024-09-22,Plan change,25.3,5
T004075,TC-03383,2024-04-16,Billing,25.7,2
T004076,TC-03384,2024-08-24,Device,30.1,3
T004077,TC-03385,2024-12-01,Billing,2.3,5
T004078,TC-03386,2024-01-16,Billing,27.2,4
T004079,TC-03387,2024-02-19,Plan change,8.1,5
T004080,TC-03387,2024-02-15,Network outage,29.6,3
T004081,TC-03387,2024-07-08,Network outage,21.7,4
T004082,TC-03388,2024-06-21,Slow speed,8.8,3
T004083,TC-03389,2024-08-23,Billing,21.4,3
T004084,TC-03389,2024-11-15,Plan change,25.9,2
T004085,TC-03390,2024-05-12,Slow speed,25.1,3
T004086,TC-03390,2024-04-29,Slow speed,11.2,4
T004087,TC-03390,2024-05-16,Network outage,29.4,3
T004088,TC-03391,2024-02-05,Billing,7.4,2
T004089,TC-03391,2024-03-15,Device,25.6,4
T004090,TC-03392,2024-04-19,Billing,21.6,4
T004091,TC-03393,2024-08-02,Billing,9.5,2
T004092,TC-03393,2024-09-04,Device,20.3,3
T004093,TC-03395,2024-06-18,Slow speed,30.2,5
T004094,TC-03398,2024-07-06,Device,24.8,3
T004095,TC-03399,2024-08-27,Slow speed,20.0,3
T004096,TC-03399,2024-03-19,Network outage,5.2,5
T004097,TC-03399,2024-10-24,Plan change,24.6,3
T004098,TC-03403,2024-01-22,Plan change,11.9,2
T004099,TC-03403,2024-11-20,Slow speed,38.1,4
T004100,TC-03404,2024-03-28,Network outage,10.4,4
T004101,TC-03404,2024-07-31,Network outage,35.6,2
T004102,TC-03405,2024-10-04,Slow speed,55.3,3
T004103,TC-03405,2024-03-28,Plan change,23.1,3
T004104,TC-03407,2024-10-06,Plan change,11.1,4
T004105,TC-03409,2024-11-18,Network outage,7.3,2
T004106,TC-03411,2024-12-04,Slow speed,3.4,3
T004107,TC-03415,2024-02-19,Billing,22.6,3
T004108,TC-03415,2024-05-23,Network outage,27.4,1
T004109,TC-03419,2024-06-07,Plan change,7.3,1
T004110,TC-03419,2024-05-25,Network outage,52.3,4
T004111,TC-03420,2024-08-06,Billing,32.6,3
T004112,TC-03424,2024-01-24,Network outage,6.0,4
T004113,TC-03424,2024-11-28,Billing,32.4,1
T004114,TC-03425,2024-08-12,Billing,31.3,5
T004115,TC-03428,2024-09-24,Network outage,18.7,4
T004116,TC-03428,2024-03-20,Device,16.8,2
T004117,TC-03437,2024-12-09,Plan change,10.5,4
T004118,TC-03437,2024-05-02,Network outage,24.8,3
T004119,TC-03439,2024-10-09,Slow speed,19.5,3
T004120,TC-03441,2024-04-14,Slow speed,8.2,5
T004121,TC-03442,2024-06-01,Device,21.5,1
T004122,TC-03442,2024-03-20,Billing,8.5,4
T004123,TC-03442,2024-03-11,Network outage,11.7,5
T004124,TC-03443,2024-03-02,Billing,43.1,4
T004125,TC-03444,2024-11-10,Device,5.2,5
T004126,TC-03445,2024-02-01,Network outage,23.3,2
T004127,TC-03445,2024-01-29,Network outage,31.7,1
T004128,TC-03446,2024-02-07,Device,8.3,4
T004129,TC-03446,2024-10-18,Billing,21.2,5
T004130,TC-03447,2024-03-07,Billing,25.7,2
T004131,TC-03448,2024-03-17,Slow speed,15.9,5
T004132,TC-03449,2024-06-09,Network outage,4.7,4
T004133,TC-03451,2024-01-22,Network outage,26.6,2
T004134,TC-03452,2024-05-12,Billing,6.2,3
T004135,TC-03452,2024-10-21,Billing,12.1,2
T004136,TC-03453,2024-03-23,Billing,9.1,2
T004137,TC-03457,2024-06-12,Network outage,2.3,3
T004138,TC-03461,2024-11-13,Slow speed,12.6,5
T004139,TC-03461,2024-08-16,Plan change,8.8,3
T004140,TC-03464,2024-05-20,Billing,21.7,5
T004141,TC-03464,2024-04-26,Slow speed,10.2,3
T004142,TC-03465,2024-01-09,Billing,8.5,3
T004143,TC-03465,2024-12-04,Device,9.9,4
T004144,TC-03465,2024-09-15,Network outage,27.3,3
T004145,TC-03466,2024-09-16,Slow speed,12.4,2
T004146,TC-03467,2024-05-09,Billing,22.1,2
T004147,TC-03467,2024-06-17,Network outage,20.0,4
T004148,TC-03468,2024-12-20,Device,11.6,4
T004149,TC-03469,2024-01-02,Device,26.0,4
T004150,TC-03470,2024-11-19,Billing,34.7,4
T004151,TC-03472,2024-11-14,Slow speed,11.4,4
T004152,TC-03472,2024-09-09,Device,41.0,5
T004153,TC-03472,2024-02-23,Plan change,8.0,5
T004154,TC-03473,2024-05-22,Billing,15.6,5
T004155,TC-03474,2024-06-07,Plan change,21.5,1
T004156,TC-03475,2024-07-12,Slow speed,27.4,1
T004157,TC-03476,2024-06-10,Slow speed,15.4,2
T004158,TC-03476,2024-09-03,Plan change,19.1,4
T004159,TC-03476,2024-12-11,Plan change,10.5,3
T004160,TC-03476,2024-07-31,Plan change,37.9,3
T004161,TC-03477,2024-08-21,Billing,5.9,4
T004162,TC-03478,2024-06-12,Plan change,11.4,1
T004163,TC-03479,2024-12-24,Plan change,29.9,1
T004164,TC-03480,2024-05-07,Slow speed,8.9,3
T004165,TC-03483,2024-08-14,Plan change,13.5,3
T004166,TC-03484,2024-12-19,Slow speed,15.0,5
T004167,TC-03485,2024-03-15,Network outage,10.5,4
T004168,TC-03485,2024-09-09,Plan change,46.0,5
T004169,TC-03487,2024-08-15,Network outage,5.6,2
T004170,TC-03488,2024-01-11,Network outage,8.5,2
T004171,TC-03490,2024-12-10,Device,22.3,3
T004172,TC-03491,2024-08-16,Billing,46.3,4
T004173,TC-03491,2024-08-19,Device,23.2,2
T004174,TC-03494,2024-09-28,Plan change,18.6,3
T004175,TC-03495,2024-05-01,Billing,3.0,3
T004176,TC-03495,2024-09-16,Network outage,38.0,1
T004177,TC-03495,2024-01-22,Network outage,7.8,3
T004178,TC-03496,2024-05-15,Network outage,25.6,5
T004179,TC-03496,2024-07-19,Billing,11.5,4
T004180,TC-03497,2024-01-07,Network outage,15.5,4
T004181,TC-03497,2024-09-23,Plan change,8.0,3
T004182,TC-03497,2024-04-21,Billing,15.5,2
T004183,TC-03499,2024-07-13,Plan change,7.4,5
T004184,TC-03500,2024-01-15,Network outage,9.4,3
T004185,TC-03501,2024-11-14,Plan change,12.8,3
T004186,TC-03502,2024-04-08,Network outage,24.8,2
T004187,TC-03502,2024-12-16,Plan change,11.3,4
T004188,TC-03504,2024-10-19,Slow speed,17.7,3
T004189,TC-03505,2024-11-18,Billing,3.3,2
T004190,TC-03506,2024-06-30,Slow speed,50.0,5
T004191,TC-03508,2024-06-18,Network outage,37.1,1
T004192,TC-03508,2024-06-24,Billing,24.7,3
T004193,TC-03509,2024-09-21,Billing,21.7,3
T004194,TC-03509,2024-09-21,Network outage,12.3,4
T004195,TC-03513,2024-01-03,Device,37.2,3
T004196,TC-03513,2024-03-30,Slow speed,6.6,1
T004197,TC-03514,2024-05-17,Billing,12.0,5
T004198,TC-03516,2024-10-13,Network outage,5.8,3
T004199,TC-03517,2024-03-27,Device,24.7,4
T004200,TC-03517,2024-03-17,Billing,43.5,3
T004201,TC-03517,2024-10-29,Billing,11.8,4
T004202,TC-03518,2024-02-26,Network outage,3.9,3
T004203,TC-03518,2024-04-28,Billing,8.5,1
T004204,TC-03520,2024-10-20,Billing,25.1,2
T004205,TC-03522,2024-08-28,Slow speed,15.1,4
T004206,TC-03523,2024-09-10,Billing,11.4,5
T004207,TC-03524,2024-05-19,Slow speed,31.2,4
T004208,TC-03524,2024-04-26,Device,27.7,2
T004209,TC-03525,2024-02-20,Plan change,35.4,5
T004210,TC-03526,2024-09-22,Network outage,18.1,3
T004211,TC-03527,2024-11-25,Billing,32.9,4
T004212,TC-03527,2024-04-17,Billing,17.1,4
T004213,TC-03529,2024-11-13,Billing,9.1,4
T004214,TC-03532,2024-12-08,Slow speed,9.8,1
T004215,TC-03533,2024-07-17,Network outage,30.9,2
T004216,TC-03534,2024-10-13,Slow speed,35.6,4
T004217,TC-03534,2024-09-06,Plan change,62.6,4
T004218,TC-03534,2024-07-07,Slow speed,14.0,3
T004219,TC-03535,2024-11-24,Billing,6.2,4
T004220,TC-03536,2024-03-14,Network outage,1.3,2
T004221,TC-03537,2024-03-17,Slow speed,36.8,2
T004222,TC-03537,2024-06-06,Network outage,16.3,5
T004223,TC-03539,2024-03-14,Billing,34.1,3
T004224,TC-03540,2024-09-09,Billing,6.7,1
T004225,TC-03540,2024-09-28,Network outage,22.1,2
T004226,TC-03541,2024-12-26,Plan change,5.5,3
T004227,TC-03541,2024-08-04,Network outage,21.1,1
T004228,TC-03543,2024-08-02,Slow speed,12.1,4
T004229,TC-03543,2024-08-11,Billing,16.0,4
T004230,TC-03544,2024-06-28,Billing,19.3,5
T004231,TC-03546,2024-03-25,Billing,38.3,3
T004232,TC-03546,2024-12-19,Network outage,11.0,4
T004233,TC-03546,2024-09-17,Billing,43.9,2
T004234,TC-03546,2024-06-12,Slow speed,13.7,2
T004235,TC-03546,2024-11-12,Billing,29.8,3
T004236,TC-03546,2024-01-30,Billing,31.8,2
T004237,TC-03548,2024-08-29,Billing,35.7,4
T004238,TC-03548,2024-09-04,Network outage,22.0,3
T004239,TC-03548,2024-06-07,Network outage,11.9,4
T004240,TC-03548,2024-06-01,Slow speed,6.0,3
T004241,TC-03548,2024-11-11,Network outage,25.0,4
T004242,TC-03549,2024-11-16,Slow speed,6.2,2
T004243,TC-03549,2024-07-31,Slow speed,19.9,3
T004244,TC-03549,2024-11-03,Network outage,35.1,2
T004245,TC-03551,2024-11-29,Plan change,18.2,3
T004246,TC-03551,2024-01-04,Network outage,39.0,2
T004247,TC-03553,2024-12-19,Plan change,21.1,2
T004248,TC-03553,2024-02-20,Plan change,15.6,3
T004249,TC-03553,2024-04-26,Plan change,11.2,2
T004250,TC-03554,2024-12-07,Billing,13.7,1
T004251,TC-03555,2024-10-16,Plan change,12.1,3
T004252,TC-03556,2024-06-17,Network outage,35.6,4
T004253,TC-03558,2024-01-18,Network outage,11.5,3
T004254,TC-03558,2024-03-22,Billing,9.7,3
T004255,TC-03558,2024-03-28,Plan change,17.3,5
T004256,TC-03558,2024-10-22,Network outage,10.7,3
T004257,TC-03559,2024-10-20,Network outage,6.0,4
T004258,TC-03559,2024-12-26,Slow speed,7.9,3
T004259,TC-03560,2024-01-29,Network outage,21.2,4
T004260,TC-03560,2024-08-25,Slow speed,13.8,5
T004261,TC-03561,2024-08-12,Device,24.8,1
T004262,TC-03561,2024-04-19,Plan change,11.2,4
T004263,TC-03562,2024-01-24,Network outage,8.8,2
T004264,TC-03562,2024-04-15,Billing,25.2,3
T004265,TC-03563,2024-05-07,Slow speed,5.2,3
T004266,TC-03564,2024-06-23,Slow speed,11.9,3
T004267,TC-03564,2024-05-01,Billing,4.6,2
T004268,TC-03564,2024-01-13,Network outage,20.7,3
T004269,TC-03566,2024-06-21,Slow speed,16.9,2
T004270,TC-03566,2024-02-16,Billing,16.4,4
T004271,TC-03568,2024-02-24,Network outage,21.7,1
T004272,TC-03568,2024-10-30,Network outage,5.3,2
T004273,TC-03568,2024-09-13,Network outage,14.5,1
T004274,TC-03570,2024-06-07,Slow speed,51.9,3
T004275,TC-03571,2024-01-27,Billing,18.6,3
T004276,TC-03573,2024-08-30,Network outage,11.8,3
T004277,TC-03574,2024-08-26,Network outage,5.2,3
T004278,TC-03576,2024-06-20,Billing,18.6,1
T004279,TC-03576,2024-09-25,Billing,19.3,5
T004280,TC-03577,2024-02-18,Billing,15.9,3
T004281,TC-03578,2024-07-15,Billing,51.5,4
T004282,TC-03578,2024-04-17,Network outage,27.3,4
T004283,TC-03578,2024-09-22,Plan change,15.0,2
T004284,TC-03579,2024-08-28,Billing,5.0,3
T004285,TC-03580,2024-04-23,Network outage,9.2,5
T004286,TC-03581,2024-09-07,Slow speed,11.1,2
T004287,TC-03581,2024-09-14,Device,7.2,3
T004288,TC-03582,2024-11-02,Network outage,5.5,3
T004289,TC-03582,2024-04-26,Device,41.1,3
T004290,TC-03583,2024-07-31,Slow speed,15.4,1
T004291,TC-03584,2024-02-18,Billing,23.5,4
T004292,TC-03584,2024-11-15,Billing,4.3,3
T004293,TC-03585,2024-02-28,Network outage,14.6,5
T004294,TC-03585,2024-05-03,Slow speed,31.6,4
T004295,TC-03586,2024-02-19,Billing,13.9,2
T004296,TC-03586,2024-05-12,Billing,5.2,4
T004297,TC-03589,2024-09-26,Network outage,11.1,2
T004298,TC-03591,2024-04-07,Plan change,7.1,3
T004299,TC-03593,2024-07-21,Billing,5.9,2
T004300,TC-03595,2024-03-27,Device,18.6,1
T004301,TC-03596,2024-03-10,Slow speed,29.4,2
T004302,TC-03597,2024-05-28,Billing,5.8,4
T004303,TC-03597,2024-03-07,Slow speed,13.8,1
T004304,TC-03597,2024-03-30,Network outage,27.7,2
T004305,TC-03599,2024-05-27,Plan change,22.8,4
T004306,TC-03601,2024-07-29,Slow speed,31.7,4
T004307,TC-03602,2024-07-16,Billing,19.7,2
T004308,TC-03602,2024-06-10,Slow speed,18.7,2
T004309,TC-03603,2024-10-17,Network outage,1.6,4
T004310,TC-03603,2024-03-21,Slow speed,33.1,3
T004311,TC-03603,2024-06-26,Plan change,2.7,5
T004312,TC-03604,2024-11-07,Billing,31.1,2
T004313,TC-03604,2024-07-13,Plan change,17.7,3
T004314,TC-03604,2024-06-01,Slow speed,14.8,3
T004315,TC-03604,2024-10-05,Billing,4.5,4
T004316,TC-03605,2024-05-23,Slow speed,32.7,4
T004317,TC-03605,2024-07-18,Billing,7.7,4
T004318,TC-03605,2024-05-27,Network outage,5.0,5
T004319,TC-03606,2024-08-12,Plan change,24.6,5
T004320,TC-03607,2024-07-28,Device,3.6,2
T004321,TC-03607,2024-11-06,Slow speed,4.5,3
T004322,TC-03608,2024-05-27,Slow speed,5.6,2
T004323,TC-03608,2024-09-28,Billing,21.7,4
T004324,TC-03609,2024-07-05,Plan change,13.8,3
T004325,TC-03609,2024-06-29,Device,7.1,5
T004326,TC-03610,2024-10-16,Billing,14.8,2
T004327,TC-03613,2024-03-24,Billing,25.9,3
T004328,TC-03613,2024-06-13,Network outage,12.6,3
T004329,TC-03613,2024-11-29,Billing,14.7,3
T004330,TC-03614,2024-02-28,Slow speed,15.2,4
T004331,TC-03614,2024-01-17,Slow speed,13.2,1
T004332,TC-03615,2024-06-21,Network outage,25.3,3
T004333,TC-03617,2024-12-08,Slow speed,3.2,5
T004334,TC-03617,2024-09-13,Plan change,10.2,2
T004335,TC-03618,2024-01-04,Plan change,4.3,5
T004336,TC-03619,2024-07-20,Slow speed,49.7,4
T004337,TC-03622,2024-04-15,Network outage,6.7,3
T004338,TC-03622,2024-12-05,Plan change,3.2,4
T004339,TC-03622,2024-07-22,Plan change,4.2,3
T004340,TC-03622,2024-06-27,Slow speed,4.8,5
T004341,TC-03624,2024-03-25,Slow speed,42.5,2
T004342,TC-03626,2024-10-02,Network outage,29.3,2
T004343,TC-03628,2024-03-27,Billing,9.7,1
T004344,TC-03628,2024-03-24,Network outage,35.5,4
T004345,TC-03629,2024-04-03,Billing,8.0,3
T004346,TC-03630,2024-01-31,Slow speed,37.5,3
T004347,TC-03630,2024-11-06,Network outage,6.1,5
T004348,TC-03632,2024-06-10,Network outage,28.0,2
T004349,TC-03632,2024-10-07,Billing,20.8,2
T004350,TC-03632,2024-07-17,Network outage,12.3,1
T004351,TC-03633,2024-12-15,Billing,27.6,4
T004352,TC-03635,2024-07-23,Device,29.1,3
T004353,TC-03635,2024-03-08,Device,20.0,3
T004354,TC-03636,2024-04-06,Network outage,5.6,4
T004355,TC-03637,2024-01-02,Slow speed,39.0,3
T004356,TC-03638,2024-07-11,Plan change,8.8,3
T004357,TC-03638,2024-11-24,Device,9.4,3
T004358,TC-03639,2024-08-12,Plan change,33.5,3
T004359,TC-03639,2024-08-23,Device,27.7,3
T004360,TC-03642,2024-08-25,Network outage,11.7,3
T004361,TC-03643,2024-02-15,Slow speed,14.0,3
T004362,TC-03643,2024-06-14,Plan change,18.6,5
T004363,TC-03643,2024-10-22,Network outage,13.4,4
T004364,TC-03644,2024-05-28,Plan change,3.6,3
T004365,TC-03644,2024-11-18,Billing,35.2,4
T004366,TC-03644,2024-08-28,Plan change,14.7,3
T004367,TC-03645,2024-07-29,Slow speed,11.2,4
T004368,TC-03645,2024-03-07,Plan change,17.2,3
T004369,TC-03646,2024-10-04,Network outage,34.2,4
T004370,TC-03646,2024-06-21,Billing,8.2,3
T004371,TC-03648,2024-05-01,Slow speed,25.6,2
T004372,TC-03648,2024-01-02,Network outage,34.1,5
T004373,TC-03648,2024-12-30,Network outage,15.3,3
T004374,TC-03650,2024-03-05,Device,4.4,2
T004375,TC-03650,2024-02-26,Device,16.5,3
T004376,TC-03652,2024-01-25,Slow speed,5.2,2
T004377,TC-03653,2024-05-26,Slow speed,4.2,3
T004378,TC-03656,2024-05-13,Network outage,35.9,4
T004379,TC-03656,2024-07-21,Slow speed,41.7,5
T004380,TC-03659,2024-08-06,Slow speed,11.0,4
T004381,TC-03659,2024-04-30,Device,8.5,1
T004382,TC-03659,2024-05-12,Device,6.3,5
T004383,TC-03659,2024-11-23,Billing,20.2,3
T004384,TC-03660,2024-09-23,Slow speed,31.3,2
T004385,TC-03661,2024-10-30,Billing,6.3,2
T004386,TC-03661,2024-11-14,Slow speed,7.3,3
T004387,TC-03663,2024-02-27,Device,28.2,4
T004388,TC-03664,2024-11-16,Slow speed,23.6,2
T004389,TC-03665,2024-05-27,Device,9.7,1
T004390,TC-03665,2024-07-11,Billing,52.0,4
T004391,TC-03666,2024-08-29,Slow speed,13.5,2
T004392,TC-03666,2024-06-13,Plan change,23.5,1
T004393,TC-03666,2024-05-31,Billing,14.0,4
T004394,TC-03668,2024-12-04,Billing,5.8,4
T004395,TC-03668,2024-06-28,Slow speed,6.0,3
T004396,TC-03670,2024-06-24,Slow speed,9.9,4
T004397,TC-03672,2024-06-09,Network outage,14.1,1
T004398,TC-03673,2024-01-21,Network outage,2.5,3
T004399,TC-03673,2024-04-20,Plan change,25.2,3
T004400,TC-03674,2024-04-30,Plan change,36.2,3
T004401,TC-03675,2024-10-09,Billing,43.7,5
T004402,TC-03675,2024-10-20,Billing,9.4,4
T004403,TC-03676,2024-08-19,Device,21.7,3
T004404,TC-03676,2024-10-22,Slow speed,19.4,3
T004405,TC-03676,2024-05-19,Plan change,34.1,2
T004406,TC-03677,2024-05-19,Network outage,40.3,3
T004407,TC-03680,2024-05-09,Slow speed,9.1,5
T004408,TC-03680,2024-06-07,Slow speed,11.5,4
T004409,TC-03682,2024-03-04,Device,24.7,3
T004410,TC-03683,2024-08-27,Device,12.2,3
T004411,TC-03683,2024-02-29,Slow speed,3.3,2
T004412,TC-03685,2024-02-18,Network outage,14.8,3
T004413,TC-03686,2024-07-02,Plan change,8.3,2
T004414,TC-03687,2024-01-02,Plan change,21.6,4
T004415,TC-03690,2024-06-03,Plan change,14.2,4
T004416,TC-03690,2024-09-28,Network outage,16.0,2
T004417,TC-03691,2024-03-25,Billing,17.2,5
T004418,TC-03691,2024-01-26,Slow speed,7.9,2
T004419,TC-03692,2024-08-14,Plan change,1.0,2
T004420,TC-03693,2024-03-02,Billing,6.3,2
T004421,TC-03693,2024-02-22,Slow speed,13.8,3
T004422,TC-03693,2024-10-07,Slow speed,11.1,5
T004423,TC-03694,2024-10-02,Billing,12.4,3
T004424,TC-03695,2024-07-17,Plan change,5.8,4
T004425,TC-03695,2024-06-21,Plan change,19.6,3
T004426,TC-03695,2024-10-28,Billing,8.8,1
T004427,TC-03698,2024-08-05,Slow speed,100.0,5
T004428,TC-03698,2024-05-31,Billing,28.5,5
T004429,TC-03699,2024-02-25,Billing,4.2,3
T004430,TC-03699,2024-09-10,Plan change,24.0,3
T004431,TC-03701,2024-03-20,Plan change,15.2,5
T004432,TC-03701,2024-10-11,Device,22.7,3
T004433,TC-03701,2024-10-15,Plan change,18.0,3
T004434,TC-03703,2024-12-04,Slow speed,12.4,3
T004435,TC-03705,2024-01-05,Network outage,30.5,5
T004436,TC-03710,2024-02-12,Billing,10.2,3
T004437,TC-03711,2024-05-07,Plan change,0.8,5
T004438,TC-03711,2024-04-29,Plan change,10.1,3
T004439,TC-03711,2024-07-14,Network outage,10.6,4
T004440,TC-03711,2024-05-21,Network outage,5.5,4
T004441,TC-03713,2024-12-08,Billing,1.2,3
T004442,TC-03714,2024-04-23,Slow speed,15.5,4
T004443,TC-03715,2024-01-21,Slow speed,27.6,4
T004444,TC-03716,2024-10-22,Device,5.0,3
T004445,TC-03717,2024-07-23,Network outage,8.8,4
T004446,TC-03717,2024-02-28,Plan change,18.9,3
T004447,TC-03721,2024-10-21,Slow speed,13.1,3
T004448,TC-03722,2024-11-28,Plan change,18.7,2
T004449,TC-03723,2024-08-07,Billing,29.6,4
T004450,TC-03724,2024-04-18,Plan change,9.7,3
T004451,TC-03724,2024-09-21,Device,35.5,1
T004452,TC-03725,2024-11-09,Network outage,55.8,4
T004453,TC-03725,2024-11-15,Billing,12.8,2
T004454,TC-03726,2024-02-07,Network outage,14.2,4
T004455,TC-03731,2024-06-19,Slow speed,17.4,5
T004456,TC-03732,2024-11-23,Plan change,48.8,4
T004457,TC-03732,2024-05-10,Slow speed,13.7,5
T004458,TC-03732,2024-06-17,Slow speed,5.6,5
T004459,TC-03736,2024-10-10,Device,20.7,5
T004460,TC-03737,2024-01-23,Slow speed,2.3,2
T004461,TC-03737,2024-11-18,Slow speed,13.8,4
T004462,TC-03738,2024-07-30,Plan change,15.2,5
T004463,TC-03741,2024-05-14,Slow speed,18.8,3
T004464,TC-03743,2024-11-04,Slow speed,37.5,4
T004465,TC-03747,2024-01-08,Network outage,6.2,4
T004466,TC-03747,2024-01-16,Slow speed,8.5,3
T004467,TC-03749,2024-01-26,Device,14.5,3
T004468,TC-03750,2024-03-11,Plan change,33.8,3
T004469,TC-03750,2024-11-15,Slow speed,16.7,4
T004470,TC-03752,2024-12-27,Billing,6.7,1
T004471,TC-03754,2024-10-04,Network outage,21.5,4
T004472,TC-03756,2024-02-21,Network outage,24.1,3
T004473,TC-03756,2024-07-14,Billing,75.8,4
T004474,TC-03757,2024-07-02,Billing,38.1,1
T004475,TC-03759,2024-09-19,Billing,15.6,4
T004476,TC-03761,2024-12-12,Slow speed,10.0,4
T004477,TC-03761,2024-12-09,Network outage,9.2,2
T004478,TC-03761,2024-10-02,Billing,6.0,2
T004479,TC-03761,2024-05-19,Slow speed,6.9,3
T004480,TC-03762,2024-01-13,Billing,62.2,4
T004481,TC-03763,2024-03-05,Billing,23.1,5
T004482,TC-03764,2024-11-14,Network outage,18.2,4
T004483,TC-03766,2024-02-13,Plan change,9.4,2
T004484,TC-03766,2024-10-09,Slow speed,11.9,3
T004485,TC-03767,2024-11-18,Billing,9.1,4
T004486,TC-03768,2024-09-27,Network outage,10.4,3
T004487,TC-03769,2024-05-15,Billing,2.2,4
T004488,TC-03773,2024-01-09,Device,11.8,2
T004489,TC-03774,2024-09-09,Billing,6.4,2
T004490,TC-03774,2024-12-02,Plan change,61.8,3
T004491,TC-03776,2024-06-27,Slow speed,16.8,5
T004492,TC-03777,2024-12-02,Slow speed,17.8,4
T004493,TC-03777,2024-03-27,Network outage,5.1,4
T004494,TC-03777,2024-09-24,Device,15.0,4
T004495,TC-03778,2024-12-09,Plan change,14.0,3
T004496,TC-03779,2024-05-16,Slow speed,8.9,4
T004497,TC-03780,2024-06-01,Device,33.3,3
T004498,TC-03781,2024-11-17,Device,14.2,2
T004499,TC-03781,2024-07-16,Plan change,20.9,3
T004500,TC-03782,2024-02-02,Billing,27.8,3
T004501,TC-03783,2024-04-18,Network outage,17.9,2
T004502,TC-03783,2024-02-17,Plan change,12.2,4
T004503,TC-03784,2024-10-15,Slow speed,44.6,4
T004504,TC-03785,2024-01-13,Slow speed,19.9,2
T004505,TC-03785,2024-09-23,Slow speed,12.0,2
T004506,TC-03786,2024-10-05,Device,14.0,3
T004507,TC-03787,2024-11-08,Network outage,44.9,3
T004508,TC-03788,2024-04-21,Network outage,35.7,5
T004509,TC-03788,2024-05-05,Billing,24.1,4
T004510,TC-03792,2024-10-31,Slow speed,4.1,3
T004511,TC-03793,2024-12-05,Billing,1.5,3
T004512,TC-03793,2024-01-14,Billing,15.2,4
T004513,TC-03795,2024-07-27,Network outage,11.2,5
T004514,TC-03795,2024-11-26,Network outage,16.9,3
T004515,TC-03796,2024-08-19,Slow speed,7.7,3
T004516,TC-03796,2024-04-18,Slow speed,21.2,5
T004517,TC-03798,2024-12-23,Network outage,4.4,4
T004518,TC-03799,2024-01-19,Network outage,7.3,2
T004519,TC-03801,2024-04-08,Slow speed,7.2,3
T004520,TC-03803,2024-10-28,Billing,17.6,4
T004521,TC-03805,2024-12-07,Billing,14.2,5
T004522,TC-03806,2024-11-23,Slow speed,18.3,4
T004523,TC-03806,2024-07-02,Billing,11.1,1
T004524,TC-03806,2024-05-04,Slow speed,16.7,2
T004525,TC-03806,2024-03-18,Plan change,33.9,3
T004526,TC-03807,2024-04-13,Plan change,36.0,1
T004527,TC-03810,2024-08-02,Slow speed,38.7,4
T004528,TC-03810,2024-02-08,Network outage,30.3,3
T004529,TC-03811,2024-10-03,Network outage,16.7,3
T004530,TC-03811,2024-10-21,Device,40.3,2
T004531,TC-03811,2024-01-18,Slow speed,38.4,4
T004532,TC-03811,2024-07-28,Billing,15.3,2
T004533,TC-03811,2024-06-03,Slow speed,5.0,5
T004534,TC-03812,2024-08-05,Network outage,19.0,4
T004535,TC-03813,2024-11-03,Network outage,4.5,4
T004536,TC-03813,2024-04-20,Slow speed,19.7,5
T004537,TC-03815,2024-02-11,Network outage,14.7,2
T004538,TC-03816,2024-09-06,Plan change,21.9,3
T004539,TC-03819,2024-11-02,Network outage,10.6,3
T004540,TC-03819,2024-12-25,Network outage,5.1,2
T004541,TC-03820,2024-10-03,Plan change,22.4,4
T004542,TC-03821,2024-10-01,Device,2.0,3
T004543,TC-03821,2024-12-03,Network outage,19.7,4
T004544,TC-03824,2024-09-06,Billing,5.1,4
T004545,TC-03825,2024-07-01,Network outage,18.2,5
T004546,TC-03826,2024-01-08,Slow speed,3.7,3
T004547,TC-03826,2024-10-08,Slow speed,10.9,3
T004548,TC-03826,2024-05-19,Plan change,9.5,3
T004549,TC-03828,2024-01-12,Billing,20.5,3
T004550,TC-03829,2024-12-28,Billing,4.2,4
T004551,TC-03829,2024-08-22,Network outage,19.9,4
T004552,TC-03829,2024-02-27,Billing,13.7,3
T004553,TC-03830,2024-02-20,Billing,20.3,3
T004554,TC-03831,2024-06-03,Network outage,4.9,3
T004555,TC-03831,2024-12-07,Slow speed,18.0,4
T004556,TC-03831,2024-11-05,Billing,22.4,4
T004557,TC-03831,2024-11-24,Plan change,8.7,4
T004558,TC-03831,2024-02-16,Device,6.3,5
T004559,TC-03832,2024-09-29,Slow speed,7.9,4
T004560,TC-03832,2024-08-11,Slow speed,11.7,4
T004561,TC-03834,2024-12-26,Plan change,24.6,2
T004562,TC-03834,2024-04-02,Billing,28.0,3
T004563,TC-03834,2024-03-03,Billing,16.5,4
T004564,TC-03835,2024-06-01,Network outage,17.8,2
T004565,TC-03838,2024-06-17,Network outage,89.5,3
T004566,TC-03838,2024-04-01,Device,21.4,3
T004567,TC-03839,2024-11-02,Plan change,42.4,3
T004568,TC-03840,2024-08-26,Network outage,33.3,4
T004569,TC-03841,2024-02-26,Slow speed,30.7,4
T004570,TC-03841,2024-05-29,Plan change,13.5,3
T004571,TC-03842,2024-05-12,Billing,8.1,5
T004572,TC-03843,2024-11-06,Billing,15.0,2
T004573,TC-03847,2024-09-05,Device,12.1,3
T004574,TC-03848,2024-11-27,Plan change,25.7,3
T004575,TC-03848,2024-01-30,Slow speed,8.0,2
T004576,TC-03849,2024-12-21,Slow speed,11.3,3
T004577,TC-03849,2024-06-08,Network outage,6.5,4
T004578,TC-03849,2024-10-16,Network outage,19.2,2
T004579,TC-03850,2024-02-17,Slow speed,4.4,2
T004580,TC-03850,2024-05-05,Billing,8.0,2
T004581,TC-03850,2024-08-18,Slow speed,13.9,3
T004582,TC-03850,2024-10-31,Slow speed,11.5,5
T004583,TC-03850,2024-11-30,Plan change,11.6,2
T004584,TC-03850,2024-01-03,Slow speed,17.2,3
T004585,TC-03851,2024-05-26,Billing,28.7,2
T004586,TC-03851,2024-01-03,Slow speed,21.1,1
T004587,TC-03851,2024-12-17,Slow speed,14.6,4
T004588,TC-03852,2024-06-28,Billing,43.6,5
T004589,TC-03852,2024-02-01,Billing,17.3,3
T004590,TC-03853,2024-07-30,Network outage,12.8,3
T004591,TC-03855,2024-01-06,Slow speed,17.9,1
T004592,TC-03855,2024-12-17,Slow speed,37.4,3
T004593,TC-03856,2024-10-09,Device,11.1,2
T004594,TC-03856,2024-11-20,Network outage,26.9,4
T004595,TC-03857,2024-11-03,Network outage,7.9,4
T004596,TC-03857,2024-03-15,Billing,20.4,3
T004597,TC-03858,2024-03-14,Plan change,3.9,5
T004598,TC-03859,2024-01-28,Billing,25.2,2
T004599,TC-03859,2024-08-20,Plan change,2.7,2
T004600,TC-03859,2024-08-09,Slow speed,4.4,1
T004601,TC-03860,2024-02-16,Billing,15.6,3
T004602,TC-03861,2024-06-07,Billing,7.1,3
T004603,TC-03863,2024-05-31,Billing,17.6,4
T004604,TC-03864,2024-05-19,Network outage,19.3,5
T004605,TC-03866,2024-11-07,Network outage,13.3,1
T004606,TC-03866,2024-04-19,Slow speed,19.1,3
T004607,TC-03867,2024-01-11,Billing,7.9,2
T004608,TC-03869,2024-10-25,Network outage,12.2,3
T004609,TC-03869,2024-05-22,Billing,8.7,2
T004610,TC-03870,2024-10-05,Network outage,4.8,2
T004611,TC-03873,2024-12-16,Slow speed,17.3,3
T004612,TC-03875,2024-08-29,Plan change,18.1,3
T004613,TC-03877,2024-07-28,Plan change,2.1,2
T004614,TC-03877,2024-05-30,Slow speed,24.2,5
T004615,TC-03877,2024-01-16,Slow speed,8.7,3
T004616,TC-03878,2024-11-29,Billing,11.0,1
T004617,TC-03879,2024-05-27,Billing,12.8,3
T004618,TC-03880,2024-10-18,Network outage,6.9,3
T004619,TC-03880,2024-10-15,Device,16.2,3
T004620,TC-03880,2024-07-05,Plan change,38.8,5
T004621,TC-03881,2024-11-06,Network outage,29.4,5
T004622,TC-03881,2024-10-21,Slow speed,17.5,3
T004623,TC-03882,2024-12-16,Slow speed,28.8,3
T004624,TC-03882,2024-10-16,Plan change,9.2,2
T004625,TC-03884,2024-04-27,Slow speed,15.8,1
T004626,TC-03886,2024-06-16,Plan change,65.2,3
T004627,TC-03886,2024-05-16,Slow speed,41.5,4
T004628,TC-03887,2024-09-10,Billing,22.7,3
T004629,TC-03888,2024-09-18,Network outage,10.6,5
T004630,TC-03888,2024-07-06,Billing,12.5,4
T004631,TC-03889,2024-02-24,Network outage,26.0,4
T004632,TC-03889,2024-05-30,Billing,10.0,3
T004633,TC-03891,2024-01-20,Network outage,10.3,1
T004634,TC-03892,2024-07-05,Slow speed,14.4,5
T004635,TC-03892,2024-07-10,Slow speed,6.5,4
T004636,TC-03893,2024-03-23,Network outage,4.8,2
T004637,TC-03893,2024-05-31,Slow speed,25.1,4
T004638,TC-03894,2024-12-02,Plan change,34.5,3
T004639,TC-03895,2024-08-11,Device,8.6,5
T004640,TC-03895,2024-03-18,Billing,11.0,4
T004641,TC-03897,2024-11-03,Slow speed,8.4,3
T004642,TC-03899,2024-05-21,Device,28.5,2
T004643,TC-03900,2024-05-14,Network outage,3.2,2
T004644,TC-03901,2024-01-29,Slow speed,19.6,4
T004645,TC-03902,2024-09-27,Device,20.1,3
T004646,TC-03902,2024-11-08,Plan change,27.8,5
T004647,TC-03903,2024-12-07,Network outage,8.5,5
T004648,TC-03903,2024-06-10,Network outage,5.0,5
T004649,TC-03903,2024-06-26,Billing,10.9,4
T004650,TC-03903,2024-04-16,Network outage,2.8,4
T004651,TC-03903,2024-02-27,Slow speed,12.5,2
T004652,TC-03904,2024-06-25,Plan change,16.1,4
T004653,TC-03904,2024-05-08,Network outage,37.8,5
T004654,TC-03904,2024-03-13,Network outage,21.1,4
T004655,TC-03905,2024-04-20,Network outage,18.8,3
T004656,TC-03907,2024-01-28,Billing,10.1,4
T004657,TC-03907,2024-09-21,Plan change,3.1,2
T004658,TC-03908,2024-01-07,Network outage,13.9,2
T004659,TC-03908,2024-10-22,Slow speed,36.8,2
T004660,TC-03909,2024-08-10,Device,10.6,4
T004661,TC-03909,2024-05-28,Plan change,3.4,1
T004662,TC-03909,2024-07-26,Slow speed,30.2,1
T004663,TC-03909,2024-01-26,Network outage,10.5,3
T004664,TC-03910,2024-08-08,Billing,33.7,3
T004665,TC-03911,2024-05-14,Plan change,17.5,5
T004666,TC-03911,2024-06-28,Network outage,55.5,4
T004667,TC-03911,2024-06-26,Device,17.5,3
T004668,TC-03913,2024-10-14,Billing,23.6,5
T004669,TC-03915,2024-05-30,Network outage,16.4,3
T004670,TC-03915,2024-01-24,Network outage,7.5,5
T004671,TC-03916,2024-03-26,Billing,7.4,4
T004672,TC-03916,2024-09-10,Billing,44.1,2
T004673,TC-03916,2024-10-29,Network outage,19.7,3
T004674,TC-03917,2024-07-14,Billing,15.4,1
T004675,TC-03918,2024-11-01,Network outage,29.5,3
T004676,TC-03918,2024-08-29,Slow speed,24.6,3
T004677,TC-03919,2024-01-18,Slow speed,14.2,4
T004678,TC-03919,2024-08-23,Network outage,15.4,5
T004679,TC-03920,2024-12-06,Billing,25.6,3
T004680,TC-03920,2024-02-18,Slow speed,11.7,5
T004681,TC-03921,2024-03-08,Network outage,29.9,5
T004682,TC-03923,2024-07-20,Network outage,16.8,4
T004683,TC-03924,2024-12-25,Network outage,25.1,4
T004684,TC-03925,2024-04-17,Billing,24.9,3
T004685,TC-03926,2024-05-17,Network outage,20.0,4
T004686,TC-03927,2024-03-17,Plan change,3.5,5
T004687,TC-03927,2024-07-19,Device,13.6,5
T004688,TC-03929,2024-09-20,Network outage,3.4,4
T004689,TC-03929,2024-02-29,Plan change,17.2,3
T004690,TC-03930,2024-05-29,Slow speed,27.7,3
T004691,TC-03931,2024-08-04,Network outage,19.0,3
T004692,TC-03931,2024-01-08,Network outage,5.8,5
T004693,TC-03931,2024-03-08,Billing,13.3,5
T004694,TC-03931,2024-06-24,Network outage,16.1,4
T004695,TC-03932,2024-02-01,Network outage,17.2,3
T004696,TC-03934,2024-11-16,Billing,36.6,5
T004697,TC-03934,2024-09-05,Plan change,6.8,2
T004698,TC-03935,2024-08-24,Slow speed,13.7,4
T004699,TC-03935,2024-12-17,Network outage,13.7,4
T004700,TC-03935,2024-03-11,Billing,13.1,3
T004701,TC-03936,2024-10-20,Slow speed,13.0,5
T004702,TC-03936,2024-01-26,Network outage,16.8,3
T004703,TC-03936,2024-02-08,Billing,39.4,3
T004704,TC-03937,2024-05-24,Plan change,17.1,2
T004705,TC-03938,2024-10-14,Slow speed,4.0,3
T004706,TC-03940,2024-02-25,Slow speed,39.2,2
T004707,TC-03942,2024-03-08,Slow speed,3.7,5
T004708,TC-03947,2024-09-02,Network outage,9.1,4
T004709,TC-03948,2024-09-02,Billing,31.7,5
T004710,TC-03948,2024-01-12,Slow speed,4.1,2
T004711,TC-03949,2024-12-15,Network outage,3.0,4
T004712,TC-03949,2024-03-14,Billing,10.7,3
T004713,TC-03949,2024-08-15,Network outage,17.8,3
T004714,TC-03951,2024-12-23,Billing,11.4,4
T004715,TC-03951,2024-05-21,Plan change,41.4,4
T004716,TC-03951,2024-11-24,Network outage,10.3,3
T004717,TC-03952,2024-12-15,Network outage,5.3,4
T004718,TC-03953,2024-04-05,Plan change,36.5,3
T004719,TC-03953,2024-01-30,Slow speed,20.8,4
T004720,TC-03953,2024-11-13,Billing,1.2,3
T004721,TC-03953,2024-11-16,Network outage,10.3,3
T004722,TC-03955,2024-08-09,Network outage,37.4,5
T004723,TC-03955,2024-10-17,Billing,8.6,2
T004724,TC-03956,2024-12-24,Slow speed,18.0,3
T004725,TC-03956,2024-06-10,Billing,10.4,3
T004726,TC-03958,2024-07-20,Plan change,27.6,5
T004727,TC-03960,2024-05-10,Plan change,46.5,4
T004728,TC-03961,2024-01-14,Slow speed,14.2,2
T004729,TC-03963,2024-10-24,Slow speed,28.9,3
T004730,TC-03963,2024-01-01,Network outage,6.3,3
T004731,TC-03964,2024-05-28,Network outage,22.8,4
T004732,TC-03964,2024-12-20,Billing,11.9,2
T004733,TC-03965,2024-07-26,Slow speed,9.5,3
T004734,TC-03965,2024-04-23,Slow speed,54.9,3
T004735,TC-03966,2024-11-08,Network outage,42.6,4
T004736,TC-03966,2024-10-10,Billing,11.4,3
T004737,TC-03966,2024-06-04,Slow speed,1.1,4
T004738,TC-03966,2024-02-04,Network outage,16.0,4
T004739,TC-03967,2024-10-21,Slow speed,2.8,5
T004740,TC-03969,2024-08-30,Device,23.7,4
T004741,TC-03969,2024-12-26,Network outage,62.8,3
T004742,TC-03970,2024-09-08,Billing,18.1,4
T004743,TC-03970,2024-08-14,Network outage,11.2,4
T004744,TC-03971,2024-09-29,Slow speed,12.2,3
T004745,TC-03972,2024-01-24,Network outage,10.5,2
T004746,TC-03972,2024-05-27,Slow speed,13.0,3
T004747,TC-03973,2024-05-22,Billing,11.2,4
T004748,TC-03973,2024-04-26,Plan change,48.5,2
T004749,TC-03978,2024-02-03,Billing,22.5,5
T004750,TC-03978,2024-11-21,Device,32.2,3
T004751,TC-03980,2024-10-12,Network outage,16.0,4
T004752,TC-03981,2024-03-16,Slow speed,8.1,2
T004753,TC-03981,2024-08-01,Network outage,34.9,1
T004754,TC-03982,2024-12-27,Billing,6.5,2
T004755,TC-03983,2024-06-03,Slow speed,17.4,3
T004756,TC-03983,2024-01-26,Device,7.1,2
T004757,TC-03984,2024-08-17,Billing,22.7,4
T004758,TC-03984,2024-10-20,Billing,16.2,5
T004759,TC-03986,2024-12-01,Slow speed,18.2,3
T004760,TC-03987,2024-06-19,Slow speed,27.0,4
T004761,TC-03988,2024-12-28,Network outage,44.6,2
T004762,TC-03988,2024-07-31,Plan change,24.0,4
T004763,TC-03989,2024-08-19,Network outage,19.4,2
T004764,TC-03989,2024-06-14,Billing,11.0,5
T004765,TC-03990,2024-09-30,Billing,23.6,3
T004766,TC-03990,2024-11-01,Plan change,12.1,5
T004767,TC-03992,2024-10-20,Billing,14.4,2
T004768,TC-03992,2024-12-18,Network outage,23.4,2
T004769,TC-03992,2024-10-25,Network outage,19.3,3
T004770,TC-03995,2024-04-13,Billing,14.8,4
T004771,TC-03996,2024-06-22,Network outage,6.7,2
T004772,TC-03997,2024-07-05,Device,9.4,2
T004773,TC-03997,2024-04-25,Slow speed,2.6,5
T004774,TC-03997,2024-01-11,Billing,8.1,5
T004775,TC-03997,2024-06-14,Plan change,38.0,4
T004776,TC-03998,2024-11-24,Network outage,4.6,2
T004777,TC-03999,2024-02-25,Plan change,40.7,3
T004778,TC-04000,2024-08-19,Slow speed,8.7,3
T004779,TC-04001,2024-11-20,Slow speed,41.3,4
T004780,TC-04002,2024-09-30,Plan change,1.9,3
T004781,TC-04003,2024-12-23,Plan change,19.8,2
T004782,TC-04003,2024-03-05,Billing,17.6,2
T004783,TC-04005,2024-05-23,Billing,18.0,2
T004784,TC-04006,2024-06-23,Billing,7.8,4
T004785,TC-04006,2024-04-22,Device,0.5,3
T004786,TC-04006,2024-10-23,Device,9.1,3
T004787,TC-04007,2024-09-10,Billing,12.8,3
T004788,TC-04007,2024-01-22,Network outage,17.0,3
T004789,TC-04007,2024-03-13,Device,4.1,2
T004790,TC-04008,2024-03-21,Plan change,27.9,4
T004791,TC-04008,2024-04-20,Billing,29.2,5
T004792,TC-04010,2024-10-13,Billing,7.2,1
T004793,TC-04011,2024-01-26,Billing,15.4,5
T004794,TC-04012,2024-01-30,Slow speed,2.6,2
T004795,TC-04012,2024-09-13,Slow speed,11.0,4
T004796,TC-04014,2024-07-26,Network outage,19.6,5
T004797,TC-04019,2024-06-27,Slow speed,18.4,5
T004798,TC-04020,2024-02-26,Slow speed,43.6,4
T004799,TC-04020,2024-01-13,Slow speed,9.7,3
T004800,TC-04022,2024-06-01,Billing,37.8,5
T004801,TC-04022,2024-01-10,Network outage,24.2,4
T004802,TC-04024,2024-04-20,Device,13.0,3
T004803,TC-04024,2024-10-25,Slow speed,8.8,2
T004804,TC-04027,2024-05-23,Device,26.4,5
T004805,TC-04027,2024-08-15,Network outage,16.2,5
T004806,TC-04028,2024-09-09,Network outage,49.1,2
T004807,TC-04028,2024-04-09,Plan change,18.8,3
T004808,TC-04029,2024-02-16,Slow speed,3.6,2
T004809,TC-04030,2024-03-11,Device,35.0,4
T004810,TC-04030,2024-07-25,Plan change,15.4,3
T004811,TC-04031,2024-09-01,Device,12.0,4
T004812,TC-04032,2024-10-24,Slow speed,7.2,2
T004813,TC-04033,2024-12-07,Device,12.0,4
T004814,TC-04033,2024-12-07,Slow speed,7.5,3
T004815,TC-04034,2024-07-29,Network outage,38.7,4
T004816,TC-04034,2024-05-01,Slow speed,7.9,1
T004817,TC-04035,2024-11-30,Billing,4.0,3
T004818,TC-04036,2024-09-18,Billing,27.2,3
T004819,TC-04036,2024-02-18,Plan change,12.9,2
T004820,TC-04038,2024-06-16,Plan change,3.9,4
T004821,TC-04038,2024-03-27,Billing,8.4,4
T004822,TC-04038,2024-02-03,Billing,33.0,5
T004823,TC-04038,2024-07-26,Plan change,9.8,3
T004824,TC-04039,2024-04-20,Billing,19.1,5
T004825,TC-04039,2024-05-23,Device,25.4,4
T004826,TC-04040,2024-05-10,Billing,8.9,3
T004827,TC-04041,2024-01-14,Network outage,11.9,4
T004828,TC-04042,2024-02-07,Slow speed,6.8,5
T004829,TC-04043,2024-09-18,Slow speed,13.7,5
T004830,TC-04043,2024-03-23,Billing,3.0,4
T004831,TC-04045,2024-07-08,Network outage,3.3,4
T004832,TC-04045,2024-05-23,Billing,6.1,3
T004833,TC-04046,2024-08-11,Device,2.4,3
T004834,TC-04046,2024-06-18,Network outage,13.8,3
T004835,TC-04046,2024-01-02,Slow speed,25.6,3
T004836,TC-04046,2024-06-26,Slow speed,21.1,4
T004837,TC-04049,2024-12-28,Network outage,6.0,2
T004838,TC-04051,2024-11-01,Network outage,32.2,4
T004839,TC-04056,2024-08-25,Slow speed,26.5,4
T004840,TC-04056,2024-08-12,Network outage,6.7,4
T004841,TC-04058,2024-05-31,Plan change,21.7,3
T004842,TC-04059,2024-08-02,Billing,3.9,3
T004843,TC-04060,2024-11-06,Device,27.0,3
T004844,TC-04060,2024-07-02,Slow speed,18.0,4
T004845,TC-04061,2024-03-16,Slow speed,14.1,4
T004846,TC-04061,2024-10-01,Network outage,39.1,2
T004847,TC-04061,2024-12-15,Slow speed,7.9,2
T004848,TC-04062,2024-08-27,Slow speed,4.8,2
T004849,TC-04063,2024-03-31,Plan change,7.2,1
T004850,TC-04064,2024-02-15,Network outage,15.7,2
T004851,TC-04064,2024-08-30,Slow speed,8.1,2
T004852,TC-04065,2024-10-25,Plan change,18.3,4
T004853,TC-04066,2024-04-06,Billing,8.4,3
T004854,TC-04066,2024-05-04,Plan change,7.6,2
T004855,TC-04067,2024-03-03,Network outage,6.1,5
T004856,TC-04068,2024-06-13,Device,10.5,2
T004857,TC-04068,2024-09-04,Network outage,6.1,3
T004858,TC-04071,2024-10-05,Billing,12.4,4
T004859,TC-04071,2024-02-02,Slow speed,13.0,4
T004860,TC-04072,2024-04-08,Network outage,5.2,3
T004861,TC-04072,2024-06-20,Network outage,11.7,1
T004862,TC-04072,2024-07-20,Device,33.5,2
T004863,TC-04073,2024-01-31,Network outage,24.0,3
T004864,TC-04073,2024-11-24,Billing,5.8,4
T004865,TC-04075,2024-12-26,Billing,9.5,4
T004866,TC-04077,2024-11-11,Device,7.7,4
T004867,TC-04077,2024-07-12,Slow speed,12.9,1
T004868,TC-04077,2024-09-16,Slow speed,23.3,3
T004869,TC-04078,2024-04-08,Network outage,26.4,4
T004870,TC-04081,2024-11-13,Device,21.0,5
T004871,TC-04082,2024-05-08,Plan change,4.5,2
T004872,TC-04083,2024-03-24,Slow speed,25.6,4
T004873,TC-04083,2024-05-05,Network outage,24.7,4
T004874,TC-04084,2024-07-13,Plan change,15.0,5
T004875,TC-04084,2024-06-14,Network outage,19.5,3
T004876,TC-04085,2024-02-19,Billing,24.1,4
T004877,TC-04085,2024-03-07,Network outage,16.0,4
T004878,TC-04086,2024-11-14,Slow speed,13.7,4
T004879,TC-04086,2024-12-25,Network outage,3.7,3
T004880,TC-04087,2024-02-12,Plan change,27.3,3
T004881,TC-04087,2024-02-14,Billing,29.2,3
T004882,TC-04088,2024-03-28,Network outage,4.6,2
T004883,TC-04089,2024-12-17,Plan change,9.8,4
T004884,TC-04091,2024-09-18,Plan change,14.0,5
T004885,TC-04092,2024-10-01,Network outage,52.4,3
T004886,TC-04094,2024-05-01,Device,30.4,2
T004887,TC-04094,2024-11-16,Billing,9.7,1
T004888,TC-04094,2024-11-24,Network outage,9.3,5
T004889,TC-04095,2024-08-03,Device,31.3,3
T004890,TC-04095,2024-08-14,Network outage,23.3,3
T004891,TC-04096,2024-05-24,Slow speed,16.8,3
T004892,TC-04098,2024-10-25,Network outage,59.3,4
T004893,TC-04098,2024-11-30,Plan change,63.1,4
T004894,TC-04099,2024-01-23,Network outage,26.1,4
T004895,TC-04099,2024-03-22,Slow speed,35.6,4
T004896,TC-04100,2024-06-18,Slow speed,5.4,5
T004897,TC-04101,2024-08-04,Plan change,25.4,5
T004898,TC-04102,2024-04-12,Slow speed,8.2,3
T004899,TC-04103,2024-10-29,Plan change,11.9,1
T004900,TC-04103,2024-02-11,Billing,48.5,4
T004901,TC-04105,2024-10-14,Slow speed,13.4,4
T004902,TC-04105,2024-10-28,Billing,1.3,3
T004903,TC-04106,2024-10-17,Slow speed,29.4,3
T004904,TC-04106,2024-03-04,Network outage,21.5,2
T004905,TC-04107,2024-06-22,Slow speed,22.6,3
T004906,TC-04107,2024-04-30,Network outage,10.0,4
T004907,TC-04108,2024-08-28,Slow speed,9.1,2
T004908,TC-04108,2024-06-07,Network outage,34.5,3
T004909,TC-04108,2024-06-23,Slow speed,16.8,3
T004910,TC-04108,2024-03-30,Device,21.3,1
T004911,TC-04109,2024-08-06,Network outage,12.9,4
T004912,TC-04112,2024-05-07,Billing,30.1,5
T004913,TC-04112,2024-10-16,Billing,12.4,3
T004914,TC-04113,2024-09-26,Network outage,13.1,4
T004915,TC-04113,2024-02-16,Network outage,34.5,2
T004916,TC-04114,2024-06-18,Billing,30.2,2
T004917,TC-04114,2024-10-23,Slow speed,2.5,4
T004918,TC-04115,2024-12-11,Slow speed,22.2,5
T004919,TC-04117,2024-12-15,Plan change,19.5,4
T004920,TC-04120,2024-02-19,Device,61.0,3
T004921,TC-04120,2024-04-26,Billing,25.1,1
T004922,TC-04123,2024-01-11,Plan change,15.1,1
T004923,TC-04123,2024-03-23,Slow speed,41.4,2
T004924,TC-04123,2024-03-29,Network outage,7.6,4
T004925,TC-04124,2024-09-29,Device,20.4,3
T004926,TC-04125,2024-06-29,Billing,21.4,3
T004927,TC-04125,2024-01-27,Network outage,15.5,2
T004928,TC-04126,2024-02-28,Network outage,28.1,3
T004929,TC-04128,2024-04-23,Network outage,10.8,3
T004930,TC-04129,2024-07-06,Billing,20.5,3
T004931,TC-04131,2024-11-28,Billing,7.7,2
T004932,TC-04132,2024-05-11,Slow speed,19.8,2
T004933,TC-04134,2024-02-06,Billing,9.8,5
T004934,TC-04136,2024-02-20,Slow speed,24.2,2
T004935,TC-04137,2024-05-11,Device,72.5,3
T004936,TC-04137,2024-04-17,Device,12.2,3
T004937,TC-04138,2024-05-06,Slow speed,7.7,4
T004938,TC-04138,2024-11-21,Slow speed,1.0,3
T004939,TC-04138,2024-01-19,Plan change,9.1,3
T004940,TC-04139,2024-02-13,Slow speed,4.5,3
T004941,TC-04139,2024-12-26,Billing,14.4,4
T004942,TC-04140,2024-03-20,Billing,25.0,4
T004943,TC-04141,2024-12-03,Billing,2.5,2
T004944,TC-04141,2024-01-27,Billing,4.5,5
T004945,TC-04141,2024-04-17,Device,13.7,3
T004946,TC-04142,2024-07-18,Device,48.0,3
T004947,TC-04142,2024-08-27,Plan change,26.3,2
T004948,TC-04146,2024-11-30,Plan change,15.7,3
T004949,TC-04146,2024-01-10,Network outage,13.0,4
T004950,TC-04146,2024-11-07,Network outage,22.5,4
T004951,TC-04147,2024-09-22,Slow speed,40.9,3
T004952,TC-04148,2024-12-03,Slow speed,26.8,4
T004953,TC-04148,2024-06-21,Billing,15.3,4
T004954,TC-04149,2024-05-31,Slow speed,59.4,3
T004955,TC-04149,2024-11-21,Slow speed,36.0,2
T004956,TC-04151,2024-08-24,Slow speed,5.6,5
T004957,TC-04152,2024-06-11,Billing,5.3,3
T004958,TC-04152,2024-05-05,Network outage,1.6,4
T004959,TC-04153,2024-09-03,Plan change,15.2,3
T004960,TC-04154,2024-08-05,Slow speed,35.2,3
T004961,TC-04154,2024-01-29,Device,12.2,4
T004962,TC-04154,2024-11-28,Network outage,26.5,4
T004963,TC-04156,2024-05-10,Billing,39.8,4
T004964,TC-04156,2024-11-11,Billing,4.1,5
T004965,TC-04157,2024-08-24,Billing,37.9,3
T004966,TC-04157,2024-11-20,Billing,4.9,1
T004967,TC-04157,2024-01-08,Plan change,15.6,1
T004968,TC-04157,2024-08-06,Billing,23.4,3
T004969,TC-04159,2024-10-25,Slow speed,21.3,2
T004970,TC-04160,2024-10-06,Network outage,21.2,3
T004971,TC-04160,2024-10-03,Network outage,13.8,3
T004972,TC-04161,2024-11-16,Slow speed,7.4,3
T004973,TC-04161,2024-11-16,Slow speed,5.4,1
T004974,TC-04163,2024-01-30,Billing,13.6,5
T004975,TC-04163,2024-08-05,Network outage,19.5,2
T004976,TC-04163,2024-08-12,Slow speed,6.0,5
T004977,TC-04166,2024-06-16,Slow speed,13.0,2
T004978,TC-04166,2024-11-20,Network outage,8.8,3
T004979,TC-04168,2024-01-04,Slow speed,6.2,2
T004980,TC-04168,2024-07-18,Device,20.0,3
T004981,TC-04168,2024-04-28,Device,2.4,5
T004982,TC-04170,2024-02-23,Slow speed,10.3,5
T004983,TC-04171,2024-07-12,Network outage,16.0,4
T004984,TC-04171,2024-02-26,Slow speed,21.0,3
T004985,TC-04172,2024-03-09,Slow speed,46.4,5
T004986,TC-04173,2024-08-04,Slow speed,3.0,3
T004987,TC-04173,2024-05-30,Slow speed,7.0,4
T004988,TC-04176,2024-02-11,Billing,36.2,3
T004989,TC-04180,2024-01-05,Network outage,11.1,3
T004990,TC-04181,2024-07-16,Network outage,17.5,4
T004991,TC-04182,2024-11-28,Device,33.9,4
T004992,TC-04182,2024-05-02,Network outage,8.4,3
T004993,TC-04182,2024-03-10,Slow speed,16.9,5
T004994,TC-04183,2024-08-13,Billing,22.2,3
T004995,TC-04183,2024-04-27,Network outage,14.2,3
T004996,TC-04183,2024-05-17,Network outage,31.1,1
T004997,TC-04184,2024-11-17,Billing,33.4,2
T004998,TC-04185,2024-08-03,Network outage,14.0,3
T004999,TC-04188,2024-09-28,Slow speed,6.2,4
T005000,TC-04191,2024-10-29,Slow speed,19.5,3
T005001,TC-04191,2024-06-17,Slow speed,30.7,5
T005002,TC-04192,2024-09-04,Device,8.1,3
T005003,TC-04194,2024-04-30,Slow speed,49.4,2
T005004,TC-04194,2024-11-06,Device,6.1,3
T005005,TC-04195,2024-08-15,Network outage,30.7,2
T005006,TC-04196,2024-03-04,Device,19.5,2
T005007,TC-04201,2024-11-25,Plan change,42.8,4
T005008,TC-04201,2024-07-22,Slow speed,23.3,2
T005009,TC-04202,2024-08-24,Slow speed,10.8,4
T005010,TC-04202,2024-12-06,Network outage,17.0,2
T005011,TC-04202,2024-04-24,Slow speed,3.1,2
T005012,TC-04202,2024-12-21,Network outage,4.6,2
T005013,TC-04202,2024-07-19,Billing,18.9,5
T005014,TC-04204,2024-12-22,Billing,30.2,4
T005015,TC-04206,2024-06-15,Billing,6.1,1
T005016,TC-04206,2024-12-11,Network outage,18.0,5
T005017,TC-04206,2024-07-22,Network outage,12.1,1
T005018,TC-04206,2024-08-10,Slow speed,5.5,2
T005019,TC-04207,2024-10-19,Billing,10.2,3
T005020,TC-04209,2024-10-11,Billing,38.5,3
T005021,TC-04209,2024-09-20,Slow speed,4.1,3
T005022,TC-04209,2024-02-24,Network outage,27.8,4
T005023,TC-04211,2024-07-17,Billing,14.7,3
T005024,TC-04214,2024-11-04,Billing,6.3,3
T005025,TC-04215,2024-02-21,Billing,3.4,3
T005026,TC-04215,2024-01-18,Plan change,9.2,4
T005027,TC-04216,2024-08-10,Plan change,14.5,2
T005028,TC-04216,2024-06-08,Device,16.2,3
T005029,TC-04216,2024-09-16,Billing,10.7,3
T005030,TC-04216,2024-12-26,Billing,8.1,5
T005031,TC-04217,2024-04-11,Device,21.6,5
T005032,TC-04218,2024-04-27,Plan change,6.1,2
T005033,TC-04219,2024-11-01,Billing,27.3,2
T005034,TC-04220,2024-03-14,Billing,13.7,3
T005035,TC-04220,2024-02-28,Billing,21.1,3
T005036,TC-04220,2024-03-02,Billing,2.6,3
T005037,TC-04224,2024-06-10,Slow speed,18.7,5
T005038,TC-04224,2024-07-28,Billing,5.8,3
T005039,TC-04224,2024-10-15,Slow speed,25.2,5
T005040,TC-04224,2024-04-20,Billing,8.6,5
T005041,TC-04226,2024-02-05,Slow speed,22.6,5
T005042,TC-04229,2024-11-10,Billing,21.5,4
T005043,TC-04230,2024-03-16,Network outage,7.1,2
T005044,TC-04230,2024-12-01,Device,12.3,3
T005045,TC-04231,2024-06-23,Slow speed,33.1,1
T005046,TC-04231,2024-08-25,Slow speed,11.0,4
T005047,TC-04231,2024-07-11,Network outage,44.3,2
T005048,TC-04233,2024-06-26,Billing,32.0,3
T005049,TC-04233,2024-12-02,Slow speed,30.9,1
T005050,TC-04234,2024-05-30,Device,48.6,5
T005051,TC-04234,2024-09-11,Slow speed,5.7,4
T005052,TC-04235,2024-06-04,Slow speed,21.1,5
T005053,TC-04239,2024-08-18,Billing,27.7,2
T005054,TC-04239,2024-06-03,Plan change,9.9,3
T005055,TC-04240,2024-12-25,Slow speed,29.4,3
T005056,TC-04241,2024-09-29,Network outage,7.2,1
T005057,TC-04241,2024-08-14,Network outage,23.3,1
T005058,TC-04241,2024-01-01,Slow speed,21.3,4
T005059,TC-04242,2024-12-17,Device,33.0,4
T005060,TC-04243,2024-03-22,Slow speed,8.8,3
T005061,TC-04243,2024-07-07,Network outage,26.1,2
T005062,TC-04244,2024-04-20,Billing,46.6,5
T005063,TC-04246,2024-11-26,Slow speed,14.0,3
T005064,TC-04246,2024-10-31,Slow speed,13.0,3
T005065,TC-04247,2024-04-26,Network outage,15.7,3
T005066,TC-04247,2024-09-23,Slow speed,31.9,4
T005067,TC-04248,2024-12-29,Slow speed,35.4,3
T005068,TC-04248,2024-03-19,Network outage,5.3,1
T005069,TC-04248,2024-09-10,Device,7.7,2
T005070,TC-04248,2024-08-25,Billing,17.5,3
T005071,TC-04250,2024-07-14,Billing,73.8,3
T005072,TC-04252,2024-10-08,Billing,10.5,5
T005073,TC-04252,2024-01-18,Network outage,10.6,4
T005074,TC-04254,2024-01-30,Network outage,13.9,2
T005075,TC-04254,2024-04-23,Network outage,77.7,4
T005076,TC-04254,2024-07-08,Billing,17.9,3
T005077,TC-04255,2024-03-23,Plan change,4.2,3
T005078,TC-04257,2024-04-24,Slow speed,9.2,3
T005079,TC-04258,2024-04-29,Billing,10.1,5
T005080,TC-04258,2024-09-26,Billing,10.4,5
T005081,TC-04258,2024-06-26,Device,27.3,5
T005082,TC-04260,2024-10-06,Network outage,12.5,3
T005083,TC-04261,2024-01-30,Network outage,36.1,3
T005084,TC-04261,2024-03-16,Network outage,25.9,4
T005085,TC-04263,2024-11-20,Billing,18.5,2
T005086,TC-04263,2024-03-06,Network outage,10.5,3
T005087,TC-04263,2024-08-28,Billing,2.5,3
T005088,TC-04265,2024-04-18,Network outage,11.1,5
T005089,TC-04266,2024-01-08,Device,11.1,4
T005090,TC-04268,2024-04-11,Network outage,23.8,1
T005091,TC-04268,2024-08-07,Network outage,23.5,4
T005092,TC-04269,2024-01-27,Network outage,20.5,5
T005093,TC-04269,2024-08-10,Billing,11.5,2
T005094,TC-04270,2024-06-29,Network outage,27.8,1
T005095,TC-04271,2024-12-25,Plan change,6.5,4
T005096,TC-04271,2024-12-21,Network outage,55.8,3
T005097,TC-04272,2024-03-05,Slow speed,20.8,5
T005098,TC-04272,2024-02-13,Billing,8.1,1
T005099,TC-04273,2024-07-22,Slow speed,41.9,3
T005100,TC-04273,2024-04-22,Billing,3.1,3
T005101,TC-04273,2024-05-17,Slow speed,11.7,5
T005102,TC-04274,2024-02-24,Network outage,29.4,5
T005103,TC-04275,2024-06-17,Device,15.1,4
T005104,TC-04276,2024-10-04,Slow speed,17.5,1
T005105,TC-04276,2024-04-25,Plan change,13.2,4
T005106,TC-04276,2024-09-22,Billing,7.2,5
T005107,TC-04277,2024-01-04,Plan change,24.8,4
T005108,TC-04278,2024-09-25,Billing,3.4,3
T005109,TC-04278,2024-08-24,Device,22.1,2
T005110,TC-04279,2024-10-27,Slow speed,17.1,5
T005111,TC-04281,2024-05-31,Device,6.2,2
T005112,TC-04283,2024-12-27,Billing,41.0,4
T005113,TC-04283,2024-11-19,Slow speed,12.7,4
T005114,TC-04285,2024-02-06,Network outage,30.5,3
T005115,TC-04287,2024-09-18,Slow speed,36.1,3
T005116,TC-04287,2024-05-17,Network outage,18.6,3
T005117,TC-04289,2024-08-06,Slow speed,3.9,4
T005118,TC-04290,2024-05-24,Network outage,33.5,1
T005119,TC-04291,2024-01-20,Plan change,7.2,5
T005120,TC-04291,2024-06-09,Device,26.8,4
T005121,TC-04291,2024-05-27,Plan change,2.3,4
T005122,TC-04293,2024-12-26,Plan change,32.1,1
T005123,TC-04294,2024-07-08,Network outage,9.4,3
T005124,TC-04294,2024-07-03,Network outage,7.9,2
T005125,TC-04295,2024-06-29,Billing,14.4,2
T005126,TC-04295,2024-02-24,Network outage,20.9,3
T005127,TC-04295,2024-02-29,Billing,59.5,4
T005128,TC-04296,2024-03-12,Network outage,5.9,3
T005129,TC-04296,2024-10-13,Billing,33.1,4
T005130,TC-04296,2024-01-13,Network outage,12.9,2
T005131,TC-04296,2024-11-23,Billing,4.5,3
T005132,TC-04297,2024-04-28,Network outage,7.2,2
T005133,TC-04297,2024-12-04,Plan change,8.5,2
T005134,TC-04299,2024-07-28,Plan change,33.9,4
T005135,TC-04299,2024-09-21,Billing,36.5,4
T005136,TC-04302,2024-08-29,Network outage,14.1,5
T005137,TC-04303,2024-10-29,Slow speed,27.2,5
T005138,TC-04307,2024-07-03,Network outage,41.8,4
T005139,TC-04307,2024-08-26,Slow speed,32.7,4
T005140,TC-04307,2024-08-20,Network outage,14.0,5
T005141,TC-04307,2024-03-24,Slow speed,8.9,4
T005142,TC-04309,2024-10-13,Slow speed,14.9,3
T005143,TC-04310,2024-02-12,Slow speed,14.7,5
T005144,TC-04310,2024-05-29,Plan change,11.1,5
T005145,TC-04311,2024-10-03,Plan change,5.8,5
T005146,TC-04312,2024-07-14,Slow speed,16.7,3
T005147,TC-04312,2024-09-02,Network outage,9.2,5
T005148,TC-04313,2024-04-14,Plan change,6.5,2
T005149,TC-04313,2024-12-22,Slow speed,11.0,3
T005150,TC-04314,2024-01-15,Slow speed,15.8,3
T005151,TC-04317,2024-01-24,Billing,33.1,3
T005152,TC-04319,2024-03-03,Billing,4.5,3
T005153,TC-04321,2024-04-12,Billing,12.0,3
T005154,TC-04323,2024-03-30,Slow speed,34.3,2
T005155,TC-04324,2024-06-25,Billing,16.7,3
T005156,TC-04324,2024-03-29,Slow speed,20.0,4
T005157,TC-04324,2024-04-28,Device,12.9,2
T005158,TC-04324,2024-10-08,Network outage,6.4,1
T005159,TC-04325,2024-07-06,Billing,29.3,4
T005160,TC-04325,2024-02-05,Billing,12.6,2
T005161,TC-04327,2024-08-04,Slow speed,23.6,3
T005162,TC-04330,2024-06-15,Plan change,6.8,4
T005163,TC-04331,2024-12-20,Plan change,28.9,4
T005164,TC-04331,2024-01-25,Network outage,10.3,4
T005165,TC-04331,2024-04-12,Billing,22.1,1
T005166,TC-04331,2024-07-22,Plan change,23.7,3
T005167,TC-04332,2024-05-21,Network outage,19.5,3
T005168,TC-04334,2024-06-25,Slow speed,19.0,4
T005169,TC-04336,2024-07-21,Slow speed,7.8,5
T005170,TC-04338,2024-02-22,Device,15.2,5
T005171,TC-04339,2024-04-16,Billing,21.0,4
T005172,TC-04340,2024-10-08,Slow speed,26.9,4
T005173,TC-04341,2024-09-17,Billing,1.4,4
T005174,TC-04342,2024-04-19,Plan change,8.8,3
T005175,TC-04343,2024-05-27,Device,33.5,3
T005176,TC-04343,2024-05-17,Slow speed,37.3,5
T005177,TC-04346,2024-12-09,Plan change,18.3,3
T005178,TC-04346,2024-10-01,Billing,15.4,5
T005179,TC-04347,2024-04-11,Billing,10.5,4
T005180,TC-04348,2024-01-25,Billing,31.3,4
T005181,TC-04349,2024-05-07,Billing,22.1,4
T005182,TC-04350,2024-06-16,Device,46.4,4
T005183,TC-04350,2024-09-06,Network outage,2.9,4
T005184,TC-04351,2024-03-09,Network outage,3.3,5
T005185,TC-04352,2024-07-27,Billing,32.7,2
T005186,TC-04356,2024-04-19,Network outage,36.2,4
T005187,TC-04356,2024-08-19,Slow speed,10.8,4
T005188,TC-04356,2024-10-13,Plan change,28.4,2
T005189,TC-04358,2024-06-08,Device,18.4,3
T005190,TC-04358,2024-12-01,Plan change,36.0,4
T005191,TC-04361,2024-06-26,Plan change,10.4,4
T005192,TC-04362,2024-10-23,Network outage,9.6,2
T005193,TC-04362,2024-06-11,Slow speed,28.3,3
T005194,TC-04362,2024-02-11,Billing,10.8,1
T005195,TC-04364,2024-07-02,Network outage,6.4,3
T005196,TC-04364,2024-06-08,Plan change,20.9,2
T005197,TC-04365,2024-07-31,Network outage,2.1,4
T005198,TC-04365,2024-10-06,Network outage,16.6,5
T005199,TC-04366,2024-11-01,Billing,24.7,5
T005200,TC-04369,2024-02-09,Network outage,0.9,4
T005201,TC-04371,2024-12-05,Slow speed,12.6,2
T005202,TC-04371,2024-12-07,Billing,24.3,3
T005203,TC-04371,2024-02-11,Billing,20.7,3
T005204,TC-04372,2024-05-17,Plan change,11.4,3
T005205,TC-04375,2024-04-06,Slow speed,23.4,2
T005206,TC-04378,2024-06-23,Plan change,23.5,5
T005207,TC-04378,2024-11-09,Device,12.0,4
T005208,TC-04379,2024-03-13,Billing,6.8,5
T005209,TC-04379,2024-11-15,Slow speed,42.0,3
T005210,TC-04379,2024-08-19,Billing,7.5,2
T005211,TC-04380,2024-01-31,Plan change,9.9,3
T005212,TC-04380,2024-12-03,Network outage,27.9,1
T005213,TC-04380,2024-07-06,Device,18.7,5
T005214,TC-04381,2024-02-20,Plan change,10.7,2
T005215,TC-04381,2024-07-12,Network outage,43.7,2
T005216,TC-04382,2024-03-07,Network outage,20.4,3
T005217,TC-04386,2024-12-25,Billing,40.2,3
T005218,TC-04386,2024-03-18,Network outage,10.9,3
T005219,TC-04386,2024-05-09,Slow speed,12.7,3
T005220,TC-04386,2024-10-25,Network outage,21.5,4
T005221,TC-04387,2024-03-10,Slow speed,16.3,5
T005222,TC-04388,2024-08-27,Network outage,6.3,4
T005223,TC-04389,2024-11-12,Billing,5.4,4
T005224,TC-04389,2024-11-18,Slow speed,6.6,2
T005225,TC-04389,2024-03-04,Network outage,5.2,2
T005226,TC-04389,2024-03-30,Device,33.8,4
T005227,TC-04389,2024-03-17,Slow speed,28.7,4
T005228,TC-04389,2024-04-21,Slow speed,5.1,2
T005229,TC-04397,2024-05-20,Billing,23.5,1
T005230,TC-04398,2024-02-27,Slow speed,31.8,4
T005231,TC-04398,2024-07-15,Billing,3.8,5
T005232,TC-04399,2024-09-28,Billing,10.2,5
T005233,TC-04399,2024-03-07,Billing,29.3,3
T005234,TC-04399,2024-02-06,Plan change,2.4,3
T005235,TC-04400,2024-08-09,Billing,6.5,4
T005236,TC-04401,2024-01-17,Slow speed,6.4,4
T005237,TC-04401,2024-05-13,Slow speed,26.4,2
T005238,TC-04403,2024-02-14,Network outage,19.1,3
T005239,TC-04405,2024-03-02,Device,6.3,5
T005240,TC-04405,2024-07-14,Slow speed,19.9,3
T005241,TC-04405,2024-05-27,Network outage,7.2,3
T005242,TC-04405,2024-03-16,Billing,12.3,3
T005243,TC-04405,2024-03-01,Network outage,26.9,4
T005244,TC-04406,2024-03-13,Device,15.8,4
T005245,TC-04406,2024-05-25,Plan change,18.4,5
T005246,TC-04406,2024-08-26,Plan change,43.9,5
T005247,TC-04407,2024-03-16,Plan change,11.5,3
T005248,TC-04408,2024-12-22,Billing,18.2,5
T005249,TC-04410,2024-05-06,Network outage,14.7,4
T005250,TC-04411,2024-11-16,Plan change,14.6,2
T005251,TC-04411,2024-11-02,Billing,38.0,2
T005252,TC-04411,2024-01-03,Network outage,3.6,4
T005253,TC-04413,2024-01-19,Slow speed,4.9,3
T005254,TC-04413,2024-11-01,Billing,15.4,2
T005255,TC-04415,2024-10-23,Device,29.9,2
T005256,TC-04417,2024-09-26,Billing,8.0,4
T005257,TC-04417,2024-09-29,Billing,15.8,2
T005258,TC-04419,2024-12-13,Billing,21.5,4
T005259,TC-04420,2024-10-12,Slow speed,9.7,4
T005260,TC-04421,2024-09-04,Billing,7.2,5
T005261,TC-04421,2024-01-04,Network outage,18.3,5
T005262,TC-04425,2024-02-05,Billing,1.5,3
T005263,TC-04427,2024-08-11,Slow speed,29.2,2
T005264,TC-04428,2024-06-08,Slow speed,8.7,4
T005265,TC-04429,2024-11-09,Billing,37.9,2
T005266,TC-04429,2024-02-08,Device,12.7,1
T005267,TC-04430,2024-06-06,Network outage,16.1,4
T005268,TC-04430,2024-05-19,Network outage,16.5,5
T005269,TC-04436,2024-10-17,Billing,32.2,3
T005270,TC-04436,2024-12-25,Slow speed,35.4,2
T005271,TC-04437,2024-04-24,Network outage,19.7,3
T005272,TC-04438,2024-06-07,Network outage,33.6,2
T005273,TC-04438,2024-01-16,Network outage,24.0,2
T005274,TC-04438,2024-10-06,Plan change,30.9,5
T005275,TC-04438,2024-10-20,Slow speed,10.5,4
T005276,TC-04439,2024-04-13,Slow speed,24.0,5
T005277,TC-04439,2024-09-23,Device,31.7,3
T005278,TC-04440,2024-08-30,Billing,34.1,3
T005279,TC-04441,2024-10-28,Network outage,7.6,5
T005280,TC-04441,2024-05-15,Billing,15.6,5
T005281,TC-04442,2024-05-13,Network outage,18.8,5
T005282,TC-04444,2024-11-24,Network outage,2.4,3
T005283,TC-04445,2024-05-06,Plan change,37.3,2
T005284,TC-04445,2024-09-14,Network outage,19.0,4
T005285,TC-04446,2024-08-22,Slow speed,16.8,4
T005286,TC-04447,2024-03-04,Device,23.3,4
T005287,TC-04448,2024-06-26,Plan change,11.9,2
T005288,TC-04448,2024-02-20,Device,4.7,4
T005289,TC-04448,2024-12-23,Slow speed,3.1,4
T005290,TC-04448,2024-11-21,Device,47.9,4
T005291,TC-04448,2024-05-24,Network outage,8.8,2
T005292,TC-04448,2024-10-26,Slow speed,15.5,1
T005293,TC-04449,2024-11-12,Network outage,15.7,2
T005294,TC-04450,2024-01-29,Billing,7.1,5
T005295,TC-04451,2024-10-11,Network outage,13.3,1
T005296,TC-04452,2024-03-09,Slow speed,32.4,5
T005297,TC-04452,2024-04-25,Billing,19.6,3
T005298,TC-04452,2024-09-09,Network outage,29.5,2
T005299,TC-04453,2024-04-13,Slow speed,20.1,3
T005300,TC-04454,2024-06-05,Plan change,26.9,3
T005301,TC-04454,2024-11-08,Slow speed,13.6,5
T005302,TC-04456,2024-04-24,Network outage,15.0,5
T005303,TC-04460,2024-08-27,Network outage,12.7,2
T005304,TC-04462,2024-10-20,Device,14.9,5
T005305,TC-04464,2024-03-04,Plan change,7.7,3
T005306,TC-04465,2024-01-26,Network outage,6.7,3
T005307,TC-04465,2024-01-04,Slow speed,5.2,4
T005308,TC-04466,2024-02-28,Plan change,35.0,1
T005309,TC-04466,2024-08-24,Plan change,11.3,2
T005310,TC-04467,2024-12-12,Billing,12.7,3
T005311,TC-04467,2024-12-17,Billing,2.5,4
T005312,TC-04468,2024-06-19,Slow speed,27.6,2
T005313,TC-04468,2024-04-06,Slow speed,36.5,4
T005314,TC-04470,2024-11-29,Slow speed,15.5,3
T005315,TC-04471,2024-10-29,Slow speed,6.8,3
T005316,TC-04471,2024-11-02,Network outage,14.8,2
T005317,TC-04472,2024-08-27,Billing,18.7,1
T005318,TC-04472,2024-10-31,Network outage,34.2,4
T005319,TC-04473,2024-04-13,Slow speed,9.4,3
T005320,TC-04473,2024-10-05,Billing,17.9,2
T005321,TC-04473,2024-03-31,Slow speed,6.8,4
T005322,TC-04478,2024-03-05,Network outage,34.0,3
T005323,TC-04478,2024-09-25,Device,21.1,4
T005324,TC-04480,2024-09-18,Billing,18.7,3
T005325,TC-04480,2024-11-03,Slow speed,6.9,4
T005326,TC-04480,2024-05-23,Device,26.0,3
T005327,TC-04482,2024-10-19,Network outage,44.4,2
T005328,TC-04483,2024-10-07,Network outage,18.8,2
T005329,TC-04483,2024-10-26,Plan change,41.2,2
T005330,TC-04484,2024-09-03,Slow speed,5.7,5
T005331,TC-04488,2024-06-18,Plan change,10.7,2
T005332,TC-04489,2024-07-06,Slow speed,23.9,4
T005333,TC-04489,2024-07-08,Plan change,27.9,2
T005334,TC-04489,2024-05-07,Slow speed,12.6,4
T005335,TC-04491,2024-03-14,Slow speed,10.0,3
T005336,TC-04492,2024-03-24,Slow speed,10.0,4
T005337,TC-04492,2024-08-24,Plan change,16.8,3
T005338,TC-04493,2024-06-02,Billing,1.9,4
T005339,TC-04494,2024-11-26,Billing,26.9,5
T005340,TC-04495,2024-11-21,Network outage,17.9,4
T005341,TC-04495,2024-05-14,Plan change,14.6,4
T005342,TC-04499,2024-06-29,Network outage,15.9,4
T005343,TC-04499,2024-08-25,Billing,5.1,3
T005344,TC-04500,2024-08-21,Billing,8.6,3
T005345,TC-04501,2024-03-01,Plan change,9.5,2
T005346,TC-04501,2024-07-20,Billing,5.6,3
T005347,TC-04502,2024-03-14,Slow speed,7.6,3
T005348,TC-04504,2024-10-23,Billing,22.3,5
T005349,TC-04505,2024-06-09,Network outage,12.6,5
T005350,TC-04506,2024-11-19,Billing,3.0,2
T005351,TC-04507,2024-03-09,Slow speed,16.7,3
T005352,TC-04507,2024-06-02,Billing,9.4,2
T005353,TC-04507,2024-04-01,Slow speed,17.8,5
T005354,TC-04510,2024-12-28,Slow speed,17.4,2
T005355,TC-04511,2024-02-22,Slow speed,28.6,4
T005356,TC-04511,2024-12-29,Slow speed,13.8,3
T005357,TC-04512,2024-10-19,Slow speed,10.4,3
T005358,TC-04512,2024-11-09,Network outage,8.9,4
T005359,TC-04512,2024-12-04,Billing,11.0,2
T005360,TC-04512,2024-01-20,Plan change,19.2,5
T005361,TC-04512,2024-11-30,Network outage,38.7,2
T005362,TC-04512,2024-07-03,Network outage,8.8,1
T005363,TC-04513,2024-06-02,Billing,18.7,2
T005364,TC-04513,2024-10-11,Billing,10.4,4
T005365,TC-04514,2024-02-23,Billing,12.2,2
T005366,TC-04515,2024-07-04,Slow speed,13.1,2
T005367,TC-04516,2024-04-15,Network outage,30.3,4
T005368,TC-04517,2024-05-29,Slow speed,29.0,1
T005369,TC-04517,2024-10-08,Billing,24.1,3
T005370,TC-04519,2024-12-13,Slow speed,24.0,2
T005371,TC-04520,2024-04-08,Slow speed,24.5,3
T005372,TC-04522,2024-01-16,Billing,22.1,3
T005373,TC-04524,2024-06-16,Plan change,9.0,2
T005374,TC-04526,2024-05-07,Slow speed,4.9,4
T005375,TC-04526,2024-04-02,Billing,26.8,4
T005376,TC-04527,2024-06-05,Billing,5.4,3
T005377,TC-04528,2024-09-18,Network outage,7.5,3
T005378,TC-04529,2024-02-29,Billing,21.2,5
T005379,TC-04529,2024-06-23,Billing,22.3,2
T005380,TC-04530,2024-07-02,Network outage,10.6,4
T005381,TC-04532,2024-06-19,Slow speed,22.2,3
T005382,TC-04533,2024-06-04,Billing,30.4,3
T005383,TC-04534,2024-08-28,Network outage,6.6,2
T005384,TC-04535,2024-02-06,Billing,21.4,5
T005385,TC-04536,2024-02-05,Billing,21.1,2
T005386,TC-04537,2024-10-11,Slow speed,27.8,2
T005387,TC-04538,2024-09-14,Billing,26.6,2
T005388,TC-04539,2024-08-20,Plan change,15.5,3
T005389,TC-04539,2024-03-02,Slow speed,15.8,1
T005390,TC-04542,2024-03-15,Device,8.4,4
T005391,TC-04542,2024-05-15,Network outage,20.0,2
T005392,TC-04543,2024-10-10,Slow speed,11.9,3
T005393,TC-04543,2024-08-18,Slow speed,6.2,3
T005394,TC-04543,2024-09-30,Billing,7.8,2
T005395,TC-04543,2024-07-06,Billing,16.7,1
T005396,TC-04545,2024-10-14,Billing,30.1,3
T005397,TC-04546,2024-07-13,Plan change,10.4,4
T005398,TC-04546,2024-10-27,Billing,14.8,4
T005399,TC-04548,2024-12-06,Billing,21.8,3
T005400,TC-04550,2024-11-25,Plan change,27.7,4
T005401,TC-04550,2024-08-08,Billing,28.5,5
T005402,TC-04552,2024-12-29,Plan change,2.6,3
T005403,TC-04552,2024-06-06,Slow speed,6.8,4
T005404,TC-04553,2024-09-17,Billing,51.8,4
T005405,TC-04553,2024-03-17,Slow speed,9.1,3
T005406,TC-04555,2024-01-22,Billing,26.2,1
T005407,TC-04555,2024-07-22,Network outage,5.7,1
T005408,TC-04555,2024-08-05,Slow speed,16.5,3
T005409,TC-04555,2024-09-02,Network outage,7.7,2
T005410,TC-04557,2024-08-14,Slow speed,13.9,2
T005411,TC-04559,2024-07-23,Network outage,12.8,4
T005412,TC-04559,2024-03-23,Network outage,19.1,4
T005413,TC-04560,2024-07-11,Billing,6.3,4
T005414,TC-04560,2024-12-03,Slow speed,18.9,4
T005415,TC-04561,2024-02-23,Device,31.3,3
T005416,TC-04563,2024-09-30,Network outage,8.8,5
T005417,TC-04564,2024-01-25,Plan change,8.6,4
T005418,TC-04565,2024-10-22,Billing,38.8,5
T005419,TC-04566,2024-01-28,Slow speed,23.3,4
T005420,TC-04566,2024-10-13,Billing,23.7,5
T005421,TC-04567,2024-10-01,Slow speed,13.0,3
T005422,TC-04568,2024-06-28,Network outage,9.0,3
T005423,TC-04569,2024-10-17,Billing,20.4,5
T005424,TC-04571,2024-11-16,Plan change,7.6,3
T005425,TC-04571,2024-01-18,Billing,19.6,3
T005426,TC-04572,2024-11-28,Network outage,10.4,5
T005427,TC-04573,2024-08-30,Network outage,18.9,3
T005428,TC-04575,2024-12-01,Device,33.1,5
T005429,TC-04575,2024-10-31,Plan change,44.4,3
T005430,TC-04576,2024-07-30,Billing,17.1,3
T005431,TC-04576,2024-06-03,Billing,37.1,3
T005432,TC-04576,2024-02-24,Slow speed,2.6,4
T005433,TC-04576,2024-01-14,Slow speed,5.3,5
T005434,TC-04576,2024-08-15,Network outage,0.9,4
T005435,TC-04578,2024-01-25,Plan change,34.1,4
T005436,TC-04578,2024-01-25,Network outage,32.5,4
T005437,TC-04580,2024-05-31,Slow speed,10.9,5
T005438,TC-04580,2024-03-27,Slow speed,6.9,5
T005439,TC-04580,2024-03-01,Billing,48.2,4
T005440,TC-04581,2024-03-20,Device,12.2,4
T005441,TC-04582,2024-01-17,Plan change,18.3,2
T005442,TC-04584,2024-01-14,Billing,17.9,3
T005443,TC-04584,2024-04-15,Billing,12.4,2
T005444,TC-04585,2024-01-07,Billing,27.7,2
T005445,TC-04585,2024-11-21,Slow speed,0.9,4
T005446,TC-04587,2024-01-03,Device,50.7,4
T005447,TC-04587,2024-04-30,Plan change,63.7,4
T005448,TC-04587,2024-02-07,Network outage,6.5,3
T005449,TC-04588,2024-07-05,Billing,9.5,5
T005450,TC-04588,2024-04-09,Network outage,4.0,4
T005451,TC-04588,2024-10-12,Billing,11.9,4
T005452,TC-04588,2024-02-20,Billing,10.4,3
T005453,TC-04589,2024-03-28,Billing,29.8,3
T005454,TC-04590,2024-04-13,Billing,1.6,4
T005455,TC-04590,2024-04-20,Plan change,25.1,3
T005456,TC-04591,2024-08-18,Slow speed,10.9,4
T005457,TC-04592,2024-12-05,Device,23.2,3
T005458,TC-04592,2024-06-01,Slow speed,2.9,3
T005459,TC-04593,2024-04-21,Device,17.9,3
T005460,TC-04594,2024-10-18,Network outage,8.3,3
T005461,TC-04594,2024-08-26,Plan change,10.0,2
T005462,TC-04594,2024-02-06,Plan change,32.2,2
T005463,TC-04597,2024-07-23,Network outage,27.6,3
T005464,TC-04601,2024-12-10,Network outage,15.3,4
T005465,TC-04601,2024-02-17,Network outage,11.5,4
T005466,TC-04602,2024-01-25,Device,8.6,2
T005467,TC-04604,2024-04-07,Network outage,28.7,4
T005468,TC-04605,2024-05-02,Network outage,17.0,1
T005469,TC-04605,2024-11-25,Billing,9.0,3
T005470,TC-04607,2024-06-07,Network outage,22.5,3
T005471,TC-04607,2024-03-05,Slow speed,10.8,5
T005472,TC-04607,2024-04-04,Device,9.9,5
T005473,TC-04608,2024-01-02,Network outage,14.1,4
T005474,TC-04610,2024-04-10,Billing,11.0,4
T005475,TC-04613,2024-11-21,Billing,7.6,4
T005476,TC-04613,2024-12-17,Plan change,26.4,2
T005477,TC-04613,2024-09-13,Plan change,9.3,5
T005478,TC-04615,2024-08-09,Network outage,23.7,4
T005479,TC-04617,2024-06-26,Device,8.0,5
T005480,TC-04618,2024-03-03,Device,11.1,3
T005481,TC-04618,2024-05-06,Device,11.0,4
T005482,TC-04618,2024-07-24,Plan change,14.5,4
T005483,TC-04619,2024-10-18,Network outage,14.0,4
T005484,TC-04620,2024-04-24,Device,40.9,3
T005485,TC-04621,2024-04-18,Plan change,10.9,5
T005486,TC-04622,2024-05-29,Device,10.8,3
T005487,TC-04622,2024-06-22,Slow speed,8.1,3
T005488,TC-04623,2024-07-08,Billing,2.4,4
T005489,TC-04623,2024-04-19,Billing,20.7,3
T005490,TC-04627,2024-09-04,Device,21.1,2
T005491,TC-04628,2024-07-26,Plan change,19.6,4
T005492,TC-04629,2024-02-15,Network outage,16.8,2
T005493,TC-04629,2024-11-11,Slow speed,2.5,4
T005494,TC-04629,2024-06-04,Plan change,24.3,2
T005495,TC-04630,2024-02-16,Billing,11.0,4
T005496,TC-04631,2024-05-23,Network outage,41.0,3
T005497,TC-04632,2024-04-07,Network outage,13.1,5
T005498,TC-04633,2024-05-15,Network outage,15.7,4
T005499,TC-04634,2024-03-28,Network outage,12.6,4
T005500,TC-04634,2024-06-09,Slow speed,62.6,3
T005501,TC-04636,2024-11-09,Network outage,15.4,3
T005502,TC-04636,2024-10-18,Network outage,2.4,4
T005503,TC-04637,2024-09-14,Slow speed,15.6,5
T005504,TC-04637,2024-06-21,Slow speed,42.1,2
T005505,TC-04637,2024-10-01,Network outage,16.7,3
T005506,TC-04637,2024-03-18,Slow speed,12.2,4
T005507,TC-04637,2024-01-09,Billing,17.3,2
T005508,TC-04637,2024-05-25,Network outage,42.4,5
T005509,TC-04637,2024-06-18,Billing,16.0,4
T005510,TC-04643,2024-05-12,Slow speed,34.9,5
T005511,TC-04644,2024-03-01,Slow speed,10.5,3
T005512,TC-04645,2024-07-03,Slow speed,15.1,2
T005513,TC-04645,2024-04-14,Billing,21.3,4
T005514,TC-04646,2024-09-01,Plan change,4.3,2
T005515,TC-04647,2024-11-15,Device,1.3,3
T005516,TC-04648,2024-01-13,Network outage,27.1,5
T005517,TC-04648,2024-11-13,Device,25.6,1
T005518,TC-04649,2024-04-10,Network outage,8.7,4
T005519,TC-04649,2024-10-17,Slow speed,30.6,2
T005520,TC-04651,2024-10-31,Billing,6.6,5
T005521,TC-04652,2024-12-07,Billing,47.7,4
T005522,TC-04652,2024-11-18,Slow speed,20.8,5
T005523,TC-04653,2024-08-20,Plan change,23.0,4
T005524,TC-04653,2024-12-10,Device,40.6,4
T005525,TC-04653,2024-04-09,Billing,13.3,2
T005526,TC-04654,2024-05-23,Network outage,11.3,2
T005527,TC-04654,2024-03-20,Plan change,6.1,2
T005528,TC-04655,2024-07-09,Slow speed,31.8,4
T005529,TC-04656,2024-07-07,Slow speed,15.0,5
T005530,TC-04656,2024-04-13,Device,3.2,4
T005531,TC-04656,2024-03-02,Slow speed,94.0,5
T005532,TC-04657,2024-01-08,Billing,22.2,4
T005533,TC-04660,2024-08-23,Slow speed,13.1,2
T005534,TC-04661,2024-09-23,Plan change,5.1,4
T005535,TC-04661,2024-03-22,Network outage,8.2,3
T005536,TC-04662,2024-08-08,Network outage,6.1,4
T005537,TC-04664,2024-03-17,Billing,24.9,4
T005538,TC-04666,2024-06-03,Billing,17.9,3
T005539,TC-04666,2024-05-02,Network outage,38.3,3
T005540,TC-04666,2024-04-08,Billing,24.8,2
T005541,TC-04667,2024-10-03,Network outage,14.4,1
T005542,TC-04668,2024-07-31,Slow speed,1.3,3
T005543,TC-04670,2024-10-09,Plan change,12.0,4
T005544,TC-04671,2024-08-24,Billing,14.1,5
T005545,TC-04671,2024-09-15,Slow speed,8.9,2
T005546,TC-04671,2024-04-20,Slow speed,30.4,2
T005547,TC-04671,2024-10-12,Slow speed,35.7,2
T005548,TC-04672,2024-12-07,Slow speed,17.4,1
T005549,TC-04672,2024-03-04,Billing,6.5,3
T005550,TC-04672,2024-05-18,Network outage,14.9,4
T005551,TC-04674,2024-07-31,Slow speed,33.6,4
T005552,TC-04674,2024-10-12,Billing,26.7,2
T005553,TC-04675,2024-11-13,Network outage,23.1,4
T005554,TC-04675,2024-01-19,Slow speed,10.8,3
T005555,TC-04677,2024-06-30,Billing,15.3,3
T005556,TC-04680,2024-08-15,Network outage,10.9,1
T005557,TC-04680,2024-08-03,Slow speed,7.6,4
T005558,TC-04681,2024-06-25,Network outage,9.0,2
T005559,TC-04681,2024-07-02,Billing,44.4,5
T005560,TC-04682,2024-09-26,Network outage,35.7,4
T005561,TC-04684,2024-05-11,Slow speed,6.0,3
T005562,TC-04685,2024-03-26,Plan change,17.8,4
T005563,TC-04686,2024-03-16,Billing,9.2,3
T005564,TC-04686,2024-04-01,Billing,9.2,3
T005565,TC-04686,2024-11-17,Slow speed,20.0,3
T005566,TC-04687,2024-02-03,Device,7.4,4
T005567,TC-04687,2024-03-03,Billing,8.9,3
T005568,TC-04687,2024-05-19,Plan change,32.8,4
T005569,TC-04687,2024-08-23,Slow speed,9.0,3
T005570,TC-04691,2024-01-12,Network outage,4.9,4
T005571,TC-04692,2024-09-07,Plan change,6.2,1
T005572,TC-04692,2024-11-17,Slow speed,11.0,3
T005573,TC-04692,2024-10-29,Network outage,8.8,2
T005574,TC-04692,2024-06-10,Network outage,12.8,2
T005575,TC-04694,2024-01-11,Network outage,6.1,2
T005576,TC-04694,2024-07-30,Network outage,21.2,3
T005577,TC-04696,2024-10-11,Slow speed,21.7,4
T005578,TC-04697,2024-04-23,Network outage,21.9,3
T005579,TC-04697,2024-04-16,Network outage,34.5,2
T005580,TC-04701,2024-06-04,Billing,28.3,1
T005581,TC-04701,2024-11-25,Billing,5.6,3
T005582,TC-04702,2024-12-11,Network outage,12.0,3
T005583,TC-04703,2024-06-17,Billing,17.3,3
T005584,TC-04704,2024-06-14,Slow speed,6.3,4
T005585,TC-04706,2024-02-15,Billing,12.0,4
T005586,TC-04709,2024-02-18,Slow speed,4.8,2
T005587,TC-04711,2024-01-24,Plan change,60.3,5
T005588,TC-04712,2024-01-03,Billing,8.3,3
T005589,TC-04712,2024-02-10,Plan change,3.5,4
T005590,TC-04712,2024-09-20,Network outage,31.8,3
T005591,TC-04713,2024-11-22,Network outage,20.9,4
T005592,TC-04716,2024-02-24,Network outage,2.7,2
T005593,TC-04716,2024-02-28,Device,12.5,5
T005594,TC-04716,2024-03-18,Slow speed,8.6,4
T005595,TC-04718,2024-09-29,Slow speed,32.7,3
T005596,TC-04720,2024-03-25,Billing,18.1,3
T005597,TC-04720,2024-06-19,Slow speed,26.0,3
T005598,TC-04720,2024-05-24,Slow speed,4.8,4
T005599,TC-04721,2024-05-08,Network outage,12.6,4
T005600,TC-04723,2024-10-23,Device,14.4,5
T005601,TC-04724,2024-06-05,Network outage,9.1,1
T005602,TC-04724,2024-05-08,Billing,18.8,4
T005603,TC-04726,2024-04-05,Network outage,2.1,2
T005604,TC-04728,2024-08-28,Billing,30.1,2
T005605,TC-04728,2024-06-05,Slow speed,11.7,4
T005606,TC-04728,2024-09-18,Billing,16.5,3
T005607,TC-04728,2024-07-14,Network outage,5.9,2
T005608,TC-04729,2024-01-01,Device,10.6,5
T005609,TC-04729,2024-11-11,Network outage,16.9,2
T005610,TC-04730,2024-11-08,Slow speed,12.1,2
T005611,TC-04730,2024-04-05,Device,28.8,1
T005612,TC-04730,2024-05-01,Billing,22.9,1
T005613,TC-04730,2024-02-12,Plan change,0.8,4
T005614,TC-04730,2024-07-31,Billing,17.4,2
T005615,TC-04731,2024-03-10,Slow speed,8.6,3
T005616,TC-04731,2024-11-28,Network outage,5.1,3
T005617,TC-04732,2024-04-12,Device,17.7,5
T005618,TC-04732,2024-10-02,Billing,0.7,4
T005619,TC-04733,2024-08-26,Slow speed,13.7,4
T005620,TC-04733,2024-01-17,Billing,33.1,3
T005621,TC-04733,2024-06-04,Plan change,11.2,2
T005622,TC-04734,2024-02-12,Billing,22.4,3
T005623,TC-04734,2024-12-06,Plan change,12.2,4
T005624,TC-04735,2024-04-27,Plan change,25.4,4
T005625,TC-04736,2024-01-01,Slow speed,43.0,2
T005626,TC-04737,2024-06-11,Billing,5.3,3
T005627,TC-04738,2024-04-07,Billing,18.2,1
T005628,TC-04742,2024-05-09,Network outage,13.0,3
T005629,TC-04742,2024-07-20,Slow speed,18.7,4
T005630,TC-04743,2024-08-01,Plan change,17.5,5
T005631,TC-04743,2024-12-24,Slow speed,9.9,3
T005632,TC-04744,2024-02-28,Plan change,11.5,5
T005633,TC-04744,2024-04-13,Billing,2.1,3
T005634,TC-04745,2024-02-12,Billing,10.0,5
T005635,TC-04745,2024-12-16,Plan change,42.6,5
T005636,TC-04746,2024-07-30,Plan change,6.2,3
T005637,TC-04747,2024-09-23,Slow speed,10.8,2
T005638,TC-04748,2024-09-10,Billing,61.7,2
T005639,TC-04748,2024-06-09,Slow speed,12.1,2
T005640,TC-04749,2024-01-30,Billing,4.4,5
T005641,TC-04749,2024-08-10,Device,41.9,3
T005642,TC-04751,2024-09-15,Network outage,20.1,4
T005643,TC-04752,2024-03-10,Network outage,24.8,5
T005644,TC-04752,2024-01-04,Network outage,25.4,5
T005645,TC-04752,2024-05-04,Network outage,13.4,4
T005646,TC-04753,2024-06-22,Plan change,1.9,3
T005647,TC-04754,2024-05-27,Slow speed,15.2,3
T005648,TC-04755,2024-10-18,Billing,52.7,3
T005649,TC-04755,2024-03-03,Billing,12.1,5
T005650,TC-04756,2024-11-16,Plan change,8.3,2
T005651,TC-04757,2024-02-08,Billing,40.8,4
T005652,TC-04758,2024-05-07,Billing,12.8,2
T005653,TC-04758,2024-07-07,Billing,7.5,2
T005654,TC-04759,2024-03-17,Plan change,8.2,2
T005655,TC-04760,2024-07-25,Network outage,23.4,4
T005656,TC-04761,2024-10-28,Network outage,6.5,3
T005657,TC-04762,2024-10-31,Plan change,13.5,4
T005658,TC-04762,2024-03-03,Slow speed,24.3,3
T005659,TC-04763,2024-12-13,Device,39.9,5
T005660,TC-04766,2024-10-30,Slow speed,17.1,4
T005661,TC-04767,2024-05-01,Billing,9.1,3
T005662,TC-04768,2024-04-20,Billing,19.3,3
T005663,TC-04769,2024-06-07,Plan change,3.4,5
T005664,TC-04770,2024-10-05,Network outage,19.7,4
T005665,TC-04770,2024-10-26,Plan change,30.6,4
T005666,TC-04771,2024-09-08,Network outage,1.5,5
T005667,TC-04771,2024-12-14,Network outage,28.1,3
T005668,TC-04771,2024-06-06,Slow speed,21.7,4
T005669,TC-04773,2024-05-18,Network outage,13.4,2
T005670,TC-04773,2024-01-21,Slow speed,16.6,3
T005671,TC-04773,2024-12-12,Billing,10.6,3
T005672,TC-04775,2024-03-29,Slow speed,16.8,2
T005673,TC-04776,2024-05-30,Slow speed,18.3,3
T005674,TC-04777,2024-09-30,Slow speed,25.3,3
T005675,TC-04781,2024-10-10,Device,21.6,4
T005676,TC-04782,2024-06-29,Slow speed,14.1,4
T005677,TC-04782,2024-05-03,Device,5.4,5
T005678,TC-04782,2024-12-04,Device,85.4,4
T005679,TC-04783,2024-12-14,Billing,29.8,5
T005680,TC-04783,2024-07-10,Network outage,27.7,3
T005681,TC-04784,2024-08-20,Device,3.3,3
T005682,TC-04785,2024-02-24,Slow speed,18.8,2
T005683,TC-04786,2024-09-20,Plan change,8.2,3
T005684,TC-04788,2024-09-14,Network outage,33.0,3
T005685,TC-04789,2024-02-20,Device,26.1,3
T005686,TC-04789,2024-08-30,Slow speed,41.8,1
T005687,TC-04790,2024-12-30,Billing,21.7,2
T005688,TC-04790,2024-05-31,Billing,37.1,4
T005689,TC-04790,2024-07-07,Device,14.7,3
T005690,TC-04791,2024-03-03,Slow speed,37.8,5
T005691,TC-04792,2024-06-22,Device,15.3,4
T005692,TC-04794,2024-12-27,Device,7.7,3
T005693,TC-04797,2024-08-13,Billing,13.3,5
T005694,TC-04799,2024-11-30,Network outage,53.6,4
T005695,TC-04800,2024-12-29,Plan change,10.5,3
T005696,TC-04801,2024-03-02,Slow speed,25.0,4
T005697,TC-04805,2024-07-07,Billing,10.6,5
T005698,TC-04806,2024-12-13,Slow speed,7.7,5
T005699,TC-04807,2024-08-09,Device,1.7,4
T005700,TC-04807,2024-08-08,Network outage,8.4,4
T005701,TC-04807,2024-03-06,Network outage,4.8,4
T005702,TC-04807,2024-01-22,Device,4.3,4
T005703,TC-04808,2024-09-25,Slow speed,18.5,4
T005704,TC-04810,2024-11-12,Device,7.7,3
T005705,TC-04811,2024-07-17,Plan change,12.5,4
T005706,TC-04812,2024-06-02,Device,23.4,1
T005707,TC-04813,2024-08-03,Network outage,14.1,2
T005708,TC-04813,2024-01-26,Billing,12.7,3
T005709,TC-04813,2024-09-27,Slow speed,24.4,4
T005710,TC-04814,2024-02-06,Slow speed,0.8,1
T005711,TC-04814,2024-09-29,Billing,6.8,3
T005712,TC-04814,2024-04-10,Network outage,6.2,4
T005713,TC-04814,2024-08-22,Network outage,4.6,2
T005714,TC-04815,2024-12-09,Plan change,15.1,2
T005715,TC-04815,2024-02-18,Network outage,23.9,5
T005716,TC-04816,2024-09-15,Device,19.1,3
T005717,TC-04816,2024-06-15,Network outage,20.3,2
T005718,TC-04816,2024-10-20,Slow speed,4.3,4
T005719,TC-04817,2024-12-26,Plan change,30.5,4
T005720,TC-04817,2024-03-21,Device,17.2,4
T005721,TC-04819,2024-01-21,Plan change,6.6,4
T005722,TC-04819,2024-08-02,Billing,6.8,5
T005723,TC-04821,2024-03-18,Plan change,35.4,4
T005724,TC-04821,2024-11-10,Billing,21.7,3
T005725,TC-04822,2024-11-19,Billing,50.7,3
T005726,TC-04822,2024-10-24,Slow speed,15.9,5
T005727,TC-04823,2024-10-25,Slow speed,26.0,3
T005728,TC-04823,2024-03-24,Network outage,16.8,4
T005729,TC-04825,2024-10-16,Billing,49.4,5
T005730,TC-04826,2024-12-24,Network outage,9.4,4
T005731,TC-04826,2024-07-17,Billing,15.8,5
T005732,TC-04826,2024-07-26,Slow speed,20.9,5
T005733,TC-04827,2024-07-11,Plan change,43.3,4
T005734,TC-04827,2024-09-17,Slow speed,28.1,2
T005735,TC-04827,2024-08-08,Device,6.8,4
T005736,TC-04827,2024-01-16,Device,14.3,3
T005737,TC-04828,2024-11-23,Network outage,6.5,3
T005738,TC-04828,2024-11-14,Plan change,11.3,4
T005739,TC-04829,2024-12-15,Network outage,38.7,2
T005740,TC-04830,2024-12-04,Billing,12.4,5
T005741,TC-04831,2024-09-14,Billing,0.6,4
T005742,TC-04832,2024-02-12,Plan change,11.4,3
T005743,TC-04834,2024-12-03,Slow speed,24.0,3
T005744,TC-04834,2024-05-31,Slow speed,10.6,4
T005745,TC-04834,2024-09-12,Billing,36.3,2
T005746,TC-04834,2024-12-07,Plan change,22.4,2
T005747,TC-04834,2024-06-02,Plan change,29.5,4
T005748,TC-04835,2024-02-25,Network outage,41.0,3
T005749,TC-04835,2024-08-18,Slow speed,23.4,4
T005750,TC-04836,2024-06-22,Billing,39.3,3
T005751,TC-04838,2024-07-23,Network outage,19.7,4
T005752,TC-04839,2024-04-24,Network outage,26.0,4
T005753,TC-04839,2024-02-03,Billing,27.1,3
T005754,TC-04839,2024-11-06,Network outage,15.6,4
T005755,TC-04840,2024-01-01,Slow speed,15.6,5
T005756,TC-04841,2024-10-30,Slow speed,15.8,1
T005757,TC-04841,2024-05-14,Plan change,27.9,3
T005758,TC-04842,2024-08-12,Billing,25.7,3
T005759,TC-04842,2024-04-17,Billing,26.9,2
T005760,TC-04843,2024-02-18,Slow speed,1.5,3
T005761,TC-04845,2024-07-10,Device,9.0,2
T005762,TC-04845,2024-11-09,Slow speed,16.6,3
T005763,TC-04846,2024-12-12,Network outage,85.9,3
T005764,TC-04847,2024-01-16,Billing,28.4,3
T005765,TC-04849,2024-09-01,Billing,17.9,3
T005766,TC-04849,2024-11-04,Network outage,8.5,3
T005767,TC-04851,2024-04-24,Billing,12.8,3
T005768,TC-04851,2024-01-08,Slow speed,15.7,2
T005769,TC-04851,2024-02-19,Billing,5.1,4
T005770,TC-04852,2024-10-22,Billing,26.7,3
T005771,TC-04852,2024-04-11,Device,14.6,5
T005772,TC-04852,2024-03-18,Billing,6.3,3
T005773,TC-04853,2024-07-05,Network outage,14.7,2
T005774,TC-04853,2024-02-16,Slow speed,5.8,3
T005775,TC-04856,2024-08-28,Billing,31.2,5
T005776,TC-04856,2024-01-22,Network outage,66.3,3
T005777,TC-04856,2024-10-05,Billing,11.5,2
T005778,TC-04856,2024-12-27,Network outage,31.5,4
T005779,TC-04857,2024-11-14,Slow speed,19.9,4
T005780,TC-04858,2024-09-12,Slow speed,15.8,4
T005781,TC-04859,2024-01-21,Device,21.4,4
T005782,TC-04859,2024-04-06,Plan change,39.5,3
T005783,TC-04859,2024-10-24,Device,3.1,2
T005784,TC-04860,2024-08-08,Plan change,30.7,1
T005785,TC-04861,2024-04-01,Network outage,33.0,3
T005786,TC-04863,2024-03-25,Network outage,42.9,3
T005787,TC-04865,2024-07-21,Plan change,14.8,5
T005788,TC-04869,2024-05-14,Billing,0.9,2
T005789,TC-04869,2024-11-22,Slow speed,2.4,1
T005790,TC-04871,2024-09-11,Slow speed,13.1,2
T005791,TC-04871,2024-06-11,Network outage,30.4,3
T005792,TC-04872,2024-09-15,Slow speed,23.1,3
T005793,TC-04873,2024-12-28,Slow speed,21.4,4
T005794,TC-04873,2024-08-07,Slow speed,14.6,3
T005795,TC-04873,2024-05-27,Billing,18.4,2
T005796,TC-04873,2024-03-23,Network outage,1.8,3
T005797,TC-04874,2024-04-13,Device,7.4,4
T005798,TC-04879,2024-06-24,Plan change,9.6,4
T005799,TC-04879,2024-03-24,Plan change,32.9,3
T005800,TC-04881,2024-08-10,Network outage,18.0,1
T005801,TC-04881,2024-05-13,Billing,17.0,4
T005802,TC-04882,2024-05-12,Plan change,7.1,4
T005803,TC-04883,2024-02-18,Slow speed,20.0,5
T005804,TC-04883,2024-06-11,Slow speed,19.5,3
T005805,TC-04884,2024-07-20,Slow speed,13.9,3
T005806,TC-04885,2024-08-24,Plan change,23.0,2
T005807,TC-04886,2024-04-07,Billing,32.4,4
T005808,TC-04888,2024-08-05,Network outage,16.5,4
T005809,TC-04888,2024-12-24,Network outage,5.4,3
T005810,TC-04889,2024-02-06,Billing,17.2,2
T005811,TC-04891,2024-05-12,Slow speed,62.7,4
T005812,TC-04891,2024-04-18,Device,12.1,4
T005813,TC-04892,2024-11-09,Billing,8.8,2
T005814,TC-04892,2024-08-22,Slow speed,5.4,2
T005815,TC-04893,2024-01-19,Billing,52.3,2
T005816,TC-04893,2024-04-24,Plan change,30.8,4
T005817,TC-04895,2024-10-12,Billing,10.2,4
T005818,TC-04896,2024-11-18,Billing,13.1,4
T005819,TC-04896,2024-01-27,Slow speed,40.2,4
T005820,TC-04898,2024-04-28,Slow speed,29.1,4
T005821,TC-04899,2024-11-10,Plan change,0.8,4
T005822,TC-04899,2024-02-29,Slow speed,23.0,5
T005823,TC-04900,2024-04-19,Plan change,5.0,2
T005824,TC-04901,2024-12-30,Billing,11.4,4
T005825,TC-04901,2024-07-24,Plan change,35.1,4
T005826,TC-04901,2024-11-06,Billing,9.6,3
T005827,TC-04903,2024-09-04,Plan change,13.9,5
T005828,TC-04903,2024-09-09,Billing,19.3,4
T005829,TC-04904,2024-09-30,Billing,35.4,3
T005830,TC-04904,2024-07-29,Plan change,7.0,1
T005831,TC-04904,2024-01-16,Plan change,14.6,3
T005832,TC-04904,2024-11-27,Device,12.5,2
T005833,TC-04907,2024-01-06,Network outage,10.0,3
T005834,TC-04908,2024-05-17,Slow speed,21.6,3
T005835,TC-04909,2024-03-09,Plan change,19.7,4
T005836,TC-04909,2024-01-12,Slow speed,10.6,4
T005837,TC-04909,2024-03-06,Billing,44.2,3
T005838,TC-04909,2024-08-21,Plan change,13.7,3
T005839,TC-04911,2024-08-14,Slow speed,15.6,3
T005840,TC-04911,2024-01-06,Slow speed,7.4,4
T005841,TC-04912,2024-08-23,Slow speed,38.4,3
T005842,TC-04913,2024-01-26,Device,55.1,4
T005843,TC-04913,2024-06-24,Network outage,38.8,3
T005844,TC-04913,2024-09-26,Network outage,52.6,3
T005845,TC-04913,2024-09-21,Slow speed,18.7,3
T005846,TC-04913,2024-03-16,Slow speed,10.3,3
T005847,TC-04914,2024-08-16,Plan change,9.7,4
T005848,TC-04915,2024-11-04,Network outage,3.5,3
T005849,TC-04915,2024-09-12,Plan change,11.1,3
T005850,TC-04916,2024-01-22,Plan change,19.4,4
T005851,TC-04916,2024-08-19,Network outage,1.4,4
T005852,TC-04916,2024-01-20,Plan change,4.6,4
T005853,TC-04917,2024-01-15,Slow speed,25.6,5
T005854,TC-04917,2024-04-02,Slow speed,44.7,4
T005855,TC-04918,2024-12-17,Slow speed,1.2,1
T005856,TC-04918,2024-12-08,Plan change,7.5,1
T005857,TC-04918,2024-02-14,Slow speed,8.1,4
T005858,TC-04920,2024-07-05,Plan change,4.5,3
T005859,TC-04921,2024-11-07,Network outage,8.7,4
T005860,TC-04922,2024-04-14,Plan change,14.8,3
T005861,TC-04923,2024-12-10,Network outage,40.2,4
T005862,TC-04923,2024-09-17,Slow speed,15.1,3
T005863,TC-04924,2024-09-30,Slow speed,8.1,4
T005864,TC-04924,2024-07-26,Network outage,5.0,4
T005865,TC-04924,2024-12-20,Network outage,12.1,2
T005866,TC-04924,2024-08-13,Billing,42.2,3
T005867,TC-04924,2024-04-09,Slow speed,45.4,2
T005868,TC-04925,2024-04-10,Slow speed,12.2,4
T005869,TC-04926,2024-09-26,Slow speed,13.2,2
T005870,TC-04927,2024-04-10,Billing,30.7,3
T005871,TC-04930,2024-08-23,Billing,14.9,1
T005872,TC-04930,2024-08-08,Billing,8.6,4
T005873,TC-04930,2024-09-19,Slow speed,20.2,3
T005874,TC-04931,2024-12-29,Billing,38.3,3
T005875,TC-04932,2024-12-04,Billing,19.6,3
T005876,TC-04933,2024-12-20,Plan change,13.5,4
T005877,TC-04933,2024-05-27,Device,10.5,4
T005878,TC-04934,2024-01-21,Network outage,12.5,5
T005879,TC-04936,2024-04-21,Billing,26.1,3
T005880,TC-04937,2024-10-19,Plan change,8.0,3
T005881,TC-04938,2024-10-21,Slow speed,12.7,4
T005882,TC-04939,2024-07-04,Billing,37.2,3
T005883,TC-04940,2024-11-19,Plan change,18.7,4
T005884,TC-04942,2024-02-24,Network outage,3.8,3
T005885,TC-04943,2024-11-25,Billing,7.0,3
T005886,TC-04944,2024-01-09,Billing,12.3,3
T005887,TC-04947,2024-03-19,Slow speed,16.1,3
T005888,TC-04947,2024-11-02,Slow speed,39.7,3
T005889,TC-04947,2024-09-27,Plan change,1.9,4
T005890,TC-04947,2024-03-16,Billing,8.4,3
T005891,TC-04948,2024-06-28,Billing,14.6,4
T005892,TC-04949,2024-05-07,Plan change,18.7,4
T005893,TC-04949,2024-10-24,Network outage,26.6,4
T005894,TC-04949,2024-04-04,Billing,9.8,2
T005895,TC-04949,2024-10-15,Network outage,16.6,4
T005896,TC-04950,2024-08-02,Plan change,6.7,4
T005897,TC-04950,2024-06-29,Network outage,2.7,4
T005898,TC-04952,2024-08-15,Plan change,8.1,2
T005899,TC-04952,2024-12-14,Slow speed,30.7,4
T005900,TC-04953,2024-05-19,Slow speed,36.8,5
T005901,TC-04956,2024-01-10,Slow speed,13.9,2
T005902,TC-04957,2024-10-21,Network outage,23.8,5
T005903,TC-04958,2024-03-11,Billing,13.4,3
T005904,TC-04960,2024-07-22,Plan change,20.3,3
T005905,TC-04960,2024-10-18,Billing,34.0,4
T005906,TC-04960,2024-08-28,Slow speed,16.5,1
T005907,TC-04960,2024-07-08,Device,3.7,4
T005908,TC-04961,2024-11-10,Billing,29.4,3
T005909,TC-04962,2024-01-06,Billing,15.0,4
T005910,TC-04964,2024-08-15,Slow speed,13.6,4
T005911,TC-04965,2024-11-13,Slow speed,18.8,2
T005912,TC-04965,2024-02-21,Network outage,8.9,3
T005913,TC-04966,2024-02-14,Plan change,61.8,3
T005914,TC-04967,2024-03-01,Billing,11.4,3
T005915,TC-04967,2024-12-16,Billing,38.7,4
T005916,TC-04969,2024-08-15,Billing,10.6,4
T005917,TC-04970,2024-04-15,Slow speed,18.8,2
T005918,TC-04970,2024-04-23,Billing,9.6,3
T005919,TC-04971,2024-05-02,Plan change,16.5,4
T005920,TC-04973,2024-07-01,Network outage,15.0,4
T005921,TC-04973,2024-05-09,Network outage,17.9,3
T005922,TC-04975,2024-10-20,Billing,12.9,4
T005923,TC-04975,2024-06-06,Network outage,0.6,3
T005924,TC-04976,2024-10-16,Plan change,23.5,2
T005925,TC-04977,2024-05-02,Plan change,47.6,4
T005926,TC-04977,2024-12-20,Billing,5.3,4
T005927,TC-04978,2024-04-09,Slow speed,6.6,5
T005928,TC-04978,2024-04-27,Billing,27.4,4
T005929,TC-04978,2024-04-27,Network outage,5.6,4
T005930,TC-04982,2024-10-04,Network outage,48.3,2
T005931,TC-04982,2024-07-22,Network outage,21.2,3
T005932,TC-04982,2024-08-26,Billing,4.3,3
T005933,TC-04982,2024-03-04,Billing,4.4,4
T005934,TC-04984,2024-12-07,Slow speed,10.9,3
T005935,TC-04986,2024-08-26,Billing,8.0,3
T005936,TC-04986,2024-04-03,Slow speed,25.8,2
T005937,TC-04986,2024-10-31,Billing,12.4,2
T005938,TC-04986,2024-03-24,Billing,40.6,2
T005939,TC-04987,2024-04-29,Network outage,10.0,4
T005940,TC-04987,2024-06-20,Plan change,15.1,4
T005941,TC-04988,2024-03-30,Billing,5.6,4
T005942,TC-04990,2024-07-01,Billing,15.8,4
T005943,TC-04990,2024-07-30,Slow speed,12.2,2
T005944,TC-04992,2024-03-08,Slow speed,17.0,4
T005945,TC-04993,2024-06-13,Network outage,9.5,5
T005946,TC-04993,2024-04-20,Slow speed,14.0,3
T005947,TC-04993,2024-03-04,Billing,13.9,4
T005948,TC-04994,2024-07-08,Plan change,5.3,1
T005949,TC-04997,2024-05-28,Slow speed,11.0,5
T005950,TC-04997,2024-11-02,Plan change,28.4,5
T005951,TC-04998,2024-08-30,Plan change,20.8,4
T005952,TC-04998,2024-06-26,Plan change,8.7,5
T005953,TC-04998,2024-04-02,Network outage,6.6,1
T005954,TC-04998,2024-04-27,Plan change,3.3,4
T005955,TC-04998,2024-04-13,Device,1.7,3
T005956,TC-05000,2024-02-28,Slow speed,28.7,4
T005957,TC-05000,2024-03-04,Plan change,53.2,2
T005958,TC-05000,2024-01-19,Network outage,54.4,2
T005959,TC-05000,2024-01-13,Device,9.4,3
T005960,TC-05000,2024-01-07,Plan change,21.0,3
T005961,TC-05001,2024-03-26,Billing,23.8,5
T005962,TC-05002,2024-05-05,Billing,24.3,1
T005963,TC-05003,2024-09-13,Network outage,7.2,5
T005964,TC-05004,2024-03-08,Billing,24.7,5
T005965,TC-05006,2024-12-21,Billing,20.3,2
T005966,TC-05007,2024-03-03,Network outage,5.0,5
T005967,TC-05008,2024-01-29,Network outage,21.0,3
T005968,TC-05008,2024-12-26,Slow speed,9.2,3
T005969,TC-05008,2024-01-01,Network outage,20.2,3
T005970,TC-05008,2024-09-21,Billing,0.4,4
T005971,TC-05010,2024-04-24,Slow speed,42.2,1
T005972,TC-05010,2024-08-14,Plan change,18.4,3
T005973,TC-05010,2024-01-23,Network outage,3.8,2
T005974,TC-05012,2024-10-09,Network outage,45.6,5
T005975,TC-05012,2024-09-28,Billing,17.8,3
T005976,TC-05013,2024-07-09,Network outage,28.9,2
T005977,TC-05014,2024-03-12,Slow speed,11.1,3
T005978,TC-05014,2024-08-04,Network outage,10.0,3
T005979,TC-05014,2024-05-01,Billing,6.2,2
T005980,TC-05014,2024-04-29,Billing,7.5,2
T005981,TC-05015,2024-04-13,Network outage,40.3,3
T005982,TC-05016,2024-06-29,Slow speed,44.6,4
T005983,TC-05017,2024-10-23,Billing,4.7,3
T005984,TC-05017,2024-04-16,Network outage,31.3,3
T005985,TC-05017,2024-09-27,Network outage,17.9,5
T005986,TC-05018,2024-11-14,Slow speed,7.6,5
T005987,TC-05018,2024-10-20,Device,32.5,3
T005988,TC-05019,2024-08-16,Network outage,12.6,2
T005989,TC-05021,2024-04-03,Network outage,10.5,4
T005990,TC-05022,2024-03-01,Billing,10.2,3
T005991,TC-05022,2024-11-21,Billing,9.0,5
T005992,TC-05023,2024-10-12,Network outage,34.4,2
T005993,TC-05024,2024-08-07,Plan change,49.8,2
T005994,TC-05029,2024-12-27,Slow speed,87.9,3
T005995,TC-05029,2024-12-17,Network outage,2.6,4
T005996,TC-05033,2024-10-25,Plan change,17.8,2
T005997,TC-05034,2024-05-03,Billing,5.8,3
T005998,TC-05034,2024-05-28,Billing,7.7,4
T005999,TC-05034,2024-09-27,Slow speed,28.9,3
T006000,TC-05035,2024-09-28,Plan change,11.8,4
T006001,TC-05035,2024-02-03,Network outage,18.6,2
T006002,TC-05036,2024-02-23,Network outage,11.7,3
T006003,TC-05036,2024-11-10,Plan change,5.4,3
T006004,TC-05036,2024-04-28,Billing,39.6,4
T006005,TC-05037,2024-01-16,Slow speed,9.8,3
T006006,TC-05039,2024-06-16,Slow speed,24.7,3
T006007,TC-05040,2024-11-10,Network outage,2.1,4
T006008,TC-05041,2024-02-22,Billing,15.9,4
T006009,TC-05041,2024-11-09,Plan change,15.3,5
T006010,TC-05042,2024-03-27,Billing,47.5,5
T006011,TC-05042,2024-04-09,Slow speed,1.6,3
T006012,TC-05042,2024-05-03,Network outage,4.9,4
T006013,TC-05042,2024-08-18,Network outage,10.6,4
T006014,TC-05043,2024-01-17,Slow speed,7.3,3
T006015,TC-05045,2024-06-15,Slow speed,42.2,5
T006016,TC-05045,2024-10-25,Network outage,28.0,3
T006017,TC-05045,2024-12-24,Network outage,9.3,4
T006018,TC-05048,2024-07-11,Plan change,15.3,3
T006019,TC-05049,2024-11-25,Network outage,15.7,1
T006020,TC-05049,2024-04-08,Network outage,16.1,3
T006021,TC-05049,2024-09-24,Plan change,3.7,3
T006022,TC-05051,2024-08-17,Network outage,3.3,2
T006023,TC-05051,2024-05-27,Network outage,10.4,5
T006024,TC-05052,2024-02-22,Slow speed,13.5,2
T006025,TC-05052,2024-07-18,Slow speed,6.4,2
T006026,TC-05052,2024-03-17,Plan change,19.6,2
T006027,TC-05053,2024-09-05,Slow speed,14.0,3
T006028,TC-05053,2024-03-15,Slow speed,32.6,5
T006029,TC-05053,2024-09-16,Slow speed,3.4,4
T006030,TC-05054,2024-09-14,Billing,12.8,3
T006031,TC-05054,2024-08-04,Network outage,5.1,3
T006032,TC-05056,2024-12-22,Slow speed,1.4,3
T006033,TC-05056,2024-05-19,Plan change,17.3,2
T006034,TC-05056,2024-09-15,Device,16.9,1
T006035,TC-05056,2024-08-08,Network outage,10.6,4
T006036,TC-05057,2024-08-31,Slow speed,57.4,1
T006037,TC-05058,2024-05-01,Network outage,24.5,5
T006038,TC-05058,2024-08-15,Billing,14.2,4
T006039,TC-05059,2024-04-25,Network outage,37.5,2
T006040,TC-05059,2024-09-03,Slow speed,9.7,4
T006041,TC-05060,2024-04-15,Billing,5.7,3
T006042,TC-05060,2024-01-16,Slow speed,5.2,2
T006043,TC-05060,2024-05-24,Slow speed,26.6,3
T006044,TC-05061,2024-07-01,Network outage,3.6,3
T006045,TC-05062,2024-06-02,Device,18.3,3
T006046,TC-05062,2024-10-26,Device,46.4,4
T006047,TC-05062,2024-04-29,Network outage,12.7,4
T006048,TC-05063,2024-03-05,Network outage,22.5,4
T006049,TC-05063,2024-06-05,Device,39.1,4
T006050,TC-05063,2024-12-08,Network outage,43.2,4
T006051,TC-05064,2024-02-18,Slow speed,5.8,4
T006052,TC-05064,2024-07-04,Plan change,53.9,5
T006053,TC-05066,2024-12-29,Network outage,22.0,4
T006054,TC-05067,2024-02-19,Billing,32.4,4
T006055,TC-05067,2024-03-19,Slow speed,13.0,4
T006056,TC-05068,2024-07-24,Plan change,8.2,3
T006057,TC-05068,2024-09-05,Slow speed,30.1,4
T006058,TC-05069,2024-06-21,Slow speed,10.5,2
T006059,TC-05069,2024-11-11,Slow speed,3.6,3
T006060,TC-05069,2024-01-15,Slow speed,15.9,1
T006061,TC-05070,2024-05-19,Network outage,16.9,3
T006062,TC-05070,2024-11-29,Slow speed,55.8,4
T006063,TC-05070,2024-10-19,Slow speed,26.2,3
T006064,TC-05075,2024-09-29,Billing,16.8,4
T006065,TC-05075,2024-05-22,Billing,34.0,5
T006066,TC-05076,2024-02-23,Billing,15.2,4
T006067,TC-05077,2024-11-16,Network outage,15.9,4
T006068,TC-05078,2024-10-22,Plan change,7.3,3
T006069,TC-05078,2024-10-04,Plan change,13.6,1
T006070,TC-05078,2024-07-19,Network outage,33.8,2
T006071,TC-05079,2024-02-25,Network outage,39.9,4
T006072,TC-05079,2024-03-25,Slow speed,39.5,5
T006073,TC-05080,2024-06-15,Billing,6.4,4
T006074,TC-05080,2024-01-02,Plan change,14.2,2
T006075,TC-05080,2024-12-15,Plan change,36.6,2
T006076,TC-05081,2024-01-16,Billing,14.0,3
T006077,TC-05081,2024-10-19,Network outage,7.7,5
T006078,TC-05081,2024-05-10,Network outage,30.7,4
T006079,TC-05081,2024-10-14,Billing,5.5,3
T006080,TC-05083,2024-04-07,Network outage,37.0,3
T006081,TC-05083,2024-05-14,Network outage,23.6,4
T006082,TC-05083,2024-09-18,Slow speed,6.7,3
T006083,TC-05084,2024-03-21,Billing,27.7,4
T006084,TC-05084,2024-06-28,Billing,2.9,2
T006085,TC-05084,2024-01-14,Network outage,24.9,3
T006086,TC-05085,2024-12-15,Device,73.2,4
T006087,TC-05086,2024-06-11,Slow speed,29.2,4
T006088,TC-05087,2024-07-24,Billing,11.5,4
T006089,TC-05088,2024-07-03,Device,7.1,4
T006090,TC-05088,2024-08-23,Plan change,2.7,5
T006091,TC-05090,2024-02-14,Plan change,8.3,4
T006092,TC-05093,2024-11-30,Slow speed,10.2,2
T006093,TC-05093,2024-02-23,Network outage,29.5,2
T006094,TC-05094,2024-10-25,Network outage,8.7,1
T006095,TC-05095,2024-05-06,Plan change,10.5,3
T006096,TC-05098,2024-08-25,Device,9.8,1
T006097,TC-05098,2024-07-23,Network outage,2.2,5
T006098,TC-05098,2024-07-13,Network outage,14.5,3
T006099,TC-05099,2024-03-11,Plan change,16.1,4
T006100,TC-05099,2024-01-08,Plan change,11.8,2
T006101,TC-05099,2024-08-04,Plan change,35.4,5
T006102,TC-05100,2024-12-14,Network outage,10.1,3
T006103,TC-05100,2024-11-22,Slow speed,23.2,3
T006104,TC-05101,2024-02-13,Device,16.6,4
T006105,TC-05101,2024-01-05,Network outage,22.4,1
T006106,TC-05102,2024-02-03,Network outage,5.2,5
T006107,TC-05102,2024-10-03,Plan change,27.3,2
T006108,TC-05103,2024-03-10,Slow speed,1.9,3
T006109,TC-05103,2024-12-12,Plan change,4.3,5
T006110,TC-05103,2024-04-04,Slow speed,17.4,4
T006111,TC-05104,2024-03-06,Billing,16.9,4
T006112,TC-05104,2024-07-21,Network outage,17.1,4
T006113,TC-05105,2024-08-27,Plan change,15.5,2
T006114,TC-05105,2024-05-27,Slow speed,14.1,4
T006115,TC-05105,2024-12-16,Plan change,21.2,5
T006116,TC-05107,2024-10-17,Billing,12.9,3
T006117,TC-05108,2024-06-16,Device,28.0,2
T006118,TC-05108,2024-04-11,Billing,14.8,4
T006119,TC-05111,2024-08-06,Network outage,6.9,4
T006120,TC-05116,2024-03-15,Slow speed,4.8,4
T006121,TC-05117,2024-07-21,Network outage,26.5,2
T006122,TC-05117,2024-06-02,Network outage,3.7,2
T006123,TC-05117,2024-09-01,Billing,7.2,2
T006124,TC-05118,2024-12-04,Billing,22.5,3
T006125,TC-05119,2024-06-18,Billing,21.0,3
T006126,TC-05119,2024-09-27,Network outage,1.8,5
T006127,TC-05120,2024-11-21,Slow speed,26.9,3
T006128,TC-05120,2024-12-19,Billing,6.7,4
T006129,TC-05121,2024-02-26,Network outage,6.9,5
T006130,TC-05122,2024-11-19,Plan change,13.8,4
T006131,TC-05126,2024-05-02,Network outage,28.0,2
T006132,TC-05128,2024-10-19,Network outage,20.7,4
T006133,TC-05129,2024-06-16,Billing,20.6,4
T006134,TC-05129,2024-04-25,Billing,13.6,3
T006135,TC-05130,2024-01-20,Slow speed,22.2,3
T006136,TC-05130,2024-12-24,Billing,20.0,3
T006137,TC-05130,2024-04-05,Network outage,18.2,4
T006138,TC-05130,2024-03-26,Billing,14.1,3
T006139,TC-05131,2024-02-13,Network outage,2.1,2
T006140,TC-05131,2024-01-18,Network outage,14.2,5
T006141,TC-05131,2024-07-30,Slow speed,24.6,5
T006142,TC-05132,2024-08-21,Plan change,57.1,1
T006143,TC-05132,2024-04-11,Slow speed,2.1,1
T006144,TC-05132,2024-07-02,Network outage,26.4,1
T006145,TC-05133,2024-03-03,Plan change,40.1,2
T006146,TC-05133,2024-02-01,Plan change,27.6,3
T006147,TC-05134,2024-03-12,Network outage,5.0,2
T006148,TC-05136,2024-10-13,Plan change,12.4,3
T006149,TC-05136,2024-05-16,Plan change,27.1,3
T006150,TC-05136,2024-11-28,Billing,40.3,4
T006151,TC-05139,2024-07-25,Billing,14.9,2
T006152,TC-05139,2024-05-18,Network outage,21.0,4
T006153,TC-05140,2024-11-04,Network outage,42.2,4
T006154,TC-05140,2024-11-10,Network outage,5.9,5
T006155,TC-05141,2024-09-10,Billing,17.3,4
T006156,TC-05141,2024-07-17,Billing,20.0,2
T006157,TC-05141,2024-03-17,Network outage,49.2,2
T006158,TC-05142,2024-10-16,Slow speed,12.1,4
T006159,TC-05143,2024-03-21,Billing,9.3,4
T006160,TC-05145,2024-01-30,Plan change,4.6,5
T006161,TC-05145,2024-03-14,Network outage,11.8,3
T006162,TC-05145,2024-01-24,Device,14.4,4
T006163,TC-05145,2024-06-03,Network outage,15.9,3
T006164,TC-05147,2024-09-29,Slow speed,26.8,3
T006165,TC-05149,2024-02-22,Network outage,27.2,3
T006166,TC-05149,2024-09-12,Billing,0.5,5
T006167,TC-05150,2024-09-07,Billing,4.2,1
T006168,TC-05151,2024-12-05,Billing,29.3,4
T006169,TC-05151,2024-05-17,Billing,8.2,3
T006170,TC-05153,2024-05-12,Plan change,6.6,4
T006171,TC-05153,2024-07-09,Device,15.8,5
T006172,TC-05155,2024-03-26,Device,30.6,2
T006173,TC-05155,2024-01-30,Network outage,8.7,2
T006174,TC-05155,2024-04-01,Plan change,6.2,3
T006175,TC-05156,2024-05-29,Slow speed,16.8,4
T006176,TC-05157,2024-07-11,Slow speed,11.2,3
T006177,TC-05157,2024-07-17,Plan change,58.4,1
T006178,TC-05158,2024-07-18,Network outage,17.2,4
T006179,TC-05158,2024-06-05,Billing,2.5,4
T006180,TC-05158,2024-02-23,Slow speed,33.5,2
T006181,TC-05158,2024-05-04,Slow speed,8.7,2
T006182,TC-05162,2024-05-08,Plan change,9.7,4
T006183,TC-05164,2024-06-10,Network outage,23.1,4
T006184,TC-05164,2024-09-24,Slow speed,5.0,4
T006185,TC-05165,2024-10-10,Network outage,19.2,3
T006186,TC-05167,2024-07-14,Billing,6.0,4
T006187,TC-05167,2024-11-06,Plan change,4.9,1
T006188,TC-05168,2024-10-28,Device,15.6,4
T006189,TC-05170,2024-04-22,Slow speed,10.9,5
T006190,TC-05172,2024-07-01,Slow speed,15.6,3
T006191,TC-05172,2024-09-04,Network outage,9.0,4
T006192,TC-05173,2024-12-03,Billing,8.2,5
T006193,TC-05173,2024-04-18,Billing,21.0,3
T006194,TC-05174,2024-10-13,Device,14.0,2
T006195,TC-05174,2024-04-11,Slow speed,13.3,2
T006196,TC-05174,2024-04-21,Slow speed,7.7,1
T006197,TC-05175,2024-02-11,Network outage,2.1,3
T006198,TC-05177,2024-03-09,Network outage,21.4,4
T006199,TC-05177,2024-06-22,Network outage,57.5,3
T006200,TC-05180,2024-06-15,Billing,2.2,3
T006201,TC-05183,2024-06-22,Billing,12.4,2
T006202,TC-05185,2024-03-14,Plan change,16.5,4
T006203,TC-05185,2024-04-03,Network outage,7.7,5
T006204,TC-05187,2024-02-02,Network outage,13.7,3
T006205,TC-05187,2024-09-14,Plan change,26.1,2
T006206,TC-05187,2024-07-22,Billing,22.1,4
T006207,TC-05187,2024-01-01,Billing,3.8,5
T006208,TC-05187,2024-03-18,Device,29.4,5
T006209,TC-05188,2024-09-22,Plan change,19.1,1
T006210,TC-05189,2024-05-27,Network outage,25.5,3
T006211,TC-05190,2024-09-27,Billing,9.4,5
T006212,TC-05190,2024-06-08,Device,21.1,5
T006213,TC-05192,2024-10-15,Network outage,8.9,3
T006214,TC-05193,2024-07-05,Network outage,6.9,5
T006215,TC-05193,2024-05-15,Network outage,6.6,2
T006216,TC-05193,2024-01-21,Network outage,19.4,1
T006217,TC-05193,2024-03-27,Billing,36.2,4
T006218,TC-05193,2024-03-29,Plan change,38.1,2
T006219,TC-05194,2024-09-28,Plan change,11.2,3
T006220,TC-05195,2024-03-17,Plan change,9.6,3
T006221,TC-05195,2024-11-12,Billing,15.9,4
T006222,TC-05195,2024-03-18,Billing,43.8,3
T006223,TC-05195,2024-08-26,Network outage,35.0,2
T006224,TC-05196,2024-11-06,Billing,10.9,3
T006225,TC-05196,2024-01-14,Billing,12.5,3
T006226,TC-05197,2024-12-06,Network outage,52.8,3
T006227,TC-05199,2024-05-15,Network outage,12.2,3
T006228,TC-05199,2024-09-02,Network outage,26.8,2
T006229,TC-05199,2024-01-21,Slow speed,15.8,4
T006230,TC-05200,2024-08-30,Network outage,17.4,3
T006231,TC-05200,2024-07-22,Network outage,14.8,3
T006232,TC-05201,2024-09-10,Network outage,52.2,2
T006233,TC-05201,2024-11-04,Plan change,63.7,5
T006234,TC-05201,2024-06-06,Device,5.5,3
T006235,TC-05201,2024-02-23,Slow speed,10.0,3
T006236,TC-05202,2024-06-09,Network outage,45.9,2
T006237,TC-05203,2024-06-01,Billing,13.1,3
T006238,TC-05203,2024-06-07,Slow speed,9.9,1
T006239,TC-05205,2024-11-05,Network outage,11.9,4
T006240,TC-05205,2024-05-04,Device,20.4,3
T006241,TC-05205,2024-01-24,Billing,6.2,2
T006242,TC-05206,2024-01-27,Network outage,13.5,1
T006243,TC-05206,2024-05-05,Slow speed,2.5,4
T006244,TC-05207,2024-07-02,Network outage,5.8,3
T006245,TC-05207,2024-01-13,Device,9.8,2
T006246,TC-05208,2024-04-13,Device,6.5,3
T006247,TC-05209,2024-06-11,Plan change,11.3,3
T006248,TC-05210,2024-10-20,Billing,15.6,4
T006249,TC-05210,2024-12-24,Network outage,5.3,2
T006250,TC-05211,2024-10-02,Network outage,18.3,2
T006251,TC-05213,2024-03-22,Device,13.8,3
T006252,TC-05214,2024-09-16,Slow speed,21.2,4
T006253,TC-05215,2024-09-02,Billing,12.6,3
T006254,TC-05215,2024-05-14,Slow speed,14.7,2
T006255,TC-05216,2024-09-03,Slow speed,6.5,2
T006256,TC-05216,2024-06-19,Network outage,5.5,3
T006257,TC-05216,2024-06-21,Network outage,10.3,3
T006258,TC-05217,2024-08-13,Slow speed,17.5,3
T006259,TC-05217,2024-01-07,Slow speed,46.2,4
T006260,TC-05218,2024-03-18,Slow speed,14.1,1
T006261,TC-05218,2024-03-17,Billing,46.5,3
T006262,TC-05220,2024-06-26,Billing,28.2,3
T006263,TC-05221,2024-01-25,Plan change,20.3,2
T006264,TC-05221,2024-09-22,Plan change,7.9,2
T006265,TC-05222,2024-07-07,Billing,14.0,4
T006266,TC-05222,2024-10-23,Billing,5.1,5
T006267,TC-05223,2024-02-06,Billing,41.9,3
T006268,TC-05224,2024-03-16,Billing,25.0,3
T006269,TC-05225,2024-03-27,Plan change,38.1,4
T006270,TC-05226,2024-06-04,Device,12.6,3
T006271,TC-05226,2024-07-06,Plan change,23.3,4
T006272,TC-05227,2024-09-10,Device,4.1,5
T006273,TC-05228,2024-01-17,Billing,11.9,5
T006274,TC-05228,2024-02-03,Device,3.8,4
T006275,TC-05230,2024-07-21,Plan change,51.1,4
T006276,TC-05230,2024-06-14,Billing,1.3,2
T006277,TC-05230,2024-02-06,Device,20.6,2
T006278,TC-05232,2024-12-15,Slow speed,12.2,2
T006279,TC-05233,2024-07-01,Slow speed,43.5,5
T006280,TC-05234,2024-11-12,Billing,12.8,2
T006281,TC-05234,2024-07-19,Slow speed,19.8,3
T006282,TC-05234,2024-04-14,Plan change,33.4,3
T006283,TC-05234,2024-10-19,Slow speed,10.9,4
T006284,TC-05235,2024-11-15,Device,40.3,5
T006285,TC-05237,2024-09-15,Network outage,8.7,2
T006286,TC-05237,2024-05-05,Network outage,38.3,3
T006287,TC-05237,2024-09-27,Network outage,15.4,1
T006288,TC-05239,2024-08-14,Network outage,5.2,3
T006289,TC-05239,2024-09-23,Network outage,6.1,4
T006290,TC-05241,2024-08-27,Slow speed,26.6,5
T006291,TC-05241,2024-12-17,Network outage,15.8,3
T006292,TC-05241,2024-01-01,Network outage,18.4,5
T006293,TC-05242,2024-10-14,Plan change,20.2,1
T006294,TC-05243,2024-05-15,Slow speed,3.0,4
T006295,TC-05243,2024-11-08,Slow speed,17.4,4
T006296,TC-05243,2024-02-13,Network outage,16.0,3
T006297,TC-05244,2024-07-28,Plan change,21.2,3
T006298,TC-05244,2024-08-04,Slow speed,15.3,4
T006299,TC-05246,2024-12-19,Plan change,21.7,2
T006300,TC-05246,2024-10-27,Slow speed,16.3,2
T006301,TC-05247,2024-08-18,Slow speed,24.1,4
T006302,TC-05247,2024-10-08,Plan change,15.8,3
T006303,TC-05249,2024-10-01,Billing,19.9,4
T006304,TC-05249,2024-08-14,Network outage,44.1,3
T006305,TC-05250,2024-03-20,Network outage,17.2,3
T006306,TC-05251,2024-03-07,Device,30.3,4
T006307,TC-05251,2024-08-28,Billing,10.9,3
T006308,TC-05252,2024-07-19,Network outage,22.2,5
T006309,TC-05253,2024-04-18,Slow speed,16.3,3
T006310,TC-05255,2024-06-18,Slow speed,24.8,4
T006311,TC-05256,2024-01-14,Slow speed,32.3,4
T006312,TC-05256,2024-12-09,Plan change,6.9,2
T006313,TC-05259,2024-08-21,Device,5.5,5
T006314,TC-05259,2024-01-14,Plan change,11.5,2
T006315,TC-05259,2024-03-28,Plan change,6.2,3
T006316,TC-05264,2024-07-30,Billing,15.9,4
T006317,TC-05267,2024-08-09,Slow speed,14.5,3
T006318,TC-05268,2024-05-06,Plan change,20.1,2
T006319,TC-05269,2024-08-27,Slow speed,5.3,5
T006320,TC-05270,2024-03-13,Slow speed,10.1,4
T006321,TC-05274,2024-09-26,Network outage,29.8,4
T006322,TC-05275,2024-10-26,Slow speed,9.4,3
T006323,TC-05275,2024-12-06,Plan change,18.9,5
T006324,TC-05276,2024-04-05,Network outage,4.7,3
T006325,TC-05278,2024-09-11,Slow speed,6.1,3
T006326,TC-05278,2024-12-09,Slow speed,28.1,2
T006327,TC-05278,2024-09-07,Billing,18.3,4
T006328,TC-05280,2024-07-10,Network outage,26.0,2
T006329,TC-05280,2024-05-14,Network outage,0.3,2
T006330,TC-05281,2024-01-19,Slow speed,3.3,1
T006331,TC-05281,2024-10-16,Device,3.4,4
T006332,TC-05283,2024-12-02,Network outage,22.4,3
T006333,TC-05287,2024-09-29,Network outage,39.1,3
T006334,TC-05288,2024-09-01,Slow speed,37.8,1
T006335,TC-05288,2024-04-02,Billing,40.5,2
T006336,TC-05288,2024-08-15,Device,18.5,5
T006337,TC-05289,2024-12-30,Billing,36.4,5
T006338,TC-05290,2024-11-26,Billing,2.4,2
T006339,TC-05293,2024-04-26,Billing,40.9,2
T006340,TC-05293,2024-10-22,Slow speed,9.7,3
T006341,TC-05294,2024-12-28,Plan change,17.9,4
T006342,TC-05295,2024-02-20,Plan change,7.8,2
T006343,TC-05296,2024-02-08,Slow speed,22.8,5
T006344,TC-05298,2024-12-18,Network outage,13.2,3
T006345,TC-05298,2024-02-06,Slow speed,20.4,4
T006346,TC-05298,2024-07-10,Plan change,14.3,3
T006347,TC-05301,2024-06-16,Slow speed,22.4,5
T006348,TC-05303,2024-03-17,Slow speed,9.4,4
T006349,TC-05303,2024-08-20,Network outage,59.0,4
T006350,TC-05303,2024-12-10,Slow speed,10.1,3
T006351,TC-05303,2024-10-29,Plan change,22.9,4
T006352,TC-05304,2024-11-30,Billing,14.8,3
T006353,TC-05305,2024-03-27,Billing,8.4,5
T006354,TC-05305,2024-12-06,Network outage,50.6,4
T006355,TC-05306,2024-09-01,Plan change,35.3,5
T006356,TC-05306,2024-08-29,Network outage,6.5,5
T006357,TC-05307,2024-06-29,Slow speed,3.5,4
T006358,TC-05307,2024-04-07,Plan change,36.2,2
T006359,TC-05307,2024-05-20,Slow speed,13.8,5
T006360,TC-05308,2024-10-03,Plan change,34.7,3
T006361,TC-05309,2024-10-22,Billing,14.2,4
T006362,TC-05311,2024-11-19,Slow speed,3.5,4
T006363,TC-05313,2024-12-04,Network outage,3.6,5
T006364,TC-05314,2024-03-05,Slow speed,7.3,4
T006365,TC-05314,2024-07-17,Plan change,15.8,4
T006366,TC-05314,2024-05-02,Slow speed,37.6,3
T006367,TC-05314,2024-11-08,Network outage,14.7,4
T006368,TC-05317,2024-04-15,Slow speed,7.1,4
T006369,TC-05317,2024-04-04,Billing,19.3,5
T006370,TC-05317,2024-10-04,Billing,3.6,4
T006371,TC-05318,2024-10-07,Slow speed,7.8,4
T006372,TC-05319,2024-12-03,Plan change,17.1,4
T006373,TC-05319,2024-04-30,Slow speed,14.3,3
T006374,TC-05320,2024-02-01,Network outage,7.2,1
T006375,TC-05320,2024-12-15,Network outage,4.1,3
T006376,TC-05321,2024-11-05,Slow speed,17.1,4
T006377,TC-05322,2024-01-28,Slow speed,28.8,2
T006378,TC-05322,2024-03-16,Billing,14.3,2
T006379,TC-05323,2024-03-22,Billing,22.7,4
T006380,TC-05323,2024-06-04,Network outage,17.3,3
T006381,TC-05324,2024-02-22,Billing,14.4,4
T006382,TC-05325,2024-12-21,Billing,8.8,4
T006383,TC-05326,2024-03-27,Plan change,7.2,3
T006384,TC-05326,2024-02-12,Device,14.4,2
T006385,TC-05326,2024-05-14,Plan change,10.3,4
T006386,TC-05327,2024-05-04,Billing,17.3,2
T006387,TC-05328,2024-08-30,Slow speed,35.1,3
T006388,TC-05332,2024-01-09,Billing,18.3,5
T006389,TC-05332,2024-06-18,Network outage,5.9,1
T006390,TC-05333,2024-11-07,Device,31.2,2
T006391,TC-05333,2024-10-11,Plan change,5.4,2
T006392,TC-05333,2024-10-12,Plan change,12.5,3
T006393,TC-05334,2024-05-07,Device,15.5,2
T006394,TC-05337,2024-08-20,Network outage,16.1,5
T006395,TC-05338,2024-04-27,Network outage,6.2,2
T006396,TC-05339,2024-08-04,Slow speed,29.1,4
T006397,TC-05343,2024-02-29,Billing,38.8,2
T006398,TC-05343,2024-09-25,Network outage,26.6,4
T006399,TC-05343,2024-03-19,Network outage,4.4,2
T006400,TC-05343,2024-01-06,Network outage,7.2,5
T006401,TC-05343,2024-11-24,Billing,4.9,4
T006402,TC-05344,2024-01-02,Billing,15.8,5
T006403,TC-05345,2024-09-04,Plan change,16.3,2
T006404,TC-05347,2024-01-15,Device,35.1,3
T006405,TC-05350,2024-02-02,Plan change,21.4,5
T006406,TC-05351,2024-04-02,Device,21.2,1
T006407,TC-05352,2024-11-01,Network outage,8.7,4
T006408,TC-05352,2024-10-18,Plan change,25.7,3
T006409,TC-05355,2024-01-02,Billing,13.9,5
T006410,TC-05355,2024-06-21,Slow speed,30.8,5
T006411,TC-05356,2024-08-31,Slow speed,10.2,3
T006412,TC-05356,2024-11-21,Slow speed,7.1,4
T006413,TC-05358,2024-06-26,Billing,17.5,5
T006414,TC-05360,2024-09-02,Slow speed,28.9,3
T006415,TC-05360,2024-06-13,Network outage,10.1,4
T006416,TC-05360,2024-05-29,Network outage,21.7,1
T006417,TC-05360,2024-09-27,Network outage,8.1,4
T006418,TC-05360,2024-05-30,Slow speed,25.8,2
T006419,TC-05362,2024-07-29,Billing,6.1,3
T006420,TC-05363,2024-10-03,Billing,7.6,4
T006421,TC-05363,2024-02-25,Network outage,40.3,2
T006422,TC-05363,2024-05-06,Network outage,24.7,4
T006423,TC-05364,2024-07-22,Plan change,13.5,3
T006424,TC-05364,2024-12-30,Billing,7.1,2
T006425,TC-05365,2024-09-20,Network outage,5.4,4
T006426,TC-05365,2024-01-23,Slow speed,10.2,4
T006427,TC-05366,2024-10-05,Device,31.5,4
T006428,TC-05366,2024-01-24,Plan change,2.6,3
T006429,TC-05368,2024-07-17,Slow speed,8.6,4
T006430,TC-05369,2024-11-23,Billing,2.6,5
T006431,TC-05370,2024-03-08,Slow speed,12.3,2
T006432,TC-05372,2024-07-18,Billing,30.9,3
T006433,TC-05373,2024-07-04,Network outage,1.8,2
T006434,TC-05374,2024-10-10,Slow speed,11.1,4
T006435,TC-05375,2024-01-06,Network outage,13.2,3
T006436,TC-05375,2024-04-03,Network outage,33.4,3
T006437,TC-05378,2024-02-21,Device,8.3,2
T006438,TC-05379,2024-05-28,Slow speed,27.8,2
T006439,TC-05380,2024-07-18,Network outage,22.0,3
T006440,TC-05381,2024-05-20,Network outage,39.9,3
T006441,TC-05382,2024-07-17,Plan change,1.7,5
T006442,TC-05382,2024-07-12,Device,12.2,3
T006443,TC-05382,2024-01-13,Plan change,20.6,3
T006444,TC-05383,2024-09-05,Slow speed,28.4,3
T006445,TC-05383,2024-06-29,Device,8.2,3
T006446,TC-05383,2024-02-09,Network outage,2.7,1
T006447,TC-05385,2024-02-26,Slow speed,22.7,3
T006448,TC-05386,2024-08-28,Billing,20.4,5
T006449,TC-05387,2024-05-04,Network outage,13.1,3
T006450,TC-05387,2024-01-23,Plan change,7.7,2
T006451,TC-05388,2024-06-26,Network outage,14.6,5
T006452,TC-05388,2024-03-28,Billing,14.6,3
T006453,TC-05389,2024-04-09,Slow speed,13.8,3
T006454,TC-05389,2024-11-17,Network outage,28.4,3
T006455,TC-05389,2024-10-25,Slow speed,23.2,5
T006456,TC-05390,2024-01-20,Slow speed,55.5,2
T006457,TC-05390,2024-08-01,Plan change,3.6,4
T006458,TC-05391,2024-12-05,Billing,23.1,3
T006459,TC-05391,2024-10-22,Billing,13.6,3
T006460,TC-05391,2024-08-27,Slow speed,4.7,1
T006461,TC-05392,2024-07-22,Network outage,36.6,3
T006462,TC-05393,2024-10-01,Device,5.9,4
T006463,TC-05393,2024-04-09,Network outage,7.5,3
T006464,TC-05394,2024-07-14,Plan change,18.4,4
T006465,TC-05395,2024-03-31,Slow speed,15.9,1
T006466,TC-05395,2024-07-21,Plan change,30.4,2
T006467,TC-05397,2024-08-22,Network outage,5.5,4
T006468,TC-05398,2024-11-13,Billing,3.6,4
T006469,TC-05398,2024-08-22,Network outage,23.9,2
T006470,TC-05398,2024-08-21,Slow speed,11.4,5
T006471,TC-05398,2024-12-14,Slow speed,18.1,5
T006472,TC-05398,2024-03-20,Slow speed,30.7,3
T006473,TC-05400,2024-01-31,Slow speed,12.5,4
T006474,TC-05400,2024-04-12,Billing,8.2,2
T006475,TC-05402,2024-10-26,Network outage,23.7,4
T006476,TC-05402,2024-04-09,Slow speed,23.6,2
T006477,TC-05403,2024-03-20,Plan change,11.6,3
T006478,TC-05403,2024-09-30,Slow speed,18.5,2
T006479,TC-05403,2024-02-24,Billing,12.5,4
T006480,TC-05403,2024-07-14,Billing,10.0,4
T006481,TC-05404,2024-10-29,Plan change,12.5,3
T006482,TC-05404,2024-09-08,Billing,20.4,2
T006483,TC-05405,2024-12-01,Network outage,13.5,3
T006484,TC-05405,2024-02-29,Slow speed,61.9,4
T006485,TC-05406,2024-07-29,Slow speed,19.9,2
T006486,TC-05409,2024-06-17,Slow speed,10.3,3
T006487,TC-05409,2024-03-01,Slow speed,19.4,1
T006488,TC-05409,2024-06-28,Billing,3.6,2
T006489,TC-05409,2024-11-28,Slow speed,36.0,3
T006490,TC-05410,2024-01-27,Device,23.5,4
T006491,TC-05410,2024-02-14,Device,34.9,3
T006492,TC-05410,2024-10-25,Network outage,30.6,2
T006493,TC-05410,2024-06-13,Plan change,7.5,2
T006494,TC-05410,2024-02-04,Slow speed,25.2,1
T006495,TC-05410,2024-05-02,Billing,15.6,2
T006496,TC-05412,2024-01-07,Device,17.3,3
T006497,TC-05413,2024-04-20,Slow speed,25.6,4
T006498,TC-05414,2024-11-24,Device,26.2,3
T006499,TC-05416,2024-10-10,Plan change,16.3,1
T006500,TC-05416,2024-06-29,Slow speed,9.6,2
T006501,TC-05416,2024-04-04,Billing,8.0,1
T006502,TC-05417,2024-10-02,Slow speed,23.2,3
T006503,TC-05420,2024-08-20,Slow speed,28.3,4
T006504,TC-05421,2024-10-24,Slow speed,34.3,2
T006505,TC-05424,2024-03-29,Network outage,11.2,2
T006506,TC-05424,2024-12-14,Plan change,22.0,2
T006507,TC-05424,2024-12-27,Network outage,10.2,3
T006508,TC-05425,2024-02-01,Billing,15.6,5
T006509,TC-05428,2024-10-26,Plan change,40.8,4
T006510,TC-05428,2024-02-22,Plan change,6.4,4
T006511,TC-05428,2024-08-01,Network outage,5.1,5
T006512,TC-05429,2024-04-24,Plan change,49.1,4
T006513,TC-05431,2024-01-29,Network outage,7.5,5
T006514,TC-05432,2024-10-15,Plan change,11.3,2
T006515,TC-05433,2024-02-25,Billing,13.7,4
T006516,TC-05433,2024-10-27,Billing,19.4,5
T006517,TC-05434,2024-01-09,Slow speed,6.7,4
T006518,TC-05434,2024-11-04,Network outage,35.1,3
T006519,TC-05434,2024-12-29,Plan change,20.5,1
T006520,TC-05435,2024-03-19,Billing,12.7,4
T006521,TC-05435,2024-11-21,Slow speed,20.5,5
T006522,TC-05438,2024-12-16,Billing,20.7,4
T006523,TC-05438,2024-02-02,Device,45.3,2
T006524,TC-05439,2024-07-12,Network outage,11.6,3
T006525,TC-05441,2024-02-14,Billing,4.6,2
T006526,TC-05441,2024-03-03,Device,12.5,5
T006527,TC-05442,2024-11-22,Network outage,19.4,4
T006528,TC-05442,2024-12-02,Billing,25.8,1
T006529,TC-05442,2024-01-29,Slow speed,50.7,3
T006530,TC-05443,2024-10-18,Network outage,4.7,5
T006531,TC-05444,2024-05-28,Billing,17.5,2
T006532,TC-05445,2024-07-02,Device,24.0,4
T006533,TC-05445,2024-10-09,Network outage,11.8,4
T006534,TC-05446,2024-06-29,Billing,6.7,3
T006535,TC-05446,2024-08-07,Network outage,15.1,1
T006536,TC-05446,2024-04-26,Network outage,11.5,3
T006537,TC-05446,2024-12-20,Slow speed,7.5,3
T006538,TC-05446,2024-03-24,Billing,22.4,2
T006539,TC-05446,2024-04-15,Device,11.5,5
T006540,TC-05446,2024-01-25,Slow speed,11.6,3
T006541,TC-05448,2024-05-14,Billing,6.6,3
T006542,TC-05448,2024-12-22,Billing,25.4,2
T006543,TC-05448,2024-07-08,Billing,29.4,5
T006544,TC-05448,2024-10-14,Billing,3.2,4
T006545,TC-05449,2024-01-18,Slow speed,47.8,3
T006546,TC-05449,2024-02-25,Network outage,10.4,5
T006547,TC-05449,2024-01-04,Billing,20.7,3
T006548,TC-05450,2024-09-08,Device,36.7,2
T006549,TC-05450,2024-05-21,Billing,7.1,3
T006550,TC-05450,2024-08-27,Network outage,15.7,3
T006551,TC-05450,2024-01-09,Network outage,19.7,3
T006552,TC-05452,2024-10-24,Slow speed,15.5,4
T006553,TC-05452,2024-07-17,Slow speed,11.0,4
T006554,TC-05454,2024-05-13,Slow speed,13.5,5
T006555,TC-05455,2024-12-25,Slow speed,25.3,4
T006556,TC-05455,2024-07-22,Network outage,18.3,4
T006557,TC-05456,2024-06-12,Plan change,12.1,4
T006558,TC-05457,2024-11-24,Slow speed,21.7,4
T006559,TC-05458,2024-05-20,Slow speed,9.2,4
T006560,TC-05459,2024-05-15,Device,48.0,2
T006561,TC-05460,2024-10-11,Billing,61.5,4
T006562,TC-05460,2024-12-24,Network outage,17.4,3
T006563,TC-05462,2024-09-18,Plan change,39.8,2
T006564,TC-05463,2024-09-16,Billing,26.7,5
T006565,TC-05465,2024-10-17,Network outage,8.9,3
T006566,TC-05465,2024-09-14,Device,11.8,5
T006567,TC-05468,2024-01-01,Billing,19.4,4
T006568,TC-05476,2024-01-03,Plan change,44.6,3
T006569,TC-05478,2024-06-26,Plan change,21.1,4
T006570,TC-05479,2024-09-06,Slow speed,7.3,3
T006571,TC-05480,2024-06-18,Network outage,50.9,3
T006572,TC-05481,2024-01-14,Billing,18.3,5
T006573,TC-05481,2024-09-03,Network outage,4.4,5
T006574,TC-05481,2024-01-26,Network outage,15.1,4
T006575,TC-05482,2024-02-08,Slow speed,5.9,4
T006576,TC-05484,2024-11-25,Billing,6.7,2
T006577,TC-05484,2024-05-09,Slow speed,35.3,1
T006578,TC-05485,2024-03-20,Billing,20.6,2
T006579,TC-05485,2024-03-04,Device,33.2,3
T006580,TC-05485,2024-01-10,Slow speed,13.1,2
T006581,TC-05487,2024-08-20,Slow speed,49.8,5
T006582,TC-05487,2024-01-17,Billing,19.4,5
T006583,TC-05488,2024-04-06,Network outage,12.4,2
T006584,TC-05489,2024-09-11,Billing,16.0,3
T006585,TC-05490,2024-06-23,Billing,14.1,5
T006586,TC-05491,2024-12-12,Network outage,20.5,3
T006587,TC-05492,2024-11-20,Billing,23.3,3
T006588,TC-05492,2024-07-30,Network outage,9.6,2
T006589,TC-05492,2024-02-05,Slow speed,9.6,3
T006590,TC-05492,2024-09-10,Device,7.9,4
T006591,TC-05492,2024-06-21,Plan change,39.8,2
T006592,TC-05493,2024-01-10,Network outage,46.5,3
T006593,TC-05498,2024-11-18,Slow speed,52.8,3
T006594,TC-05500,2024-08-17,Slow speed,13.8,4
T006595,TC-05501,2024-08-03,Network outage,7.3,4
T006596,TC-05502,2024-01-02,Slow speed,17.9,4
T006597,TC-05506,2024-03-14,Device,31.7,4
T006598,TC-05510,2024-04-20,Network outage,46.5,5
T006599,TC-05511,2024-01-02,Slow speed,15.6,3
T006600,TC-05512,2024-10-10,Billing,27.9,2
T006601,TC-05513,2024-05-08,Slow speed,7.5,3
T006602,TC-05514,2024-06-15,Billing,10.7,5
T006603,TC-05514,2024-08-06,Network outage,6.8,4
T006604,TC-05514,2024-07-20,Slow speed,14.9,4
T006605,TC-05514,2024-08-04,Billing,7.6,4
T006606,TC-05514,2024-02-21,Slow speed,27.2,5
T006607,TC-05514,2024-09-04,Slow speed,1.3,2
T006608,TC-05514,2024-08-25,Slow speed,15.3,2
T006609,TC-05516,2024-01-29,Billing,16.7,2
T006610,TC-05517,2024-03-31,Slow speed,12.4,2
T006611,TC-05517,2024-04-04,Network outage,11.9,4
T006612,TC-05518,2024-09-19,Billing,28.0,3
T006613,TC-05522,2024-10-06,Network outage,7.0,2
T006614,TC-05522,2024-07-03,Slow speed,6.6,5
T006615,TC-05523,2024-08-24,Billing,8.6,2
T006616,TC-05524,2024-05-25,Billing,3.8,2
T006617,TC-05525,2024-06-05,Device,26.5,2
T006618,TC-05525,2024-03-14,Plan change,19.1,3
T006619,TC-05526,2024-08-23,Plan change,11.7,3
T006620,TC-05528,2024-11-09,Network outage,18.6,3
T006621,TC-05528,2024-02-27,Network outage,11.9,4
T006622,TC-05530,2024-10-16,Plan change,9.8,3
T006623,TC-05530,2024-10-27,Slow speed,68.8,4
T006624,TC-05531,2024-03-06,Plan change,23.0,2
T006625,TC-05531,2024-10-04,Slow speed,19.9,3
T006626,TC-05531,2024-12-20,Network outage,29.7,4
T006627,TC-05534,2024-03-18,Slow speed,11.2,3
T006628,TC-05534,2024-02-28,Device,15.0,4
T006629,TC-05534,2024-10-13,Plan change,24.8,4
T006630,TC-05537,2024-02-28,Billing,16.9,2
T006631,TC-05537,2024-01-16,Billing,6.8,4
T006632,TC-05538,2024-04-26,Network outage,34.6,5
T006633,TC-05539,2024-06-01,Plan change,22.8,3
T006634,TC-05540,2024-11-20,Network outage,36.8,2
T006635,TC-05540,2024-05-29,Billing,7.1,3
T006636,TC-05541,2024-07-18,Network outage,43.3,4
T006637,TC-05542,2024-04-21,Plan change,18.4,2
T006638,TC-05542,2024-12-21,Network outage,11.8,2
T006639,TC-05543,2024-05-22,Slow speed,58.1,3
T006640,TC-05543,2024-03-08,Network outage,13.0,3
T006641,TC-05546,2024-04-12,Network outage,24.5,3
T006642,TC-05546,2024-07-20,Slow speed,39.3,2
T006643,TC-05546,2024-01-10,Plan change,36.9,4
T006644,TC-05547,2024-04-16,Billing,26.4,4
T006645,TC-05550,2024-04-05,Network outage,49.2,3
T006646,TC-05550,2024-08-29,Slow speed,39.9,4
T006647,TC-05552,2024-08-28,Billing,14.1,4
T006648,TC-05555,2024-08-11,Slow speed,2.2,5
T006649,TC-05556,2024-05-12,Slow speed,2.2,1
T006650,TC-05558,2024-08-12,Network outage,10.9,4
T006651,TC-05558,2024-04-23,Plan change,23.0,4
T006652,TC-05558,2024-04-04,Billing,1.0,4
T006653,TC-05560,2024-07-16,Plan change,6.0,3
T006654,TC-05560,2024-09-27,Slow speed,16.2,3
T006655,TC-05560,2024-02-18,Billing,18.6,5
T006656,TC-05561,2024-11-26,Network outage,20.8,4
T006657,TC-05561,2024-09-07,Network outage,14.3,5
T006658,TC-05562,2024-10-05,Network outage,21.9,5
T006659,TC-05562,2024-07-14,Billing,3.4,3
T006660,TC-05563,2024-12-14,Billing,12.6,2
T006661,TC-05563,2024-02-13,Network outage,45.0,3
T006662,TC-05564,2024-06-15,Network outage,1.3,3
T006663,TC-05564,2024-06-21,Billing,19.7,2
T006664,TC-05565,2024-11-29,Slow speed,11.9,4
T006665,TC-05566,2024-04-18,Billing,22.1,3
T006666,TC-05566,2024-11-02,Plan change,25.3,4
T006667,TC-05567,2024-01-03,Network outage,22.9,2
T006668,TC-05568,2024-01-09,Plan change,21.7,4
T006669,TC-05570,2024-07-06,Slow speed,9.9,3
T006670,TC-05570,2024-02-24,Network outage,5.4,2
T006671,TC-05570,2024-04-01,Slow speed,23.5,3
T006672,TC-05573,2024-12-03,Slow speed,18.5,3
T006673,TC-05574,2024-02-28,Network outage,7.6,4
T006674,TC-05576,2024-04-28,Network outage,8.3,4
T006675,TC-05578,2024-07-02,Slow speed,32.0,2
T006676,TC-05578,2024-03-20,Slow speed,16.4,4
T006677,TC-05579,2024-10-02,Billing,23.2,5
T006678,TC-05580,2024-11-10,Billing,5.8,4
T006679,TC-05581,2024-09-15,Slow speed,26.4,3
T006680,TC-05582,2024-04-25,Device,21.4,1
T006681,TC-05582,2024-12-18,Slow speed,4.6,3
T006682,TC-05583,2024-11-18,Billing,10.8,2
T006683,TC-05583,2024-10-15,Network outage,38.4,3
T006684,TC-05584,2024-09-26,Device,4.0,4
T006685,TC-05584,2024-06-25,Billing,10.4,5
T006686,TC-05585,2024-10-13,Plan change,32.1,4
T006687,TC-05585,2024-05-04,Plan change,26.8,5
T006688,TC-05585,2024-03-14,Network outage,10.3,5
T006689,TC-05586,2024-01-21,Billing,17.1,3
T006690,TC-05586,2024-12-30,Network outage,8.0,3
T006691,TC-05587,2024-10-16,Billing,17.6,3
T006692,TC-05587,2024-06-28,Slow speed,11.1,2
T006693,TC-05588,2024-01-16,Network outage,23.7,4
T006694,TC-05589,2024-05-22,Slow speed,3.0,3
T006695,TC-05589,2024-09-21,Slow speed,4.1,3
T006696,TC-05590,2024-04-23,Billing,69.4,3
T006697,TC-05591,2024-01-22,Billing,20.2,2
T006698,TC-05592,2024-02-09,Plan change,11.8,5
T006699,TC-05593,2024-02-17,Billing,22.5,3
T006700,TC-05593,2024-07-08,Billing,2.8,1
T006701,TC-05594,2024-02-09,Plan change,16.9,3
T006702,TC-05595,2024-12-24,Billing,31.4,2
T006703,TC-05595,2024-01-17,Network outage,17.0,3
T006704,TC-05596,2024-04-19,Network outage,21.7,3
T006705,TC-05596,2024-09-03,Plan change,17.0,3
T006706,TC-05597,2024-11-16,Device,34.6,4
T006707,TC-05597,2024-01-22,Slow speed,9.4,3
T006708,TC-05597,2024-01-14,Billing,11.2,5
T006709,TC-05598,2024-07-10,Billing,26.1,4
T006710,TC-05599,2024-12-05,Slow speed,7.3,3
T006711,TC-05599,2024-12-10,Network outage,6.0,3
T006712,TC-05600,2024-12-14,Device,39.6,4
T006713,TC-05601,2024-12-28,Slow speed,10.8,5
T006714,TC-05604,2024-10-09,Billing,15.6,2
T006715,TC-05604,2024-03-23,Billing,11.5,1
T006716,TC-05605,2024-05-02,Network outage,40.8,5
T006717,TC-05605,2024-05-23,Slow speed,11.6,4
T006718,TC-05607,2024-05-03,Plan change,12.7,3
T006719,TC-05607,2024-08-29,Plan change,12.8,5
T006720,TC-05608,2024-12-01,Network outage,20.1,5
T006721,TC-05610,2024-07-02,Billing,10.0,5
T006722,TC-05610,2024-06-12,Billing,40.3,5
T006723,TC-05611,2024-05-16,Billing,6.3,2
T006724,TC-05611,2024-08-19,Network outage,16.9,3
T006725,TC-05612,2024-10-24,Device,14.9,5
T006726,TC-05612,2024-05-08,Plan change,25.8,2
T006727,TC-05613,2024-05-11,Slow speed,23.0,5
T006728,TC-05614,2024-04-05,Slow speed,0.9,3
T006729,TC-05614,2024-05-15,Plan change,8.6,4
T006730,TC-05615,2024-03-24,Plan change,27.3,5
T006731,TC-05616,2024-10-04,Network outage,31.3,2
T006732,TC-05616,2024-12-13,Plan change,8.4,4
T006733,TC-05620,2024-01-19,Plan change,6.7,2
T006734,TC-05620,2024-01-27,Billing,41.3,1
T006735,TC-05621,2024-08-25,Billing,31.5,5
T006736,TC-05621,2024-09-10,Slow speed,11.1,3
T006737,TC-05622,2024-10-17,Slow speed,23.4,3
T006738,TC-05622,2024-10-20,Network outage,6.6,3
T006739,TC-05623,2024-10-01,Network outage,12.7,1
T006740,TC-05625,2024-12-25,Slow speed,48.7,4
T006741,TC-05626,2024-10-22,Plan change,11.3,3
T006742,TC-05626,2024-03-29,Slow speed,7.1,3
T006743,TC-05627,2024-05-28,Network outage,16.8,3
T006744,TC-05627,2024-08-05,Network outage,17.7,3
T006745,TC-05628,2024-10-06,Slow speed,45.4,3
T006746,TC-05630,2024-03-18,Plan change,44.7,2
T006747,TC-05631,2024-06-12,Device,7.0,2
T006748,TC-05631,2024-11-22,Billing,9.7,5
T006749,TC-05633,2024-11-29,Slow speed,22.0,2
T006750,TC-05633,2024-02-12,Plan change,29.7,2
T006751,TC-05633,2024-04-08,Billing,11.6,2
T006752,TC-05633,2024-07-16,Network outage,7.4,2
T006753,TC-05634,2024-07-21,Plan change,9.2,4
T006754,TC-05634,2024-04-25,Network outage,16.2,4
T006755,TC-05635,2024-06-28,Billing,24.8,5
T006756,TC-05638,2024-09-09,Plan change,10.2,2
T006757,TC-05638,2024-04-11,Plan change,14.0,3
T006758,TC-05639,2024-05-26,Network outage,5.6,2
T006759,TC-05639,2024-10-11,Plan change,18.8,5
T006760,TC-05640,2024-07-15,Slow speed,6.9,4
T006761,TC-05640,2024-12-15,Slow speed,22.9,3
T006762,TC-05640,2024-11-06,Billing,18.1,5
T006763,TC-05641,2024-04-24,Plan change,2.8,3
T006764,TC-05644,2024-10-08,Slow speed,27.2,2
T006765,TC-05646,2024-03-21,Billing,8.0,4
T006766,TC-05648,2024-08-29,Device,6.1,2
T006767,TC-05648,2024-01-23,Slow speed,25.8,5
T006768,TC-05648,2024-06-01,Slow speed,27.5,2
T006769,TC-05648,2024-11-07,Network outage,12.1,2
T006770,TC-05649,2024-06-16,Billing,17.8,1
T006771,TC-05650,2024-02-04,Network outage,40.8,3
T006772,TC-05651,2024-02-05,Slow speed,6.6,5
T006773,TC-05651,2024-07-23,Slow speed,24.0,4
T006774,TC-05653,2024-08-24,Slow speed,5.9,2
T006775,TC-05653,2024-03-02,Plan change,20.6,2
T006776,TC-05653,2024-12-29,Network outage,12.0,4
T006777,TC-05654,2024-09-23,Network outage,11.8,2
T006778,TC-05655,2024-02-05,Slow speed,25.7,3
T006779,TC-05655,2024-06-17,Plan change,11.5,1
T006780,TC-05655,2024-06-07,Billing,24.7,5
T006781,TC-05656,2024-09-16,Slow speed,7.6,2
T006782,TC-05656,2024-09-12,Network outage,14.2,2
T006783,TC-05657,2024-01-15,Device,15.6,3
T006784,TC-05659,2024-09-05,Network outage,14.6,3
T006785,TC-05659,2024-04-14,Network outage,5.6,4
T006786,TC-05661,2024-02-18,Slow speed,13.4,4
T006787,TC-05661,2024-09-18,Network outage,24.6,3
T006788,TC-05661,2024-12-08,Network outage,20.7,5
T006789,TC-05661,2024-01-29,Billing,15.0,5
T006790,TC-05662,2024-02-08,Plan change,43.1,5
T006791,TC-05663,2024-12-30,Slow speed,5.0,3
T006792,TC-05663,2024-03-04,Device,3.9,3
T006793,TC-05665,2024-01-12,Network outage,15.5,4
T006794,TC-05666,2024-02-21,Network outage,12.5,4
T006795,TC-05667,2024-10-17,Slow speed,13.7,5
T006796,TC-05667,2024-10-09,Billing,41.6,4
T006797,TC-05670,2024-02-26,Plan change,5.2,4
T006798,TC-05671,2024-06-08,Slow speed,21.7,4
T006799,TC-05672,2024-10-11,Network outage,7.2,2
T006800,TC-05674,2024-05-09,Slow speed,38.2,4
T006801,TC-05676,2024-10-09,Plan change,39.7,4
T006802,TC-05676,2024-08-28,Slow speed,12.7,4
T006803,TC-05676,2024-03-05,Network outage,6.9,2
T006804,TC-05676,2024-09-30,Slow speed,24.1,4
T006805,TC-05677,2024-12-15,Billing,8.7,5
T006806,TC-05677,2024-11-04,Slow speed,31.6,5
T006807,TC-05679,2024-10-23,Network outage,3.4,3
T006808,TC-05680,2024-03-11,Billing,12.9,2
T006809,TC-05682,2024-07-30,Network outage,27.4,4
T006810,TC-05686,2024-08-28,Device,3.2,2
T006811,TC-05690,2024-02-27,Network outage,14.2,3
T006812,TC-05690,2024-01-15,Slow speed,13.8,4
T006813,TC-05690,2024-07-02,Network outage,8.5,3
T006814,TC-05690,2024-01-19,Device,14.7,4
T006815,TC-05692,2024-08-13,Network outage,11.7,4
T006816,TC-05692,2024-11-05,Billing,32.1,4
T006817,TC-05692,2024-09-05,Network outage,2.4,3
T006818,TC-05694,2024-06-20,Network outage,6.5,3
T006819,TC-05694,2024-12-25,Billing,16.2,5
T006820,TC-05699,2024-03-22,Slow speed,16.2,1
T006821,TC-05700,2024-10-27,Plan change,14.9,3
T006822,TC-05700,2024-06-06,Plan change,20.3,4
T006823,TC-05700,2024-01-09,Network outage,16.8,2
T006824,TC-05701,2024-12-10,Slow speed,35.6,3
T006825,TC-05701,2024-07-26,Network outage,16.2,3
T006826,TC-05702,2024-09-02,Device,34.8,5
T006827,TC-05704,2024-08-13,Network outage,37.1,5
T006828,TC-05704,2024-07-15,Slow speed,15.3,1
T006829,TC-05705,2024-06-09,Slow speed,33.2,4
T006830,TC-05705,2024-07-14,Billing,8.0,5
T006831,TC-05706,2024-09-11,Slow speed,5.6,5
T006832,TC-05707,2024-05-13,Network outage,37.1,5
T006833,TC-05708,2024-03-07,Plan change,17.0,2
T006834,TC-05709,2024-09-21,Device,18.3,3
T006835,TC-05709,2024-05-07,Device,19.5,3
T006836,TC-05710,2024-04-11,Network outage,13.8,3
T006837,TC-05710,2024-05-20,Slow speed,26.4,4
T006838,TC-05712,2024-07-09,Device,12.3,1
T006839,TC-05713,2024-06-07,Billing,26.7,3
T006840,TC-05713,2024-07-13,Slow speed,15.6,3
T006841,TC-05714,2024-09-23,Device,59.0,3
T006842,TC-05715,2024-07-08,Plan change,12.2,3
T006843,TC-05718,2024-07-05,Network outage,28.5,4
T006844,TC-05720,2024-05-13,Network outage,41.8,4
T006845,TC-05720,2024-12-30,Network outage,3.9,2
T006846,TC-05720,2024-09-03,Network outage,10.3,4
T006847,TC-05720,2024-11-18,Plan change,8.7,5
T006848,TC-05721,2024-05-04,Device,24.3,3
T006849,TC-05722,2024-12-22,Device,10.0,4
T006850,TC-05722,2024-02-12,Plan change,3.7,4
T006851,TC-05722,2024-08-05,Slow speed,33.1,3
T006852,TC-05723,2024-09-10,Billing,8.0,3
T006853,TC-05723,2024-03-06,Network outage,12.9,2
T006854,TC-05723,2024-09-10,Network outage,4.8,2
T006855,TC-05725,2024-03-23,Plan change,27.5,3
T006856,TC-05728,2024-06-30,Network outage,9.6,4
T006857,TC-05730,2024-08-04,Billing,26.6,3
T006858,TC-05730,2024-03-23,Slow speed,21.6,1
T006859,TC-05732,2024-06-05,Slow speed,9.9,4
T006860,TC-05734,2024-07-27,Network outage,43.3,3
T006861,TC-05735,2024-05-20,Network outage,9.9,3
T006862,TC-05737,2024-07-13,Device,0.4,3
T006863,TC-05739,2024-06-03,Slow speed,19.9,3
T006864,TC-05741,2024-08-01,Billing,31.8,4
T006865,TC-05744,2024-07-16,Plan change,28.1,2
T006866,TC-05745,2024-04-05,Plan change,19.8,4
T006867,TC-05745,2024-08-05,Plan change,16.1,5
T006868,TC-05745,2024-06-03,Billing,41.2,5
T006869,TC-05745,2024-09-11,Plan change,20.0,4
T006870,TC-05746,2024-12-25,Billing,22.9,2
T006871,TC-05748,2024-10-13,Plan change,12.5,3
T006872,TC-05749,2024-02-04,Billing,4.7,3
T006873,TC-05750,2024-05-07,Slow speed,23.5,4
T006874,TC-05752,2024-06-23,Slow speed,12.4,4
T006875,TC-05752,2024-04-27,Billing,12.6,1
T006876,TC-05752,2024-09-12,Slow speed,10.0,2
T006877,TC-05752,2024-03-21,Slow speed,33.8,3
T006878,TC-05753,2024-05-04,Slow speed,48.6,5
T006879,TC-05753,2024-03-01,Network outage,9.4,3
T006880,TC-05753,2024-08-22,Slow speed,24.2,3
T006881,TC-05754,2024-08-22,Network outage,5.9,5
T006882,TC-05755,2024-08-17,Plan change,10.5,5
T006883,TC-05759,2024-05-19,Network outage,18.3,5
T006884,TC-05759,2024-01-02,Billing,23.7,4
T006885,TC-05759,2024-03-31,Network outage,52.8,4
T006886,TC-05760,2024-05-14,Slow speed,8.8,3
T006887,TC-05761,2024-08-22,Slow speed,11.8,3
T006888,TC-05761,2024-09-06,Network outage,12.2,4
T006889,TC-05762,2024-12-14,Billing,5.3,4
T006890,TC-05764,2024-12-20,Slow speed,5.8,5
T006891,TC-05765,2024-03-10,Plan change,21.2,4
T006892,TC-05766,2024-11-05,Device,22.2,5
T006893,TC-05767,2024-01-28,Network outage,5.9,3
T006894,TC-05768,2024-07-27,Slow speed,5.7,3
T006895,TC-05769,2024-06-30,Plan change,33.0,1
T006896,TC-05770,2024-01-12,Slow speed,30.1,2
T006897,TC-05770,2024-07-24,Plan change,19.6,3
T006898,TC-05773,2024-08-12,Network outage,11.8,2
T006899,TC-05775,2024-09-28,Billing,4.6,4
T006900,TC-05776,2024-09-12,Billing,7.4,5
T006901,TC-05776,2024-08-11,Plan change,22.7,4
T006902,TC-05777,2024-08-24,Slow speed,7.2,3
T006903,TC-05779,2024-02-22,Slow speed,13.0,5
T006904,TC-05779,2024-11-15,Billing,28.6,4
T006905,TC-05780,2024-11-27,Plan change,32.9,2
T006906,TC-05781,2024-03-25,Network outage,29.9,5
T006907,TC-05783,2024-11-02,Slow speed,24.8,3
T006908,TC-05784,2024-07-28,Device,8.9,5
T006909,TC-05784,2024-04-18,Billing,21.7,4
T006910,TC-05784,2024-05-06,Device,26.3,1
T006911,TC-05786,2024-08-05,Network outage,20.7,3
T006912,TC-05786,2024-12-09,Plan change,15.3,4
T006913,TC-05786,2024-01-02,Billing,20.7,4
T006914,TC-05787,2024-04-06,Network outage,12.4,4
T006915,TC-05787,2024-10-12,Slow speed,4.4,4
T006916,TC-05788,2024-05-29,Slow speed,10.9,1
T006917,TC-05788,2024-03-07,Network outage,2.9,5
T006918,TC-05789,2024-10-26,Slow speed,16.2,5
T006919,TC-05789,2024-10-22,Network outage,30.5,4
T006920,TC-05790,2024-11-02,Slow speed,11.8,3
T006921,TC-05790,2024-03-23,Billing,13.2,5
T006922,TC-05794,2024-10-01,Network outage,34.8,5
T006923,TC-05795,2024-02-06,Slow speed,1.4,2
T006924,TC-05795,2024-09-01,Network outage,12.6,2
T006925,TC-05796,2024-02-05,Plan change,32.7,3
T006926,TC-05798,2024-10-22,Device,4.9,4
T006927,TC-05799,2024-10-15,Billing,24.7,3
T006928,TC-05799,2024-07-29,Billing,20.2,3
T006929,TC-05800,2024-12-17,Slow speed,6.7,3
T006930,TC-05800,2024-09-11,Network outage,19.3,5
T006931,TC-05801,2024-03-24,Slow speed,28.8,4
T006932,TC-05802,2024-04-11,Network outage,21.1,5
T006933,TC-05803,2024-11-06,Slow speed,21.9,3
T006934,TC-05803,2024-09-21,Slow speed,40.9,3
T006935,TC-05803,2024-09-12,Plan change,14.7,3
T006936,TC-05806,2024-08-29,Device,34.0,3
T006937,TC-05811,2024-10-17,Network outage,15.3,2
T006938,TC-05812,2024-01-28,Slow speed,27.7,4
T006939,TC-05812,2024-01-17,Network outage,15.5,3
T006940,TC-05813,2024-04-07,Device,5.5,2
T006941,TC-05813,2024-10-17,Network outage,17.8,5
T006942,TC-05815,2024-09-26,Network outage,17.3,4
T006943,TC-05815,2024-02-26,Billing,27.9,3
T006944,TC-05817,2024-07-04,Billing,10.7,4
T006945,TC-05817,2024-12-17,Slow speed,19.0,4
T006946,TC-05819,2024-06-29,Slow speed,8.3,3
T006947,TC-05819,2024-07-06,Slow speed,5.8,3
T006948,TC-05820,2024-09-11,Slow speed,43.1,5
T006949,TC-05820,2024-05-13,Billing,16.6,2
T006950,TC-05820,2024-09-26,Billing,26.9,5
T006951,TC-05820,2024-12-02,Plan change,12.8,3
T006952,TC-05821,2024-05-21,Slow speed,5.8,4
T006953,TC-05821,2024-09-09,Billing,14.3,4
T006954,TC-05821,2024-05-08,Slow speed,4.8,4
T006955,TC-05822,2024-09-09,Billing,9.8,3
T006956,TC-05823,2024-06-11,Slow speed,20.8,4
T006957,TC-05827,2024-11-04,Slow speed,5.1,2
T006958,TC-05827,2024-07-25,Network outage,12.8,3
T006959,TC-05828,2024-08-09,Network outage,13.3,2
T006960,TC-05828,2024-07-14,Network outage,19.4,3
T006961,TC-05829,2024-02-11,Slow speed,36.7,5
T006962,TC-05832,2024-05-08,Network outage,14.0,2
T006963,TC-05832,2024-05-01,Slow speed,21.2,4
T006964,TC-05833,2024-10-23,Slow speed,21.2,1
T006965,TC-05833,2024-04-04,Billing,8.3,3
T006966,TC-05833,2024-07-24,Network outage,25.4,1
T006967,TC-05833,2024-01-15,Network outage,12.1,3
T006968,TC-05835,2024-02-21,Billing,18.8,4
T006969,TC-05835,2024-01-01,Slow speed,6.1,4
T006970,TC-05836,2024-10-15,Billing,7.7,5
T006971,TC-05838,2024-12-03,Slow speed,5.2,3
T006972,TC-05838,2024-04-09,Billing,6.3,4
T006973,TC-05839,2024-04-25,Slow speed,32.4,3
T006974,TC-05840,2024-04-11,Billing,9.4,4
T006975,TC-05842,2024-01-10,Billing,37.0,3
T006976,TC-05842,2024-08-05,Billing,2.1,4
T006977,TC-05843,2024-07-08,Device,91.8,2
T006978,TC-05843,2024-01-01,Network outage,7.7,4
T006979,TC-05844,2024-02-27,Slow speed,5.0,3
T006980,TC-05845,2024-04-28,Billing,6.3,3
T006981,TC-05845,2024-05-21,Slow speed,4.3,4
T006982,TC-05847,2024-04-18,Slow speed,6.7,4
T006983,TC-05848,2024-09-30,Billing,29.3,4
T006984,TC-05848,2024-01-19,Plan change,22.2,3
T006985,TC-05848,2024-01-26,Slow speed,10.8,5
T006986,TC-05849,2024-05-17,Network outage,16.0,2
T006987,TC-05851,2024-10-25,Billing,50.7,4
T006988,TC-05851,2024-10-05,Plan change,6.2,4
T006989,TC-05852,2024-07-17,Network outage,6.1,4
T006990,TC-05854,2024-03-09,Slow speed,35.5,4
T006991,TC-05854,2024-12-13,Device,6.7,4
T006992,TC-05857,2024-06-26,Network outage,3.0,3
T006993,TC-05864,2024-08-07,Device,34.0,3
T006994,TC-05864,2024-04-19,Network outage,15.4,4
T006995,TC-05864,2024-02-22,Slow speed,47.7,5
T006996,TC-05865,2024-02-02,Slow speed,35.4,5
T006997,TC-05870,2024-06-14,Slow speed,13.3,3
T006998,TC-05870,2024-06-07,Billing,23.3,2
T006999,TC-05871,2024-01-24,Slow speed,55.8,3
T007000,TC-05873,2024-02-08,Slow speed,29.7,2
T007001,TC-05874,2024-02-04,Plan change,8.0,3
T007002,TC-05875,2024-12-22,Network outage,5.1,3
T007003,TC-05879,2024-02-16,Billing,20.2,2
T007004,TC-05880,2024-12-21,Billing,6.1,2
T007005,TC-05880,2024-08-06,Plan change,17.5,1
T007006,TC-05881,2024-12-01,Network outage,18.4,2
T007007,TC-05881,2024-09-08,Slow speed,21.2,1
T007008,TC-05881,2024-10-29,Network outage,21.5,5
T007009,TC-05882,2024-04-28,Network outage,22.7,3
T007010,TC-05882,2024-05-29,Slow speed,9.6,3
T007011,TC-05882,2024-08-30,Slow speed,14.7,3
T007012,TC-05883,2024-08-26,Slow speed,8.7,3
T007013,TC-05883,2024-07-20,Network outage,21.7,3
T007014,TC-05885,2024-02-09,Billing,14.4,5
T007015,TC-05885,2024-07-04,Slow speed,23.9,2
T007016,TC-05885,2024-04-17,Plan change,17.4,4
T007017,TC-05886,2024-03-30,Billing,24.4,3
T007018,TC-05887,2024-11-10,Billing,51.7,5
T007019,TC-05888,2024-03-30,Network outage,8.8,2
T007020,TC-05888,2024-11-15,Billing,6.0,5
T007021,TC-05888,2024-06-20,Slow speed,8.6,2
T007022,TC-05889,2024-11-26,Device,5.7,1
T007023,TC-05889,2024-10-06,Billing,4.5,5
T007024,TC-05889,2024-10-11,Plan change,22.6,3
T007025,TC-05890,2024-09-16,Plan change,2.2,4
T007026,TC-05892,2024-09-26,Billing,6.0,3
T007027,TC-05892,2024-09-29,Slow speed,14.2,3
T007028,TC-05894,2024-02-15,Slow speed,31.3,2
T007029,TC-05896,2024-11-21,Billing,9.8,3
T007030,TC-05897,2024-08-29,Device,4.3,3
T007031,TC-05897,2024-08-03,Network outage,12.2,3
T007032,TC-05897,2024-07-03,Network outage,44.4,2
T007033,TC-05897,2024-05-26,Network outage,47.4,2
T007034,TC-05897,2024-02-10,Network outage,1.2,4
T007035,TC-05897,2024-03-24,Plan change,37.4,3
T007036,TC-05898,2024-03-28,Slow speed,8.8,5
T007037,TC-05898,2024-05-26,Slow speed,34.0,4
T007038,TC-05898,2024-10-19,Billing,22.3,2
T007039,TC-05900,2024-11-29,Plan change,50.5,3
T007040,TC-05900,2024-01-09,Network outage,13.1,4
T007041,TC-05902,2024-11-10,Slow speed,23.7,3
T007042,TC-05903,2024-03-12,Network outage,23.7,4
T007043,TC-05904,2024-12-20,Slow speed,13.8,2
T007044,TC-05904,2024-04-14,Slow speed,14.1,3
T007045,TC-05905,2024-09-07,Billing,2.0,4
T007046,TC-05906,2024-06-04,Slow speed,9.4,2
T007047,TC-05906,2024-04-03,Billing,45.7,4
T007048,TC-05907,2024-05-17,Device,22.0,1
T007049,TC-05907,2024-11-02,Plan change,15.0,5
T007050,TC-05907,2024-08-22,Network outage,16.3,2
T007051,TC-05908,2024-04-10,Device,9.5,4
T007052,TC-05908,2024-04-28,Network outage,11.1,4
T007053,TC-05908,2024-02-18,Slow speed,16.9,3
T007054,TC-05910,2024-06-28,Billing,3.7,4
T007055,TC-05912,2024-05-10,Slow speed,3.5,5
T007056,TC-05913,2024-03-27,Plan change,19.8,3
T007057,TC-05914,2024-09-26,Plan change,20.4,5
T007058,TC-05914,2024-11-04,Network outage,4.7,3
T007059,TC-05914,2024-11-28,Device,24.5,3
T007060,TC-05916,2024-01-26,Device,19.4,3
T007061,TC-05916,2024-05-15,Billing,14.3,3
T007062,TC-05916,2024-03-17,Billing,38.8,2
T007063,TC-05917,2024-01-08,Network outage,14.1,4
T007064,TC-05917,2024-07-11,Network outage,20.9,2
T007065,TC-05917,2024-08-21,Device,5.8,4
T007066,TC-05917,2024-07-05,Plan change,21.7,4
T007067,TC-05918,2024-04-09,Slow speed,3.2,2
T007068,TC-05918,2024-05-12,Device,18.0,5
T007069,TC-05919,2024-12-09,Network outage,11.1,2
T007070,TC-05919,2024-12-05,Network outage,17.8,2
T007071,TC-05919,2024-02-12,Network outage,1.8,2
T007072,TC-05923,2024-08-05,Slow speed,60.0,4
T007073,TC-05924,2024-03-14,Network outage,31.5,3
T007074,TC-05925,2024-12-03,Billing,20.0,2
T007075,TC-05926,2024-12-06,Slow speed,6.8,3
T007076,TC-05929,2024-01-08,Slow speed,12.0,5
T007077,TC-05930,2024-09-09,Plan change,16.6,1
T007078,TC-05934,2024-10-23,Plan change,15.3,4
T007079,TC-05934,2024-07-09,Slow speed,27.2,5
T007080,TC-05935,2024-08-28,Device,4.3,3
T007081,TC-05935,2024-05-02,Network outage,17.6,3
T007082,TC-05936,2024-07-18,Plan change,13.1,2
T007083,TC-05936,2024-10-05,Slow speed,29.0,3
T007084,TC-05936,2024-09-28,Device,22.0,2
T007085,TC-05937,2024-04-11,Billing,3.2,3
T007086,TC-05937,2024-10-23,Network outage,5.8,4
T007087,TC-05939,2024-06-18,Slow speed,6.8,1
T007088,TC-05939,2024-08-22,Network outage,36.1,4
T007089,TC-05939,2024-05-13,Network outage,12.5,3
T007090,TC-05940,2024-12-01,Network outage,38.7,2
T007091,TC-05942,2024-10-29,Slow speed,12.0,5
T007092,TC-05946,2024-07-31,Billing,14.7,4
T007093,TC-05947,2024-05-29,Network outage,23.4,4
T007094,TC-05948,2024-01-14,Billing,12.4,5
T007095,TC-05948,2024-08-07,Device,18.7,4
T007096,TC-05948,2024-02-17,Slow speed,10.4,3
T007097,TC-05948,2024-03-07,Device,21.3,3
T007098,TC-05951,2024-05-17,Network outage,10.3,4
T007099,TC-05951,2024-12-14,Plan change,5.0,3
T007100,TC-05952,2024-10-26,Billing,12.4,4
T007101,TC-05952,2024-05-02,Billing,11.2,3
T007102,TC-05955,2024-04-14,Billing,12.7,4
T007103,TC-05955,2024-08-09,Slow speed,8.6,4
T007104,TC-05955,2024-12-16,Plan change,9.8,5
T007105,TC-05956,2024-02-02,Device,19.4,2
T007106,TC-05957,2024-12-14,Billing,13.0,4
T007107,TC-05957,2024-12-26,Slow speed,7.5,4
T007108,TC-05957,2024-12-27,Billing,23.9,3
T007109,TC-05959,2024-06-28,Plan change,19.0,3
T007110,TC-05959,2024-01-14,Network outage,37.6,4
T007111,TC-05959,2024-04-01,Slow speed,8.7,4
T007112,TC-05960,2024-06-21,Billing,9.9,4
T007113,TC-05960,2024-12-19,Billing,33.6,2
T007114,TC-05960,2024-05-30,Device,11.9,3
T007115,TC-05960,2024-10-01,Slow speed,25.4,5
T007116,TC-05960,2024-09-29,Billing,22.3,2
T007117,TC-05962,2024-12-17,Plan change,11.1,4
T007118,TC-05962,2024-05-03,Network outage,12.6,2
T007119,TC-05962,2024-12-18,Network outage,26.2,4
T007120,TC-05963,2024-01-01,Slow speed,9.3,4
T007121,TC-05963,2024-01-12,Billing,5.5,4
T007122,TC-05963,2024-10-21,Network outage,43.1,3
T007123,TC-05964,2024-01-22,Plan change,12.7,2
T007124,TC-05964,2024-10-21,Slow speed,17.1,3
T007125,TC-05967,2024-11-21,Slow speed,44.5,3
T007126,TC-05967,2024-09-30,Slow speed,4.5,1
T007127,TC-05967,2024-10-15,Network outage,3.9,4
T007128,TC-05968,2024-11-18,Network outage,24.4,2
T007129,TC-05968,2024-02-08,Billing,17.1,3
T007130,TC-05968,2024-11-11,Plan change,12.1,5
T007131,TC-05970,2024-05-15,Slow speed,2.0,2
T007132,TC-05970,2024-02-05,Plan change,19.0,4
T007133,TC-05971,2024-08-16,Slow speed,13.8,4
T007134,TC-05973,2024-04-26,Slow speed,41.1,4
T007135,TC-05975,2024-01-17,Slow speed,8.7,4
T007136,TC-05975,2024-06-05,Billing,16.5,2
T007137,TC-05976,2024-12-20,Device,6.1,5
T007138,TC-05976,2024-11-18,Slow speed,9.9,3
T007139,TC-05977,2024-06-03,Slow speed,39.0,3
T007140,TC-05978,2024-06-08,Slow speed,24.8,2
T007141,TC-05978,2024-04-08,Network outage,12.5,4
T007142,TC-05978,2024-08-24,Slow speed,11.4,5
T007143,TC-05979,2024-12-19,Slow speed,18.8,1
T007144,TC-05979,2024-03-15,Network outage,37.6,2
T007145,TC-05979,2024-10-04,Billing,3.7,3
T007146,TC-05979,2024-07-24,Network outage,15.1,5
T007147,TC-05980,2024-09-18,Slow speed,10.5,2
T007148,TC-05980,2024-06-13,Plan change,20.7,3
T007149,TC-05981,2024-09-08,Network outage,17.5,4
T007150,TC-05982,2024-04-01,Billing,27.3,3
T007151,TC-05982,2024-04-02,Slow speed,6.4,2
T007152,TC-05982,2024-09-08,Billing,15.6,3
T007153,TC-05982,2024-01-15,Network outage,3.5,2
T007154,TC-05984,2024-06-21,Slow speed,10.3,5
T007155,TC-05985,2024-07-19,Device,5.7,5
T007156,TC-05985,2024-04-27,Slow speed,6.4,3
T007157,TC-05986,2024-10-15,Slow speed,7.5,4
T007158,TC-05987,2024-06-07,Billing,16.5,2
T007159,TC-05987,2024-05-04,Billing,1.0,4
T007160,TC-05987,2024-06-02,Billing,52.4,5
T007161,TC-05988,2024-11-12,Plan change,6.8,5
T007162,TC-05990,2024-11-11,Billing,14.4,5
T007163,TC-05990,2024-03-22,Device,12.7,4
T007164,TC-05990,2024-10-16,Slow speed,36.0,4
T007165,TC-05990,2024-11-07,Billing,57.7,3
T007166,TC-05992,2024-05-02,Slow speed,17.1,4
T007167,TC-05992,2024-11-13,Plan change,36.5,4
T007168,TC-05993,2024-06-29,Network outage,13.4,4
T007169,TC-05993,2024-03-19,Network outage,11.0,3
T007170,TC-05993,2024-05-03,Billing,23.3,3
T007171,TC-05995,2024-05-01,Plan change,30.6,5
T007172,TC-05996,2024-08-29,Network outage,16.9,3
T007173,TC-05996,2024-05-12,Billing,16.8,3
T007174,TC-05997,2024-02-23,Slow speed,4.6,3
T007175,TC-05997,2024-10-22,Device,28.5,4
T007176,TC-05997,2024-11-12,Network outage,13.2,3
T007177,TC-06000,2024-04-04,Network outage,18.6,5
T007178,TC-06000,2024-03-14,Billing,10.9,3
